2025-03-29 16:15:03 [background-preinit] [INFO] o.h.validator.internal.util.Version - HV000001: Hibernate Validator 8.0.1.Final
2025-03-29 16:15:03 [restartedMain] [INFO] r.k.alliance.AllianceApplication - Starting AllianceApplication using Java 23.0.1 with PID 17444 (C:\Users\Zver\Desktop\Projects\alliance\target\classes started by pavel in C:\Users\Zver\Desktop\Projects\alliance)
2025-03-29 16:15:03 [restartedMain] [INFO] r.k.alliance.AllianceApplication - No active profile set, falling back to 1 default profile: "default"
2025-03-29 16:15:03 [restartedMain] [INFO] o.s.b.d.e.DevToolsPropertyDefaultsPostProcessor - Devtools property defaults active! Set 'spring.devtools.add-properties' to 'false' to disable
2025-03-29 16:15:03 [restartedMain] [INFO] o.s.b.d.e.DevToolsPropertyDefaultsPostProcessor - For additional web related logging consider setting the 'logging.level.web' property to 'DEBUG'
2025-03-29 16:15:04 [restartedMain] [INFO] o.s.d.r.c.RepositoryConfigurationDelegate - Bootstrapping Spring Data JPA repositories in DEFAULT mode.
2025-03-29 16:15:04 [restartedMain] [INFO] o.s.d.r.c.RepositoryConfigurationDelegate - Finished Spring Data repository scanning in 93 ms. Found 10 JPA repository interfaces.
2025-03-29 16:15:06 [restartedMain] [INFO] o.s.b.w.e.tomcat.TomcatWebServer - Tomcat initialized with port 8080 (http)
2025-03-29 16:15:06 [restartedMain] [INFO] o.a.coyote.http11.Http11NioProtocol - Initializing ProtocolHandler ["http-nio-8080"]
2025-03-29 16:15:06 [restartedMain] [INFO] o.a.catalina.core.StandardService - Starting service [Tomcat]
2025-03-29 16:15:06 [restartedMain] [INFO] o.a.catalina.core.StandardEngine - Starting Servlet engine: [Apache Tomcat/10.1.31]
2025-03-29 16:15:06 [restartedMain] [INFO] o.a.c.c.C.[Tomcat].[localhost].[/] - Initializing Spring embedded WebApplicationContext
2025-03-29 16:15:06 [restartedMain] [INFO] o.s.b.w.s.c.ServletWebServerApplicationContext - Root WebApplicationContext: initialization completed in 2798 ms
2025-03-29 16:15:06 [restartedMain] [INFO] com.zaxxer.hikari.HikariDataSource - HikariPool-1 - Starting...
2025-03-29 16:15:06 [restartedMain] [INFO] com.zaxxer.hikari.pool.HikariPool - HikariPool-1 - Added connection org.postgresql.jdbc.PgConnection@162db0f4
2025-03-29 16:15:06 [restartedMain] [INFO] com.zaxxer.hikari.HikariDataSource - HikariPool-1 - Start completed.
2025-03-29 16:15:06 [restartedMain] [INFO] o.h.jpa.internal.util.LogHelper - HHH000204: Processing PersistenceUnitInfo [name: default]
2025-03-29 16:15:07 [restartedMain] [INFO] org.hibernate.Version - HHH000412: Hibernate ORM core version 6.5.3.Final
2025-03-29 16:15:07 [restartedMain] [INFO] o.h.c.i.RegionFactoryInitiator - HHH000026: Second-level cache disabled
2025-03-29 16:15:07 [restartedMain] [INFO] o.s.o.j.p.SpringPersistenceUnitInfo - No LoadTimeWeaver setup: ignoring JPA class transformer
2025-03-29 16:15:09 [restartedMain] [INFO] o.h.e.t.j.p.i.JtaPlatformInitiator - HHH000489: No JTA platform available (set 'hibernate.transaction.jta.platform' to enable JTA platform integration)
2025-03-29 16:15:09 [restartedMain] [INFO] o.s.o.j.LocalContainerEntityManagerFactoryBean - Initialized JPA EntityManagerFactory for persistence unit 'default'
2025-03-29 16:15:10 [restartedMain] [WARN] o.s.b.a.o.j.JpaBaseConfiguration$JpaWebConfiguration - spring.jpa.open-in-view is enabled by default. Therefore, database queries may be performed during view rendering. Explicitly configure spring.jpa.open-in-view to disable this warning
2025-03-29 16:15:10 [restartedMain] [WARN] o.s.s.c.a.a.c.InitializeUserDetailsBeanManagerConfigurer$InitializeUserDetailsManagerConfigurer - Found 2 UserDetailsService beans, with names [myUserDetailsService, userDetailsService]. Global Authentication Manager will not use a UserDetailsService for username/password login. Consider publishing a single UserDetailsService bean.
2025-03-29 16:15:10 [restartedMain] [DEBUG] o.s.s.c.a.a.c.AuthenticationConfiguration$DefaultPasswordEncoderAuthenticationManagerBuilder - No authenticationProviders and no parentAuthenticationManager defined. Returning null.
2025-03-29 16:15:11 [restartedMain] [INFO] o.s.b.a.e.web.EndpointLinksResolver - Exposing 14 endpoints beneath base path '/actuator'
2025-03-29 16:15:11 [restartedMain] [INFO] r.k.alliance.config.SecurityConfig - Security Filter Chain, before return
2025-03-29 16:15:11 [restartedMain] [DEBUG] o.s.s.w.a.e.ExpressionBasedFilterInvocationSecurityMetadataSource - Adding web access control expression [permitAll] for ExactUrl [processUrl='/login?error']
2025-03-29 16:15:11 [restartedMain] [DEBUG] o.s.s.w.a.e.ExpressionBasedFilterInvocationSecurityMetadataSource - Adding web access control expression [permitAll] for ExactUrl [processUrl='/login']
2025-03-29 16:15:11 [restartedMain] [DEBUG] o.s.s.w.a.e.ExpressionBasedFilterInvocationSecurityMetadataSource - Adding web access control expression [permitAll] for ExactUrl [processUrl='/login']
2025-03-29 16:15:11 [restartedMain] [DEBUG] o.s.s.w.a.e.ExpressionBasedFilterInvocationSecurityMetadataSource - Adding web access control expression [permitAll] for Or [Ant [pattern='/logout', GET], Ant [pattern='/logout', POST], Ant [pattern='/logout', PUT], Ant [pattern='/logout', DELETE]]
2025-03-29 16:15:11 [restartedMain] [DEBUG] o.s.s.w.a.e.ExpressionBasedFilterInvocationSecurityMetadataSource - Adding web access control expression [permitAll] for ExactUrl [processUrl='/realty']
2025-03-29 16:15:11 [restartedMain] [DEBUG] o.s.s.w.a.e.ExpressionBasedFilterInvocationSecurityMetadataSource - Adding web access control expression [hasRole('ROLE_ADMIN')] for Deferred [Mvc [pattern='/admin/**'], Ant [pattern='/admin/**']]
2025-03-29 16:15:11 [restartedMain] [DEBUG] o.s.s.w.a.e.ExpressionBasedFilterInvocationSecurityMetadataSource - Adding web access control expression [hasRole('ROLE_ADMIN')] for Deferred [Mvc [pattern='/realty/new'], Ant [pattern='/realty/new']]
2025-03-29 16:15:11 [restartedMain] [DEBUG] o.s.s.w.a.e.ExpressionBasedFilterInvocationSecurityMetadataSource - Adding web access control expression [hasRole('ROLE_ADMIN')] for Deferred [Mvc [pattern='/realty/edit/**'], Ant [pattern='/realty/edit/**']]
2025-03-29 16:15:11 [restartedMain] [DEBUG] o.s.s.w.a.e.ExpressionBasedFilterInvocationSecurityMetadataSource - Adding web access control expression [hasRole('ROLE_ADMIN')] for Deferred [Mvc [pattern='/realty/delete/**'], Ant [pattern='/realty/delete/**']]
2025-03-29 16:15:11 [restartedMain] [DEBUG] o.s.s.w.a.e.ExpressionBasedFilterInvocationSecurityMetadataSource - Adding web access control expression [authenticated] for Deferred [Mvc [pattern='/temp'], Ant [pattern='/temp']]
2025-03-29 16:15:11 [restartedMain] [DEBUG] o.s.s.w.a.e.ExpressionBasedFilterInvocationSecurityMetadataSource - Adding web access control expression [permitAll] for any request
2025-03-29 16:15:11 [restartedMain] [DEBUG] o.s.s.web.DefaultSecurityFilterChain - Will secure any request with filters: DisableEncodeUrlFilter, WebAsyncManagerIntegrationFilter, SecurityContextHolderFilter, HeaderWriterFilter, LogoutFilter, OAuth2AuthorizationRequestRedirectFilter, OAuth2LoginAuthenticationFilter, UsernamePasswordAuthenticationFilter, RequestCacheAwareFilter, SecurityContextHolderAwareRequestFilter, AnonymousAuthenticationFilter, ExceptionTranslationFilter, FilterSecurityInterceptor
2025-03-29 16:15:11 [restartedMain] [INFO] o.s.b.d.a.OptionalLiveReloadServer - LiveReload server is running on port 35729
2025-03-29 16:15:11 [restartedMain] [INFO] o.a.coyote.http11.Http11NioProtocol - Starting ProtocolHandler ["http-nio-8080"]
2025-03-29 16:15:11 [restartedMain] [INFO] o.s.b.w.e.tomcat.TomcatWebServer - Tomcat started on port 8080 (http) with context path '/'
2025-03-29 16:15:11 [restartedMain] [INFO] r.k.alliance.AllianceApplication - Started AllianceApplication in 9.023 seconds (process running for 10.362)
2025-03-29 16:15:12 [RMI TCP Connection(2)-192.168.2.209] [INFO] o.a.c.c.C.[Tomcat].[localhost].[/] - Initializing Spring DispatcherServlet 'dispatcherServlet'
2025-03-29 16:15:12 [RMI TCP Connection(2)-192.168.2.209] [INFO] o.s.web.servlet.DispatcherServlet - Initializing Servlet 'dispatcherServlet'
2025-03-29 16:15:12 [RMI TCP Connection(2)-192.168.2.209] [INFO] o.s.web.servlet.DispatcherServlet - Completed initialization in 1 ms
2025-03-29 16:16:25 [SpringApplicationShutdownHook] [INFO] o.s.o.j.LocalContainerEntityManagerFactoryBean - Closing JPA EntityManagerFactory for persistence unit 'default'
2025-03-29 16:16:25 [SpringApplicationShutdownHook] [INFO] com.zaxxer.hikari.HikariDataSource - HikariPool-1 - Shutdown initiated...
2025-03-29 16:16:25 [SpringApplicationShutdownHook] [INFO] com.zaxxer.hikari.HikariDataSource - HikariPool-1 - Shutdown completed.
2025-03-29 16:16:31 [background-preinit] [INFO] o.h.validator.internal.util.Version - HV000001: Hibernate Validator 8.0.1.Final
2025-03-29 16:16:31 [restartedMain] [INFO] r.k.alliance.AllianceApplication - Starting AllianceApplication using Java 23.0.1 with PID 12392 (C:\Users\Zver\Desktop\Projects\alliance\target\classes started by pavel in C:\Users\Zver\Desktop\Projects\alliance)
2025-03-29 16:16:31 [restartedMain] [INFO] r.k.alliance.AllianceApplication - No active profile set, falling back to 1 default profile: "default"
2025-03-29 16:16:31 [restartedMain] [INFO] o.s.b.d.e.DevToolsPropertyDefaultsPostProcessor - Devtools property defaults active! Set 'spring.devtools.add-properties' to 'false' to disable
2025-03-29 16:16:31 [restartedMain] [INFO] o.s.b.d.e.DevToolsPropertyDefaultsPostProcessor - For additional web related logging consider setting the 'logging.level.web' property to 'DEBUG'
2025-03-29 16:16:33 [restartedMain] [INFO] o.s.d.r.c.RepositoryConfigurationDelegate - Bootstrapping Spring Data JPA repositories in DEFAULT mode.
2025-03-29 16:16:33 [restartedMain] [INFO] o.s.d.r.c.RepositoryConfigurationDelegate - Finished Spring Data repository scanning in 101 ms. Found 10 JPA repository interfaces.
2025-03-29 16:16:34 [restartedMain] [INFO] o.s.b.w.e.tomcat.TomcatWebServer - Tomcat initialized with port 8080 (http)
2025-03-29 16:16:34 [restartedMain] [INFO] o.a.coyote.http11.Http11NioProtocol - Initializing ProtocolHandler ["http-nio-8080"]
2025-03-29 16:16:34 [restartedMain] [INFO] o.a.catalina.core.StandardService - Starting service [Tomcat]
2025-03-29 16:16:34 [restartedMain] [INFO] o.a.catalina.core.StandardEngine - Starting Servlet engine: [Apache Tomcat/10.1.31]
2025-03-29 16:16:34 [restartedMain] [INFO] o.a.c.c.C.[Tomcat].[localhost].[/] - Initializing Spring embedded WebApplicationContext
2025-03-29 16:16:34 [restartedMain] [INFO] o.s.b.w.s.c.ServletWebServerApplicationContext - Root WebApplicationContext: initialization completed in 2406 ms
2025-03-29 16:16:34 [restartedMain] [INFO] com.zaxxer.hikari.HikariDataSource - HikariPool-1 - Starting...
2025-03-29 16:16:34 [restartedMain] [INFO] com.zaxxer.hikari.pool.HikariPool - HikariPool-1 - Added connection org.postgresql.jdbc.PgConnection@54bb18a7
2025-03-29 16:16:34 [restartedMain] [INFO] com.zaxxer.hikari.HikariDataSource - HikariPool-1 - Start completed.
2025-03-29 16:16:34 [restartedMain] [INFO] o.h.jpa.internal.util.LogHelper - HHH000204: Processing PersistenceUnitInfo [name: default]
2025-03-29 16:16:34 [restartedMain] [INFO] org.hibernate.Version - HHH000412: Hibernate ORM core version 6.5.3.Final
2025-03-29 16:16:35 [restartedMain] [INFO] o.h.c.i.RegionFactoryInitiator - HHH000026: Second-level cache disabled
2025-03-29 16:16:35 [restartedMain] [INFO] o.s.o.j.p.SpringPersistenceUnitInfo - No LoadTimeWeaver setup: ignoring JPA class transformer
2025-03-29 16:16:36 [restartedMain] [INFO] o.h.e.t.j.p.i.JtaPlatformInitiator - HHH000489: No JTA platform available (set 'hibernate.transaction.jta.platform' to enable JTA platform integration)
2025-03-29 16:16:36 [restartedMain] [INFO] o.s.o.j.LocalContainerEntityManagerFactoryBean - Initialized JPA EntityManagerFactory for persistence unit 'default'
2025-03-29 16:16:37 [restartedMain] [WARN] o.s.b.a.o.j.JpaBaseConfiguration$JpaWebConfiguration - spring.jpa.open-in-view is enabled by default. Therefore, database queries may be performed during view rendering. Explicitly configure spring.jpa.open-in-view to disable this warning
2025-03-29 16:16:37 [restartedMain] [WARN] o.s.s.c.a.a.c.InitializeUserDetailsBeanManagerConfigurer$InitializeUserDetailsManagerConfigurer - Found 2 UserDetailsService beans, with names [myUserDetailsService, userDetailsService]. Global Authentication Manager will not use a UserDetailsService for username/password login. Consider publishing a single UserDetailsService bean.
2025-03-29 16:16:37 [restartedMain] [DEBUG] o.s.s.c.a.a.c.AuthenticationConfiguration$DefaultPasswordEncoderAuthenticationManagerBuilder - No authenticationProviders and no parentAuthenticationManager defined. Returning null.
2025-03-29 16:16:37 [restartedMain] [INFO] o.s.b.a.e.web.EndpointLinksResolver - Exposing 14 endpoints beneath base path '/actuator'
2025-03-29 16:16:37 [restartedMain] [INFO] r.k.alliance.config.SecurityConfig - Security Filter Chain, before return
2025-03-29 16:16:37 [restartedMain] [DEBUG] o.s.s.w.a.e.ExpressionBasedFilterInvocationSecurityMetadataSource - Adding web access control expression [permitAll] for ExactUrl [processUrl='/login?error']
2025-03-29 16:16:37 [restartedMain] [DEBUG] o.s.s.w.a.e.ExpressionBasedFilterInvocationSecurityMetadataSource - Adding web access control expression [permitAll] for ExactUrl [processUrl='/login']
2025-03-29 16:16:37 [restartedMain] [DEBUG] o.s.s.w.a.e.ExpressionBasedFilterInvocationSecurityMetadataSource - Adding web access control expression [permitAll] for ExactUrl [processUrl='/login']
2025-03-29 16:16:37 [restartedMain] [DEBUG] o.s.s.w.a.e.ExpressionBasedFilterInvocationSecurityMetadataSource - Adding web access control expression [permitAll] for Or [Ant [pattern='/logout', GET], Ant [pattern='/logout', POST], Ant [pattern='/logout', PUT], Ant [pattern='/logout', DELETE]]
2025-03-29 16:16:37 [restartedMain] [DEBUG] o.s.s.w.a.e.ExpressionBasedFilterInvocationSecurityMetadataSource - Adding web access control expression [permitAll] for ExactUrl [processUrl='/realty']
2025-03-29 16:16:37 [restartedMain] [DEBUG] o.s.s.w.a.e.ExpressionBasedFilterInvocationSecurityMetadataSource - Adding web access control expression [hasRole('ROLE_ADMIN')] for Deferred [Mvc [pattern='/admin/**'], Ant [pattern='/admin/**']]
2025-03-29 16:16:37 [restartedMain] [DEBUG] o.s.s.w.a.e.ExpressionBasedFilterInvocationSecurityMetadataSource - Adding web access control expression [hasRole('ROLE_ADMIN')] for Deferred [Mvc [pattern='/realty/new'], Ant [pattern='/realty/new']]
2025-03-29 16:16:37 [restartedMain] [DEBUG] o.s.s.w.a.e.ExpressionBasedFilterInvocationSecurityMetadataSource - Adding web access control expression [hasRole('ROLE_ADMIN')] for Deferred [Mvc [pattern='/realty/edit/**'], Ant [pattern='/realty/edit/**']]
2025-03-29 16:16:37 [restartedMain] [DEBUG] o.s.s.w.a.e.ExpressionBasedFilterInvocationSecurityMetadataSource - Adding web access control expression [hasRole('ROLE_ADMIN')] for Deferred [Mvc [pattern='/realty/delete/**'], Ant [pattern='/realty/delete/**']]
2025-03-29 16:16:37 [restartedMain] [DEBUG] o.s.s.w.a.e.ExpressionBasedFilterInvocationSecurityMetadataSource - Adding web access control expression [authenticated] for Deferred [Mvc [pattern='/temp'], Ant [pattern='/temp']]
2025-03-29 16:16:37 [restartedMain] [DEBUG] o.s.s.w.a.e.ExpressionBasedFilterInvocationSecurityMetadataSource - Adding web access control expression [permitAll] for any request
2025-03-29 16:16:37 [restartedMain] [DEBUG] o.s.s.web.DefaultSecurityFilterChain - Will secure any request with filters: DisableEncodeUrlFilter, WebAsyncManagerIntegrationFilter, SecurityContextHolderFilter, HeaderWriterFilter, LogoutFilter, OAuth2AuthorizationRequestRedirectFilter, OAuth2LoginAuthenticationFilter, UsernamePasswordAuthenticationFilter, RequestCacheAwareFilter, SecurityContextHolderAwareRequestFilter, AnonymousAuthenticationFilter, ExceptionTranslationFilter, FilterSecurityInterceptor
2025-03-29 16:16:38 [restartedMain] [INFO] o.s.b.d.a.OptionalLiveReloadServer - LiveReload server is running on port 35729
2025-03-29 16:16:38 [restartedMain] [INFO] o.a.coyote.http11.Http11NioProtocol - Starting ProtocolHandler ["http-nio-8080"]
2025-03-29 16:16:38 [restartedMain] [INFO] o.s.b.w.e.tomcat.TomcatWebServer - Tomcat started on port 8080 (http) with context path '/'
2025-03-29 16:16:38 [restartedMain] [INFO] r.k.alliance.AllianceApplication - Started AllianceApplication in 6.916 seconds (process running for 8.101)
2025-03-29 16:16:38 [RMI TCP Connection(2)-192.168.2.209] [INFO] o.a.c.c.C.[Tomcat].[localhost].[/] - Initializing Spring DispatcherServlet 'dispatcherServlet'
2025-03-29 16:16:38 [RMI TCP Connection(2)-192.168.2.209] [INFO] o.s.web.servlet.DispatcherServlet - Initializing Servlet 'dispatcherServlet'
2025-03-29 16:16:38 [RMI TCP Connection(2)-192.168.2.209] [INFO] o.s.web.servlet.DispatcherServlet - Completed initialization in 1 ms
2025-03-29 16:16:56 [http-nio-8080-exec-2] [DEBUG] o.s.security.web.FilterChainProxy - Securing GET /excursion
2025-03-29 16:16:56 [http-nio-8080-exec-2] [DEBUG] o.s.s.w.a.AnonymousAuthenticationFilter - Set SecurityContextHolder to anonymous SecurityContext
2025-03-29 16:16:56 [http-nio-8080-exec-2] [DEBUG] o.s.s.w.a.i.FilterSecurityInterceptor - Authorized filter invocation [GET /excursion] with attributes [permitAll]
2025-03-29 16:16:56 [http-nio-8080-exec-2] [DEBUG] o.s.security.web.FilterChainProxy - Secured GET /excursion
2025-03-29 16:16:57 [http-nio-8080-exec-3] [DEBUG] o.s.security.web.FilterChainProxy - Securing GET /img/logo_alliance.png
2025-03-29 16:16:57 [http-nio-8080-exec-1] [DEBUG] o.s.security.web.FilterChainProxy - Securing GET /css/styles.css
2025-03-29 16:16:57 [http-nio-8080-exec-3] [DEBUG] o.s.s.w.a.AnonymousAuthenticationFilter - Set SecurityContextHolder to anonymous SecurityContext
2025-03-29 16:16:57 [http-nio-8080-exec-1] [DEBUG] o.s.s.w.a.AnonymousAuthenticationFilter - Set SecurityContextHolder to anonymous SecurityContext
2025-03-29 16:16:57 [http-nio-8080-exec-3] [DEBUG] o.s.s.w.a.i.FilterSecurityInterceptor - Authorized filter invocation [GET /img/logo_alliance.png] with attributes [permitAll]
2025-03-29 16:16:57 [http-nio-8080-exec-1] [DEBUG] o.s.s.w.a.i.FilterSecurityInterceptor - Authorized filter invocation [GET /css/styles.css] with attributes [permitAll]
2025-03-29 16:16:57 [http-nio-8080-exec-3] [DEBUG] o.s.security.web.FilterChainProxy - Secured GET /img/logo_alliance.png
2025-03-29 16:16:57 [http-nio-8080-exec-1] [DEBUG] o.s.security.web.FilterChainProxy - Secured GET /css/styles.css
2025-03-29 16:16:57 [http-nio-8080-exec-7] [DEBUG] o.s.security.web.FilterChainProxy - Securing GET /images/placeholder.jpg
2025-03-29 16:16:57 [http-nio-8080-exec-4] [DEBUG] o.s.security.web.FilterChainProxy - Securing GET /images/tour/77da970b-1e81-439d-a952-267262094a8c_kozelsk.jpg
2025-03-29 16:16:57 [http-nio-8080-exec-6] [DEBUG] o.s.security.web.FilterChainProxy - Securing GET /img/tour-agency.jpg
2025-03-29 16:16:57 [http-nio-8080-exec-7] [DEBUG] o.s.s.w.a.AnonymousAuthenticationFilter - Set SecurityContextHolder to anonymous SecurityContext
2025-03-29 16:16:57 [http-nio-8080-exec-4] [DEBUG] o.s.s.w.a.AnonymousAuthenticationFilter - Set SecurityContextHolder to anonymous SecurityContext
2025-03-29 16:16:57 [http-nio-8080-exec-7] [DEBUG] o.s.s.w.a.i.FilterSecurityInterceptor - Authorized filter invocation [GET /images/placeholder.jpg] with attributes [permitAll]
2025-03-29 16:16:57 [http-nio-8080-exec-4] [DEBUG] o.s.s.w.a.i.FilterSecurityInterceptor - Authorized filter invocation [GET /images/tour/77da970b-1e81-439d-a952-267262094a8c_kozelsk.jpg] with attributes [permitAll]
2025-03-29 16:16:57 [http-nio-8080-exec-7] [DEBUG] o.s.security.web.FilterChainProxy - Secured GET /images/placeholder.jpg
2025-03-29 16:16:57 [http-nio-8080-exec-4] [DEBUG] o.s.security.web.FilterChainProxy - Secured GET /images/tour/77da970b-1e81-439d-a952-267262094a8c_kozelsk.jpg
2025-03-29 16:16:57 [http-nio-8080-exec-5] [DEBUG] o.s.security.web.FilterChainProxy - Securing GET /images/tour/70efb4f2-568c-40d0-b39f-55ed0ccbc07e_00-Козельск.jpg
2025-03-29 16:16:57 [http-nio-8080-exec-5] [DEBUG] o.s.s.w.a.AnonymousAuthenticationFilter - Set SecurityContextHolder to anonymous SecurityContext
2025-03-29 16:16:57 [http-nio-8080-exec-6] [DEBUG] o.s.s.w.a.AnonymousAuthenticationFilter - Set SecurityContextHolder to anonymous SecurityContext
2025-03-29 16:16:57 [http-nio-8080-exec-5] [DEBUG] o.s.s.w.a.i.FilterSecurityInterceptor - Authorized filter invocation [GET /images/tour/70efb4f2-568c-40d0-b39f-55ed0ccbc07e_00-Козельск.jpg] with attributes [permitAll]
2025-03-29 16:16:57 [http-nio-8080-exec-6] [DEBUG] o.s.s.w.a.i.FilterSecurityInterceptor - Authorized filter invocation [GET /img/tour-agency.jpg] with attributes [permitAll]
2025-03-29 16:16:57 [http-nio-8080-exec-6] [DEBUG] o.s.security.web.FilterChainProxy - Secured GET /img/tour-agency.jpg
2025-03-29 16:16:57 [http-nio-8080-exec-5] [DEBUG] o.s.security.web.FilterChainProxy - Secured GET /images/tour/70efb4f2-568c-40d0-b39f-55ed0ccbc07e_00-Козельск.jpg
2025-03-29 16:16:57 [http-nio-8080-exec-7] [DEBUG] o.s.security.web.FilterChainProxy - Securing GET /error
2025-03-29 16:16:57 [http-nio-8080-exec-6] [DEBUG] o.s.security.web.FilterChainProxy - Securing GET /error
2025-03-29 16:16:57 [http-nio-8080-exec-7] [DEBUG] o.s.s.w.a.AnonymousAuthenticationFilter - Set SecurityContextHolder to anonymous SecurityContext
2025-03-29 16:16:57 [http-nio-8080-exec-6] [DEBUG] o.s.s.w.a.AnonymousAuthenticationFilter - Set SecurityContextHolder to anonymous SecurityContext
2025-03-29 16:16:57 [http-nio-8080-exec-7] [DEBUG] o.s.s.w.a.i.FilterSecurityInterceptor - Authorized filter invocation [GET /error] with attributes [permitAll]
2025-03-29 16:16:57 [http-nio-8080-exec-6] [DEBUG] o.s.s.w.a.i.FilterSecurityInterceptor - Authorized filter invocation [GET /error] with attributes [permitAll]
2025-03-29 16:16:57 [http-nio-8080-exec-7] [DEBUG] o.s.security.web.FilterChainProxy - Secured GET /error
2025-03-29 16:16:57 [http-nio-8080-exec-6] [DEBUG] o.s.security.web.FilterChainProxy - Secured GET /error
2025-03-29 16:17:04 [http-nio-8080-exec-8] [DEBUG] o.s.security.web.FilterChainProxy - Securing GET /realty
2025-03-29 16:17:04 [http-nio-8080-exec-8] [DEBUG] o.s.s.w.a.AnonymousAuthenticationFilter - Set SecurityContextHolder to anonymous SecurityContext
2025-03-29 16:17:04 [http-nio-8080-exec-8] [DEBUG] o.s.s.w.a.i.FilterSecurityInterceptor - Authorized filter invocation [GET /realty] with attributes [permitAll]
2025-03-29 16:17:04 [http-nio-8080-exec-8] [DEBUG] o.s.security.web.FilterChainProxy - Secured GET /realty
2025-03-29 16:17:04 [http-nio-8080-exec-9] [DEBUG] o.s.security.web.FilterChainProxy - Securing GET /css/styles.css
2025-03-29 16:17:04 [http-nio-8080-exec-9] [DEBUG] o.s.s.w.a.AnonymousAuthenticationFilter - Set SecurityContextHolder to anonymous SecurityContext
2025-03-29 16:17:04 [http-nio-8080-exec-9] [DEBUG] o.s.s.w.a.i.FilterSecurityInterceptor - Authorized filter invocation [GET /css/styles.css] with attributes [permitAll]
2025-03-29 16:17:04 [http-nio-8080-exec-9] [DEBUG] o.s.security.web.FilterChainProxy - Secured GET /css/styles.css
2025-03-29 16:17:04 [http-nio-8080-exec-10] [DEBUG] o.s.security.web.FilterChainProxy - Securing GET /img/logo_alliance.png
2025-03-29 16:17:04 [http-nio-8080-exec-10] [DEBUG] o.s.s.w.a.AnonymousAuthenticationFilter - Set SecurityContextHolder to anonymous SecurityContext
2025-03-29 16:17:04 [http-nio-8080-exec-10] [DEBUG] o.s.s.w.a.i.FilterSecurityInterceptor - Authorized filter invocation [GET /img/logo_alliance.png] with attributes [permitAll]
2025-03-29 16:17:04 [http-nio-8080-exec-10] [DEBUG] o.s.security.web.FilterChainProxy - Secured GET /img/logo_alliance.png
2025-03-29 16:17:04 [http-nio-8080-exec-1] [DEBUG] o.s.security.web.FilterChainProxy - Securing GET /images/advertisementSale/d4315efc-c703-4501-a94b-81ff7ce200a0_photo_2024-12-23_22-17-59.jpg
2025-03-29 16:17:04 [http-nio-8080-exec-2] [DEBUG] o.s.security.web.FilterChainProxy - Securing GET /images/advertisementSale/f59acdf2-baf6-4bc0-b36b-35e41bacd18b_photo_2024-12-23_22-17-54.jpg
2025-03-29 16:17:04 [http-nio-8080-exec-3] [DEBUG] o.s.security.web.FilterChainProxy - Securing GET /img/agency.jpg
2025-03-29 16:17:04 [http-nio-8080-exec-2] [DEBUG] o.s.s.w.a.AnonymousAuthenticationFilter - Set SecurityContextHolder to anonymous SecurityContext
2025-03-29 16:17:04 [http-nio-8080-exec-1] [DEBUG] o.s.s.w.a.AnonymousAuthenticationFilter - Set SecurityContextHolder to anonymous SecurityContext
2025-03-29 16:17:04 [http-nio-8080-exec-1] [DEBUG] o.s.s.w.a.i.FilterSecurityInterceptor - Authorized filter invocation [GET /images/advertisementSale/d4315efc-c703-4501-a94b-81ff7ce200a0_photo_2024-12-23_22-17-59.jpg] with attributes [permitAll]
2025-03-29 16:17:04 [http-nio-8080-exec-2] [DEBUG] o.s.s.w.a.i.FilterSecurityInterceptor - Authorized filter invocation [GET /images/advertisementSale/f59acdf2-baf6-4bc0-b36b-35e41bacd18b_photo_2024-12-23_22-17-54.jpg] with attributes [permitAll]
2025-03-29 16:17:04 [http-nio-8080-exec-3] [DEBUG] o.s.s.w.a.AnonymousAuthenticationFilter - Set SecurityContextHolder to anonymous SecurityContext
2025-03-29 16:17:04 [http-nio-8080-exec-1] [DEBUG] o.s.security.web.FilterChainProxy - Secured GET /images/advertisementSale/d4315efc-c703-4501-a94b-81ff7ce200a0_photo_2024-12-23_22-17-59.jpg
2025-03-29 16:17:04 [http-nio-8080-exec-3] [DEBUG] o.s.s.w.a.i.FilterSecurityInterceptor - Authorized filter invocation [GET /img/agency.jpg] with attributes [permitAll]
2025-03-29 16:17:04 [http-nio-8080-exec-3] [DEBUG] o.s.security.web.FilterChainProxy - Secured GET /img/agency.jpg
2025-03-29 16:17:04 [http-nio-8080-exec-2] [DEBUG] o.s.security.web.FilterChainProxy - Secured GET /images/advertisementSale/f59acdf2-baf6-4bc0-b36b-35e41bacd18b_photo_2024-12-23_22-17-54.jpg
2025-03-29 16:17:04 [http-nio-8080-exec-5] [DEBUG] o.s.security.web.FilterChainProxy - Securing GET /images/advertisementSale/199952c8-f50d-4f4d-bedc-5c44f013ee64_Снимок экрана (6).png
2025-03-29 16:17:04 [http-nio-8080-exec-5] [DEBUG] o.s.s.w.a.AnonymousAuthenticationFilter - Set SecurityContextHolder to anonymous SecurityContext
2025-03-29 16:17:04 [http-nio-8080-exec-5] [DEBUG] o.s.s.w.a.i.FilterSecurityInterceptor - Authorized filter invocation [GET /images/advertisementSale/199952c8-f50d-4f4d-bedc-5c44f013ee64_Снимок экрана (6).png] with attributes [permitAll]
2025-03-29 16:17:04 [http-nio-8080-exec-4] [DEBUG] o.s.security.web.FilterChainProxy - Securing GET /images/placeholder.jpg
2025-03-29 16:17:04 [http-nio-8080-exec-5] [DEBUG] o.s.security.web.FilterChainProxy - Secured GET /images/advertisementSale/199952c8-f50d-4f4d-bedc-5c44f013ee64_Снимок экрана (6).png
2025-03-29 16:17:04 [http-nio-8080-exec-4] [DEBUG] o.s.s.w.a.AnonymousAuthenticationFilter - Set SecurityContextHolder to anonymous SecurityContext
2025-03-29 16:17:04 [http-nio-8080-exec-4] [DEBUG] o.s.s.w.a.i.FilterSecurityInterceptor - Authorized filter invocation [GET /images/placeholder.jpg] with attributes [permitAll]
2025-03-29 16:17:04 [http-nio-8080-exec-4] [DEBUG] o.s.security.web.FilterChainProxy - Secured GET /images/placeholder.jpg
2025-03-29 16:17:04 [http-nio-8080-exec-4] [DEBUG] o.s.security.web.FilterChainProxy - Securing GET /error
2025-03-29 16:17:04 [http-nio-8080-exec-4] [DEBUG] o.s.s.w.a.AnonymousAuthenticationFilter - Set SecurityContextHolder to anonymous SecurityContext
2025-03-29 16:17:04 [http-nio-8080-exec-4] [DEBUG] o.s.s.w.a.i.FilterSecurityInterceptor - Authorized filter invocation [GET /error] with attributes [permitAll]
2025-03-29 16:17:04 [http-nio-8080-exec-4] [DEBUG] o.s.security.web.FilterChainProxy - Secured GET /error
2025-03-29 16:17:04 [http-nio-8080-exec-7] [DEBUG] o.s.security.web.FilterChainProxy - Securing GET /images/advertisementSale/0dab0807-9cf3-481e-9749-99e44f837125_photo_2024-12-23_22-18-04.jpg
2025-03-29 16:17:04 [http-nio-8080-exec-7] [DEBUG] o.s.s.w.a.AnonymousAuthenticationFilter - Set SecurityContextHolder to anonymous SecurityContext
2025-03-29 16:17:04 [http-nio-8080-exec-7] [DEBUG] o.s.s.w.a.i.FilterSecurityInterceptor - Authorized filter invocation [GET /images/advertisementSale/0dab0807-9cf3-481e-9749-99e44f837125_photo_2024-12-23_22-18-04.jpg] with attributes [permitAll]
2025-03-29 16:17:04 [http-nio-8080-exec-7] [DEBUG] o.s.security.web.FilterChainProxy - Secured GET /images/advertisementSale/0dab0807-9cf3-481e-9749-99e44f837125_photo_2024-12-23_22-18-04.jpg
2025-03-29 16:17:04 [http-nio-8080-exec-9] [DEBUG] o.s.security.web.FilterChainProxy - Securing GET /images/advertisementSale/76d213ca-dba5-4b57-88f5-b6b4129f212e_photo_2024-12-23_22-17-54.jpg
2025-03-29 16:17:04 [http-nio-8080-exec-6] [DEBUG] o.s.security.web.FilterChainProxy - Securing GET /images/advertisementSale/8712f027-90a6-4f31-aeed-9b8fbd323086_Снимок экрана (8).png
2025-03-29 16:17:04 [http-nio-8080-exec-6] [DEBUG] o.s.s.w.a.AnonymousAuthenticationFilter - Set SecurityContextHolder to anonymous SecurityContext
2025-03-29 16:17:04 [http-nio-8080-exec-9] [DEBUG] o.s.s.w.a.AnonymousAuthenticationFilter - Set SecurityContextHolder to anonymous SecurityContext
2025-03-29 16:17:04 [http-nio-8080-exec-9] [DEBUG] o.s.s.w.a.i.FilterSecurityInterceptor - Authorized filter invocation [GET /images/advertisementSale/76d213ca-dba5-4b57-88f5-b6b4129f212e_photo_2024-12-23_22-17-54.jpg] with attributes [permitAll]
2025-03-29 16:17:04 [http-nio-8080-exec-6] [DEBUG] o.s.s.w.a.i.FilterSecurityInterceptor - Authorized filter invocation [GET /images/advertisementSale/8712f027-90a6-4f31-aeed-9b8fbd323086_Снимок экрана (8).png] with attributes [permitAll]
2025-03-29 16:17:04 [http-nio-8080-exec-9] [DEBUG] o.s.security.web.FilterChainProxy - Secured GET /images/advertisementSale/76d213ca-dba5-4b57-88f5-b6b4129f212e_photo_2024-12-23_22-17-54.jpg
2025-03-29 16:17:04 [http-nio-8080-exec-6] [DEBUG] o.s.security.web.FilterChainProxy - Secured GET /images/advertisementSale/8712f027-90a6-4f31-aeed-9b8fbd323086_Снимок экрана (8).png
2025-03-29 16:17:04 [http-nio-8080-exec-4] [DEBUG] o.s.security.web.FilterChainProxy - Securing GET /images/advertisementSale/770d16f9-e061-46fc-94e4-17e8e3e3588a_photo_2024-12-23_22-18-11.jpg
2025-03-29 16:17:04 [http-nio-8080-exec-3] [DEBUG] o.s.security.web.FilterChainProxy - Securing GET /images/advertisementSale/0673bdb4-3423-44e8-8636-a66497d7ab52_photo_2024-12-23_22-18-01.jpg
2025-03-29 16:17:04 [http-nio-8080-exec-10] [DEBUG] o.s.security.web.FilterChainProxy - Securing GET /images/advertisementSale/f11f04c5-71bc-4048-ad70-323ba1188611_Снимок экрана (2).png
2025-03-29 16:17:04 [http-nio-8080-exec-4] [DEBUG] o.s.s.w.a.AnonymousAuthenticationFilter - Set SecurityContextHolder to anonymous SecurityContext
2025-03-29 16:17:04 [http-nio-8080-exec-10] [DEBUG] o.s.s.w.a.AnonymousAuthenticationFilter - Set SecurityContextHolder to anonymous SecurityContext
2025-03-29 16:17:04 [http-nio-8080-exec-3] [DEBUG] o.s.s.w.a.AnonymousAuthenticationFilter - Set SecurityContextHolder to anonymous SecurityContext
2025-03-29 16:17:04 [http-nio-8080-exec-3] [DEBUG] o.s.s.w.a.i.FilterSecurityInterceptor - Authorized filter invocation [GET /images/advertisementSale/0673bdb4-3423-44e8-8636-a66497d7ab52_photo_2024-12-23_22-18-01.jpg] with attributes [permitAll]
2025-03-29 16:17:04 [http-nio-8080-exec-4] [DEBUG] o.s.s.w.a.i.FilterSecurityInterceptor - Authorized filter invocation [GET /images/advertisementSale/770d16f9-e061-46fc-94e4-17e8e3e3588a_photo_2024-12-23_22-18-11.jpg] with attributes [permitAll]
2025-03-29 16:17:04 [http-nio-8080-exec-10] [DEBUG] o.s.s.w.a.i.FilterSecurityInterceptor - Authorized filter invocation [GET /images/advertisementSale/f11f04c5-71bc-4048-ad70-323ba1188611_Снимок экрана (2).png] with attributes [permitAll]
2025-03-29 16:17:04 [http-nio-8080-exec-3] [DEBUG] o.s.security.web.FilterChainProxy - Secured GET /images/advertisementSale/0673bdb4-3423-44e8-8636-a66497d7ab52_photo_2024-12-23_22-18-01.jpg
2025-03-29 16:17:04 [http-nio-8080-exec-4] [DEBUG] o.s.security.web.FilterChainProxy - Secured GET /images/advertisementSale/770d16f9-e061-46fc-94e4-17e8e3e3588a_photo_2024-12-23_22-18-11.jpg
2025-03-29 16:17:04 [http-nio-8080-exec-10] [DEBUG] o.s.security.web.FilterChainProxy - Secured GET /images/advertisementSale/f11f04c5-71bc-4048-ad70-323ba1188611_Снимок экрана (2).png
2025-03-29 16:17:04 [http-nio-8080-exec-5] [DEBUG] o.s.security.web.FilterChainProxy - Securing GET /images/advertisementSale/6d439031-8c11-4cfd-9007-7047bd94ec62_photo_2024-12-23_22-18-10.jpg
2025-03-29 16:17:04 [http-nio-8080-exec-10] [DEBUG] o.s.security.web.FilterChainProxy - Securing GET /images/advertisementSale/15c13dfd-2da8-4565-ae8d-d9857bb9f550_photo_2024-12-23_22-17-54.jpg
2025-03-29 16:17:04 [http-nio-8080-exec-10] [DEBUG] o.s.s.w.a.AnonymousAuthenticationFilter - Set SecurityContextHolder to anonymous SecurityContext
2025-03-29 16:17:04 [http-nio-8080-exec-5] [DEBUG] o.s.s.w.a.AnonymousAuthenticationFilter - Set SecurityContextHolder to anonymous SecurityContext
2025-03-29 16:17:04 [http-nio-8080-exec-5] [DEBUG] o.s.s.w.a.i.FilterSecurityInterceptor - Authorized filter invocation [GET /images/advertisementSale/6d439031-8c11-4cfd-9007-7047bd94ec62_photo_2024-12-23_22-18-10.jpg] with attributes [permitAll]
2025-03-29 16:17:04 [http-nio-8080-exec-10] [DEBUG] o.s.s.w.a.i.FilterSecurityInterceptor - Authorized filter invocation [GET /images/advertisementSale/15c13dfd-2da8-4565-ae8d-d9857bb9f550_photo_2024-12-23_22-17-54.jpg] with attributes [permitAll]
2025-03-29 16:17:04 [http-nio-8080-exec-5] [DEBUG] o.s.security.web.FilterChainProxy - Secured GET /images/advertisementSale/6d439031-8c11-4cfd-9007-7047bd94ec62_photo_2024-12-23_22-18-10.jpg
2025-03-29 16:17:04 [http-nio-8080-exec-10] [DEBUG] o.s.security.web.FilterChainProxy - Secured GET /images/advertisementSale/15c13dfd-2da8-4565-ae8d-d9857bb9f550_photo_2024-12-23_22-17-54.jpg
2025-03-29 16:17:04 [http-nio-8080-exec-9] [DEBUG] o.s.security.web.FilterChainProxy - Securing GET /images/advertisementSale/2703da27-c848-4e9d-a261-4d33ee79f79c_photo_2024-12-23_22-17-59.jpg
2025-03-29 16:17:04 [http-nio-8080-exec-9] [DEBUG] o.s.s.w.a.AnonymousAuthenticationFilter - Set SecurityContextHolder to anonymous SecurityContext
2025-03-29 16:17:04 [http-nio-8080-exec-9] [DEBUG] o.s.s.w.a.i.FilterSecurityInterceptor - Authorized filter invocation [GET /images/advertisementSale/2703da27-c848-4e9d-a261-4d33ee79f79c_photo_2024-12-23_22-17-59.jpg] with attributes [permitAll]
2025-03-29 16:17:04 [http-nio-8080-exec-9] [DEBUG] o.s.security.web.FilterChainProxy - Secured GET /images/advertisementSale/2703da27-c848-4e9d-a261-4d33ee79f79c_photo_2024-12-23_22-17-59.jpg
2025-03-29 16:17:04 [http-nio-8080-exec-1] [DEBUG] o.s.security.web.FilterChainProxy - Securing GET /images/placeholder.jpg
2025-03-29 16:17:04 [http-nio-8080-exec-1] [DEBUG] o.s.s.w.a.AnonymousAuthenticationFilter - Set SecurityContextHolder to anonymous SecurityContext
2025-03-29 16:17:04 [http-nio-8080-exec-1] [DEBUG] o.s.s.w.a.i.FilterSecurityInterceptor - Authorized filter invocation [GET /images/placeholder.jpg] with attributes [permitAll]
2025-03-29 16:17:04 [http-nio-8080-exec-1] [DEBUG] o.s.security.web.FilterChainProxy - Secured GET /images/placeholder.jpg
2025-03-29 16:17:04 [http-nio-8080-exec-2] [DEBUG] o.s.security.web.FilterChainProxy - Securing GET /img/logo_alliance.png
2025-03-29 16:17:04 [http-nio-8080-exec-6] [DEBUG] o.s.security.web.FilterChainProxy - Securing GET /img/agency.jpg
2025-03-29 16:17:04 [http-nio-8080-exec-2] [DEBUG] o.s.s.w.a.AnonymousAuthenticationFilter - Set SecurityContextHolder to anonymous SecurityContext
2025-03-29 16:17:04 [http-nio-8080-exec-6] [DEBUG] o.s.s.w.a.AnonymousAuthenticationFilter - Set SecurityContextHolder to anonymous SecurityContext
2025-03-29 16:17:04 [http-nio-8080-exec-2] [DEBUG] o.s.s.w.a.i.FilterSecurityInterceptor - Authorized filter invocation [GET /img/logo_alliance.png] with attributes [permitAll]
2025-03-29 16:17:04 [http-nio-8080-exec-6] [DEBUG] o.s.s.w.a.i.FilterSecurityInterceptor - Authorized filter invocation [GET /img/agency.jpg] with attributes [permitAll]
2025-03-29 16:17:04 [http-nio-8080-exec-6] [DEBUG] o.s.security.web.FilterChainProxy - Secured GET /img/agency.jpg
2025-03-29 16:17:04 [http-nio-8080-exec-2] [DEBUG] o.s.security.web.FilterChainProxy - Secured GET /img/logo_alliance.png
2025-03-29 16:17:04 [http-nio-8080-exec-1] [DEBUG] o.s.security.web.FilterChainProxy - Securing GET /error
2025-03-29 16:17:04 [http-nio-8080-exec-1] [DEBUG] o.s.s.w.a.AnonymousAuthenticationFilter - Set SecurityContextHolder to anonymous SecurityContext
2025-03-29 16:17:04 [http-nio-8080-exec-1] [DEBUG] o.s.s.w.a.i.FilterSecurityInterceptor - Authorized filter invocation [GET /error] with attributes [permitAll]
2025-03-29 16:17:04 [http-nio-8080-exec-1] [DEBUG] o.s.security.web.FilterChainProxy - Secured GET /error
2025-03-29 16:17:04 [http-nio-8080-exec-7] [DEBUG] o.s.security.web.FilterChainProxy - Securing GET /images/advertisementSale/d4315efc-c703-4501-a94b-81ff7ce200a0_photo_2024-12-23_22-17-59.jpg
2025-03-29 16:17:04 [http-nio-8080-exec-7] [DEBUG] o.s.s.w.a.AnonymousAuthenticationFilter - Set SecurityContextHolder to anonymous SecurityContext
2025-03-29 16:17:04 [http-nio-8080-exec-7] [DEBUG] o.s.s.w.a.i.FilterSecurityInterceptor - Authorized filter invocation [GET /images/advertisementSale/d4315efc-c703-4501-a94b-81ff7ce200a0_photo_2024-12-23_22-17-59.jpg] with attributes [permitAll]
2025-03-29 16:17:04 [http-nio-8080-exec-8] [DEBUG] o.s.security.web.FilterChainProxy - Securing GET /images/advertisementSale/f59acdf2-baf6-4bc0-b36b-35e41bacd18b_photo_2024-12-23_22-17-54.jpg
2025-03-29 16:17:04 [http-nio-8080-exec-4] [DEBUG] o.s.security.web.FilterChainProxy - Securing GET /images/advertisementSale/e63bba72-f8b1-4ec8-b621-657fbcd7b1e3_kozelsk.jpg
2025-03-29 16:17:04 [http-nio-8080-exec-7] [DEBUG] o.s.security.web.FilterChainProxy - Secured GET /images/advertisementSale/d4315efc-c703-4501-a94b-81ff7ce200a0_photo_2024-12-23_22-17-59.jpg
2025-03-29 16:17:04 [http-nio-8080-exec-4] [DEBUG] o.s.s.w.a.AnonymousAuthenticationFilter - Set SecurityContextHolder to anonymous SecurityContext
2025-03-29 16:17:04 [http-nio-8080-exec-8] [DEBUG] o.s.s.w.a.AnonymousAuthenticationFilter - Set SecurityContextHolder to anonymous SecurityContext
2025-03-29 16:17:04 [http-nio-8080-exec-4] [DEBUG] o.s.s.w.a.i.FilterSecurityInterceptor - Authorized filter invocation [GET /images/advertisementSale/e63bba72-f8b1-4ec8-b621-657fbcd7b1e3_kozelsk.jpg] with attributes [permitAll]
2025-03-29 16:17:04 [http-nio-8080-exec-3] [DEBUG] o.s.security.web.FilterChainProxy - Securing GET /images/advertisementRent/75e9e80d-1f5c-4f46-bdc7-d790f75f756f_photo_2024-12-23_22-18-01.jpg
2025-03-29 16:17:04 [http-nio-8080-exec-8] [DEBUG] o.s.s.w.a.i.FilterSecurityInterceptor - Authorized filter invocation [GET /images/advertisementSale/f59acdf2-baf6-4bc0-b36b-35e41bacd18b_photo_2024-12-23_22-17-54.jpg] with attributes [permitAll]
2025-03-29 16:17:04 [http-nio-8080-exec-4] [DEBUG] o.s.security.web.FilterChainProxy - Secured GET /images/advertisementSale/e63bba72-f8b1-4ec8-b621-657fbcd7b1e3_kozelsk.jpg
2025-03-29 16:17:04 [http-nio-8080-exec-3] [DEBUG] o.s.s.w.a.AnonymousAuthenticationFilter - Set SecurityContextHolder to anonymous SecurityContext
2025-03-29 16:17:04 [http-nio-8080-exec-10] [DEBUG] o.s.security.web.FilterChainProxy - Securing GET /images/advertisementRent/0a1031cd-43b5-4402-87eb-04fa80f00918_photo_2024-12-23_22-18-03.jpg
2025-03-29 16:17:04 [http-nio-8080-exec-3] [DEBUG] o.s.s.w.a.i.FilterSecurityInterceptor - Authorized filter invocation [GET /images/advertisementRent/75e9e80d-1f5c-4f46-bdc7-d790f75f756f_photo_2024-12-23_22-18-01.jpg] with attributes [permitAll]
2025-03-29 16:17:04 [http-nio-8080-exec-8] [DEBUG] o.s.security.web.FilterChainProxy - Secured GET /images/advertisementSale/f59acdf2-baf6-4bc0-b36b-35e41bacd18b_photo_2024-12-23_22-17-54.jpg
2025-03-29 16:17:04 [http-nio-8080-exec-3] [DEBUG] o.s.security.web.FilterChainProxy - Secured GET /images/advertisementRent/75e9e80d-1f5c-4f46-bdc7-d790f75f756f_photo_2024-12-23_22-18-01.jpg
2025-03-29 16:17:04 [http-nio-8080-exec-10] [DEBUG] o.s.s.w.a.AnonymousAuthenticationFilter - Set SecurityContextHolder to anonymous SecurityContext
2025-03-29 16:17:04 [http-nio-8080-exec-10] [DEBUG] o.s.s.w.a.i.FilterSecurityInterceptor - Authorized filter invocation [GET /images/advertisementRent/0a1031cd-43b5-4402-87eb-04fa80f00918_photo_2024-12-23_22-18-03.jpg] with attributes [permitAll]
2025-03-29 16:17:04 [http-nio-8080-exec-10] [DEBUG] o.s.security.web.FilterChainProxy - Secured GET /images/advertisementRent/0a1031cd-43b5-4402-87eb-04fa80f00918_photo_2024-12-23_22-18-03.jpg
2025-03-29 16:17:04 [http-nio-8080-exec-9] [DEBUG] o.s.security.web.FilterChainProxy - Securing GET /images/advertisementRent/809047fb-7261-497f-b19e-b208d4480210_photo_2024-12-23_22-17-57.jpg
2025-03-29 16:17:04 [http-nio-8080-exec-9] [DEBUG] o.s.s.w.a.AnonymousAuthenticationFilter - Set SecurityContextHolder to anonymous SecurityContext
2025-03-29 16:17:04 [http-nio-8080-exec-9] [DEBUG] o.s.s.w.a.i.FilterSecurityInterceptor - Authorized filter invocation [GET /images/advertisementRent/809047fb-7261-497f-b19e-b208d4480210_photo_2024-12-23_22-17-57.jpg] with attributes [permitAll]
2025-03-29 16:17:04 [http-nio-8080-exec-9] [DEBUG] o.s.security.web.FilterChainProxy - Secured GET /images/advertisementRent/809047fb-7261-497f-b19e-b208d4480210_photo_2024-12-23_22-17-57.jpg
2025-03-29 16:17:04 [http-nio-8080-exec-5] [DEBUG] o.s.security.web.FilterChainProxy - Securing GET /images/advertisementRent/b02c42b7-b608-4169-93f2-7ad28d186517_photo_2024-12-23_22-18-01.jpg
2025-03-29 16:17:04 [http-nio-8080-exec-2] [DEBUG] o.s.security.web.FilterChainProxy - Securing GET /images/advertisementRent/da667149-470d-4844-94d9-c5a37db0ed63_photo_2024-12-23_22-18-05.jpg
2025-03-29 16:17:04 [http-nio-8080-exec-5] [DEBUG] o.s.s.w.a.AnonymousAuthenticationFilter - Set SecurityContextHolder to anonymous SecurityContext
2025-03-29 16:17:04 [http-nio-8080-exec-2] [DEBUG] o.s.s.w.a.AnonymousAuthenticationFilter - Set SecurityContextHolder to anonymous SecurityContext
2025-03-29 16:17:04 [http-nio-8080-exec-5] [DEBUG] o.s.s.w.a.i.FilterSecurityInterceptor - Authorized filter invocation [GET /images/advertisementRent/b02c42b7-b608-4169-93f2-7ad28d186517_photo_2024-12-23_22-18-01.jpg] with attributes [permitAll]
2025-03-29 16:17:04 [http-nio-8080-exec-2] [DEBUG] o.s.s.w.a.i.FilterSecurityInterceptor - Authorized filter invocation [GET /images/advertisementRent/da667149-470d-4844-94d9-c5a37db0ed63_photo_2024-12-23_22-18-05.jpg] with attributes [permitAll]
2025-03-29 16:17:04 [http-nio-8080-exec-5] [DEBUG] o.s.security.web.FilterChainProxy - Secured GET /images/advertisementRent/b02c42b7-b608-4169-93f2-7ad28d186517_photo_2024-12-23_22-18-01.jpg
2025-03-29 16:17:04 [http-nio-8080-exec-2] [DEBUG] o.s.security.web.FilterChainProxy - Secured GET /images/advertisementRent/da667149-470d-4844-94d9-c5a37db0ed63_photo_2024-12-23_22-18-05.jpg
2025-03-29 16:17:04 [http-nio-8080-exec-1] [DEBUG] o.s.security.web.FilterChainProxy - Securing GET /images/advertisementSale/0dab0807-9cf3-481e-9749-99e44f837125_photo_2024-12-23_22-18-04.jpg
2025-03-29 16:17:04 [http-nio-8080-exec-6] [DEBUG] o.s.security.web.FilterChainProxy - Securing GET /images/advertisementSale/199952c8-f50d-4f4d-bedc-5c44f013ee64_Снимок экрана (6).png
2025-03-29 16:17:04 [http-nio-8080-exec-1] [DEBUG] o.s.s.w.a.AnonymousAuthenticationFilter - Set SecurityContextHolder to anonymous SecurityContext
2025-03-29 16:17:04 [http-nio-8080-exec-6] [DEBUG] o.s.s.w.a.AnonymousAuthenticationFilter - Set SecurityContextHolder to anonymous SecurityContext
2025-03-29 16:17:04 [http-nio-8080-exec-1] [DEBUG] o.s.s.w.a.i.FilterSecurityInterceptor - Authorized filter invocation [GET /images/advertisementSale/0dab0807-9cf3-481e-9749-99e44f837125_photo_2024-12-23_22-18-04.jpg] with attributes [permitAll]
2025-03-29 16:17:04 [http-nio-8080-exec-6] [DEBUG] o.s.s.w.a.i.FilterSecurityInterceptor - Authorized filter invocation [GET /images/advertisementSale/199952c8-f50d-4f4d-bedc-5c44f013ee64_Снимок экрана (6).png] with attributes [permitAll]
2025-03-29 16:17:04 [http-nio-8080-exec-1] [DEBUG] o.s.security.web.FilterChainProxy - Secured GET /images/advertisementSale/0dab0807-9cf3-481e-9749-99e44f837125_photo_2024-12-23_22-18-04.jpg
2025-03-29 16:17:04 [http-nio-8080-exec-6] [DEBUG] o.s.security.web.FilterChainProxy - Secured GET /images/advertisementSale/199952c8-f50d-4f4d-bedc-5c44f013ee64_Снимок экрана (6).png
2025-03-29 16:17:04 [http-nio-8080-exec-4] [DEBUG] o.s.security.web.FilterChainProxy - Securing GET /images/advertisementSale/8712f027-90a6-4f31-aeed-9b8fbd323086_Снимок экрана (8).png
2025-03-29 16:17:04 [http-nio-8080-exec-4] [DEBUG] o.s.s.w.a.AnonymousAuthenticationFilter - Set SecurityContextHolder to anonymous SecurityContext
2025-03-29 16:17:04 [http-nio-8080-exec-4] [DEBUG] o.s.s.w.a.i.FilterSecurityInterceptor - Authorized filter invocation [GET /images/advertisementSale/8712f027-90a6-4f31-aeed-9b8fbd323086_Снимок экрана (8).png] with attributes [permitAll]
2025-03-29 16:17:04 [http-nio-8080-exec-4] [DEBUG] o.s.security.web.FilterChainProxy - Secured GET /images/advertisementSale/8712f027-90a6-4f31-aeed-9b8fbd323086_Снимок экрана (8).png
2025-03-29 16:17:04 [http-nio-8080-exec-7] [DEBUG] o.s.security.web.FilterChainProxy - Securing GET /images/advertisementSale/76d213ca-dba5-4b57-88f5-b6b4129f212e_photo_2024-12-23_22-17-54.jpg
2025-03-29 16:17:04 [http-nio-8080-exec-8] [DEBUG] o.s.security.web.FilterChainProxy - Securing GET /images/advertisementSale/f11f04c5-71bc-4048-ad70-323ba1188611_Снимок экрана (2).png
2025-03-29 16:17:04 [http-nio-8080-exec-8] [DEBUG] o.s.s.w.a.AnonymousAuthenticationFilter - Set SecurityContextHolder to anonymous SecurityContext
2025-03-29 16:17:04 [http-nio-8080-exec-7] [DEBUG] o.s.s.w.a.AnonymousAuthenticationFilter - Set SecurityContextHolder to anonymous SecurityContext
2025-03-29 16:17:04 [http-nio-8080-exec-7] [DEBUG] o.s.s.w.a.i.FilterSecurityInterceptor - Authorized filter invocation [GET /images/advertisementSale/76d213ca-dba5-4b57-88f5-b6b4129f212e_photo_2024-12-23_22-17-54.jpg] with attributes [permitAll]
2025-03-29 16:17:04 [http-nio-8080-exec-8] [DEBUG] o.s.s.w.a.i.FilterSecurityInterceptor - Authorized filter invocation [GET /images/advertisementSale/f11f04c5-71bc-4048-ad70-323ba1188611_Снимок экрана (2).png] with attributes [permitAll]
2025-03-29 16:17:04 [http-nio-8080-exec-7] [DEBUG] o.s.security.web.FilterChainProxy - Secured GET /images/advertisementSale/76d213ca-dba5-4b57-88f5-b6b4129f212e_photo_2024-12-23_22-17-54.jpg
2025-03-29 16:17:04 [http-nio-8080-exec-8] [DEBUG] o.s.security.web.FilterChainProxy - Secured GET /images/advertisementSale/f11f04c5-71bc-4048-ad70-323ba1188611_Снимок экрана (2).png
2025-03-29 16:17:09 [http-nio-8080-exec-10] [DEBUG] o.s.security.web.FilterChainProxy - Securing GET /login
2025-03-29 16:17:09 [http-nio-8080-exec-10] [DEBUG] o.s.s.w.a.AnonymousAuthenticationFilter - Set SecurityContextHolder to anonymous SecurityContext
2025-03-29 16:17:09 [http-nio-8080-exec-10] [DEBUG] o.s.s.w.a.i.FilterSecurityInterceptor - Authorized filter invocation [GET /login] with attributes [permitAll]
2025-03-29 16:17:09 [http-nio-8080-exec-10] [DEBUG] o.s.security.web.FilterChainProxy - Secured GET /login
2025-03-29 16:17:09 [http-nio-8080-exec-10] [ERROR] org.thymeleaf.TemplateEngine - [THYMELEAF][http-nio-8080-exec-10] Exception processing template "login": Error resolving template [login], template might not exist or might not be accessible by any of the configured Template Resolvers
org.thymeleaf.exceptions.TemplateInputException: Error resolving template [login], template might not exist or might not be accessible by any of the configured Template Resolvers
	at org.thymeleaf.engine.TemplateManager.resolveTemplate(TemplateManager.java:869)
	at org.thymeleaf.engine.TemplateManager.parseAndProcess(TemplateManager.java:607)
	at org.thymeleaf.TemplateEngine.process(TemplateEngine.java:1103)
	at org.thymeleaf.TemplateEngine.process(TemplateEngine.java:1077)
	at org.thymeleaf.spring6.view.ThymeleafView.renderFragment(ThymeleafView.java:372)
	at org.thymeleaf.spring6.view.ThymeleafView.render(ThymeleafView.java:192)
	at org.springframework.web.servlet.DispatcherServlet.render(DispatcherServlet.java:1432)
	at org.springframework.web.servlet.DispatcherServlet.processDispatchResult(DispatcherServlet.java:1168)
	at org.springframework.web.servlet.DispatcherServlet.doDispatch(DispatcherServlet.java:1106)
	at org.springframework.web.servlet.DispatcherServlet.doService(DispatcherServlet.java:979)
	at org.springframework.web.servlet.FrameworkServlet.processRequest(FrameworkServlet.java:1014)
	at org.springframework.web.servlet.FrameworkServlet.doGet(FrameworkServlet.java:903)
	at jakarta.servlet.http.HttpServlet.service(HttpServlet.java:564)
	at org.springframework.web.servlet.FrameworkServlet.service(FrameworkServlet.java:885)
	at jakarta.servlet.http.HttpServlet.service(HttpServlet.java:658)
	at org.apache.catalina.core.ApplicationFilterChain.internalDoFilter(ApplicationFilterChain.java:195)
	at org.apache.catalina.core.ApplicationFilterChain.doFilter(ApplicationFilterChain.java:140)
	at org.apache.tomcat.websocket.server.WsFilter.doFilter(WsFilter.java:51)
	at org.apache.catalina.core.ApplicationFilterChain.internalDoFilter(ApplicationFilterChain.java:164)
	at org.apache.catalina.core.ApplicationFilterChain.doFilter(ApplicationFilterChain.java:140)
	at org.springframework.web.filter.HiddenHttpMethodFilter.doFilterInternal(HiddenHttpMethodFilter.java:91)
	at org.springframework.web.filter.OncePerRequestFilter.doFilter(OncePerRequestFilter.java:116)
	at org.apache.catalina.core.ApplicationFilterChain.internalDoFilter(ApplicationFilterChain.java:164)
	at org.apache.catalina.core.ApplicationFilterChain.doFilter(ApplicationFilterChain.java:140)
	at org.springframework.web.filter.CompositeFilter$VirtualFilterChain.doFilter(CompositeFilter.java:108)
	at org.springframework.security.web.FilterChainProxy.lambda$doFilterInternal$3(FilterChainProxy.java:231)
	at org.springframework.security.web.ObservationFilterChainDecorator$FilterObservation$SimpleFilterObservation.lambda$wrap$1(ObservationFilterChainDecorator.java:479)
	at org.springframework.security.web.ObservationFilterChainDecorator$AroundFilterObservation$SimpleAroundFilterObservation.lambda$wrap$1(ObservationFilterChainDecorator.java:340)
	at org.springframework.security.web.ObservationFilterChainDecorator.lambda$wrapSecured$0(ObservationFilterChainDecorator.java:82)
	at org.springframework.security.web.ObservationFilterChainDecorator$VirtualFilterChain.doFilter(ObservationFilterChainDecorator.java:128)
	at org.springframework.security.web.access.intercept.FilterSecurityInterceptor.invoke(FilterSecurityInterceptor.java:117)
	at org.springframework.security.web.access.intercept.FilterSecurityInterceptor.doFilter(FilterSecurityInterceptor.java:83)
	at org.springframework.security.web.ObservationFilterChainDecorator$ObservationFilter.wrapFilter(ObservationFilterChainDecorator.java:240)
	at org.springframework.security.web.ObservationFilterChainDecorator$ObservationFilter.doFilter(ObservationFilterChainDecorator.java:227)
	at org.springframework.security.web.ObservationFilterChainDecorator$VirtualFilterChain.doFilter(ObservationFilterChainDecorator.java:137)
	at org.springframework.security.web.access.ExceptionTranslationFilter.doFilter(ExceptionTranslationFilter.java:126)
	at org.springframework.security.web.access.ExceptionTranslationFilter.doFilter(ExceptionTranslationFilter.java:120)
	at org.springframework.security.web.ObservationFilterChainDecorator$ObservationFilter.wrapFilter(ObservationFilterChainDecorator.java:240)
	at org.springframework.security.web.ObservationFilterChainDecorator$ObservationFilter.doFilter(ObservationFilterChainDecorator.java:227)
	at org.springframework.security.web.ObservationFilterChainDecorator$VirtualFilterChain.doFilter(ObservationFilterChainDecorator.java:137)
	at org.springframework.security.web.authentication.AnonymousAuthenticationFilter.doFilter(AnonymousAuthenticationFilter.java:100)
	at org.springframework.security.web.ObservationFilterChainDecorator$ObservationFilter.wrapFilter(ObservationFilterChainDecorator.java:240)
	at org.springframework.security.web.ObservationFilterChainDecorator$ObservationFilter.doFilter(ObservationFilterChainDecorator.java:227)
	at org.springframework.security.web.ObservationFilterChainDecorator$VirtualFilterChain.doFilter(ObservationFilterChainDecorator.java:137)
	at org.springframework.security.web.servletapi.SecurityContextHolderAwareRequestFilter.doFilter(SecurityContextHolderAwareRequestFilter.java:179)
	at org.springframework.security.web.ObservationFilterChainDecorator$ObservationFilter.wrapFilter(ObservationFilterChainDecorator.java:240)
	at org.springframework.security.web.ObservationFilterChainDecorator$ObservationFilter.doFilter(ObservationFilterChainDecorator.java:227)
	at org.springframework.security.web.ObservationFilterChainDecorator$VirtualFilterChain.doFilter(ObservationFilterChainDecorator.java:137)
	at org.springframework.security.web.savedrequest.RequestCacheAwareFilter.doFilter(RequestCacheAwareFilter.java:63)
	at org.springframework.security.web.ObservationFilterChainDecorator$ObservationFilter.wrapFilter(ObservationFilterChainDecorator.java:240)
	at org.springframework.security.web.ObservationFilterChainDecorator$ObservationFilter.doFilter(ObservationFilterChainDecorator.java:227)
	at org.springframework.security.web.ObservationFilterChainDecorator$VirtualFilterChain.doFilter(ObservationFilterChainDecorator.java:137)
	at org.springframework.security.web.authentication.AbstractAuthenticationProcessingFilter.doFilter(AbstractAuthenticationProcessingFilter.java:227)
	at org.springframework.security.web.authentication.AbstractAuthenticationProcessingFilter.doFilter(AbstractAuthenticationProcessingFilter.java:221)
	at org.springframework.security.web.ObservationFilterChainDecorator$ObservationFilter.wrapFilter(ObservationFilterChainDecorator.java:240)
	at org.springframework.security.web.ObservationFilterChainDecorator$ObservationFilter.doFilter(ObservationFilterChainDecorator.java:227)
	at org.springframework.security.web.ObservationFilterChainDecorator$VirtualFilterChain.doFilter(ObservationFilterChainDecorator.java:137)
	at org.springframework.security.web.authentication.AbstractAuthenticationProcessingFilter.doFilter(AbstractAuthenticationProcessingFilter.java:227)
	at org.springframework.security.web.authentication.AbstractAuthenticationProcessingFilter.doFilter(AbstractAuthenticationProcessingFilter.java:221)
	at org.springframework.security.web.ObservationFilterChainDecorator$ObservationFilter.wrapFilter(ObservationFilterChainDecorator.java:240)
	at org.springframework.security.web.ObservationFilterChainDecorator$ObservationFilter.doFilter(ObservationFilterChainDecorator.java:227)
	at org.springframework.security.web.ObservationFilterChainDecorator$VirtualFilterChain.doFilter(ObservationFilterChainDecorator.java:137)
	at org.springframework.security.oauth2.client.web.OAuth2AuthorizationRequestRedirectFilter.doFilterInternal(OAuth2AuthorizationRequestRedirectFilter.java:198)
	at org.springframework.web.filter.OncePerRequestFilter.doFilter(OncePerRequestFilter.java:116)
	at org.springframework.security.web.ObservationFilterChainDecorator$ObservationFilter.wrapFilter(ObservationFilterChainDecorator.java:240)
	at org.springframework.security.web.ObservationFilterChainDecorator$ObservationFilter.doFilter(ObservationFilterChainDecorator.java:227)
	at org.springframework.security.web.ObservationFilterChainDecorator$VirtualFilterChain.doFilter(ObservationFilterChainDecorator.java:137)
	at org.springframework.security.web.authentication.logout.LogoutFilter.doFilter(LogoutFilter.java:107)
	at org.springframework.security.web.authentication.logout.LogoutFilter.doFilter(LogoutFilter.java:93)
	at org.springframework.security.web.ObservationFilterChainDecorator$ObservationFilter.wrapFilter(ObservationFilterChainDecorator.java:240)
	at org.springframework.security.web.ObservationFilterChainDecorator$ObservationFilter.doFilter(ObservationFilterChainDecorator.java:227)
	at org.springframework.security.web.ObservationFilterChainDecorator$VirtualFilterChain.doFilter(ObservationFilterChainDecorator.java:137)
	at org.springframework.security.web.header.HeaderWriterFilter.doHeadersAfter(HeaderWriterFilter.java:90)
	at org.springframework.security.web.header.HeaderWriterFilter.doFilterInternal(HeaderWriterFilter.java:75)
	at org.springframework.web.filter.OncePerRequestFilter.doFilter(OncePerRequestFilter.java:116)
	at org.springframework.security.web.ObservationFilterChainDecorator$ObservationFilter.wrapFilter(ObservationFilterChainDecorator.java:240)
	at org.springframework.security.web.ObservationFilterChainDecorator$ObservationFilter.doFilter(ObservationFilterChainDecorator.java:227)
	at org.springframework.security.web.ObservationFilterChainDecorator$VirtualFilterChain.doFilter(ObservationFilterChainDecorator.java:137)
	at org.springframework.security.web.context.SecurityContextHolderFilter.doFilter(SecurityContextHolderFilter.java:82)
	at org.springframework.security.web.context.SecurityContextHolderFilter.doFilter(SecurityContextHolderFilter.java:69)
	at org.springframework.security.web.ObservationFilterChainDecorator$ObservationFilter.wrapFilter(ObservationFilterChainDecorator.java:240)
	at org.springframework.security.web.ObservationFilterChainDecorator$ObservationFilter.doFilter(ObservationFilterChainDecorator.java:227)
	at org.springframework.security.web.ObservationFilterChainDecorator$VirtualFilterChain.doFilter(ObservationFilterChainDecorator.java:137)
	at org.springframework.security.web.context.request.async.WebAsyncManagerIntegrationFilter.doFilterInternal(WebAsyncManagerIntegrationFilter.java:62)
	at org.springframework.web.filter.OncePerRequestFilter.doFilter(OncePerRequestFilter.java:116)
	at org.springframework.security.web.ObservationFilterChainDecorator$ObservationFilter.wrapFilter(ObservationFilterChainDecorator.java:240)
	at org.springframework.security.web.ObservationFilterChainDecorator$ObservationFilter.doFilter(ObservationFilterChainDecorator.java:227)
	at org.springframework.security.web.ObservationFilterChainDecorator$VirtualFilterChain.doFilter(ObservationFilterChainDecorator.java:137)
	at org.springframework.security.web.session.DisableEncodeUrlFilter.doFilterInternal(DisableEncodeUrlFilter.java:42)
	at org.springframework.web.filter.OncePerRequestFilter.doFilter(OncePerRequestFilter.java:116)
	at org.springframework.security.web.ObservationFilterChainDecorator$ObservationFilter.wrapFilter(ObservationFilterChainDecorator.java:240)
	at org.springframework.security.web.ObservationFilterChainDecorator$AroundFilterObservation$SimpleAroundFilterObservation.lambda$wrap$0(ObservationFilterChainDecorator.java:323)
	at org.springframework.security.web.ObservationFilterChainDecorator$ObservationFilter.doFilter(ObservationFilterChainDecorator.java:224)
	at org.springframework.security.web.ObservationFilterChainDecorator$VirtualFilterChain.doFilter(ObservationFilterChainDecorator.java:137)
	at org.springframework.security.web.FilterChainProxy.doFilterInternal(FilterChainProxy.java:233)
	at org.springframework.security.web.FilterChainProxy.doFilter(FilterChainProxy.java:191)
	at org.springframework.web.filter.CompositeFilter$VirtualFilterChain.doFilter(CompositeFilter.java:113)
	at org.springframework.web.servlet.handler.HandlerMappingIntrospector.lambda$createCacheFilter$3(HandlerMappingIntrospector.java:195)
	at org.springframework.web.filter.CompositeFilter$VirtualFilterChain.doFilter(CompositeFilter.java:113)
	at org.springframework.web.filter.CompositeFilter.doFilter(CompositeFilter.java:74)
	at org.springframework.security.config.annotation.web.configuration.WebMvcSecurityConfiguration$CompositeFilterChainProxy.doFilter(WebMvcSecurityConfiguration.java:230)
	at org.springframework.web.filter.DelegatingFilterProxy.invokeDelegate(DelegatingFilterProxy.java:362)
	at org.springframework.web.filter.DelegatingFilterProxy.doFilter(DelegatingFilterProxy.java:278)
	at org.apache.catalina.core.ApplicationFilterChain.internalDoFilter(ApplicationFilterChain.java:164)
	at org.apache.catalina.core.ApplicationFilterChain.doFilter(ApplicationFilterChain.java:140)
	at org.springframework.web.filter.RequestContextFilter.doFilterInternal(RequestContextFilter.java:100)
	at org.springframework.web.filter.OncePerRequestFilter.doFilter(OncePerRequestFilter.java:116)
	at org.apache.catalina.core.ApplicationFilterChain.internalDoFilter(ApplicationFilterChain.java:164)
	at org.apache.catalina.core.ApplicationFilterChain.doFilter(ApplicationFilterChain.java:140)
	at org.springframework.web.filter.FormContentFilter.doFilterInternal(FormContentFilter.java:93)
	at org.springframework.web.filter.OncePerRequestFilter.doFilter(OncePerRequestFilter.java:116)
	at org.apache.catalina.core.ApplicationFilterChain.internalDoFilter(ApplicationFilterChain.java:164)
	at org.apache.catalina.core.ApplicationFilterChain.doFilter(ApplicationFilterChain.java:140)
	at org.springframework.web.filter.ServerHttpObservationFilter.doFilterInternal(ServerHttpObservationFilter.java:113)
	at org.springframework.web.filter.OncePerRequestFilter.doFilter(OncePerRequestFilter.java:116)
	at org.apache.catalina.core.ApplicationFilterChain.internalDoFilter(ApplicationFilterChain.java:164)
	at org.apache.catalina.core.ApplicationFilterChain.doFilter(ApplicationFilterChain.java:140)
	at org.springframework.web.filter.CharacterEncodingFilter.doFilterInternal(CharacterEncodingFilter.java:201)
	at org.springframework.web.filter.OncePerRequestFilter.doFilter(OncePerRequestFilter.java:116)
	at org.apache.catalina.core.ApplicationFilterChain.internalDoFilter(ApplicationFilterChain.java:164)
	at org.apache.catalina.core.ApplicationFilterChain.doFilter(ApplicationFilterChain.java:140)
	at org.apache.catalina.core.StandardWrapperValve.invoke(StandardWrapperValve.java:167)
	at org.apache.catalina.core.StandardContextValve.invoke(StandardContextValve.java:90)
	at org.apache.catalina.authenticator.AuthenticatorBase.invoke(AuthenticatorBase.java:483)
	at org.apache.catalina.core.StandardHostValve.invoke(StandardHostValve.java:115)
	at org.apache.catalina.valves.ErrorReportValve.invoke(ErrorReportValve.java:93)
	at org.apache.catalina.core.StandardEngineValve.invoke(StandardEngineValve.java:74)
	at org.apache.catalina.connector.CoyoteAdapter.service(CoyoteAdapter.java:344)
	at org.apache.coyote.http11.Http11Processor.service(Http11Processor.java:384)
	at org.apache.coyote.AbstractProcessorLight.process(AbstractProcessorLight.java:63)
	at org.apache.coyote.AbstractProtocol$ConnectionHandler.process(AbstractProtocol.java:905)
	at org.apache.tomcat.util.net.NioEndpoint$SocketProcessor.doRun(NioEndpoint.java:1741)
	at org.apache.tomcat.util.net.SocketProcessorBase.run(SocketProcessorBase.java:52)
	at org.apache.tomcat.util.threads.ThreadPoolExecutor.runWorker(ThreadPoolExecutor.java:1190)
	at org.apache.tomcat.util.threads.ThreadPoolExecutor$Worker.run(ThreadPoolExecutor.java:659)
	at org.apache.tomcat.util.threads.TaskThread$WrappingRunnable.run(TaskThread.java:63)
	at java.base/java.lang.Thread.run(Thread.java:1575)
2025-03-29 16:17:09 [http-nio-8080-exec-10] [ERROR] o.a.c.c.C.[.[.[.[dispatcherServlet] - Servlet.service() for servlet [dispatcherServlet] in context with path [] threw exception [Request processing failed: org.thymeleaf.exceptions.TemplateInputException: Error resolving template [login], template might not exist or might not be accessible by any of the configured Template Resolvers] with root cause
org.thymeleaf.exceptions.TemplateInputException: Error resolving template [login], template might not exist or might not be accessible by any of the configured Template Resolvers
	at org.thymeleaf.engine.TemplateManager.resolveTemplate(TemplateManager.java:869)
	at org.thymeleaf.engine.TemplateManager.parseAndProcess(TemplateManager.java:607)
	at org.thymeleaf.TemplateEngine.process(TemplateEngine.java:1103)
	at org.thymeleaf.TemplateEngine.process(TemplateEngine.java:1077)
	at org.thymeleaf.spring6.view.ThymeleafView.renderFragment(ThymeleafView.java:372)
	at org.thymeleaf.spring6.view.ThymeleafView.render(ThymeleafView.java:192)
	at org.springframework.web.servlet.DispatcherServlet.render(DispatcherServlet.java:1432)
	at org.springframework.web.servlet.DispatcherServlet.processDispatchResult(DispatcherServlet.java:1168)
	at org.springframework.web.servlet.DispatcherServlet.doDispatch(DispatcherServlet.java:1106)
	at org.springframework.web.servlet.DispatcherServlet.doService(DispatcherServlet.java:979)
	at org.springframework.web.servlet.FrameworkServlet.processRequest(FrameworkServlet.java:1014)
	at org.springframework.web.servlet.FrameworkServlet.doGet(FrameworkServlet.java:903)
	at jakarta.servlet.http.HttpServlet.service(HttpServlet.java:564)
	at org.springframework.web.servlet.FrameworkServlet.service(FrameworkServlet.java:885)
	at jakarta.servlet.http.HttpServlet.service(HttpServlet.java:658)
	at org.apache.catalina.core.ApplicationFilterChain.internalDoFilter(ApplicationFilterChain.java:195)
	at org.apache.catalina.core.ApplicationFilterChain.doFilter(ApplicationFilterChain.java:140)
	at org.apache.tomcat.websocket.server.WsFilter.doFilter(WsFilter.java:51)
	at org.apache.catalina.core.ApplicationFilterChain.internalDoFilter(ApplicationFilterChain.java:164)
	at org.apache.catalina.core.ApplicationFilterChain.doFilter(ApplicationFilterChain.java:140)
	at org.springframework.web.filter.HiddenHttpMethodFilter.doFilterInternal(HiddenHttpMethodFilter.java:91)
	at org.springframework.web.filter.OncePerRequestFilter.doFilter(OncePerRequestFilter.java:116)
	at org.apache.catalina.core.ApplicationFilterChain.internalDoFilter(ApplicationFilterChain.java:164)
	at org.apache.catalina.core.ApplicationFilterChain.doFilter(ApplicationFilterChain.java:140)
	at org.springframework.web.filter.CompositeFilter$VirtualFilterChain.doFilter(CompositeFilter.java:108)
	at org.springframework.security.web.FilterChainProxy.lambda$doFilterInternal$3(FilterChainProxy.java:231)
	at org.springframework.security.web.ObservationFilterChainDecorator$FilterObservation$SimpleFilterObservation.lambda$wrap$1(ObservationFilterChainDecorator.java:479)
	at org.springframework.security.web.ObservationFilterChainDecorator$AroundFilterObservation$SimpleAroundFilterObservation.lambda$wrap$1(ObservationFilterChainDecorator.java:340)
	at org.springframework.security.web.ObservationFilterChainDecorator.lambda$wrapSecured$0(ObservationFilterChainDecorator.java:82)
	at org.springframework.security.web.ObservationFilterChainDecorator$VirtualFilterChain.doFilter(ObservationFilterChainDecorator.java:128)
	at org.springframework.security.web.access.intercept.FilterSecurityInterceptor.invoke(FilterSecurityInterceptor.java:117)
	at org.springframework.security.web.access.intercept.FilterSecurityInterceptor.doFilter(FilterSecurityInterceptor.java:83)
	at org.springframework.security.web.ObservationFilterChainDecorator$ObservationFilter.wrapFilter(ObservationFilterChainDecorator.java:240)
	at org.springframework.security.web.ObservationFilterChainDecorator$ObservationFilter.doFilter(ObservationFilterChainDecorator.java:227)
	at org.springframework.security.web.ObservationFilterChainDecorator$VirtualFilterChain.doFilter(ObservationFilterChainDecorator.java:137)
	at org.springframework.security.web.access.ExceptionTranslationFilter.doFilter(ExceptionTranslationFilter.java:126)
	at org.springframework.security.web.access.ExceptionTranslationFilter.doFilter(ExceptionTranslationFilter.java:120)
	at org.springframework.security.web.ObservationFilterChainDecorator$ObservationFilter.wrapFilter(ObservationFilterChainDecorator.java:240)
	at org.springframework.security.web.ObservationFilterChainDecorator$ObservationFilter.doFilter(ObservationFilterChainDecorator.java:227)
	at org.springframework.security.web.ObservationFilterChainDecorator$VirtualFilterChain.doFilter(ObservationFilterChainDecorator.java:137)
	at org.springframework.security.web.authentication.AnonymousAuthenticationFilter.doFilter(AnonymousAuthenticationFilter.java:100)
	at org.springframework.security.web.ObservationFilterChainDecorator$ObservationFilter.wrapFilter(ObservationFilterChainDecorator.java:240)
	at org.springframework.security.web.ObservationFilterChainDecorator$ObservationFilter.doFilter(ObservationFilterChainDecorator.java:227)
	at org.springframework.security.web.ObservationFilterChainDecorator$VirtualFilterChain.doFilter(ObservationFilterChainDecorator.java:137)
	at org.springframework.security.web.servletapi.SecurityContextHolderAwareRequestFilter.doFilter(SecurityContextHolderAwareRequestFilter.java:179)
	at org.springframework.security.web.ObservationFilterChainDecorator$ObservationFilter.wrapFilter(ObservationFilterChainDecorator.java:240)
	at org.springframework.security.web.ObservationFilterChainDecorator$ObservationFilter.doFilter(ObservationFilterChainDecorator.java:227)
	at org.springframework.security.web.ObservationFilterChainDecorator$VirtualFilterChain.doFilter(ObservationFilterChainDecorator.java:137)
	at org.springframework.security.web.savedrequest.RequestCacheAwareFilter.doFilter(RequestCacheAwareFilter.java:63)
	at org.springframework.security.web.ObservationFilterChainDecorator$ObservationFilter.wrapFilter(ObservationFilterChainDecorator.java:240)
	at org.springframework.security.web.ObservationFilterChainDecorator$ObservationFilter.doFilter(ObservationFilterChainDecorator.java:227)
	at org.springframework.security.web.ObservationFilterChainDecorator$VirtualFilterChain.doFilter(ObservationFilterChainDecorator.java:137)
	at org.springframework.security.web.authentication.AbstractAuthenticationProcessingFilter.doFilter(AbstractAuthenticationProcessingFilter.java:227)
	at org.springframework.security.web.authentication.AbstractAuthenticationProcessingFilter.doFilter(AbstractAuthenticationProcessingFilter.java:221)
	at org.springframework.security.web.ObservationFilterChainDecorator$ObservationFilter.wrapFilter(ObservationFilterChainDecorator.java:240)
	at org.springframework.security.web.ObservationFilterChainDecorator$ObservationFilter.doFilter(ObservationFilterChainDecorator.java:227)
	at org.springframework.security.web.ObservationFilterChainDecorator$VirtualFilterChain.doFilter(ObservationFilterChainDecorator.java:137)
	at org.springframework.security.web.authentication.AbstractAuthenticationProcessingFilter.doFilter(AbstractAuthenticationProcessingFilter.java:227)
	at org.springframework.security.web.authentication.AbstractAuthenticationProcessingFilter.doFilter(AbstractAuthenticationProcessingFilter.java:221)
	at org.springframework.security.web.ObservationFilterChainDecorator$ObservationFilter.wrapFilter(ObservationFilterChainDecorator.java:240)
	at org.springframework.security.web.ObservationFilterChainDecorator$ObservationFilter.doFilter(ObservationFilterChainDecorator.java:227)
	at org.springframework.security.web.ObservationFilterChainDecorator$VirtualFilterChain.doFilter(ObservationFilterChainDecorator.java:137)
	at org.springframework.security.oauth2.client.web.OAuth2AuthorizationRequestRedirectFilter.doFilterInternal(OAuth2AuthorizationRequestRedirectFilter.java:198)
	at org.springframework.web.filter.OncePerRequestFilter.doFilter(OncePerRequestFilter.java:116)
	at org.springframework.security.web.ObservationFilterChainDecorator$ObservationFilter.wrapFilter(ObservationFilterChainDecorator.java:240)
	at org.springframework.security.web.ObservationFilterChainDecorator$ObservationFilter.doFilter(ObservationFilterChainDecorator.java:227)
	at org.springframework.security.web.ObservationFilterChainDecorator$VirtualFilterChain.doFilter(ObservationFilterChainDecorator.java:137)
	at org.springframework.security.web.authentication.logout.LogoutFilter.doFilter(LogoutFilter.java:107)
	at org.springframework.security.web.authentication.logout.LogoutFilter.doFilter(LogoutFilter.java:93)
	at org.springframework.security.web.ObservationFilterChainDecorator$ObservationFilter.wrapFilter(ObservationFilterChainDecorator.java:240)
	at org.springframework.security.web.ObservationFilterChainDecorator$ObservationFilter.doFilter(ObservationFilterChainDecorator.java:227)
	at org.springframework.security.web.ObservationFilterChainDecorator$VirtualFilterChain.doFilter(ObservationFilterChainDecorator.java:137)
	at org.springframework.security.web.header.HeaderWriterFilter.doHeadersAfter(HeaderWriterFilter.java:90)
	at org.springframework.security.web.header.HeaderWriterFilter.doFilterInternal(HeaderWriterFilter.java:75)
	at org.springframework.web.filter.OncePerRequestFilter.doFilter(OncePerRequestFilter.java:116)
	at org.springframework.security.web.ObservationFilterChainDecorator$ObservationFilter.wrapFilter(ObservationFilterChainDecorator.java:240)
	at org.springframework.security.web.ObservationFilterChainDecorator$ObservationFilter.doFilter(ObservationFilterChainDecorator.java:227)
	at org.springframework.security.web.ObservationFilterChainDecorator$VirtualFilterChain.doFilter(ObservationFilterChainDecorator.java:137)
	at org.springframework.security.web.context.SecurityContextHolderFilter.doFilter(SecurityContextHolderFilter.java:82)
	at org.springframework.security.web.context.SecurityContextHolderFilter.doFilter(SecurityContextHolderFilter.java:69)
	at org.springframework.security.web.ObservationFilterChainDecorator$ObservationFilter.wrapFilter(ObservationFilterChainDecorator.java:240)
	at org.springframework.security.web.ObservationFilterChainDecorator$ObservationFilter.doFilter(ObservationFilterChainDecorator.java:227)
	at org.springframework.security.web.ObservationFilterChainDecorator$VirtualFilterChain.doFilter(ObservationFilterChainDecorator.java:137)
	at org.springframework.security.web.context.request.async.WebAsyncManagerIntegrationFilter.doFilterInternal(WebAsyncManagerIntegrationFilter.java:62)
	at org.springframework.web.filter.OncePerRequestFilter.doFilter(OncePerRequestFilter.java:116)
	at org.springframework.security.web.ObservationFilterChainDecorator$ObservationFilter.wrapFilter(ObservationFilterChainDecorator.java:240)
	at org.springframework.security.web.ObservationFilterChainDecorator$ObservationFilter.doFilter(ObservationFilterChainDecorator.java:227)
	at org.springframework.security.web.ObservationFilterChainDecorator$VirtualFilterChain.doFilter(ObservationFilterChainDecorator.java:137)
	at org.springframework.security.web.session.DisableEncodeUrlFilter.doFilterInternal(DisableEncodeUrlFilter.java:42)
	at org.springframework.web.filter.OncePerRequestFilter.doFilter(OncePerRequestFilter.java:116)
	at org.springframework.security.web.ObservationFilterChainDecorator$ObservationFilter.wrapFilter(ObservationFilterChainDecorator.java:240)
	at org.springframework.security.web.ObservationFilterChainDecorator$AroundFilterObservation$SimpleAroundFilterObservation.lambda$wrap$0(ObservationFilterChainDecorator.java:323)
	at org.springframework.security.web.ObservationFilterChainDecorator$ObservationFilter.doFilter(ObservationFilterChainDecorator.java:224)
	at org.springframework.security.web.ObservationFilterChainDecorator$VirtualFilterChain.doFilter(ObservationFilterChainDecorator.java:137)
	at org.springframework.security.web.FilterChainProxy.doFilterInternal(FilterChainProxy.java:233)
	at org.springframework.security.web.FilterChainProxy.doFilter(FilterChainProxy.java:191)
	at org.springframework.web.filter.CompositeFilter$VirtualFilterChain.doFilter(CompositeFilter.java:113)
	at org.springframework.web.servlet.handler.HandlerMappingIntrospector.lambda$createCacheFilter$3(HandlerMappingIntrospector.java:195)
	at org.springframework.web.filter.CompositeFilter$VirtualFilterChain.doFilter(CompositeFilter.java:113)
	at org.springframework.web.filter.CompositeFilter.doFilter(CompositeFilter.java:74)
	at org.springframework.security.config.annotation.web.configuration.WebMvcSecurityConfiguration$CompositeFilterChainProxy.doFilter(WebMvcSecurityConfiguration.java:230)
	at org.springframework.web.filter.DelegatingFilterProxy.invokeDelegate(DelegatingFilterProxy.java:362)
	at org.springframework.web.filter.DelegatingFilterProxy.doFilter(DelegatingFilterProxy.java:278)
	at org.apache.catalina.core.ApplicationFilterChain.internalDoFilter(ApplicationFilterChain.java:164)
	at org.apache.catalina.core.ApplicationFilterChain.doFilter(ApplicationFilterChain.java:140)
	at org.springframework.web.filter.RequestContextFilter.doFilterInternal(RequestContextFilter.java:100)
	at org.springframework.web.filter.OncePerRequestFilter.doFilter(OncePerRequestFilter.java:116)
	at org.apache.catalina.core.ApplicationFilterChain.internalDoFilter(ApplicationFilterChain.java:164)
	at org.apache.catalina.core.ApplicationFilterChain.doFilter(ApplicationFilterChain.java:140)
	at org.springframework.web.filter.FormContentFilter.doFilterInternal(FormContentFilter.java:93)
	at org.springframework.web.filter.OncePerRequestFilter.doFilter(OncePerRequestFilter.java:116)
	at org.apache.catalina.core.ApplicationFilterChain.internalDoFilter(ApplicationFilterChain.java:164)
	at org.apache.catalina.core.ApplicationFilterChain.doFilter(ApplicationFilterChain.java:140)
	at org.springframework.web.filter.ServerHttpObservationFilter.doFilterInternal(ServerHttpObservationFilter.java:113)
	at org.springframework.web.filter.OncePerRequestFilter.doFilter(OncePerRequestFilter.java:116)
	at org.apache.catalina.core.ApplicationFilterChain.internalDoFilter(ApplicationFilterChain.java:164)
	at org.apache.catalina.core.ApplicationFilterChain.doFilter(ApplicationFilterChain.java:140)
	at org.springframework.web.filter.CharacterEncodingFilter.doFilterInternal(CharacterEncodingFilter.java:201)
	at org.springframework.web.filter.OncePerRequestFilter.doFilter(OncePerRequestFilter.java:116)
	at org.apache.catalina.core.ApplicationFilterChain.internalDoFilter(ApplicationFilterChain.java:164)
	at org.apache.catalina.core.ApplicationFilterChain.doFilter(ApplicationFilterChain.java:140)
	at org.apache.catalina.core.StandardWrapperValve.invoke(StandardWrapperValve.java:167)
	at org.apache.catalina.core.StandardContextValve.invoke(StandardContextValve.java:90)
	at org.apache.catalina.authenticator.AuthenticatorBase.invoke(AuthenticatorBase.java:483)
	at org.apache.catalina.core.StandardHostValve.invoke(StandardHostValve.java:115)
	at org.apache.catalina.valves.ErrorReportValve.invoke(ErrorReportValve.java:93)
	at org.apache.catalina.core.StandardEngineValve.invoke(StandardEngineValve.java:74)
	at org.apache.catalina.connector.CoyoteAdapter.service(CoyoteAdapter.java:344)
	at org.apache.coyote.http11.Http11Processor.service(Http11Processor.java:384)
	at org.apache.coyote.AbstractProcessorLight.process(AbstractProcessorLight.java:63)
	at org.apache.coyote.AbstractProtocol$ConnectionHandler.process(AbstractProtocol.java:905)
	at org.apache.tomcat.util.net.NioEndpoint$SocketProcessor.doRun(NioEndpoint.java:1741)
	at org.apache.tomcat.util.net.SocketProcessorBase.run(SocketProcessorBase.java:52)
	at org.apache.tomcat.util.threads.ThreadPoolExecutor.runWorker(ThreadPoolExecutor.java:1190)
	at org.apache.tomcat.util.threads.ThreadPoolExecutor$Worker.run(ThreadPoolExecutor.java:659)
	at org.apache.tomcat.util.threads.TaskThread$WrappingRunnable.run(TaskThread.java:63)
	at java.base/java.lang.Thread.run(Thread.java:1575)
2025-03-29 16:17:09 [http-nio-8080-exec-10] [DEBUG] o.s.security.web.FilterChainProxy - Securing GET /error
2025-03-29 16:17:09 [http-nio-8080-exec-10] [DEBUG] o.s.s.w.a.AnonymousAuthenticationFilter - Set SecurityContextHolder to anonymous SecurityContext
2025-03-29 16:17:09 [http-nio-8080-exec-10] [DEBUG] o.s.s.w.a.i.FilterSecurityInterceptor - Authorized filter invocation [GET /error] with attributes [permitAll]
2025-03-29 16:17:09 [http-nio-8080-exec-10] [DEBUG] o.s.security.web.FilterChainProxy - Secured GET /error
2025-03-29 16:18:30 [http-nio-8080-exec-6] [DEBUG] o.s.security.web.FilterChainProxy - Securing GET /registration
2025-03-29 16:18:30 [http-nio-8080-exec-6] [DEBUG] o.s.s.w.a.AnonymousAuthenticationFilter - Set SecurityContextHolder to anonymous SecurityContext
2025-03-29 16:18:30 [http-nio-8080-exec-6] [DEBUG] o.s.s.w.a.i.FilterSecurityInterceptor - Authorized filter invocation [GET /registration] with attributes [permitAll]
2025-03-29 16:18:30 [http-nio-8080-exec-6] [DEBUG] o.s.security.web.FilterChainProxy - Secured GET /registration
2025-03-29 16:18:36 [http-nio-8080-exec-4] [DEBUG] o.s.security.web.FilterChainProxy - Securing GET /oauth2/authorization/google
2025-03-29 16:18:36 [http-nio-8080-exec-4] [DEBUG] o.s.s.web.DefaultRedirectStrategy - Redirecting to https://accounts.google.com/o/oauth2/v2/auth?response_type=code&client_id=909915657042-l07l5jl8r3v54r15k12hp7vev9dor6r7.apps.googleusercontent.com&scope=openid%20profile%20email&state=it7z3WvSCKjpg2Z2SqGAdeKeWDwi9xhCc9f_AMAtZzk%3D&redirect_uri=http://localhost:8080/login/oauth2/code/google&nonce=1Fkrakh8S3zUi-FCNG2U76SOz7RA6tLESHxLDcdNpUE
2025-03-29 16:18:41 [http-nio-8080-exec-7] [DEBUG] o.s.security.web.FilterChainProxy - Securing GET /login/oauth2/code/google?state=it7z3WvSCKjpg2Z2SqGAdeKeWDwi9xhCc9f_AMAtZzk%3D&code=4%2F0AQSTgQHIdYKfJSS61Yxdez92m9-SU7_cYKUL3v2xwm0TcJeBCCq-kWU6Mg0bPiUjUen0iw&scope=email+profile+https%3A%2F%2Fwww.googleapis.com%2Fauth%2Fuserinfo.email+https%3A%2F%2Fwww.googleapis.com%2Fauth%2Fuserinfo.profile+openid&authuser=0&prompt=none
2025-03-29 16:18:42 [http-nio-8080-exec-7] [DEBUG] o.s.s.w.a.s.ChangeSessionIdAuthenticationStrategy - Changed session id from 8DFF66E95DC7AFD2B9F4EF4E9B84AA78
2025-03-29 16:18:42 [http-nio-8080-exec-7] [DEBUG] o.s.s.w.c.HttpSessionSecurityContextRepository - Stored SecurityContextImpl [Authentication=OAuth2AuthenticationToken [Principal=Name: [107234087105093742255], Granted Authorities: [[OIDC_USER, SCOPE_https://www.googleapis.com/auth/userinfo.email, SCOPE_https://www.googleapis.com/auth/userinfo.profile, SCOPE_openid]], User Attributes: [{at_hash=1VExUaipxbHJPOq2woH6XA, sub=107234087105093742255, email_verified=true, iss=https://accounts.google.com, given_name=Павел, nonce=1Fkrakh8S3zUi-FCNG2U76SOz7RA6tLESHxLDcdNpUE, picture=https://lh3.googleusercontent.com/a/ACg8ocJJoh9jonlTH61VWgvXCiXb0zCDjifGZZtZ30sCErS3N5ntDw=s96-c, aud=[909915657042-l07l5jl8r3v54r15k12hp7vev9dor6r7.apps.googleusercontent.com], azp=909915657042-l07l5jl8r3v54r15k12hp7vev9dor6r7.apps.googleusercontent.com, name=Павел Королев, exp=2025-03-29T14:18:42Z, family_name=Королев, iat=2025-03-29T13:18:42Z, email=passapdom@gmail.com}], Credentials=[PROTECTED], Authenticated=true, Details=WebAuthenticationDetails [RemoteIpAddress=0:0:0:0:0:0:0:1, SessionId=8DFF66E95DC7AFD2B9F4EF4E9B84AA78], Granted Authorities=[OIDC_USER, SCOPE_https://www.googleapis.com/auth/userinfo.email, SCOPE_https://www.googleapis.com/auth/userinfo.profile, SCOPE_openid]]] to HttpSession [org.apache.catalina.session.StandardSessionFacade@55a2eb8a]
2025-03-29 16:18:42 [http-nio-8080-exec-7] [DEBUG] o.s.s.o.c.w.OAuth2LoginAuthenticationFilter - Set SecurityContextHolder to OAuth2AuthenticationToken [Principal=Name: [107234087105093742255], Granted Authorities: [[OIDC_USER, SCOPE_https://www.googleapis.com/auth/userinfo.email, SCOPE_https://www.googleapis.com/auth/userinfo.profile, SCOPE_openid]], User Attributes: [{at_hash=1VExUaipxbHJPOq2woH6XA, sub=107234087105093742255, email_verified=true, iss=https://accounts.google.com, given_name=Павел, nonce=1Fkrakh8S3zUi-FCNG2U76SOz7RA6tLESHxLDcdNpUE, picture=https://lh3.googleusercontent.com/a/ACg8ocJJoh9jonlTH61VWgvXCiXb0zCDjifGZZtZ30sCErS3N5ntDw=s96-c, aud=[909915657042-l07l5jl8r3v54r15k12hp7vev9dor6r7.apps.googleusercontent.com], azp=909915657042-l07l5jl8r3v54r15k12hp7vev9dor6r7.apps.googleusercontent.com, name=Павел Королев, exp=2025-03-29T14:18:42Z, family_name=Королев, iat=2025-03-29T13:18:42Z, email=passapdom@gmail.com}], Credentials=[PROTECTED], Authenticated=true, Details=WebAuthenticationDetails [RemoteIpAddress=0:0:0:0:0:0:0:1, SessionId=8DFF66E95DC7AFD2B9F4EF4E9B84AA78], Granted Authorities=[OIDC_USER, SCOPE_https://www.googleapis.com/auth/userinfo.email, SCOPE_https://www.googleapis.com/auth/userinfo.profile, SCOPE_openid]]
2025-03-29 16:18:42 [http-nio-8080-exec-7] [DEBUG] o.s.s.web.DefaultRedirectStrategy - Redirecting to /realty
2025-03-29 16:18:42 [http-nio-8080-exec-8] [DEBUG] o.s.security.web.FilterChainProxy - Securing GET /realty
2025-03-29 16:18:42 [http-nio-8080-exec-8] [DEBUG] o.s.s.w.c.HttpSessionSecurityContextRepository - Retrieved SecurityContextImpl [Authentication=OAuth2AuthenticationToken [Principal=Name: [107234087105093742255], Granted Authorities: [[OIDC_USER, SCOPE_https://www.googleapis.com/auth/userinfo.email, SCOPE_https://www.googleapis.com/auth/userinfo.profile, SCOPE_openid]], User Attributes: [{at_hash=1VExUaipxbHJPOq2woH6XA, sub=107234087105093742255, email_verified=true, iss=https://accounts.google.com, given_name=Павел, nonce=1Fkrakh8S3zUi-FCNG2U76SOz7RA6tLESHxLDcdNpUE, picture=https://lh3.googleusercontent.com/a/ACg8ocJJoh9jonlTH61VWgvXCiXb0zCDjifGZZtZ30sCErS3N5ntDw=s96-c, aud=[909915657042-l07l5jl8r3v54r15k12hp7vev9dor6r7.apps.googleusercontent.com], azp=909915657042-l07l5jl8r3v54r15k12hp7vev9dor6r7.apps.googleusercontent.com, name=Павел Королев, exp=2025-03-29T14:18:42Z, family_name=Королев, iat=2025-03-29T13:18:42Z, email=passapdom@gmail.com}], Credentials=[PROTECTED], Authenticated=true, Details=WebAuthenticationDetails [RemoteIpAddress=0:0:0:0:0:0:0:1, SessionId=8DFF66E95DC7AFD2B9F4EF4E9B84AA78], Granted Authorities=[OIDC_USER, SCOPE_https://www.googleapis.com/auth/userinfo.email, SCOPE_https://www.googleapis.com/auth/userinfo.profile, SCOPE_openid]]]
2025-03-29 16:18:42 [http-nio-8080-exec-8] [DEBUG] o.s.s.w.a.i.FilterSecurityInterceptor - Authorized filter invocation [GET /realty] with attributes [permitAll]
2025-03-29 16:18:42 [http-nio-8080-exec-8] [DEBUG] o.s.security.web.FilterChainProxy - Secured GET /realty
2025-03-29 16:18:42 [http-nio-8080-exec-10] [DEBUG] o.s.security.web.FilterChainProxy - Securing GET /css/styles.css
2025-03-29 16:18:42 [http-nio-8080-exec-1] [DEBUG] o.s.security.web.FilterChainProxy - Securing GET /img/logo_alliance.png
2025-03-29 16:18:42 [http-nio-8080-exec-10] [DEBUG] o.s.s.w.c.HttpSessionSecurityContextRepository - Retrieved SecurityContextImpl [Authentication=OAuth2AuthenticationToken [Principal=Name: [107234087105093742255], Granted Authorities: [[OIDC_USER, SCOPE_https://www.googleapis.com/auth/userinfo.email, SCOPE_https://www.googleapis.com/auth/userinfo.profile, SCOPE_openid]], User Attributes: [{at_hash=1VExUaipxbHJPOq2woH6XA, sub=107234087105093742255, email_verified=true, iss=https://accounts.google.com, given_name=Павел, nonce=1Fkrakh8S3zUi-FCNG2U76SOz7RA6tLESHxLDcdNpUE, picture=https://lh3.googleusercontent.com/a/ACg8ocJJoh9jonlTH61VWgvXCiXb0zCDjifGZZtZ30sCErS3N5ntDw=s96-c, aud=[909915657042-l07l5jl8r3v54r15k12hp7vev9dor6r7.apps.googleusercontent.com], azp=909915657042-l07l5jl8r3v54r15k12hp7vev9dor6r7.apps.googleusercontent.com, name=Павел Королев, exp=2025-03-29T14:18:42Z, family_name=Королев, iat=2025-03-29T13:18:42Z, email=passapdom@gmail.com}], Credentials=[PROTECTED], Authenticated=true, Details=WebAuthenticationDetails [RemoteIpAddress=0:0:0:0:0:0:0:1, SessionId=8DFF66E95DC7AFD2B9F4EF4E9B84AA78], Granted Authorities=[OIDC_USER, SCOPE_https://www.googleapis.com/auth/userinfo.email, SCOPE_https://www.googleapis.com/auth/userinfo.profile, SCOPE_openid]]]
2025-03-29 16:18:42 [http-nio-8080-exec-10] [DEBUG] o.s.s.w.a.i.FilterSecurityInterceptor - Authorized filter invocation [GET /css/styles.css] with attributes [permitAll]
2025-03-29 16:18:42 [http-nio-8080-exec-1] [DEBUG] o.s.s.w.c.HttpSessionSecurityContextRepository - Retrieved SecurityContextImpl [Authentication=OAuth2AuthenticationToken [Principal=Name: [107234087105093742255], Granted Authorities: [[OIDC_USER, SCOPE_https://www.googleapis.com/auth/userinfo.email, SCOPE_https://www.googleapis.com/auth/userinfo.profile, SCOPE_openid]], User Attributes: [{at_hash=1VExUaipxbHJPOq2woH6XA, sub=107234087105093742255, email_verified=true, iss=https://accounts.google.com, given_name=Павел, nonce=1Fkrakh8S3zUi-FCNG2U76SOz7RA6tLESHxLDcdNpUE, picture=https://lh3.googleusercontent.com/a/ACg8ocJJoh9jonlTH61VWgvXCiXb0zCDjifGZZtZ30sCErS3N5ntDw=s96-c, aud=[909915657042-l07l5jl8r3v54r15k12hp7vev9dor6r7.apps.googleusercontent.com], azp=909915657042-l07l5jl8r3v54r15k12hp7vev9dor6r7.apps.googleusercontent.com, name=Павел Королев, exp=2025-03-29T14:18:42Z, family_name=Королев, iat=2025-03-29T13:18:42Z, email=passapdom@gmail.com}], Credentials=[PROTECTED], Authenticated=true, Details=WebAuthenticationDetails [RemoteIpAddress=0:0:0:0:0:0:0:1, SessionId=8DFF66E95DC7AFD2B9F4EF4E9B84AA78], Granted Authorities=[OIDC_USER, SCOPE_https://www.googleapis.com/auth/userinfo.email, SCOPE_https://www.googleapis.com/auth/userinfo.profile, SCOPE_openid]]]
2025-03-29 16:18:42 [http-nio-8080-exec-1] [DEBUG] o.s.s.w.a.i.FilterSecurityInterceptor - Authorized filter invocation [GET /img/logo_alliance.png] with attributes [permitAll]
2025-03-29 16:18:42 [http-nio-8080-exec-1] [DEBUG] o.s.security.web.FilterChainProxy - Secured GET /img/logo_alliance.png
2025-03-29 16:18:42 [http-nio-8080-exec-10] [DEBUG] o.s.security.web.FilterChainProxy - Secured GET /css/styles.css
2025-03-29 16:18:42 [http-nio-8080-exec-8] [ERROR] org.thymeleaf.TemplateEngine - [THYMELEAF][http-nio-8080-exec-8] Exception processing template "realty/main": An error happened during template parsing (template: "class path resource [templates/realty/main.html]")
org.thymeleaf.exceptions.TemplateInputException: An error happened during template parsing (template: "class path resource [templates/realty/main.html]")
	at org.thymeleaf.templateparser.markup.AbstractMarkupTemplateParser.parse(AbstractMarkupTemplateParser.java:241)
	at org.thymeleaf.templateparser.markup.AbstractMarkupTemplateParser.parseStandalone(AbstractMarkupTemplateParser.java:100)
	at org.thymeleaf.engine.TemplateManager.parseAndProcess(TemplateManager.java:666)
	at org.thymeleaf.TemplateEngine.process(TemplateEngine.java:1103)
	at org.thymeleaf.TemplateEngine.process(TemplateEngine.java:1077)
	at org.thymeleaf.spring6.view.ThymeleafView.renderFragment(ThymeleafView.java:372)
	at org.thymeleaf.spring6.view.ThymeleafView.render(ThymeleafView.java:192)
	at org.springframework.web.servlet.DispatcherServlet.render(DispatcherServlet.java:1432)
	at org.springframework.web.servlet.DispatcherServlet.processDispatchResult(DispatcherServlet.java:1168)
	at org.springframework.web.servlet.DispatcherServlet.doDispatch(DispatcherServlet.java:1106)
	at org.springframework.web.servlet.DispatcherServlet.doService(DispatcherServlet.java:979)
	at org.springframework.web.servlet.FrameworkServlet.processRequest(FrameworkServlet.java:1014)
	at org.springframework.web.servlet.FrameworkServlet.doGet(FrameworkServlet.java:903)
	at jakarta.servlet.http.HttpServlet.service(HttpServlet.java:564)
	at org.springframework.web.servlet.FrameworkServlet.service(FrameworkServlet.java:885)
	at jakarta.servlet.http.HttpServlet.service(HttpServlet.java:658)
	at org.apache.catalina.core.ApplicationFilterChain.internalDoFilter(ApplicationFilterChain.java:195)
	at org.apache.catalina.core.ApplicationFilterChain.doFilter(ApplicationFilterChain.java:140)
	at org.apache.tomcat.websocket.server.WsFilter.doFilter(WsFilter.java:51)
	at org.apache.catalina.core.ApplicationFilterChain.internalDoFilter(ApplicationFilterChain.java:164)
	at org.apache.catalina.core.ApplicationFilterChain.doFilter(ApplicationFilterChain.java:140)
	at org.springframework.web.filter.HiddenHttpMethodFilter.doFilterInternal(HiddenHttpMethodFilter.java:91)
	at org.springframework.web.filter.OncePerRequestFilter.doFilter(OncePerRequestFilter.java:116)
	at org.apache.catalina.core.ApplicationFilterChain.internalDoFilter(ApplicationFilterChain.java:164)
	at org.apache.catalina.core.ApplicationFilterChain.doFilter(ApplicationFilterChain.java:140)
	at org.springframework.web.filter.CompositeFilter$VirtualFilterChain.doFilter(CompositeFilter.java:108)
	at org.springframework.security.web.FilterChainProxy.lambda$doFilterInternal$3(FilterChainProxy.java:231)
	at org.springframework.security.web.ObservationFilterChainDecorator$FilterObservation$SimpleFilterObservation.lambda$wrap$1(ObservationFilterChainDecorator.java:479)
	at org.springframework.security.web.ObservationFilterChainDecorator$AroundFilterObservation$SimpleAroundFilterObservation.lambda$wrap$1(ObservationFilterChainDecorator.java:340)
	at org.springframework.security.web.ObservationFilterChainDecorator.lambda$wrapSecured$0(ObservationFilterChainDecorator.java:82)
	at org.springframework.security.web.ObservationFilterChainDecorator$VirtualFilterChain.doFilter(ObservationFilterChainDecorator.java:128)
	at org.springframework.security.web.access.intercept.FilterSecurityInterceptor.invoke(FilterSecurityInterceptor.java:117)
	at org.springframework.security.web.access.intercept.FilterSecurityInterceptor.doFilter(FilterSecurityInterceptor.java:83)
	at org.springframework.security.web.ObservationFilterChainDecorator$ObservationFilter.wrapFilter(ObservationFilterChainDecorator.java:240)
	at org.springframework.security.web.ObservationFilterChainDecorator$ObservationFilter.doFilter(ObservationFilterChainDecorator.java:227)
	at org.springframework.security.web.ObservationFilterChainDecorator$VirtualFilterChain.doFilter(ObservationFilterChainDecorator.java:137)
	at org.springframework.security.web.access.ExceptionTranslationFilter.doFilter(ExceptionTranslationFilter.java:126)
	at org.springframework.security.web.access.ExceptionTranslationFilter.doFilter(ExceptionTranslationFilter.java:120)
	at org.springframework.security.web.ObservationFilterChainDecorator$ObservationFilter.wrapFilter(ObservationFilterChainDecorator.java:240)
	at org.springframework.security.web.ObservationFilterChainDecorator$ObservationFilter.doFilter(ObservationFilterChainDecorator.java:227)
	at org.springframework.security.web.ObservationFilterChainDecorator$VirtualFilterChain.doFilter(ObservationFilterChainDecorator.java:137)
	at org.springframework.security.web.authentication.AnonymousAuthenticationFilter.doFilter(AnonymousAuthenticationFilter.java:100)
	at org.springframework.security.web.ObservationFilterChainDecorator$ObservationFilter.wrapFilter(ObservationFilterChainDecorator.java:240)
	at org.springframework.security.web.ObservationFilterChainDecorator$ObservationFilter.doFilter(ObservationFilterChainDecorator.java:227)
	at org.springframework.security.web.ObservationFilterChainDecorator$VirtualFilterChain.doFilter(ObservationFilterChainDecorator.java:137)
	at org.springframework.security.web.servletapi.SecurityContextHolderAwareRequestFilter.doFilter(SecurityContextHolderAwareRequestFilter.java:179)
	at org.springframework.security.web.ObservationFilterChainDecorator$ObservationFilter.wrapFilter(ObservationFilterChainDecorator.java:240)
	at org.springframework.security.web.ObservationFilterChainDecorator$ObservationFilter.doFilter(ObservationFilterChainDecorator.java:227)
	at org.springframework.security.web.ObservationFilterChainDecorator$VirtualFilterChain.doFilter(ObservationFilterChainDecorator.java:137)
	at org.springframework.security.web.savedrequest.RequestCacheAwareFilter.doFilter(RequestCacheAwareFilter.java:63)
	at org.springframework.security.web.ObservationFilterChainDecorator$ObservationFilter.wrapFilter(ObservationFilterChainDecorator.java:240)
	at org.springframework.security.web.ObservationFilterChainDecorator$ObservationFilter.doFilter(ObservationFilterChainDecorator.java:227)
	at org.springframework.security.web.ObservationFilterChainDecorator$VirtualFilterChain.doFilter(ObservationFilterChainDecorator.java:137)
	at org.springframework.security.web.authentication.AbstractAuthenticationProcessingFilter.doFilter(AbstractAuthenticationProcessingFilter.java:227)
	at org.springframework.security.web.authentication.AbstractAuthenticationProcessingFilter.doFilter(AbstractAuthenticationProcessingFilter.java:221)
	at org.springframework.security.web.ObservationFilterChainDecorator$ObservationFilter.wrapFilter(ObservationFilterChainDecorator.java:240)
	at org.springframework.security.web.ObservationFilterChainDecorator$ObservationFilter.doFilter(ObservationFilterChainDecorator.java:227)
	at org.springframework.security.web.ObservationFilterChainDecorator$VirtualFilterChain.doFilter(ObservationFilterChainDecorator.java:137)
	at org.springframework.security.web.authentication.AbstractAuthenticationProcessingFilter.doFilter(AbstractAuthenticationProcessingFilter.java:227)
	at org.springframework.security.web.authentication.AbstractAuthenticationProcessingFilter.doFilter(AbstractAuthenticationProcessingFilter.java:221)
	at org.springframework.security.web.ObservationFilterChainDecorator$ObservationFilter.wrapFilter(ObservationFilterChainDecorator.java:240)
	at org.springframework.security.web.ObservationFilterChainDecorator$ObservationFilter.doFilter(ObservationFilterChainDecorator.java:227)
	at org.springframework.security.web.ObservationFilterChainDecorator$VirtualFilterChain.doFilter(ObservationFilterChainDecorator.java:137)
	at org.springframework.security.oauth2.client.web.OAuth2AuthorizationRequestRedirectFilter.doFilterInternal(OAuth2AuthorizationRequestRedirectFilter.java:198)
	at org.springframework.web.filter.OncePerRequestFilter.doFilter(OncePerRequestFilter.java:116)
	at org.springframework.security.web.ObservationFilterChainDecorator$ObservationFilter.wrapFilter(ObservationFilterChainDecorator.java:240)
	at org.springframework.security.web.ObservationFilterChainDecorator$ObservationFilter.doFilter(ObservationFilterChainDecorator.java:227)
	at org.springframework.security.web.ObservationFilterChainDecorator$VirtualFilterChain.doFilter(ObservationFilterChainDecorator.java:137)
	at org.springframework.security.web.authentication.logout.LogoutFilter.doFilter(LogoutFilter.java:107)
	at org.springframework.security.web.authentication.logout.LogoutFilter.doFilter(LogoutFilter.java:93)
	at org.springframework.security.web.ObservationFilterChainDecorator$ObservationFilter.wrapFilter(ObservationFilterChainDecorator.java:240)
	at org.springframework.security.web.ObservationFilterChainDecorator$ObservationFilter.doFilter(ObservationFilterChainDecorator.java:227)
	at org.springframework.security.web.ObservationFilterChainDecorator$VirtualFilterChain.doFilter(ObservationFilterChainDecorator.java:137)
	at org.springframework.security.web.header.HeaderWriterFilter.doHeadersAfter(HeaderWriterFilter.java:90)
	at org.springframework.security.web.header.HeaderWriterFilter.doFilterInternal(HeaderWriterFilter.java:75)
	at org.springframework.web.filter.OncePerRequestFilter.doFilter(OncePerRequestFilter.java:116)
	at org.springframework.security.web.ObservationFilterChainDecorator$ObservationFilter.wrapFilter(ObservationFilterChainDecorator.java:240)
	at org.springframework.security.web.ObservationFilterChainDecorator$ObservationFilter.doFilter(ObservationFilterChainDecorator.java:227)
	at org.springframework.security.web.ObservationFilterChainDecorator$VirtualFilterChain.doFilter(ObservationFilterChainDecorator.java:137)
	at org.springframework.security.web.context.SecurityContextHolderFilter.doFilter(SecurityContextHolderFilter.java:82)
	at org.springframework.security.web.context.SecurityContextHolderFilter.doFilter(SecurityContextHolderFilter.java:69)
	at org.springframework.security.web.ObservationFilterChainDecorator$ObservationFilter.wrapFilter(ObservationFilterChainDecorator.java:240)
	at org.springframework.security.web.ObservationFilterChainDecorator$ObservationFilter.doFilter(ObservationFilterChainDecorator.java:227)
	at org.springframework.security.web.ObservationFilterChainDecorator$VirtualFilterChain.doFilter(ObservationFilterChainDecorator.java:137)
	at org.springframework.security.web.context.request.async.WebAsyncManagerIntegrationFilter.doFilterInternal(WebAsyncManagerIntegrationFilter.java:62)
	at org.springframework.web.filter.OncePerRequestFilter.doFilter(OncePerRequestFilter.java:116)
	at org.springframework.security.web.ObservationFilterChainDecorator$ObservationFilter.wrapFilter(ObservationFilterChainDecorator.java:240)
	at org.springframework.security.web.ObservationFilterChainDecorator$ObservationFilter.doFilter(ObservationFilterChainDecorator.java:227)
	at org.springframework.security.web.ObservationFilterChainDecorator$VirtualFilterChain.doFilter(ObservationFilterChainDecorator.java:137)
	at org.springframework.security.web.session.DisableEncodeUrlFilter.doFilterInternal(DisableEncodeUrlFilter.java:42)
	at org.springframework.web.filter.OncePerRequestFilter.doFilter(OncePerRequestFilter.java:116)
	at org.springframework.security.web.ObservationFilterChainDecorator$ObservationFilter.wrapFilter(ObservationFilterChainDecorator.java:240)
	at org.springframework.security.web.ObservationFilterChainDecorator$AroundFilterObservation$SimpleAroundFilterObservation.lambda$wrap$0(ObservationFilterChainDecorator.java:323)
	at org.springframework.security.web.ObservationFilterChainDecorator$ObservationFilter.doFilter(ObservationFilterChainDecorator.java:224)
	at org.springframework.security.web.ObservationFilterChainDecorator$VirtualFilterChain.doFilter(ObservationFilterChainDecorator.java:137)
	at org.springframework.security.web.FilterChainProxy.doFilterInternal(FilterChainProxy.java:233)
	at org.springframework.security.web.FilterChainProxy.doFilter(FilterChainProxy.java:191)
	at org.springframework.web.filter.CompositeFilter$VirtualFilterChain.doFilter(CompositeFilter.java:113)
	at org.springframework.web.servlet.handler.HandlerMappingIntrospector.lambda$createCacheFilter$3(HandlerMappingIntrospector.java:195)
	at org.springframework.web.filter.CompositeFilter$VirtualFilterChain.doFilter(CompositeFilter.java:113)
	at org.springframework.web.filter.CompositeFilter.doFilter(CompositeFilter.java:74)
	at org.springframework.security.config.annotation.web.configuration.WebMvcSecurityConfiguration$CompositeFilterChainProxy.doFilter(WebMvcSecurityConfiguration.java:230)
	at org.springframework.web.filter.DelegatingFilterProxy.invokeDelegate(DelegatingFilterProxy.java:362)
	at org.springframework.web.filter.DelegatingFilterProxy.doFilter(DelegatingFilterProxy.java:278)
	at org.apache.catalina.core.ApplicationFilterChain.internalDoFilter(ApplicationFilterChain.java:164)
	at org.apache.catalina.core.ApplicationFilterChain.doFilter(ApplicationFilterChain.java:140)
	at org.springframework.web.filter.RequestContextFilter.doFilterInternal(RequestContextFilter.java:100)
	at org.springframework.web.filter.OncePerRequestFilter.doFilter(OncePerRequestFilter.java:116)
	at org.apache.catalina.core.ApplicationFilterChain.internalDoFilter(ApplicationFilterChain.java:164)
	at org.apache.catalina.core.ApplicationFilterChain.doFilter(ApplicationFilterChain.java:140)
	at org.springframework.web.filter.FormContentFilter.doFilterInternal(FormContentFilter.java:93)
	at org.springframework.web.filter.OncePerRequestFilter.doFilter(OncePerRequestFilter.java:116)
	at org.apache.catalina.core.ApplicationFilterChain.internalDoFilter(ApplicationFilterChain.java:164)
	at org.apache.catalina.core.ApplicationFilterChain.doFilter(ApplicationFilterChain.java:140)
	at org.springframework.web.filter.ServerHttpObservationFilter.doFilterInternal(ServerHttpObservationFilter.java:113)
	at org.springframework.web.filter.OncePerRequestFilter.doFilter(OncePerRequestFilter.java:116)
	at org.apache.catalina.core.ApplicationFilterChain.internalDoFilter(ApplicationFilterChain.java:164)
	at org.apache.catalina.core.ApplicationFilterChain.doFilter(ApplicationFilterChain.java:140)
	at org.springframework.web.filter.CharacterEncodingFilter.doFilterInternal(CharacterEncodingFilter.java:201)
	at org.springframework.web.filter.OncePerRequestFilter.doFilter(OncePerRequestFilter.java:116)
	at org.apache.catalina.core.ApplicationFilterChain.internalDoFilter(ApplicationFilterChain.java:164)
	at org.apache.catalina.core.ApplicationFilterChain.doFilter(ApplicationFilterChain.java:140)
	at org.apache.catalina.core.StandardWrapperValve.invoke(StandardWrapperValve.java:167)
	at org.apache.catalina.core.StandardContextValve.invoke(StandardContextValve.java:90)
	at org.apache.catalina.authenticator.AuthenticatorBase.invoke(AuthenticatorBase.java:483)
	at org.apache.catalina.core.StandardHostValve.invoke(StandardHostValve.java:115)
	at org.apache.catalina.valves.ErrorReportValve.invoke(ErrorReportValve.java:93)
	at org.apache.catalina.core.StandardEngineValve.invoke(StandardEngineValve.java:74)
	at org.apache.catalina.connector.CoyoteAdapter.service(CoyoteAdapter.java:344)
	at org.apache.coyote.http11.Http11Processor.service(Http11Processor.java:384)
	at org.apache.coyote.AbstractProcessorLight.process(AbstractProcessorLight.java:63)
	at org.apache.coyote.AbstractProtocol$ConnectionHandler.process(AbstractProtocol.java:905)
	at org.apache.tomcat.util.net.NioEndpoint$SocketProcessor.doRun(NioEndpoint.java:1741)
	at org.apache.tomcat.util.net.SocketProcessorBase.run(SocketProcessorBase.java:52)
	at org.apache.tomcat.util.threads.ThreadPoolExecutor.runWorker(ThreadPoolExecutor.java:1190)
	at org.apache.tomcat.util.threads.ThreadPoolExecutor$Worker.run(ThreadPoolExecutor.java:659)
	at org.apache.tomcat.util.threads.TaskThread$WrappingRunnable.run(TaskThread.java:63)
	at java.base/java.lang.Thread.run(Thread.java:1575)
Caused by: org.attoparser.ParseException: Exception evaluating SpringEL expression: "!hasFeedback" (template: "realty/main" - line 406, col 18)
	at org.attoparser.MarkupParser.parseDocument(MarkupParser.java:393)
	at org.attoparser.MarkupParser.parse(MarkupParser.java:257)
	at org.thymeleaf.templateparser.markup.AbstractMarkupTemplateParser.parse(AbstractMarkupTemplateParser.java:230)
	... 137 common frames omitted
Caused by: org.thymeleaf.exceptions.TemplateProcessingException: Exception evaluating SpringEL expression: "!hasFeedback" (template: "realty/main" - line 406, col 18)
	at org.thymeleaf.spring6.expression.SPELVariableExpressionEvaluator.evaluate(SPELVariableExpressionEvaluator.java:292)
	at org.thymeleaf.standard.expression.VariableExpression.executeVariableExpression(VariableExpression.java:166)
	at org.thymeleaf.standard.expression.SimpleExpression.executeSimple(SimpleExpression.java:66)
	at org.thymeleaf.standard.expression.Expression.execute(Expression.java:109)
	at org.thymeleaf.standard.expression.Expression.execute(Expression.java:138)
	at org.thymeleaf.standard.expression.Expression.execute(Expression.java:125)
	at org.thymeleaf.standard.processor.StandardIfTagProcessor.isVisible(StandardIfTagProcessor.java:59)
	at org.thymeleaf.standard.processor.AbstractStandardConditionalVisibilityTagProcessor.doProcess(AbstractStandardConditionalVisibilityTagProcessor.java:61)
	at org.thymeleaf.processor.element.AbstractAttributeTagProcessor.doProcess(AbstractAttributeTagProcessor.java:74)
	at org.thymeleaf.processor.element.AbstractElementTagProcessor.process(AbstractElementTagProcessor.java:95)
	at org.thymeleaf.util.ProcessorConfigurationUtils$ElementTagProcessorWrapper.process(ProcessorConfigurationUtils.java:633)
	at org.thymeleaf.engine.ProcessorTemplateHandler.handleOpenElement(ProcessorTemplateHandler.java:1314)
	at org.thymeleaf.engine.TemplateHandlerAdapterMarkupHandler.handleOpenElementEnd(TemplateHandlerAdapterMarkupHandler.java:304)
	at org.thymeleaf.templateparser.markup.InlinedOutputExpressionMarkupHandler$InlineMarkupAdapterPreProcessorHandler.handleOpenElementEnd(InlinedOutputExpressionMarkupHandler.java:278)
	at org.thymeleaf.standard.inline.OutputExpressionInlinePreProcessorHandler.handleOpenElementEnd(OutputExpressionInlinePreProcessorHandler.java:186)
	at org.thymeleaf.templateparser.markup.InlinedOutputExpressionMarkupHandler.handleOpenElementEnd(InlinedOutputExpressionMarkupHandler.java:124)
	at org.attoparser.HtmlElement.handleOpenElementEnd(HtmlElement.java:109)
	at org.attoparser.HtmlMarkupHandler.handleOpenElementEnd(HtmlMarkupHandler.java:297)
	at org.attoparser.MarkupEventProcessorHandler.handleOpenElementEnd(MarkupEventProcessorHandler.java:402)
	at org.attoparser.ParsingElementMarkupUtil.parseOpenElement(ParsingElementMarkupUtil.java:159)
	at org.attoparser.MarkupParser.parseBuffer(MarkupParser.java:710)
	at org.attoparser.MarkupParser.parseDocument(MarkupParser.java:301)
	... 139 common frames omitted
Caused by: org.springframework.expression.spel.SpelEvaluationException: EL1001E: Type conversion problem, cannot convert from null to boolean
	at org.springframework.expression.spel.ast.OperatorNot.getValueInternal(OperatorNot.java:49)
	at org.springframework.expression.spel.ast.OperatorNot.getValueInternal(OperatorNot.java:36)
	at org.springframework.expression.spel.ast.SpelNodeImpl.getValue(SpelNodeImpl.java:114)
	at org.springframework.expression.spel.standard.SpelExpression.getValue(SpelExpression.java:338)
	at org.thymeleaf.spring6.expression.SPELVariableExpressionEvaluator.evaluate(SPELVariableExpressionEvaluator.java:265)
	... 160 common frames omitted
2025-03-29 16:18:42 [http-nio-8080-exec-8] [ERROR] o.a.c.c.C.[.[.[.[dispatcherServlet] - Servlet.service() for servlet [dispatcherServlet] in context with path [] threw exception [Request processing failed: org.thymeleaf.exceptions.TemplateInputException: An error happened during template parsing (template: "class path resource [templates/realty/main.html]")] with root cause
org.springframework.expression.spel.SpelEvaluationException: EL1001E: Type conversion problem, cannot convert from null to boolean
	at org.springframework.expression.spel.ast.OperatorNot.getValueInternal(OperatorNot.java:49)
	at org.springframework.expression.spel.ast.OperatorNot.getValueInternal(OperatorNot.java:36)
	at org.springframework.expression.spel.ast.SpelNodeImpl.getValue(SpelNodeImpl.java:114)
	at org.springframework.expression.spel.standard.SpelExpression.getValue(SpelExpression.java:338)
	at org.thymeleaf.spring6.expression.SPELVariableExpressionEvaluator.evaluate(SPELVariableExpressionEvaluator.java:265)
	at org.thymeleaf.standard.expression.VariableExpression.executeVariableExpression(VariableExpression.java:166)
	at org.thymeleaf.standard.expression.SimpleExpression.executeSimple(SimpleExpression.java:66)
	at org.thymeleaf.standard.expression.Expression.execute(Expression.java:109)
	at org.thymeleaf.standard.expression.Expression.execute(Expression.java:138)
	at org.thymeleaf.standard.expression.Expression.execute(Expression.java:125)
	at org.thymeleaf.standard.processor.StandardIfTagProcessor.isVisible(StandardIfTagProcessor.java:59)
	at org.thymeleaf.standard.processor.AbstractStandardConditionalVisibilityTagProcessor.doProcess(AbstractStandardConditionalVisibilityTagProcessor.java:61)
	at org.thymeleaf.processor.element.AbstractAttributeTagProcessor.doProcess(AbstractAttributeTagProcessor.java:74)
	at org.thymeleaf.processor.element.AbstractElementTagProcessor.process(AbstractElementTagProcessor.java:95)
	at org.thymeleaf.util.ProcessorConfigurationUtils$ElementTagProcessorWrapper.process(ProcessorConfigurationUtils.java:633)
	at org.thymeleaf.engine.ProcessorTemplateHandler.handleOpenElement(ProcessorTemplateHandler.java:1314)
	at org.thymeleaf.engine.TemplateHandlerAdapterMarkupHandler.handleOpenElementEnd(TemplateHandlerAdapterMarkupHandler.java:304)
	at org.thymeleaf.templateparser.markup.InlinedOutputExpressionMarkupHandler$InlineMarkupAdapterPreProcessorHandler.handleOpenElementEnd(InlinedOutputExpressionMarkupHandler.java:278)
	at org.thymeleaf.standard.inline.OutputExpressionInlinePreProcessorHandler.handleOpenElementEnd(OutputExpressionInlinePreProcessorHandler.java:186)
	at org.thymeleaf.templateparser.markup.InlinedOutputExpressionMarkupHandler.handleOpenElementEnd(InlinedOutputExpressionMarkupHandler.java:124)
	at org.attoparser.HtmlElement.handleOpenElementEnd(HtmlElement.java:109)
	at org.attoparser.HtmlMarkupHandler.handleOpenElementEnd(HtmlMarkupHandler.java:297)
	at org.attoparser.MarkupEventProcessorHandler.handleOpenElementEnd(MarkupEventProcessorHandler.java:402)
	at org.attoparser.ParsingElementMarkupUtil.parseOpenElement(ParsingElementMarkupUtil.java:159)
	at org.attoparser.MarkupParser.parseBuffer(MarkupParser.java:710)
	at org.attoparser.MarkupParser.parseDocument(MarkupParser.java:301)
	at org.attoparser.MarkupParser.parse(MarkupParser.java:257)
	at org.thymeleaf.templateparser.markup.AbstractMarkupTemplateParser.parse(AbstractMarkupTemplateParser.java:230)
	at org.thymeleaf.templateparser.markup.AbstractMarkupTemplateParser.parseStandalone(AbstractMarkupTemplateParser.java:100)
	at org.thymeleaf.engine.TemplateManager.parseAndProcess(TemplateManager.java:666)
	at org.thymeleaf.TemplateEngine.process(TemplateEngine.java:1103)
	at org.thymeleaf.TemplateEngine.process(TemplateEngine.java:1077)
	at org.thymeleaf.spring6.view.ThymeleafView.renderFragment(ThymeleafView.java:372)
	at org.thymeleaf.spring6.view.ThymeleafView.render(ThymeleafView.java:192)
	at org.springframework.web.servlet.DispatcherServlet.render(DispatcherServlet.java:1432)
	at org.springframework.web.servlet.DispatcherServlet.processDispatchResult(DispatcherServlet.java:1168)
	at org.springframework.web.servlet.DispatcherServlet.doDispatch(DispatcherServlet.java:1106)
	at org.springframework.web.servlet.DispatcherServlet.doService(DispatcherServlet.java:979)
	at org.springframework.web.servlet.FrameworkServlet.processRequest(FrameworkServlet.java:1014)
	at org.springframework.web.servlet.FrameworkServlet.doGet(FrameworkServlet.java:903)
	at jakarta.servlet.http.HttpServlet.service(HttpServlet.java:564)
	at org.springframework.web.servlet.FrameworkServlet.service(FrameworkServlet.java:885)
	at jakarta.servlet.http.HttpServlet.service(HttpServlet.java:658)
	at org.apache.catalina.core.ApplicationFilterChain.internalDoFilter(ApplicationFilterChain.java:195)
	at org.apache.catalina.core.ApplicationFilterChain.doFilter(ApplicationFilterChain.java:140)
	at org.apache.tomcat.websocket.server.WsFilter.doFilter(WsFilter.java:51)
	at org.apache.catalina.core.ApplicationFilterChain.internalDoFilter(ApplicationFilterChain.java:164)
	at org.apache.catalina.core.ApplicationFilterChain.doFilter(ApplicationFilterChain.java:140)
	at org.springframework.web.filter.HiddenHttpMethodFilter.doFilterInternal(HiddenHttpMethodFilter.java:91)
	at org.springframework.web.filter.OncePerRequestFilter.doFilter(OncePerRequestFilter.java:116)
	at org.apache.catalina.core.ApplicationFilterChain.internalDoFilter(ApplicationFilterChain.java:164)
	at org.apache.catalina.core.ApplicationFilterChain.doFilter(ApplicationFilterChain.java:140)
	at org.springframework.web.filter.CompositeFilter$VirtualFilterChain.doFilter(CompositeFilter.java:108)
	at org.springframework.security.web.FilterChainProxy.lambda$doFilterInternal$3(FilterChainProxy.java:231)
	at org.springframework.security.web.ObservationFilterChainDecorator$FilterObservation$SimpleFilterObservation.lambda$wrap$1(ObservationFilterChainDecorator.java:479)
	at org.springframework.security.web.ObservationFilterChainDecorator$AroundFilterObservation$SimpleAroundFilterObservation.lambda$wrap$1(ObservationFilterChainDecorator.java:340)
	at org.springframework.security.web.ObservationFilterChainDecorator.lambda$wrapSecured$0(ObservationFilterChainDecorator.java:82)
	at org.springframework.security.web.ObservationFilterChainDecorator$VirtualFilterChain.doFilter(ObservationFilterChainDecorator.java:128)
	at org.springframework.security.web.access.intercept.FilterSecurityInterceptor.invoke(FilterSecurityInterceptor.java:117)
	at org.springframework.security.web.access.intercept.FilterSecurityInterceptor.doFilter(FilterSecurityInterceptor.java:83)
	at org.springframework.security.web.ObservationFilterChainDecorator$ObservationFilter.wrapFilter(ObservationFilterChainDecorator.java:240)
	at org.springframework.security.web.ObservationFilterChainDecorator$ObservationFilter.doFilter(ObservationFilterChainDecorator.java:227)
	at org.springframework.security.web.ObservationFilterChainDecorator$VirtualFilterChain.doFilter(ObservationFilterChainDecorator.java:137)
	at org.springframework.security.web.access.ExceptionTranslationFilter.doFilter(ExceptionTranslationFilter.java:126)
	at org.springframework.security.web.access.ExceptionTranslationFilter.doFilter(ExceptionTranslationFilter.java:120)
	at org.springframework.security.web.ObservationFilterChainDecorator$ObservationFilter.wrapFilter(ObservationFilterChainDecorator.java:240)
	at org.springframework.security.web.ObservationFilterChainDecorator$ObservationFilter.doFilter(ObservationFilterChainDecorator.java:227)
	at org.springframework.security.web.ObservationFilterChainDecorator$VirtualFilterChain.doFilter(ObservationFilterChainDecorator.java:137)
	at org.springframework.security.web.authentication.AnonymousAuthenticationFilter.doFilter(AnonymousAuthenticationFilter.java:100)
	at org.springframework.security.web.ObservationFilterChainDecorator$ObservationFilter.wrapFilter(ObservationFilterChainDecorator.java:240)
	at org.springframework.security.web.ObservationFilterChainDecorator$ObservationFilter.doFilter(ObservationFilterChainDecorator.java:227)
	at org.springframework.security.web.ObservationFilterChainDecorator$VirtualFilterChain.doFilter(ObservationFilterChainDecorator.java:137)
	at org.springframework.security.web.servletapi.SecurityContextHolderAwareRequestFilter.doFilter(SecurityContextHolderAwareRequestFilter.java:179)
	at org.springframework.security.web.ObservationFilterChainDecorator$ObservationFilter.wrapFilter(ObservationFilterChainDecorator.java:240)
	at org.springframework.security.web.ObservationFilterChainDecorator$ObservationFilter.doFilter(ObservationFilterChainDecorator.java:227)
	at org.springframework.security.web.ObservationFilterChainDecorator$VirtualFilterChain.doFilter(ObservationFilterChainDecorator.java:137)
	at org.springframework.security.web.savedrequest.RequestCacheAwareFilter.doFilter(RequestCacheAwareFilter.java:63)
	at org.springframework.security.web.ObservationFilterChainDecorator$ObservationFilter.wrapFilter(ObservationFilterChainDecorator.java:240)
	at org.springframework.security.web.ObservationFilterChainDecorator$ObservationFilter.doFilter(ObservationFilterChainDecorator.java:227)
	at org.springframework.security.web.ObservationFilterChainDecorator$VirtualFilterChain.doFilter(ObservationFilterChainDecorator.java:137)
	at org.springframework.security.web.authentication.AbstractAuthenticationProcessingFilter.doFilter(AbstractAuthenticationProcessingFilter.java:227)
	at org.springframework.security.web.authentication.AbstractAuthenticationProcessingFilter.doFilter(AbstractAuthenticationProcessingFilter.java:221)
	at org.springframework.security.web.ObservationFilterChainDecorator$ObservationFilter.wrapFilter(ObservationFilterChainDecorator.java:240)
	at org.springframework.security.web.ObservationFilterChainDecorator$ObservationFilter.doFilter(ObservationFilterChainDecorator.java:227)
	at org.springframework.security.web.ObservationFilterChainDecorator$VirtualFilterChain.doFilter(ObservationFilterChainDecorator.java:137)
	at org.springframework.security.web.authentication.AbstractAuthenticationProcessingFilter.doFilter(AbstractAuthenticationProcessingFilter.java:227)
	at org.springframework.security.web.authentication.AbstractAuthenticationProcessingFilter.doFilter(AbstractAuthenticationProcessingFilter.java:221)
	at org.springframework.security.web.ObservationFilterChainDecorator$ObservationFilter.wrapFilter(ObservationFilterChainDecorator.java:240)
	at org.springframework.security.web.ObservationFilterChainDecorator$ObservationFilter.doFilter(ObservationFilterChainDecorator.java:227)
	at org.springframework.security.web.ObservationFilterChainDecorator$VirtualFilterChain.doFilter(ObservationFilterChainDecorator.java:137)
	at org.springframework.security.oauth2.client.web.OAuth2AuthorizationRequestRedirectFilter.doFilterInternal(OAuth2AuthorizationRequestRedirectFilter.java:198)
	at org.springframework.web.filter.OncePerRequestFilter.doFilter(OncePerRequestFilter.java:116)
	at org.springframework.security.web.ObservationFilterChainDecorator$ObservationFilter.wrapFilter(ObservationFilterChainDecorator.java:240)
	at org.springframework.security.web.ObservationFilterChainDecorator$ObservationFilter.doFilter(ObservationFilterChainDecorator.java:227)
	at org.springframework.security.web.ObservationFilterChainDecorator$VirtualFilterChain.doFilter(ObservationFilterChainDecorator.java:137)
	at org.springframework.security.web.authentication.logout.LogoutFilter.doFilter(LogoutFilter.java:107)
	at org.springframework.security.web.authentication.logout.LogoutFilter.doFilter(LogoutFilter.java:93)
	at org.springframework.security.web.ObservationFilterChainDecorator$ObservationFilter.wrapFilter(ObservationFilterChainDecorator.java:240)
	at org.springframework.security.web.ObservationFilterChainDecorator$ObservationFilter.doFilter(ObservationFilterChainDecorator.java:227)
	at org.springframework.security.web.ObservationFilterChainDecorator$VirtualFilterChain.doFilter(ObservationFilterChainDecorator.java:137)
	at org.springframework.security.web.header.HeaderWriterFilter.doHeadersAfter(HeaderWriterFilter.java:90)
	at org.springframework.security.web.header.HeaderWriterFilter.doFilterInternal(HeaderWriterFilter.java:75)
	at org.springframework.web.filter.OncePerRequestFilter.doFilter(OncePerRequestFilter.java:116)
	at org.springframework.security.web.ObservationFilterChainDecorator$ObservationFilter.wrapFilter(ObservationFilterChainDecorator.java:240)
	at org.springframework.security.web.ObservationFilterChainDecorator$ObservationFilter.doFilter(ObservationFilterChainDecorator.java:227)
	at org.springframework.security.web.ObservationFilterChainDecorator$VirtualFilterChain.doFilter(ObservationFilterChainDecorator.java:137)
	at org.springframework.security.web.context.SecurityContextHolderFilter.doFilter(SecurityContextHolderFilter.java:82)
	at org.springframework.security.web.context.SecurityContextHolderFilter.doFilter(SecurityContextHolderFilter.java:69)
	at org.springframework.security.web.ObservationFilterChainDecorator$ObservationFilter.wrapFilter(ObservationFilterChainDecorator.java:240)
	at org.springframework.security.web.ObservationFilterChainDecorator$ObservationFilter.doFilter(ObservationFilterChainDecorator.java:227)
	at org.springframework.security.web.ObservationFilterChainDecorator$VirtualFilterChain.doFilter(ObservationFilterChainDecorator.java:137)
	at org.springframework.security.web.context.request.async.WebAsyncManagerIntegrationFilter.doFilterInternal(WebAsyncManagerIntegrationFilter.java:62)
	at org.springframework.web.filter.OncePerRequestFilter.doFilter(OncePerRequestFilter.java:116)
	at org.springframework.security.web.ObservationFilterChainDecorator$ObservationFilter.wrapFilter(ObservationFilterChainDecorator.java:240)
	at org.springframework.security.web.ObservationFilterChainDecorator$ObservationFilter.doFilter(ObservationFilterChainDecorator.java:227)
	at org.springframework.security.web.ObservationFilterChainDecorator$VirtualFilterChain.doFilter(ObservationFilterChainDecorator.java:137)
	at org.springframework.security.web.session.DisableEncodeUrlFilter.doFilterInternal(DisableEncodeUrlFilter.java:42)
	at org.springframework.web.filter.OncePerRequestFilter.doFilter(OncePerRequestFilter.java:116)
	at org.springframework.security.web.ObservationFilterChainDecorator$ObservationFilter.wrapFilter(ObservationFilterChainDecorator.java:240)
	at org.springframework.security.web.ObservationFilterChainDecorator$AroundFilterObservation$SimpleAroundFilterObservation.lambda$wrap$0(ObservationFilterChainDecorator.java:323)
	at org.springframework.security.web.ObservationFilterChainDecorator$ObservationFilter.doFilter(ObservationFilterChainDecorator.java:224)
	at org.springframework.security.web.ObservationFilterChainDecorator$VirtualFilterChain.doFilter(ObservationFilterChainDecorator.java:137)
	at org.springframework.security.web.FilterChainProxy.doFilterInternal(FilterChainProxy.java:233)
	at org.springframework.security.web.FilterChainProxy.doFilter(FilterChainProxy.java:191)
	at org.springframework.web.filter.CompositeFilter$VirtualFilterChain.doFilter(CompositeFilter.java:113)
	at org.springframework.web.servlet.handler.HandlerMappingIntrospector.lambda$createCacheFilter$3(HandlerMappingIntrospector.java:195)
	at org.springframework.web.filter.CompositeFilter$VirtualFilterChain.doFilter(CompositeFilter.java:113)
	at org.springframework.web.filter.CompositeFilter.doFilter(CompositeFilter.java:74)
	at org.springframework.security.config.annotation.web.configuration.WebMvcSecurityConfiguration$CompositeFilterChainProxy.doFilter(WebMvcSecurityConfiguration.java:230)
	at org.springframework.web.filter.DelegatingFilterProxy.invokeDelegate(DelegatingFilterProxy.java:362)
	at org.springframework.web.filter.DelegatingFilterProxy.doFilter(DelegatingFilterProxy.java:278)
	at org.apache.catalina.core.ApplicationFilterChain.internalDoFilter(ApplicationFilterChain.java:164)
	at org.apache.catalina.core.ApplicationFilterChain.doFilter(ApplicationFilterChain.java:140)
	at org.springframework.web.filter.RequestContextFilter.doFilterInternal(RequestContextFilter.java:100)
	at org.springframework.web.filter.OncePerRequestFilter.doFilter(OncePerRequestFilter.java:116)
	at org.apache.catalina.core.ApplicationFilterChain.internalDoFilter(ApplicationFilterChain.java:164)
	at org.apache.catalina.core.ApplicationFilterChain.doFilter(ApplicationFilterChain.java:140)
	at org.springframework.web.filter.FormContentFilter.doFilterInternal(FormContentFilter.java:93)
	at org.springframework.web.filter.OncePerRequestFilter.doFilter(OncePerRequestFilter.java:116)
	at org.apache.catalina.core.ApplicationFilterChain.internalDoFilter(ApplicationFilterChain.java:164)
	at org.apache.catalina.core.ApplicationFilterChain.doFilter(ApplicationFilterChain.java:140)
	at org.springframework.web.filter.ServerHttpObservationFilter.doFilterInternal(ServerHttpObservationFilter.java:113)
	at org.springframework.web.filter.OncePerRequestFilter.doFilter(OncePerRequestFilter.java:116)
	at org.apache.catalina.core.ApplicationFilterChain.internalDoFilter(ApplicationFilterChain.java:164)
	at org.apache.catalina.core.ApplicationFilterChain.doFilter(ApplicationFilterChain.java:140)
	at org.springframework.web.filter.CharacterEncodingFilter.doFilterInternal(CharacterEncodingFilter.java:201)
	at org.springframework.web.filter.OncePerRequestFilter.doFilter(OncePerRequestFilter.java:116)
	at org.apache.catalina.core.ApplicationFilterChain.internalDoFilter(ApplicationFilterChain.java:164)
	at org.apache.catalina.core.ApplicationFilterChain.doFilter(ApplicationFilterChain.java:140)
	at org.apache.catalina.core.StandardWrapperValve.invoke(StandardWrapperValve.java:167)
	at org.apache.catalina.core.StandardContextValve.invoke(StandardContextValve.java:90)
	at org.apache.catalina.authenticator.AuthenticatorBase.invoke(AuthenticatorBase.java:483)
	at org.apache.catalina.core.StandardHostValve.invoke(StandardHostValve.java:115)
	at org.apache.catalina.valves.ErrorReportValve.invoke(ErrorReportValve.java:93)
	at org.apache.catalina.core.StandardEngineValve.invoke(StandardEngineValve.java:74)
	at org.apache.catalina.connector.CoyoteAdapter.service(CoyoteAdapter.java:344)
	at org.apache.coyote.http11.Http11Processor.service(Http11Processor.java:384)
	at org.apache.coyote.AbstractProcessorLight.process(AbstractProcessorLight.java:63)
	at org.apache.coyote.AbstractProtocol$ConnectionHandler.process(AbstractProtocol.java:905)
	at org.apache.tomcat.util.net.NioEndpoint$SocketProcessor.doRun(NioEndpoint.java:1741)
	at org.apache.tomcat.util.net.SocketProcessorBase.run(SocketProcessorBase.java:52)
	at org.apache.tomcat.util.threads.ThreadPoolExecutor.runWorker(ThreadPoolExecutor.java:1190)
	at org.apache.tomcat.util.threads.ThreadPoolExecutor$Worker.run(ThreadPoolExecutor.java:659)
	at org.apache.tomcat.util.threads.TaskThread$WrappingRunnable.run(TaskThread.java:63)
	at java.base/java.lang.Thread.run(Thread.java:1575)
2025-03-29 16:18:42 [http-nio-8080-exec-8] [DEBUG] o.s.security.web.FilterChainProxy - Securing GET /realty
2025-03-29 16:18:42 [http-nio-8080-exec-8] [DEBUG] o.s.s.w.c.HttpSessionSecurityContextRepository - Retrieved SecurityContextImpl [Authentication=OAuth2AuthenticationToken [Principal=Name: [107234087105093742255], Granted Authorities: [[OIDC_USER, SCOPE_https://www.googleapis.com/auth/userinfo.email, SCOPE_https://www.googleapis.com/auth/userinfo.profile, SCOPE_openid]], User Attributes: [{at_hash=1VExUaipxbHJPOq2woH6XA, sub=107234087105093742255, email_verified=true, iss=https://accounts.google.com, given_name=Павел, nonce=1Fkrakh8S3zUi-FCNG2U76SOz7RA6tLESHxLDcdNpUE, picture=https://lh3.googleusercontent.com/a/ACg8ocJJoh9jonlTH61VWgvXCiXb0zCDjifGZZtZ30sCErS3N5ntDw=s96-c, aud=[909915657042-l07l5jl8r3v54r15k12hp7vev9dor6r7.apps.googleusercontent.com], azp=909915657042-l07l5jl8r3v54r15k12hp7vev9dor6r7.apps.googleusercontent.com, name=Павел Королев, exp=2025-03-29T14:18:42Z, family_name=Королев, iat=2025-03-29T13:18:42Z, email=passapdom@gmail.com}], Credentials=[PROTECTED], Authenticated=true, Details=WebAuthenticationDetails [RemoteIpAddress=0:0:0:0:0:0:0:1, SessionId=8DFF66E95DC7AFD2B9F4EF4E9B84AA78], Granted Authorities=[OIDC_USER, SCOPE_https://www.googleapis.com/auth/userinfo.email, SCOPE_https://www.googleapis.com/auth/userinfo.profile, SCOPE_openid]]]
2025-03-29 16:18:42 [http-nio-8080-exec-8] [DEBUG] o.s.s.w.a.i.FilterSecurityInterceptor - Authorized filter invocation [GET /realty] with attributes [permitAll]
2025-03-29 16:18:42 [http-nio-8080-exec-8] [DEBUG] o.s.security.web.FilterChainProxy - Secured GET /realty
2025-03-29 16:18:42 [http-nio-8080-exec-8] [ERROR] o.s.b.a.w.s.e.ErrorMvcAutoConfiguration$StaticView - Cannot render error page for request [/realty] and exception [An error happened during template parsing (template: "class path resource [templates/realty/main.html]")] as the response has already been committed. As a result, the response may have the wrong status code.
2025-03-29 16:18:43 [http-nio-8080-exec-2] [DEBUG] o.s.security.web.FilterChainProxy - Securing GET /images/advertisementSale/d4315efc-c703-4501-a94b-81ff7ce200a0_photo_2024-12-23_22-17-59.jpg
2025-03-29 16:18:43 [http-nio-8080-exec-5] [DEBUG] o.s.security.web.FilterChainProxy - Securing GET /img/agency.jpg
2025-03-29 16:18:43 [http-nio-8080-exec-5] [DEBUG] o.s.s.w.c.HttpSessionSecurityContextRepository - Retrieved SecurityContextImpl [Authentication=OAuth2AuthenticationToken [Principal=Name: [107234087105093742255], Granted Authorities: [[OIDC_USER, SCOPE_https://www.googleapis.com/auth/userinfo.email, SCOPE_https://www.googleapis.com/auth/userinfo.profile, SCOPE_openid]], User Attributes: [{at_hash=1VExUaipxbHJPOq2woH6XA, sub=107234087105093742255, email_verified=true, iss=https://accounts.google.com, given_name=Павел, nonce=1Fkrakh8S3zUi-FCNG2U76SOz7RA6tLESHxLDcdNpUE, picture=https://lh3.googleusercontent.com/a/ACg8ocJJoh9jonlTH61VWgvXCiXb0zCDjifGZZtZ30sCErS3N5ntDw=s96-c, aud=[909915657042-l07l5jl8r3v54r15k12hp7vev9dor6r7.apps.googleusercontent.com], azp=909915657042-l07l5jl8r3v54r15k12hp7vev9dor6r7.apps.googleusercontent.com, name=Павел Королев, exp=2025-03-29T14:18:42Z, family_name=Королев, iat=2025-03-29T13:18:42Z, email=passapdom@gmail.com}], Credentials=[PROTECTED], Authenticated=true, Details=WebAuthenticationDetails [RemoteIpAddress=0:0:0:0:0:0:0:1, SessionId=8DFF66E95DC7AFD2B9F4EF4E9B84AA78], Granted Authorities=[OIDC_USER, SCOPE_https://www.googleapis.com/auth/userinfo.email, SCOPE_https://www.googleapis.com/auth/userinfo.profile, SCOPE_openid]]]
2025-03-29 16:18:43 [http-nio-8080-exec-2] [DEBUG] o.s.s.w.c.HttpSessionSecurityContextRepository - Retrieved SecurityContextImpl [Authentication=OAuth2AuthenticationToken [Principal=Name: [107234087105093742255], Granted Authorities: [[OIDC_USER, SCOPE_https://www.googleapis.com/auth/userinfo.email, SCOPE_https://www.googleapis.com/auth/userinfo.profile, SCOPE_openid]], User Attributes: [{at_hash=1VExUaipxbHJPOq2woH6XA, sub=107234087105093742255, email_verified=true, iss=https://accounts.google.com, given_name=Павел, nonce=1Fkrakh8S3zUi-FCNG2U76SOz7RA6tLESHxLDcdNpUE, picture=https://lh3.googleusercontent.com/a/ACg8ocJJoh9jonlTH61VWgvXCiXb0zCDjifGZZtZ30sCErS3N5ntDw=s96-c, aud=[909915657042-l07l5jl8r3v54r15k12hp7vev9dor6r7.apps.googleusercontent.com], azp=909915657042-l07l5jl8r3v54r15k12hp7vev9dor6r7.apps.googleusercontent.com, name=Павел Королев, exp=2025-03-29T14:18:42Z, family_name=Королев, iat=2025-03-29T13:18:42Z, email=passapdom@gmail.com}], Credentials=[PROTECTED], Authenticated=true, Details=WebAuthenticationDetails [RemoteIpAddress=0:0:0:0:0:0:0:1, SessionId=8DFF66E95DC7AFD2B9F4EF4E9B84AA78], Granted Authorities=[OIDC_USER, SCOPE_https://www.googleapis.com/auth/userinfo.email, SCOPE_https://www.googleapis.com/auth/userinfo.profile, SCOPE_openid]]]
2025-03-29 16:18:43 [http-nio-8080-exec-5] [DEBUG] o.s.s.w.a.i.FilterSecurityInterceptor - Authorized filter invocation [GET /img/agency.jpg] with attributes [permitAll]
2025-03-29 16:18:43 [http-nio-8080-exec-2] [DEBUG] o.s.s.w.a.i.FilterSecurityInterceptor - Authorized filter invocation [GET /images/advertisementSale/d4315efc-c703-4501-a94b-81ff7ce200a0_photo_2024-12-23_22-17-59.jpg] with attributes [permitAll]
2025-03-29 16:18:43 [http-nio-8080-exec-2] [DEBUG] o.s.security.web.FilterChainProxy - Secured GET /images/advertisementSale/d4315efc-c703-4501-a94b-81ff7ce200a0_photo_2024-12-23_22-17-59.jpg
2025-03-29 16:18:43 [http-nio-8080-exec-5] [DEBUG] o.s.security.web.FilterChainProxy - Secured GET /img/agency.jpg
2025-03-29 16:18:43 [http-nio-8080-exec-3] [DEBUG] o.s.security.web.FilterChainProxy - Securing GET /images/advertisementSale/f59acdf2-baf6-4bc0-b36b-35e41bacd18b_photo_2024-12-23_22-17-54.jpg
2025-03-29 16:18:43 [http-nio-8080-exec-6] [DEBUG] o.s.security.web.FilterChainProxy - Securing GET /images/advertisementSale/199952c8-f50d-4f4d-bedc-5c44f013ee64_Снимок экрана (6).png
2025-03-29 16:18:43 [http-nio-8080-exec-4] [DEBUG] o.s.security.web.FilterChainProxy - Securing GET /images/advertisementSale/0dab0807-9cf3-481e-9749-99e44f837125_photo_2024-12-23_22-18-04.jpg
2025-03-29 16:18:43 [http-nio-8080-exec-3] [DEBUG] o.s.s.w.c.HttpSessionSecurityContextRepository - Retrieved SecurityContextImpl [Authentication=OAuth2AuthenticationToken [Principal=Name: [107234087105093742255], Granted Authorities: [[OIDC_USER, SCOPE_https://www.googleapis.com/auth/userinfo.email, SCOPE_https://www.googleapis.com/auth/userinfo.profile, SCOPE_openid]], User Attributes: [{at_hash=1VExUaipxbHJPOq2woH6XA, sub=107234087105093742255, email_verified=true, iss=https://accounts.google.com, given_name=Павел, nonce=1Fkrakh8S3zUi-FCNG2U76SOz7RA6tLESHxLDcdNpUE, picture=https://lh3.googleusercontent.com/a/ACg8ocJJoh9jonlTH61VWgvXCiXb0zCDjifGZZtZ30sCErS3N5ntDw=s96-c, aud=[909915657042-l07l5jl8r3v54r15k12hp7vev9dor6r7.apps.googleusercontent.com], azp=909915657042-l07l5jl8r3v54r15k12hp7vev9dor6r7.apps.googleusercontent.com, name=Павел Королев, exp=2025-03-29T14:18:42Z, family_name=Королев, iat=2025-03-29T13:18:42Z, email=passapdom@gmail.com}], Credentials=[PROTECTED], Authenticated=true, Details=WebAuthenticationDetails [RemoteIpAddress=0:0:0:0:0:0:0:1, SessionId=8DFF66E95DC7AFD2B9F4EF4E9B84AA78], Granted Authorities=[OIDC_USER, SCOPE_https://www.googleapis.com/auth/userinfo.email, SCOPE_https://www.googleapis.com/auth/userinfo.profile, SCOPE_openid]]]
2025-03-29 16:18:43 [http-nio-8080-exec-3] [DEBUG] o.s.s.w.a.i.FilterSecurityInterceptor - Authorized filter invocation [GET /images/advertisementSale/f59acdf2-baf6-4bc0-b36b-35e41bacd18b_photo_2024-12-23_22-17-54.jpg] with attributes [permitAll]
2025-03-29 16:18:43 [http-nio-8080-exec-6] [DEBUG] o.s.s.w.c.HttpSessionSecurityContextRepository - Retrieved SecurityContextImpl [Authentication=OAuth2AuthenticationToken [Principal=Name: [107234087105093742255], Granted Authorities: [[OIDC_USER, SCOPE_https://www.googleapis.com/auth/userinfo.email, SCOPE_https://www.googleapis.com/auth/userinfo.profile, SCOPE_openid]], User Attributes: [{at_hash=1VExUaipxbHJPOq2woH6XA, sub=107234087105093742255, email_verified=true, iss=https://accounts.google.com, given_name=Павел, nonce=1Fkrakh8S3zUi-FCNG2U76SOz7RA6tLESHxLDcdNpUE, picture=https://lh3.googleusercontent.com/a/ACg8ocJJoh9jonlTH61VWgvXCiXb0zCDjifGZZtZ30sCErS3N5ntDw=s96-c, aud=[909915657042-l07l5jl8r3v54r15k12hp7vev9dor6r7.apps.googleusercontent.com], azp=909915657042-l07l5jl8r3v54r15k12hp7vev9dor6r7.apps.googleusercontent.com, name=Павел Королев, exp=2025-03-29T14:18:42Z, family_name=Королев, iat=2025-03-29T13:18:42Z, email=passapdom@gmail.com}], Credentials=[PROTECTED], Authenticated=true, Details=WebAuthenticationDetails [RemoteIpAddress=0:0:0:0:0:0:0:1, SessionId=8DFF66E95DC7AFD2B9F4EF4E9B84AA78], Granted Authorities=[OIDC_USER, SCOPE_https://www.googleapis.com/auth/userinfo.email, SCOPE_https://www.googleapis.com/auth/userinfo.profile, SCOPE_openid]]]
2025-03-29 16:18:43 [http-nio-8080-exec-9] [DEBUG] o.s.security.web.FilterChainProxy - Securing GET /images/placeholder.jpg
2025-03-29 16:18:43 [http-nio-8080-exec-6] [DEBUG] o.s.s.w.a.i.FilterSecurityInterceptor - Authorized filter invocation [GET /images/advertisementSale/199952c8-f50d-4f4d-bedc-5c44f013ee64_Снимок экрана (6).png] with attributes [permitAll]
2025-03-29 16:18:43 [http-nio-8080-exec-6] [DEBUG] o.s.security.web.FilterChainProxy - Secured GET /images/advertisementSale/199952c8-f50d-4f4d-bedc-5c44f013ee64_Снимок экрана (6).png
2025-03-29 16:18:43 [http-nio-8080-exec-9] [DEBUG] o.s.s.w.c.HttpSessionSecurityContextRepository - Retrieved SecurityContextImpl [Authentication=OAuth2AuthenticationToken [Principal=Name: [107234087105093742255], Granted Authorities: [[OIDC_USER, SCOPE_https://www.googleapis.com/auth/userinfo.email, SCOPE_https://www.googleapis.com/auth/userinfo.profile, SCOPE_openid]], User Attributes: [{at_hash=1VExUaipxbHJPOq2woH6XA, sub=107234087105093742255, email_verified=true, iss=https://accounts.google.com, given_name=Павел, nonce=1Fkrakh8S3zUi-FCNG2U76SOz7RA6tLESHxLDcdNpUE, picture=https://lh3.googleusercontent.com/a/ACg8ocJJoh9jonlTH61VWgvXCiXb0zCDjifGZZtZ30sCErS3N5ntDw=s96-c, aud=[909915657042-l07l5jl8r3v54r15k12hp7vev9dor6r7.apps.googleusercontent.com], azp=909915657042-l07l5jl8r3v54r15k12hp7vev9dor6r7.apps.googleusercontent.com, name=Павел Королев, exp=2025-03-29T14:18:42Z, family_name=Королев, iat=2025-03-29T13:18:42Z, email=passapdom@gmail.com}], Credentials=[PROTECTED], Authenticated=true, Details=WebAuthenticationDetails [RemoteIpAddress=0:0:0:0:0:0:0:1, SessionId=8DFF66E95DC7AFD2B9F4EF4E9B84AA78], Granted Authorities=[OIDC_USER, SCOPE_https://www.googleapis.com/auth/userinfo.email, SCOPE_https://www.googleapis.com/auth/userinfo.profile, SCOPE_openid]]]
2025-03-29 16:18:43 [http-nio-8080-exec-9] [DEBUG] o.s.s.w.a.i.FilterSecurityInterceptor - Authorized filter invocation [GET /images/placeholder.jpg] with attributes [permitAll]
2025-03-29 16:18:43 [http-nio-8080-exec-9] [DEBUG] o.s.security.web.FilterChainProxy - Secured GET /images/placeholder.jpg
2025-03-29 16:18:43 [http-nio-8080-exec-4] [DEBUG] o.s.s.w.c.HttpSessionSecurityContextRepository - Retrieved SecurityContextImpl [Authentication=OAuth2AuthenticationToken [Principal=Name: [107234087105093742255], Granted Authorities: [[OIDC_USER, SCOPE_https://www.googleapis.com/auth/userinfo.email, SCOPE_https://www.googleapis.com/auth/userinfo.profile, SCOPE_openid]], User Attributes: [{at_hash=1VExUaipxbHJPOq2woH6XA, sub=107234087105093742255, email_verified=true, iss=https://accounts.google.com, given_name=Павел, nonce=1Fkrakh8S3zUi-FCNG2U76SOz7RA6tLESHxLDcdNpUE, picture=https://lh3.googleusercontent.com/a/ACg8ocJJoh9jonlTH61VWgvXCiXb0zCDjifGZZtZ30sCErS3N5ntDw=s96-c, aud=[909915657042-l07l5jl8r3v54r15k12hp7vev9dor6r7.apps.googleusercontent.com], azp=909915657042-l07l5jl8r3v54r15k12hp7vev9dor6r7.apps.googleusercontent.com, name=Павел Королев, exp=2025-03-29T14:18:42Z, family_name=Королев, iat=2025-03-29T13:18:42Z, email=passapdom@gmail.com}], Credentials=[PROTECTED], Authenticated=true, Details=WebAuthenticationDetails [RemoteIpAddress=0:0:0:0:0:0:0:1, SessionId=8DFF66E95DC7AFD2B9F4EF4E9B84AA78], Granted Authorities=[OIDC_USER, SCOPE_https://www.googleapis.com/auth/userinfo.email, SCOPE_https://www.googleapis.com/auth/userinfo.profile, SCOPE_openid]]]
2025-03-29 16:18:43 [http-nio-8080-exec-7] [DEBUG] o.s.security.web.FilterChainProxy - Securing GET /images/advertisementSale/8712f027-90a6-4f31-aeed-9b8fbd323086_Снимок экрана (8).png
2025-03-29 16:18:43 [http-nio-8080-exec-4] [DEBUG] o.s.s.w.a.i.FilterSecurityInterceptor - Authorized filter invocation [GET /images/advertisementSale/0dab0807-9cf3-481e-9749-99e44f837125_photo_2024-12-23_22-18-04.jpg] with attributes [permitAll]
2025-03-29 16:18:43 [http-nio-8080-exec-4] [DEBUG] o.s.security.web.FilterChainProxy - Secured GET /images/advertisementSale/0dab0807-9cf3-481e-9749-99e44f837125_photo_2024-12-23_22-18-04.jpg
2025-03-29 16:18:43 [http-nio-8080-exec-3] [DEBUG] o.s.security.web.FilterChainProxy - Secured GET /images/advertisementSale/f59acdf2-baf6-4bc0-b36b-35e41bacd18b_photo_2024-12-23_22-17-54.jpg
2025-03-29 16:18:43 [http-nio-8080-exec-7] [DEBUG] o.s.s.w.c.HttpSessionSecurityContextRepository - Retrieved SecurityContextImpl [Authentication=OAuth2AuthenticationToken [Principal=Name: [107234087105093742255], Granted Authorities: [[OIDC_USER, SCOPE_https://www.googleapis.com/auth/userinfo.email, SCOPE_https://www.googleapis.com/auth/userinfo.profile, SCOPE_openid]], User Attributes: [{at_hash=1VExUaipxbHJPOq2woH6XA, sub=107234087105093742255, email_verified=true, iss=https://accounts.google.com, given_name=Павел, nonce=1Fkrakh8S3zUi-FCNG2U76SOz7RA6tLESHxLDcdNpUE, picture=https://lh3.googleusercontent.com/a/ACg8ocJJoh9jonlTH61VWgvXCiXb0zCDjifGZZtZ30sCErS3N5ntDw=s96-c, aud=[909915657042-l07l5jl8r3v54r15k12hp7vev9dor6r7.apps.googleusercontent.com], azp=909915657042-l07l5jl8r3v54r15k12hp7vev9dor6r7.apps.googleusercontent.com, name=Павел Королев, exp=2025-03-29T14:18:42Z, family_name=Королев, iat=2025-03-29T13:18:42Z, email=passapdom@gmail.com}], Credentials=[PROTECTED], Authenticated=true, Details=WebAuthenticationDetails [RemoteIpAddress=0:0:0:0:0:0:0:1, SessionId=8DFF66E95DC7AFD2B9F4EF4E9B84AA78], Granted Authorities=[OIDC_USER, SCOPE_https://www.googleapis.com/auth/userinfo.email, SCOPE_https://www.googleapis.com/auth/userinfo.profile, SCOPE_openid]]]
2025-03-29 16:18:43 [http-nio-8080-exec-7] [DEBUG] o.s.s.w.a.i.FilterSecurityInterceptor - Authorized filter invocation [GET /images/advertisementSale/8712f027-90a6-4f31-aeed-9b8fbd323086_Снимок экрана (8).png] with attributes [permitAll]
2025-03-29 16:18:43 [http-nio-8080-exec-1] [DEBUG] o.s.security.web.FilterChainProxy - Securing GET /images/advertisementSale/76d213ca-dba5-4b57-88f5-b6b4129f212e_photo_2024-12-23_22-17-54.jpg
2025-03-29 16:18:43 [http-nio-8080-exec-7] [DEBUG] o.s.security.web.FilterChainProxy - Secured GET /images/advertisementSale/8712f027-90a6-4f31-aeed-9b8fbd323086_Снимок экрана (8).png
2025-03-29 16:18:43 [http-nio-8080-exec-1] [DEBUG] o.s.s.w.c.HttpSessionSecurityContextRepository - Retrieved SecurityContextImpl [Authentication=OAuth2AuthenticationToken [Principal=Name: [107234087105093742255], Granted Authorities: [[OIDC_USER, SCOPE_https://www.googleapis.com/auth/userinfo.email, SCOPE_https://www.googleapis.com/auth/userinfo.profile, SCOPE_openid]], User Attributes: [{at_hash=1VExUaipxbHJPOq2woH6XA, sub=107234087105093742255, email_verified=true, iss=https://accounts.google.com, given_name=Павел, nonce=1Fkrakh8S3zUi-FCNG2U76SOz7RA6tLESHxLDcdNpUE, picture=https://lh3.googleusercontent.com/a/ACg8ocJJoh9jonlTH61VWgvXCiXb0zCDjifGZZtZ30sCErS3N5ntDw=s96-c, aud=[909915657042-l07l5jl8r3v54r15k12hp7vev9dor6r7.apps.googleusercontent.com], azp=909915657042-l07l5jl8r3v54r15k12hp7vev9dor6r7.apps.googleusercontent.com, name=Павел Королев, exp=2025-03-29T14:18:42Z, family_name=Королев, iat=2025-03-29T13:18:42Z, email=passapdom@gmail.com}], Credentials=[PROTECTED], Authenticated=true, Details=WebAuthenticationDetails [RemoteIpAddress=0:0:0:0:0:0:0:1, SessionId=8DFF66E95DC7AFD2B9F4EF4E9B84AA78], Granted Authorities=[OIDC_USER, SCOPE_https://www.googleapis.com/auth/userinfo.email, SCOPE_https://www.googleapis.com/auth/userinfo.profile, SCOPE_openid]]]
2025-03-29 16:18:43 [http-nio-8080-exec-1] [DEBUG] o.s.s.w.a.i.FilterSecurityInterceptor - Authorized filter invocation [GET /images/advertisementSale/76d213ca-dba5-4b57-88f5-b6b4129f212e_photo_2024-12-23_22-17-54.jpg] with attributes [permitAll]
2025-03-29 16:18:43 [http-nio-8080-exec-1] [DEBUG] o.s.security.web.FilterChainProxy - Secured GET /images/advertisementSale/76d213ca-dba5-4b57-88f5-b6b4129f212e_photo_2024-12-23_22-17-54.jpg
2025-03-29 16:18:43 [http-nio-8080-exec-9] [DEBUG] o.s.security.web.FilterChainProxy - Securing GET /error
2025-03-29 16:18:43 [http-nio-8080-exec-9] [DEBUG] o.s.s.w.c.HttpSessionSecurityContextRepository - Retrieved SecurityContextImpl [Authentication=OAuth2AuthenticationToken [Principal=Name: [107234087105093742255], Granted Authorities: [[OIDC_USER, SCOPE_https://www.googleapis.com/auth/userinfo.email, SCOPE_https://www.googleapis.com/auth/userinfo.profile, SCOPE_openid]], User Attributes: [{at_hash=1VExUaipxbHJPOq2woH6XA, sub=107234087105093742255, email_verified=true, iss=https://accounts.google.com, given_name=Павел, nonce=1Fkrakh8S3zUi-FCNG2U76SOz7RA6tLESHxLDcdNpUE, picture=https://lh3.googleusercontent.com/a/ACg8ocJJoh9jonlTH61VWgvXCiXb0zCDjifGZZtZ30sCErS3N5ntDw=s96-c, aud=[909915657042-l07l5jl8r3v54r15k12hp7vev9dor6r7.apps.googleusercontent.com], azp=909915657042-l07l5jl8r3v54r15k12hp7vev9dor6r7.apps.googleusercontent.com, name=Павел Королев, exp=2025-03-29T14:18:42Z, family_name=Королев, iat=2025-03-29T13:18:42Z, email=passapdom@gmail.com}], Credentials=[PROTECTED], Authenticated=true, Details=WebAuthenticationDetails [RemoteIpAddress=0:0:0:0:0:0:0:1, SessionId=8DFF66E95DC7AFD2B9F4EF4E9B84AA78], Granted Authorities=[OIDC_USER, SCOPE_https://www.googleapis.com/auth/userinfo.email, SCOPE_https://www.googleapis.com/auth/userinfo.profile, SCOPE_openid]]]
2025-03-29 16:18:43 [http-nio-8080-exec-9] [DEBUG] o.s.s.w.a.i.FilterSecurityInterceptor - Authorized filter invocation [GET /error] with attributes [permitAll]
2025-03-29 16:18:43 [http-nio-8080-exec-9] [DEBUG] o.s.security.web.FilterChainProxy - Secured GET /error
2025-03-29 16:18:43 [http-nio-8080-exec-10] [DEBUG] o.s.security.web.FilterChainProxy - Securing GET /images/advertisementSale/f11f04c5-71bc-4048-ad70-323ba1188611_Снимок экрана (2).png
2025-03-29 16:18:43 [http-nio-8080-exec-8] [DEBUG] o.s.security.web.FilterChainProxy - Securing GET /images/advertisementSale/0673bdb4-3423-44e8-8636-a66497d7ab52_photo_2024-12-23_22-18-01.jpg
2025-03-29 16:18:43 [http-nio-8080-exec-2] [DEBUG] o.s.security.web.FilterChainProxy - Securing GET /images/advertisementSale/770d16f9-e061-46fc-94e4-17e8e3e3588a_photo_2024-12-23_22-18-11.jpg
2025-03-29 16:18:43 [http-nio-8080-exec-10] [DEBUG] o.s.s.w.c.HttpSessionSecurityContextRepository - Retrieved SecurityContextImpl [Authentication=OAuth2AuthenticationToken [Principal=Name: [107234087105093742255], Granted Authorities: [[OIDC_USER, SCOPE_https://www.googleapis.com/auth/userinfo.email, SCOPE_https://www.googleapis.com/auth/userinfo.profile, SCOPE_openid]], User Attributes: [{at_hash=1VExUaipxbHJPOq2woH6XA, sub=107234087105093742255, email_verified=true, iss=https://accounts.google.com, given_name=Павел, nonce=1Fkrakh8S3zUi-FCNG2U76SOz7RA6tLESHxLDcdNpUE, picture=https://lh3.googleusercontent.com/a/ACg8ocJJoh9jonlTH61VWgvXCiXb0zCDjifGZZtZ30sCErS3N5ntDw=s96-c, aud=[909915657042-l07l5jl8r3v54r15k12hp7vev9dor6r7.apps.googleusercontent.com], azp=909915657042-l07l5jl8r3v54r15k12hp7vev9dor6r7.apps.googleusercontent.com, name=Павел Королев, exp=2025-03-29T14:18:42Z, family_name=Королев, iat=2025-03-29T13:18:42Z, email=passapdom@gmail.com}], Credentials=[PROTECTED], Authenticated=true, Details=WebAuthenticationDetails [RemoteIpAddress=0:0:0:0:0:0:0:1, SessionId=8DFF66E95DC7AFD2B9F4EF4E9B84AA78], Granted Authorities=[OIDC_USER, SCOPE_https://www.googleapis.com/auth/userinfo.email, SCOPE_https://www.googleapis.com/auth/userinfo.profile, SCOPE_openid]]]
2025-03-29 16:18:43 [http-nio-8080-exec-8] [DEBUG] o.s.s.w.c.HttpSessionSecurityContextRepository - Retrieved SecurityContextImpl [Authentication=OAuth2AuthenticationToken [Principal=Name: [107234087105093742255], Granted Authorities: [[OIDC_USER, SCOPE_https://www.googleapis.com/auth/userinfo.email, SCOPE_https://www.googleapis.com/auth/userinfo.profile, SCOPE_openid]], User Attributes: [{at_hash=1VExUaipxbHJPOq2woH6XA, sub=107234087105093742255, email_verified=true, iss=https://accounts.google.com, given_name=Павел, nonce=1Fkrakh8S3zUi-FCNG2U76SOz7RA6tLESHxLDcdNpUE, picture=https://lh3.googleusercontent.com/a/ACg8ocJJoh9jonlTH61VWgvXCiXb0zCDjifGZZtZ30sCErS3N5ntDw=s96-c, aud=[909915657042-l07l5jl8r3v54r15k12hp7vev9dor6r7.apps.googleusercontent.com], azp=909915657042-l07l5jl8r3v54r15k12hp7vev9dor6r7.apps.googleusercontent.com, name=Павел Королев, exp=2025-03-29T14:18:42Z, family_name=Королев, iat=2025-03-29T13:18:42Z, email=passapdom@gmail.com}], Credentials=[PROTECTED], Authenticated=true, Details=WebAuthenticationDetails [RemoteIpAddress=0:0:0:0:0:0:0:1, SessionId=8DFF66E95DC7AFD2B9F4EF4E9B84AA78], Granted Authorities=[OIDC_USER, SCOPE_https://www.googleapis.com/auth/userinfo.email, SCOPE_https://www.googleapis.com/auth/userinfo.profile, SCOPE_openid]]]
2025-03-29 16:18:43 [http-nio-8080-exec-8] [DEBUG] o.s.s.w.a.i.FilterSecurityInterceptor - Authorized filter invocation [GET /images/advertisementSale/0673bdb4-3423-44e8-8636-a66497d7ab52_photo_2024-12-23_22-18-01.jpg] with attributes [permitAll]
2025-03-29 16:18:43 [http-nio-8080-exec-10] [DEBUG] o.s.s.w.a.i.FilterSecurityInterceptor - Authorized filter invocation [GET /images/advertisementSale/f11f04c5-71bc-4048-ad70-323ba1188611_Снимок экрана (2).png] with attributes [permitAll]
2025-03-29 16:18:43 [http-nio-8080-exec-8] [DEBUG] o.s.security.web.FilterChainProxy - Secured GET /images/advertisementSale/0673bdb4-3423-44e8-8636-a66497d7ab52_photo_2024-12-23_22-18-01.jpg
2025-03-29 16:18:43 [http-nio-8080-exec-10] [DEBUG] o.s.security.web.FilterChainProxy - Secured GET /images/advertisementSale/f11f04c5-71bc-4048-ad70-323ba1188611_Снимок экрана (2).png
2025-03-29 16:18:43 [http-nio-8080-exec-2] [DEBUG] o.s.s.w.c.HttpSessionSecurityContextRepository - Retrieved SecurityContextImpl [Authentication=OAuth2AuthenticationToken [Principal=Name: [107234087105093742255], Granted Authorities: [[OIDC_USER, SCOPE_https://www.googleapis.com/auth/userinfo.email, SCOPE_https://www.googleapis.com/auth/userinfo.profile, SCOPE_openid]], User Attributes: [{at_hash=1VExUaipxbHJPOq2woH6XA, sub=107234087105093742255, email_verified=true, iss=https://accounts.google.com, given_name=Павел, nonce=1Fkrakh8S3zUi-FCNG2U76SOz7RA6tLESHxLDcdNpUE, picture=https://lh3.googleusercontent.com/a/ACg8ocJJoh9jonlTH61VWgvXCiXb0zCDjifGZZtZ30sCErS3N5ntDw=s96-c, aud=[909915657042-l07l5jl8r3v54r15k12hp7vev9dor6r7.apps.googleusercontent.com], azp=909915657042-l07l5jl8r3v54r15k12hp7vev9dor6r7.apps.googleusercontent.com, name=Павел Королев, exp=2025-03-29T14:18:42Z, family_name=Королев, iat=2025-03-29T13:18:42Z, email=passapdom@gmail.com}], Credentials=[PROTECTED], Authenticated=true, Details=WebAuthenticationDetails [RemoteIpAddress=0:0:0:0:0:0:0:1, SessionId=8DFF66E95DC7AFD2B9F4EF4E9B84AA78], Granted Authorities=[OIDC_USER, SCOPE_https://www.googleapis.com/auth/userinfo.email, SCOPE_https://www.googleapis.com/auth/userinfo.profile, SCOPE_openid]]]
2025-03-29 16:18:43 [http-nio-8080-exec-2] [DEBUG] o.s.s.w.a.i.FilterSecurityInterceptor - Authorized filter invocation [GET /images/advertisementSale/770d16f9-e061-46fc-94e4-17e8e3e3588a_photo_2024-12-23_22-18-11.jpg] with attributes [permitAll]
2025-03-29 16:18:43 [http-nio-8080-exec-4] [DEBUG] o.s.security.web.FilterChainProxy - Securing GET /images/advertisementSale/6d439031-8c11-4cfd-9007-7047bd94ec62_photo_2024-12-23_22-18-10.jpg
2025-03-29 16:18:43 [http-nio-8080-exec-2] [DEBUG] o.s.security.web.FilterChainProxy - Secured GET /images/advertisementSale/770d16f9-e061-46fc-94e4-17e8e3e3588a_photo_2024-12-23_22-18-11.jpg
2025-03-29 16:18:43 [http-nio-8080-exec-5] [DEBUG] o.s.security.web.FilterChainProxy - Securing GET /images/advertisementSale/15c13dfd-2da8-4565-ae8d-d9857bb9f550_photo_2024-12-23_22-17-54.jpg
2025-03-29 16:18:43 [http-nio-8080-exec-4] [DEBUG] o.s.s.w.c.HttpSessionSecurityContextRepository - Retrieved SecurityContextImpl [Authentication=OAuth2AuthenticationToken [Principal=Name: [107234087105093742255], Granted Authorities: [[OIDC_USER, SCOPE_https://www.googleapis.com/auth/userinfo.email, SCOPE_https://www.googleapis.com/auth/userinfo.profile, SCOPE_openid]], User Attributes: [{at_hash=1VExUaipxbHJPOq2woH6XA, sub=107234087105093742255, email_verified=true, iss=https://accounts.google.com, given_name=Павел, nonce=1Fkrakh8S3zUi-FCNG2U76SOz7RA6tLESHxLDcdNpUE, picture=https://lh3.googleusercontent.com/a/ACg8ocJJoh9jonlTH61VWgvXCiXb0zCDjifGZZtZ30sCErS3N5ntDw=s96-c, aud=[909915657042-l07l5jl8r3v54r15k12hp7vev9dor6r7.apps.googleusercontent.com], azp=909915657042-l07l5jl8r3v54r15k12hp7vev9dor6r7.apps.googleusercontent.com, name=Павел Королев, exp=2025-03-29T14:18:42Z, family_name=Королев, iat=2025-03-29T13:18:42Z, email=passapdom@gmail.com}], Credentials=[PROTECTED], Authenticated=true, Details=WebAuthenticationDetails [RemoteIpAddress=0:0:0:0:0:0:0:1, SessionId=8DFF66E95DC7AFD2B9F4EF4E9B84AA78], Granted Authorities=[OIDC_USER, SCOPE_https://www.googleapis.com/auth/userinfo.email, SCOPE_https://www.googleapis.com/auth/userinfo.profile, SCOPE_openid]]]
2025-03-29 16:18:43 [http-nio-8080-exec-4] [DEBUG] o.s.s.w.a.i.FilterSecurityInterceptor - Authorized filter invocation [GET /images/advertisementSale/6d439031-8c11-4cfd-9007-7047bd94ec62_photo_2024-12-23_22-18-10.jpg] with attributes [permitAll]
2025-03-29 16:18:43 [http-nio-8080-exec-4] [DEBUG] o.s.security.web.FilterChainProxy - Secured GET /images/advertisementSale/6d439031-8c11-4cfd-9007-7047bd94ec62_photo_2024-12-23_22-18-10.jpg
2025-03-29 16:18:43 [http-nio-8080-exec-1] [DEBUG] o.s.security.web.FilterChainProxy - Securing GET /images/advertisementSale/2703da27-c848-4e9d-a261-4d33ee79f79c_photo_2024-12-23_22-17-59.jpg
2025-03-29 16:18:43 [http-nio-8080-exec-5] [DEBUG] o.s.s.w.c.HttpSessionSecurityContextRepository - Retrieved SecurityContextImpl [Authentication=OAuth2AuthenticationToken [Principal=Name: [107234087105093742255], Granted Authorities: [[OIDC_USER, SCOPE_https://www.googleapis.com/auth/userinfo.email, SCOPE_https://www.googleapis.com/auth/userinfo.profile, SCOPE_openid]], User Attributes: [{at_hash=1VExUaipxbHJPOq2woH6XA, sub=107234087105093742255, email_verified=true, iss=https://accounts.google.com, given_name=Павел, nonce=1Fkrakh8S3zUi-FCNG2U76SOz7RA6tLESHxLDcdNpUE, picture=https://lh3.googleusercontent.com/a/ACg8ocJJoh9jonlTH61VWgvXCiXb0zCDjifGZZtZ30sCErS3N5ntDw=s96-c, aud=[909915657042-l07l5jl8r3v54r15k12hp7vev9dor6r7.apps.googleusercontent.com], azp=909915657042-l07l5jl8r3v54r15k12hp7vev9dor6r7.apps.googleusercontent.com, name=Павел Королев, exp=2025-03-29T14:18:42Z, family_name=Королев, iat=2025-03-29T13:18:42Z, email=passapdom@gmail.com}], Credentials=[PROTECTED], Authenticated=true, Details=WebAuthenticationDetails [RemoteIpAddress=0:0:0:0:0:0:0:1, SessionId=8DFF66E95DC7AFD2B9F4EF4E9B84AA78], Granted Authorities=[OIDC_USER, SCOPE_https://www.googleapis.com/auth/userinfo.email, SCOPE_https://www.googleapis.com/auth/userinfo.profile, SCOPE_openid]]]
2025-03-29 16:18:43 [http-nio-8080-exec-1] [DEBUG] o.s.s.w.c.HttpSessionSecurityContextRepository - Retrieved SecurityContextImpl [Authentication=OAuth2AuthenticationToken [Principal=Name: [107234087105093742255], Granted Authorities: [[OIDC_USER, SCOPE_https://www.googleapis.com/auth/userinfo.email, SCOPE_https://www.googleapis.com/auth/userinfo.profile, SCOPE_openid]], User Attributes: [{at_hash=1VExUaipxbHJPOq2woH6XA, sub=107234087105093742255, email_verified=true, iss=https://accounts.google.com, given_name=Павел, nonce=1Fkrakh8S3zUi-FCNG2U76SOz7RA6tLESHxLDcdNpUE, picture=https://lh3.googleusercontent.com/a/ACg8ocJJoh9jonlTH61VWgvXCiXb0zCDjifGZZtZ30sCErS3N5ntDw=s96-c, aud=[909915657042-l07l5jl8r3v54r15k12hp7vev9dor6r7.apps.googleusercontent.com], azp=909915657042-l07l5jl8r3v54r15k12hp7vev9dor6r7.apps.googleusercontent.com, name=Павел Королев, exp=2025-03-29T14:18:42Z, family_name=Королев, iat=2025-03-29T13:18:42Z, email=passapdom@gmail.com}], Credentials=[PROTECTED], Authenticated=true, Details=WebAuthenticationDetails [RemoteIpAddress=0:0:0:0:0:0:0:1, SessionId=8DFF66E95DC7AFD2B9F4EF4E9B84AA78], Granted Authorities=[OIDC_USER, SCOPE_https://www.googleapis.com/auth/userinfo.email, SCOPE_https://www.googleapis.com/auth/userinfo.profile, SCOPE_openid]]]
2025-03-29 16:18:43 [http-nio-8080-exec-1] [DEBUG] o.s.s.w.a.i.FilterSecurityInterceptor - Authorized filter invocation [GET /images/advertisementSale/2703da27-c848-4e9d-a261-4d33ee79f79c_photo_2024-12-23_22-17-59.jpg] with attributes [permitAll]
2025-03-29 16:18:43 [http-nio-8080-exec-5] [DEBUG] o.s.s.w.a.i.FilterSecurityInterceptor - Authorized filter invocation [GET /images/advertisementSale/15c13dfd-2da8-4565-ae8d-d9857bb9f550_photo_2024-12-23_22-17-54.jpg] with attributes [permitAll]
2025-03-29 16:18:43 [http-nio-8080-exec-1] [DEBUG] o.s.security.web.FilterChainProxy - Secured GET /images/advertisementSale/2703da27-c848-4e9d-a261-4d33ee79f79c_photo_2024-12-23_22-17-59.jpg
2025-03-29 16:18:43 [http-nio-8080-exec-5] [DEBUG] o.s.security.web.FilterChainProxy - Secured GET /images/advertisementSale/15c13dfd-2da8-4565-ae8d-d9857bb9f550_photo_2024-12-23_22-17-54.jpg
2025-03-29 16:18:43 [http-nio-8080-exec-7] [DEBUG] o.s.security.web.FilterChainProxy - Securing GET /images/advertisementRent/75e9e80d-1f5c-4f46-bdc7-d790f75f756f_photo_2024-12-23_22-18-01.jpg
2025-03-29 16:18:43 [http-nio-8080-exec-8] [DEBUG] o.s.security.web.FilterChainProxy - Securing GET /images/advertisementSale/e63bba72-f8b1-4ec8-b621-657fbcd7b1e3_kozelsk.jpg
2025-03-29 16:18:43 [http-nio-8080-exec-8] [DEBUG] o.s.s.w.c.HttpSessionSecurityContextRepository - Retrieved SecurityContextImpl [Authentication=OAuth2AuthenticationToken [Principal=Name: [107234087105093742255], Granted Authorities: [[OIDC_USER, SCOPE_https://www.googleapis.com/auth/userinfo.email, SCOPE_https://www.googleapis.com/auth/userinfo.profile, SCOPE_openid]], User Attributes: [{at_hash=1VExUaipxbHJPOq2woH6XA, sub=107234087105093742255, email_verified=true, iss=https://accounts.google.com, given_name=Павел, nonce=1Fkrakh8S3zUi-FCNG2U76SOz7RA6tLESHxLDcdNpUE, picture=https://lh3.googleusercontent.com/a/ACg8ocJJoh9jonlTH61VWgvXCiXb0zCDjifGZZtZ30sCErS3N5ntDw=s96-c, aud=[909915657042-l07l5jl8r3v54r15k12hp7vev9dor6r7.apps.googleusercontent.com], azp=909915657042-l07l5jl8r3v54r15k12hp7vev9dor6r7.apps.googleusercontent.com, name=Павел Королев, exp=2025-03-29T14:18:42Z, family_name=Королев, iat=2025-03-29T13:18:42Z, email=passapdom@gmail.com}], Credentials=[PROTECTED], Authenticated=true, Details=WebAuthenticationDetails [RemoteIpAddress=0:0:0:0:0:0:0:1, SessionId=8DFF66E95DC7AFD2B9F4EF4E9B84AA78], Granted Authorities=[OIDC_USER, SCOPE_https://www.googleapis.com/auth/userinfo.email, SCOPE_https://www.googleapis.com/auth/userinfo.profile, SCOPE_openid]]]
2025-03-29 16:18:43 [http-nio-8080-exec-8] [DEBUG] o.s.s.w.a.i.FilterSecurityInterceptor - Authorized filter invocation [GET /images/advertisementSale/e63bba72-f8b1-4ec8-b621-657fbcd7b1e3_kozelsk.jpg] with attributes [permitAll]
2025-03-29 16:18:43 [http-nio-8080-exec-8] [DEBUG] o.s.security.web.FilterChainProxy - Secured GET /images/advertisementSale/e63bba72-f8b1-4ec8-b621-657fbcd7b1e3_kozelsk.jpg
2025-03-29 16:18:43 [http-nio-8080-exec-7] [DEBUG] o.s.s.w.c.HttpSessionSecurityContextRepository - Retrieved SecurityContextImpl [Authentication=OAuth2AuthenticationToken [Principal=Name: [107234087105093742255], Granted Authorities: [[OIDC_USER, SCOPE_https://www.googleapis.com/auth/userinfo.email, SCOPE_https://www.googleapis.com/auth/userinfo.profile, SCOPE_openid]], User Attributes: [{at_hash=1VExUaipxbHJPOq2woH6XA, sub=107234087105093742255, email_verified=true, iss=https://accounts.google.com, given_name=Павел, nonce=1Fkrakh8S3zUi-FCNG2U76SOz7RA6tLESHxLDcdNpUE, picture=https://lh3.googleusercontent.com/a/ACg8ocJJoh9jonlTH61VWgvXCiXb0zCDjifGZZtZ30sCErS3N5ntDw=s96-c, aud=[909915657042-l07l5jl8r3v54r15k12hp7vev9dor6r7.apps.googleusercontent.com], azp=909915657042-l07l5jl8r3v54r15k12hp7vev9dor6r7.apps.googleusercontent.com, name=Павел Королев, exp=2025-03-29T14:18:42Z, family_name=Королев, iat=2025-03-29T13:18:42Z, email=passapdom@gmail.com}], Credentials=[PROTECTED], Authenticated=true, Details=WebAuthenticationDetails [RemoteIpAddress=0:0:0:0:0:0:0:1, SessionId=8DFF66E95DC7AFD2B9F4EF4E9B84AA78], Granted Authorities=[OIDC_USER, SCOPE_https://www.googleapis.com/auth/userinfo.email, SCOPE_https://www.googleapis.com/auth/userinfo.profile, SCOPE_openid]]]
2025-03-29 16:18:43 [http-nio-8080-exec-3] [DEBUG] o.s.security.web.FilterChainProxy - Securing GET /images/advertisementRent/0a1031cd-43b5-4402-87eb-04fa80f00918_photo_2024-12-23_22-18-03.jpg
2025-03-29 16:18:43 [http-nio-8080-exec-7] [DEBUG] o.s.s.w.a.i.FilterSecurityInterceptor - Authorized filter invocation [GET /images/advertisementRent/75e9e80d-1f5c-4f46-bdc7-d790f75f756f_photo_2024-12-23_22-18-01.jpg] with attributes [permitAll]
2025-03-29 16:18:43 [http-nio-8080-exec-7] [DEBUG] o.s.security.web.FilterChainProxy - Secured GET /images/advertisementRent/75e9e80d-1f5c-4f46-bdc7-d790f75f756f_photo_2024-12-23_22-18-01.jpg
2025-03-29 16:18:43 [http-nio-8080-exec-3] [DEBUG] o.s.s.w.c.HttpSessionSecurityContextRepository - Retrieved SecurityContextImpl [Authentication=OAuth2AuthenticationToken [Principal=Name: [107234087105093742255], Granted Authorities: [[OIDC_USER, SCOPE_https://www.googleapis.com/auth/userinfo.email, SCOPE_https://www.googleapis.com/auth/userinfo.profile, SCOPE_openid]], User Attributes: [{at_hash=1VExUaipxbHJPOq2woH6XA, sub=107234087105093742255, email_verified=true, iss=https://accounts.google.com, given_name=Павел, nonce=1Fkrakh8S3zUi-FCNG2U76SOz7RA6tLESHxLDcdNpUE, picture=https://lh3.googleusercontent.com/a/ACg8ocJJoh9jonlTH61VWgvXCiXb0zCDjifGZZtZ30sCErS3N5ntDw=s96-c, aud=[909915657042-l07l5jl8r3v54r15k12hp7vev9dor6r7.apps.googleusercontent.com], azp=909915657042-l07l5jl8r3v54r15k12hp7vev9dor6r7.apps.googleusercontent.com, name=Павел Королев, exp=2025-03-29T14:18:42Z, family_name=Королев, iat=2025-03-29T13:18:42Z, email=passapdom@gmail.com}], Credentials=[PROTECTED], Authenticated=true, Details=WebAuthenticationDetails [RemoteIpAddress=0:0:0:0:0:0:0:1, SessionId=8DFF66E95DC7AFD2B9F4EF4E9B84AA78], Granted Authorities=[OIDC_USER, SCOPE_https://www.googleapis.com/auth/userinfo.email, SCOPE_https://www.googleapis.com/auth/userinfo.profile, SCOPE_openid]]]
2025-03-29 16:18:43 [http-nio-8080-exec-3] [DEBUG] o.s.s.w.a.i.FilterSecurityInterceptor - Authorized filter invocation [GET /images/advertisementRent/0a1031cd-43b5-4402-87eb-04fa80f00918_photo_2024-12-23_22-18-03.jpg] with attributes [permitAll]
2025-03-29 16:18:43 [http-nio-8080-exec-3] [DEBUG] o.s.security.web.FilterChainProxy - Secured GET /images/advertisementRent/0a1031cd-43b5-4402-87eb-04fa80f00918_photo_2024-12-23_22-18-03.jpg
2025-03-29 16:18:43 [http-nio-8080-exec-2] [DEBUG] o.s.security.web.FilterChainProxy - Securing GET /images/advertisementRent/da667149-470d-4844-94d9-c5a37db0ed63_photo_2024-12-23_22-18-05.jpg
2025-03-29 16:18:43 [http-nio-8080-exec-9] [DEBUG] o.s.security.web.FilterChainProxy - Securing GET /images/advertisementRent/b02c42b7-b608-4169-93f2-7ad28d186517_photo_2024-12-23_22-18-01.jpg
2025-03-29 16:18:43 [http-nio-8080-exec-2] [DEBUG] o.s.s.w.c.HttpSessionSecurityContextRepository - Retrieved SecurityContextImpl [Authentication=OAuth2AuthenticationToken [Principal=Name: [107234087105093742255], Granted Authorities: [[OIDC_USER, SCOPE_https://www.googleapis.com/auth/userinfo.email, SCOPE_https://www.googleapis.com/auth/userinfo.profile, SCOPE_openid]], User Attributes: [{at_hash=1VExUaipxbHJPOq2woH6XA, sub=107234087105093742255, email_verified=true, iss=https://accounts.google.com, given_name=Павел, nonce=1Fkrakh8S3zUi-FCNG2U76SOz7RA6tLESHxLDcdNpUE, picture=https://lh3.googleusercontent.com/a/ACg8ocJJoh9jonlTH61VWgvXCiXb0zCDjifGZZtZ30sCErS3N5ntDw=s96-c, aud=[909915657042-l07l5jl8r3v54r15k12hp7vev9dor6r7.apps.googleusercontent.com], azp=909915657042-l07l5jl8r3v54r15k12hp7vev9dor6r7.apps.googleusercontent.com, name=Павел Королев, exp=2025-03-29T14:18:42Z, family_name=Королев, iat=2025-03-29T13:18:42Z, email=passapdom@gmail.com}], Credentials=[PROTECTED], Authenticated=true, Details=WebAuthenticationDetails [RemoteIpAddress=0:0:0:0:0:0:0:1, SessionId=8DFF66E95DC7AFD2B9F4EF4E9B84AA78], Granted Authorities=[OIDC_USER, SCOPE_https://www.googleapis.com/auth/userinfo.email, SCOPE_https://www.googleapis.com/auth/userinfo.profile, SCOPE_openid]]]
2025-03-29 16:18:43 [http-nio-8080-exec-9] [DEBUG] o.s.s.w.c.HttpSessionSecurityContextRepository - Retrieved SecurityContextImpl [Authentication=OAuth2AuthenticationToken [Principal=Name: [107234087105093742255], Granted Authorities: [[OIDC_USER, SCOPE_https://www.googleapis.com/auth/userinfo.email, SCOPE_https://www.googleapis.com/auth/userinfo.profile, SCOPE_openid]], User Attributes: [{at_hash=1VExUaipxbHJPOq2woH6XA, sub=107234087105093742255, email_verified=true, iss=https://accounts.google.com, given_name=Павел, nonce=1Fkrakh8S3zUi-FCNG2U76SOz7RA6tLESHxLDcdNpUE, picture=https://lh3.googleusercontent.com/a/ACg8ocJJoh9jonlTH61VWgvXCiXb0zCDjifGZZtZ30sCErS3N5ntDw=s96-c, aud=[909915657042-l07l5jl8r3v54r15k12hp7vev9dor6r7.apps.googleusercontent.com], azp=909915657042-l07l5jl8r3v54r15k12hp7vev9dor6r7.apps.googleusercontent.com, name=Павел Королев, exp=2025-03-29T14:18:42Z, family_name=Королев, iat=2025-03-29T13:18:42Z, email=passapdom@gmail.com}], Credentials=[PROTECTED], Authenticated=true, Details=WebAuthenticationDetails [RemoteIpAddress=0:0:0:0:0:0:0:1, SessionId=8DFF66E95DC7AFD2B9F4EF4E9B84AA78], Granted Authorities=[OIDC_USER, SCOPE_https://www.googleapis.com/auth/userinfo.email, SCOPE_https://www.googleapis.com/auth/userinfo.profile, SCOPE_openid]]]
2025-03-29 16:18:43 [http-nio-8080-exec-6] [DEBUG] o.s.security.web.FilterChainProxy - Securing GET /images/advertisementRent/809047fb-7261-497f-b19e-b208d4480210_photo_2024-12-23_22-17-57.jpg
2025-03-29 16:18:43 [http-nio-8080-exec-2] [DEBUG] o.s.s.w.a.i.FilterSecurityInterceptor - Authorized filter invocation [GET /images/advertisementRent/da667149-470d-4844-94d9-c5a37db0ed63_photo_2024-12-23_22-18-05.jpg] with attributes [permitAll]
2025-03-29 16:18:43 [http-nio-8080-exec-9] [DEBUG] o.s.s.w.a.i.FilterSecurityInterceptor - Authorized filter invocation [GET /images/advertisementRent/b02c42b7-b608-4169-93f2-7ad28d186517_photo_2024-12-23_22-18-01.jpg] with attributes [permitAll]
2025-03-29 16:18:43 [http-nio-8080-exec-2] [DEBUG] o.s.security.web.FilterChainProxy - Secured GET /images/advertisementRent/da667149-470d-4844-94d9-c5a37db0ed63_photo_2024-12-23_22-18-05.jpg
2025-03-29 16:18:43 [http-nio-8080-exec-9] [DEBUG] o.s.security.web.FilterChainProxy - Secured GET /images/advertisementRent/b02c42b7-b608-4169-93f2-7ad28d186517_photo_2024-12-23_22-18-01.jpg
2025-03-29 16:18:43 [http-nio-8080-exec-6] [DEBUG] o.s.s.w.c.HttpSessionSecurityContextRepository - Retrieved SecurityContextImpl [Authentication=OAuth2AuthenticationToken [Principal=Name: [107234087105093742255], Granted Authorities: [[OIDC_USER, SCOPE_https://www.googleapis.com/auth/userinfo.email, SCOPE_https://www.googleapis.com/auth/userinfo.profile, SCOPE_openid]], User Attributes: [{at_hash=1VExUaipxbHJPOq2woH6XA, sub=107234087105093742255, email_verified=true, iss=https://accounts.google.com, given_name=Павел, nonce=1Fkrakh8S3zUi-FCNG2U76SOz7RA6tLESHxLDcdNpUE, picture=https://lh3.googleusercontent.com/a/ACg8ocJJoh9jonlTH61VWgvXCiXb0zCDjifGZZtZ30sCErS3N5ntDw=s96-c, aud=[909915657042-l07l5jl8r3v54r15k12hp7vev9dor6r7.apps.googleusercontent.com], azp=909915657042-l07l5jl8r3v54r15k12hp7vev9dor6r7.apps.googleusercontent.com, name=Павел Королев, exp=2025-03-29T14:18:42Z, family_name=Королев, iat=2025-03-29T13:18:42Z, email=passapdom@gmail.com}], Credentials=[PROTECTED], Authenticated=true, Details=WebAuthenticationDetails [RemoteIpAddress=0:0:0:0:0:0:0:1, SessionId=8DFF66E95DC7AFD2B9F4EF4E9B84AA78], Granted Authorities=[OIDC_USER, SCOPE_https://www.googleapis.com/auth/userinfo.email, SCOPE_https://www.googleapis.com/auth/userinfo.profile, SCOPE_openid]]]
2025-03-29 16:18:43 [http-nio-8080-exec-6] [DEBUG] o.s.s.w.a.i.FilterSecurityInterceptor - Authorized filter invocation [GET /images/advertisementRent/809047fb-7261-497f-b19e-b208d4480210_photo_2024-12-23_22-17-57.jpg] with attributes [permitAll]
2025-03-29 16:18:43 [http-nio-8080-exec-6] [DEBUG] o.s.security.web.FilterChainProxy - Secured GET /images/advertisementRent/809047fb-7261-497f-b19e-b208d4480210_photo_2024-12-23_22-17-57.jpg
2025-03-29 16:20:39 [http-nio-8080-exec-3] [DEBUG] o.s.security.web.FilterChainProxy - Securing POST /logout
2025-03-29 16:20:39 [http-nio-8080-exec-3] [DEBUG] o.s.s.w.c.HttpSessionSecurityContextRepository - Retrieved SecurityContextImpl [Authentication=OAuth2AuthenticationToken [Principal=Name: [107234087105093742255], Granted Authorities: [[OIDC_USER, SCOPE_https://www.googleapis.com/auth/userinfo.email, SCOPE_https://www.googleapis.com/auth/userinfo.profile, SCOPE_openid]], User Attributes: [{at_hash=1VExUaipxbHJPOq2woH6XA, sub=107234087105093742255, email_verified=true, iss=https://accounts.google.com, given_name=Павел, nonce=1Fkrakh8S3zUi-FCNG2U76SOz7RA6tLESHxLDcdNpUE, picture=https://lh3.googleusercontent.com/a/ACg8ocJJoh9jonlTH61VWgvXCiXb0zCDjifGZZtZ30sCErS3N5ntDw=s96-c, aud=[909915657042-l07l5jl8r3v54r15k12hp7vev9dor6r7.apps.googleusercontent.com], azp=909915657042-l07l5jl8r3v54r15k12hp7vev9dor6r7.apps.googleusercontent.com, name=Павел Королев, exp=2025-03-29T14:18:42Z, family_name=Королев, iat=2025-03-29T13:18:42Z, email=passapdom@gmail.com}], Credentials=[PROTECTED], Authenticated=true, Details=WebAuthenticationDetails [RemoteIpAddress=0:0:0:0:0:0:0:1, SessionId=8DFF66E95DC7AFD2B9F4EF4E9B84AA78], Granted Authorities=[OIDC_USER, SCOPE_https://www.googleapis.com/auth/userinfo.email, SCOPE_https://www.googleapis.com/auth/userinfo.profile, SCOPE_openid]]]
2025-03-29 16:20:39 [http-nio-8080-exec-3] [DEBUG] o.s.s.w.a.logout.LogoutFilter - Logging out [OAuth2AuthenticationToken [Principal=Name: [107234087105093742255], Granted Authorities: [[OIDC_USER, SCOPE_https://www.googleapis.com/auth/userinfo.email, SCOPE_https://www.googleapis.com/auth/userinfo.profile, SCOPE_openid]], User Attributes: [{at_hash=1VExUaipxbHJPOq2woH6XA, sub=107234087105093742255, email_verified=true, iss=https://accounts.google.com, given_name=Павел, nonce=1Fkrakh8S3zUi-FCNG2U76SOz7RA6tLESHxLDcdNpUE, picture=https://lh3.googleusercontent.com/a/ACg8ocJJoh9jonlTH61VWgvXCiXb0zCDjifGZZtZ30sCErS3N5ntDw=s96-c, aud=[909915657042-l07l5jl8r3v54r15k12hp7vev9dor6r7.apps.googleusercontent.com], azp=909915657042-l07l5jl8r3v54r15k12hp7vev9dor6r7.apps.googleusercontent.com, name=Павел Королев, exp=2025-03-29T14:18:42Z, family_name=Королев, iat=2025-03-29T13:18:42Z, email=passapdom@gmail.com}], Credentials=[PROTECTED], Authenticated=true, Details=WebAuthenticationDetails [RemoteIpAddress=0:0:0:0:0:0:0:1, SessionId=8DFF66E95DC7AFD2B9F4EF4E9B84AA78], Granted Authorities=[OIDC_USER, SCOPE_https://www.googleapis.com/auth/userinfo.email, SCOPE_https://www.googleapis.com/auth/userinfo.profile, SCOPE_openid]]]
2025-03-29 16:20:39 [http-nio-8080-exec-3] [DEBUG] o.s.s.w.a.l.SecurityContextLogoutHandler - Invalidated session 0BC44D2D0972482481CE54BDC24CA0CF
2025-03-29 16:20:39 [http-nio-8080-exec-3] [DEBUG] o.s.s.web.DefaultRedirectStrategy - Redirecting to /realty
2025-03-29 16:20:39 [http-nio-8080-exec-9] [DEBUG] o.s.security.web.FilterChainProxy - Securing GET /realty
2025-03-29 16:20:39 [http-nio-8080-exec-9] [DEBUG] o.s.s.w.a.AnonymousAuthenticationFilter - Set SecurityContextHolder to anonymous SecurityContext
2025-03-29 16:20:39 [http-nio-8080-exec-9] [DEBUG] o.s.s.w.a.i.FilterSecurityInterceptor - Authorized filter invocation [GET /realty] with attributes [permitAll]
2025-03-29 16:20:39 [http-nio-8080-exec-9] [DEBUG] o.s.security.web.FilterChainProxy - Secured GET /realty
2025-03-29 16:20:39 [http-nio-8080-exec-2] [DEBUG] o.s.security.web.FilterChainProxy - Securing GET /css/styles.css
2025-03-29 16:20:39 [http-nio-8080-exec-2] [DEBUG] o.s.s.w.a.AnonymousAuthenticationFilter - Set SecurityContextHolder to anonymous SecurityContext
2025-03-29 16:20:39 [http-nio-8080-exec-2] [DEBUG] o.s.s.w.a.i.FilterSecurityInterceptor - Authorized filter invocation [GET /css/styles.css] with attributes [permitAll]
2025-03-29 16:20:39 [http-nio-8080-exec-2] [DEBUG] o.s.security.web.FilterChainProxy - Secured GET /css/styles.css
2025-03-29 16:20:39 [http-nio-8080-exec-6] [DEBUG] o.s.security.web.FilterChainProxy - Securing GET /img/logo_alliance.png
2025-03-29 16:20:39 [http-nio-8080-exec-6] [DEBUG] o.s.s.w.a.AnonymousAuthenticationFilter - Set SecurityContextHolder to anonymous SecurityContext
2025-03-29 16:20:39 [http-nio-8080-exec-6] [DEBUG] o.s.s.w.a.i.FilterSecurityInterceptor - Authorized filter invocation [GET /img/logo_alliance.png] with attributes [permitAll]
2025-03-29 16:20:39 [http-nio-8080-exec-6] [DEBUG] o.s.security.web.FilterChainProxy - Secured GET /img/logo_alliance.png
2025-03-29 16:20:39 [http-nio-8080-exec-4] [DEBUG] o.s.security.web.FilterChainProxy - Securing GET /img/agency.jpg
2025-03-29 16:20:39 [http-nio-8080-exec-10] [DEBUG] o.s.security.web.FilterChainProxy - Securing GET /images/advertisementSale/d4315efc-c703-4501-a94b-81ff7ce200a0_photo_2024-12-23_22-17-59.jpg
2025-03-29 16:20:39 [http-nio-8080-exec-10] [DEBUG] o.s.s.w.a.AnonymousAuthenticationFilter - Set SecurityContextHolder to anonymous SecurityContext
2025-03-29 16:20:39 [http-nio-8080-exec-4] [DEBUG] o.s.s.w.a.AnonymousAuthenticationFilter - Set SecurityContextHolder to anonymous SecurityContext
2025-03-29 16:20:39 [http-nio-8080-exec-10] [DEBUG] o.s.s.w.a.i.FilterSecurityInterceptor - Authorized filter invocation [GET /images/advertisementSale/d4315efc-c703-4501-a94b-81ff7ce200a0_photo_2024-12-23_22-17-59.jpg] with attributes [permitAll]
2025-03-29 16:20:39 [http-nio-8080-exec-4] [DEBUG] o.s.s.w.a.i.FilterSecurityInterceptor - Authorized filter invocation [GET /img/agency.jpg] with attributes [permitAll]
2025-03-29 16:20:39 [http-nio-8080-exec-1] [DEBUG] o.s.security.web.FilterChainProxy - Securing GET /images/advertisementSale/f59acdf2-baf6-4bc0-b36b-35e41bacd18b_photo_2024-12-23_22-17-54.jpg
2025-03-29 16:20:39 [http-nio-8080-exec-10] [DEBUG] o.s.security.web.FilterChainProxy - Secured GET /images/advertisementSale/d4315efc-c703-4501-a94b-81ff7ce200a0_photo_2024-12-23_22-17-59.jpg
2025-03-29 16:20:39 [http-nio-8080-exec-4] [DEBUG] o.s.security.web.FilterChainProxy - Secured GET /img/agency.jpg
2025-03-29 16:20:39 [http-nio-8080-exec-1] [DEBUG] o.s.s.w.a.AnonymousAuthenticationFilter - Set SecurityContextHolder to anonymous SecurityContext
2025-03-29 16:20:39 [http-nio-8080-exec-1] [DEBUG] o.s.s.w.a.i.FilterSecurityInterceptor - Authorized filter invocation [GET /images/advertisementSale/f59acdf2-baf6-4bc0-b36b-35e41bacd18b_photo_2024-12-23_22-17-54.jpg] with attributes [permitAll]
2025-03-29 16:20:39 [http-nio-8080-exec-1] [DEBUG] o.s.security.web.FilterChainProxy - Secured GET /images/advertisementSale/f59acdf2-baf6-4bc0-b36b-35e41bacd18b_photo_2024-12-23_22-17-54.jpg
2025-03-29 16:20:39 [http-nio-8080-exec-5] [DEBUG] o.s.security.web.FilterChainProxy - Securing GET /images/advertisementSale/199952c8-f50d-4f4d-bedc-5c44f013ee64_Снимок экрана (6).png
2025-03-29 16:20:39 [http-nio-8080-exec-5] [DEBUG] o.s.s.w.a.AnonymousAuthenticationFilter - Set SecurityContextHolder to anonymous SecurityContext
2025-03-29 16:20:39 [http-nio-8080-exec-5] [DEBUG] o.s.s.w.a.i.FilterSecurityInterceptor - Authorized filter invocation [GET /images/advertisementSale/199952c8-f50d-4f4d-bedc-5c44f013ee64_Снимок экрана (6).png] with attributes [permitAll]
2025-03-29 16:20:39 [http-nio-8080-exec-5] [DEBUG] o.s.security.web.FilterChainProxy - Secured GET /images/advertisementSale/199952c8-f50d-4f4d-bedc-5c44f013ee64_Снимок экрана (6).png
2025-03-29 16:20:39 [http-nio-8080-exec-1] [DEBUG] o.s.security.web.FilterChainProxy - Securing GET /images/advertisementSale/0dab0807-9cf3-481e-9749-99e44f837125_photo_2024-12-23_22-18-04.jpg
2025-03-29 16:20:39 [http-nio-8080-exec-1] [DEBUG] o.s.s.w.a.AnonymousAuthenticationFilter - Set SecurityContextHolder to anonymous SecurityContext
2025-03-29 16:20:39 [http-nio-8080-exec-1] [DEBUG] o.s.s.w.a.i.FilterSecurityInterceptor - Authorized filter invocation [GET /images/advertisementSale/0dab0807-9cf3-481e-9749-99e44f837125_photo_2024-12-23_22-18-04.jpg] with attributes [permitAll]
2025-03-29 16:20:39 [http-nio-8080-exec-1] [DEBUG] o.s.security.web.FilterChainProxy - Secured GET /images/advertisementSale/0dab0807-9cf3-481e-9749-99e44f837125_photo_2024-12-23_22-18-04.jpg
2025-03-29 16:20:39 [http-nio-8080-exec-10] [DEBUG] o.s.security.web.FilterChainProxy - Securing GET /images/advertisementSale/8712f027-90a6-4f31-aeed-9b8fbd323086_Снимок экрана (8).png
2025-03-29 16:20:39 [http-nio-8080-exec-10] [DEBUG] o.s.s.w.a.AnonymousAuthenticationFilter - Set SecurityContextHolder to anonymous SecurityContext
2025-03-29 16:20:39 [http-nio-8080-exec-10] [DEBUG] o.s.s.w.a.i.FilterSecurityInterceptor - Authorized filter invocation [GET /images/advertisementSale/8712f027-90a6-4f31-aeed-9b8fbd323086_Снимок экрана (8).png] with attributes [permitAll]
2025-03-29 16:20:39 [http-nio-8080-exec-10] [DEBUG] o.s.security.web.FilterChainProxy - Secured GET /images/advertisementSale/8712f027-90a6-4f31-aeed-9b8fbd323086_Снимок экрана (8).png
2025-03-29 16:20:39 [http-nio-8080-exec-3] [DEBUG] o.s.security.web.FilterChainProxy - Securing GET /images/placeholder.jpg
2025-03-29 16:20:39 [http-nio-8080-exec-3] [DEBUG] o.s.s.w.a.AnonymousAuthenticationFilter - Set SecurityContextHolder to anonymous SecurityContext
2025-03-29 16:20:39 [http-nio-8080-exec-3] [DEBUG] o.s.s.w.a.i.FilterSecurityInterceptor - Authorized filter invocation [GET /images/placeholder.jpg] with attributes [permitAll]
2025-03-29 16:20:39 [http-nio-8080-exec-3] [DEBUG] o.s.security.web.FilterChainProxy - Secured GET /images/placeholder.jpg
2025-03-29 16:20:39 [http-nio-8080-exec-4] [DEBUG] o.s.security.web.FilterChainProxy - Securing GET /images/advertisementSale/76d213ca-dba5-4b57-88f5-b6b4129f212e_photo_2024-12-23_22-17-54.jpg
2025-03-29 16:20:39 [http-nio-8080-exec-4] [DEBUG] o.s.s.w.a.AnonymousAuthenticationFilter - Set SecurityContextHolder to anonymous SecurityContext
2025-03-29 16:20:39 [http-nio-8080-exec-4] [DEBUG] o.s.s.w.a.i.FilterSecurityInterceptor - Authorized filter invocation [GET /images/advertisementSale/76d213ca-dba5-4b57-88f5-b6b4129f212e_photo_2024-12-23_22-17-54.jpg] with attributes [permitAll]
2025-03-29 16:20:39 [http-nio-8080-exec-4] [DEBUG] o.s.security.web.FilterChainProxy - Secured GET /images/advertisementSale/76d213ca-dba5-4b57-88f5-b6b4129f212e_photo_2024-12-23_22-17-54.jpg
2025-03-29 16:20:39 [http-nio-8080-exec-3] [DEBUG] o.s.security.web.FilterChainProxy - Securing GET /error
2025-03-29 16:20:39 [http-nio-8080-exec-3] [DEBUG] o.s.s.w.a.AnonymousAuthenticationFilter - Set SecurityContextHolder to anonymous SecurityContext
2025-03-29 16:20:39 [http-nio-8080-exec-3] [DEBUG] o.s.s.w.a.i.FilterSecurityInterceptor - Authorized filter invocation [GET /error] with attributes [permitAll]
2025-03-29 16:20:39 [http-nio-8080-exec-3] [DEBUG] o.s.security.web.FilterChainProxy - Secured GET /error
2025-03-29 16:20:39 [http-nio-8080-exec-9] [DEBUG] o.s.security.web.FilterChainProxy - Securing GET /images/advertisementSale/0673bdb4-3423-44e8-8636-a66497d7ab52_photo_2024-12-23_22-18-01.jpg
2025-03-29 16:20:39 [http-nio-8080-exec-9] [DEBUG] o.s.s.w.a.AnonymousAuthenticationFilter - Set SecurityContextHolder to anonymous SecurityContext
2025-03-29 16:20:39 [http-nio-8080-exec-9] [DEBUG] o.s.s.w.a.i.FilterSecurityInterceptor - Authorized filter invocation [GET /images/advertisementSale/0673bdb4-3423-44e8-8636-a66497d7ab52_photo_2024-12-23_22-18-01.jpg] with attributes [permitAll]
2025-03-29 16:20:39 [http-nio-8080-exec-9] [DEBUG] o.s.security.web.FilterChainProxy - Secured GET /images/advertisementSale/0673bdb4-3423-44e8-8636-a66497d7ab52_photo_2024-12-23_22-18-01.jpg
2025-03-29 16:20:39 [http-nio-8080-exec-7] [DEBUG] o.s.security.web.FilterChainProxy - Securing GET /images/advertisementSale/770d16f9-e061-46fc-94e4-17e8e3e3588a_photo_2024-12-23_22-18-11.jpg
2025-03-29 16:20:39 [http-nio-8080-exec-8] [DEBUG] o.s.security.web.FilterChainProxy - Securing GET /images/advertisementSale/15c13dfd-2da8-4565-ae8d-d9857bb9f550_photo_2024-12-23_22-17-54.jpg
2025-03-29 16:20:39 [http-nio-8080-exec-7] [DEBUG] o.s.s.w.a.AnonymousAuthenticationFilter - Set SecurityContextHolder to anonymous SecurityContext
2025-03-29 16:20:39 [http-nio-8080-exec-8] [DEBUG] o.s.s.w.a.AnonymousAuthenticationFilter - Set SecurityContextHolder to anonymous SecurityContext
2025-03-29 16:20:39 [http-nio-8080-exec-8] [DEBUG] o.s.s.w.a.i.FilterSecurityInterceptor - Authorized filter invocation [GET /images/advertisementSale/15c13dfd-2da8-4565-ae8d-d9857bb9f550_photo_2024-12-23_22-17-54.jpg] with attributes [permitAll]
2025-03-29 16:20:39 [http-nio-8080-exec-8] [DEBUG] o.s.security.web.FilterChainProxy - Secured GET /images/advertisementSale/15c13dfd-2da8-4565-ae8d-d9857bb9f550_photo_2024-12-23_22-17-54.jpg
2025-03-29 16:20:39 [http-nio-8080-exec-1] [DEBUG] o.s.security.web.FilterChainProxy - Securing GET /images/advertisementSale/6d439031-8c11-4cfd-9007-7047bd94ec62_photo_2024-12-23_22-18-10.jpg
2025-03-29 16:20:39 [http-nio-8080-exec-6] [DEBUG] o.s.security.web.FilterChainProxy - Securing GET /images/advertisementSale/f11f04c5-71bc-4048-ad70-323ba1188611_Снимок экрана (2).png
2025-03-29 16:20:39 [http-nio-8080-exec-7] [DEBUG] o.s.s.w.a.i.FilterSecurityInterceptor - Authorized filter invocation [GET /images/advertisementSale/770d16f9-e061-46fc-94e4-17e8e3e3588a_photo_2024-12-23_22-18-11.jpg] with attributes [permitAll]
2025-03-29 16:20:39 [http-nio-8080-exec-1] [DEBUG] o.s.s.w.a.AnonymousAuthenticationFilter - Set SecurityContextHolder to anonymous SecurityContext
2025-03-29 16:20:39 [http-nio-8080-exec-6] [DEBUG] o.s.s.w.a.AnonymousAuthenticationFilter - Set SecurityContextHolder to anonymous SecurityContext
2025-03-29 16:20:39 [http-nio-8080-exec-7] [DEBUG] o.s.security.web.FilterChainProxy - Secured GET /images/advertisementSale/770d16f9-e061-46fc-94e4-17e8e3e3588a_photo_2024-12-23_22-18-11.jpg
2025-03-29 16:20:39 [http-nio-8080-exec-6] [DEBUG] o.s.s.w.a.i.FilterSecurityInterceptor - Authorized filter invocation [GET /images/advertisementSale/f11f04c5-71bc-4048-ad70-323ba1188611_Снимок экрана (2).png] with attributes [permitAll]
2025-03-29 16:20:39 [http-nio-8080-exec-6] [DEBUG] o.s.security.web.FilterChainProxy - Secured GET /images/advertisementSale/f11f04c5-71bc-4048-ad70-323ba1188611_Снимок экрана (2).png
2025-03-29 16:20:39 [http-nio-8080-exec-1] [DEBUG] o.s.s.w.a.i.FilterSecurityInterceptor - Authorized filter invocation [GET /images/advertisementSale/6d439031-8c11-4cfd-9007-7047bd94ec62_photo_2024-12-23_22-18-10.jpg] with attributes [permitAll]
2025-03-29 16:20:39 [http-nio-8080-exec-1] [DEBUG] o.s.security.web.FilterChainProxy - Secured GET /images/advertisementSale/6d439031-8c11-4cfd-9007-7047bd94ec62_photo_2024-12-23_22-18-10.jpg
2025-03-29 16:20:39 [http-nio-8080-exec-2] [DEBUG] o.s.security.web.FilterChainProxy - Securing GET /images/advertisementSale/2703da27-c848-4e9d-a261-4d33ee79f79c_photo_2024-12-23_22-17-59.jpg
2025-03-29 16:20:39 [http-nio-8080-exec-4] [DEBUG] o.s.security.web.FilterChainProxy - Securing GET /images/advertisementSale/e63bba72-f8b1-4ec8-b621-657fbcd7b1e3_kozelsk.jpg
2025-03-29 16:20:39 [http-nio-8080-exec-4] [DEBUG] o.s.s.w.a.AnonymousAuthenticationFilter - Set SecurityContextHolder to anonymous SecurityContext
2025-03-29 16:20:39 [http-nio-8080-exec-2] [DEBUG] o.s.s.w.a.AnonymousAuthenticationFilter - Set SecurityContextHolder to anonymous SecurityContext
2025-03-29 16:20:39 [http-nio-8080-exec-2] [DEBUG] o.s.s.w.a.i.FilterSecurityInterceptor - Authorized filter invocation [GET /images/advertisementSale/2703da27-c848-4e9d-a261-4d33ee79f79c_photo_2024-12-23_22-17-59.jpg] with attributes [permitAll]
2025-03-29 16:20:39 [http-nio-8080-exec-2] [DEBUG] o.s.security.web.FilterChainProxy - Secured GET /images/advertisementSale/2703da27-c848-4e9d-a261-4d33ee79f79c_photo_2024-12-23_22-17-59.jpg
2025-03-29 16:20:39 [http-nio-8080-exec-4] [DEBUG] o.s.s.w.a.i.FilterSecurityInterceptor - Authorized filter invocation [GET /images/advertisementSale/e63bba72-f8b1-4ec8-b621-657fbcd7b1e3_kozelsk.jpg] with attributes [permitAll]
2025-03-29 16:20:39 [http-nio-8080-exec-4] [DEBUG] o.s.security.web.FilterChainProxy - Secured GET /images/advertisementSale/e63bba72-f8b1-4ec8-b621-657fbcd7b1e3_kozelsk.jpg
2025-03-29 16:20:39 [http-nio-8080-exec-10] [DEBUG] o.s.security.web.FilterChainProxy - Securing GET /images/advertisementRent/0a1031cd-43b5-4402-87eb-04fa80f00918_photo_2024-12-23_22-18-03.jpg
2025-03-29 16:20:39 [http-nio-8080-exec-5] [DEBUG] o.s.security.web.FilterChainProxy - Securing GET /images/advertisementRent/75e9e80d-1f5c-4f46-bdc7-d790f75f756f_photo_2024-12-23_22-18-01.jpg
2025-03-29 16:20:39 [http-nio-8080-exec-9] [DEBUG] o.s.security.web.FilterChainProxy - Securing GET /images/advertisementRent/b02c42b7-b608-4169-93f2-7ad28d186517_photo_2024-12-23_22-18-01.jpg
2025-03-29 16:20:39 [http-nio-8080-exec-10] [DEBUG] o.s.s.w.a.AnonymousAuthenticationFilter - Set SecurityContextHolder to anonymous SecurityContext
2025-03-29 16:20:39 [http-nio-8080-exec-5] [DEBUG] o.s.s.w.a.AnonymousAuthenticationFilter - Set SecurityContextHolder to anonymous SecurityContext
2025-03-29 16:20:39 [http-nio-8080-exec-9] [DEBUG] o.s.s.w.a.AnonymousAuthenticationFilter - Set SecurityContextHolder to anonymous SecurityContext
2025-03-29 16:20:39 [http-nio-8080-exec-9] [DEBUG] o.s.s.w.a.i.FilterSecurityInterceptor - Authorized filter invocation [GET /images/advertisementRent/b02c42b7-b608-4169-93f2-7ad28d186517_photo_2024-12-23_22-18-01.jpg] with attributes [permitAll]
2025-03-29 16:20:39 [http-nio-8080-exec-10] [DEBUG] o.s.s.w.a.i.FilterSecurityInterceptor - Authorized filter invocation [GET /images/advertisementRent/0a1031cd-43b5-4402-87eb-04fa80f00918_photo_2024-12-23_22-18-03.jpg] with attributes [permitAll]
2025-03-29 16:20:39 [http-nio-8080-exec-9] [DEBUG] o.s.security.web.FilterChainProxy - Secured GET /images/advertisementRent/b02c42b7-b608-4169-93f2-7ad28d186517_photo_2024-12-23_22-18-01.jpg
2025-03-29 16:20:39 [http-nio-8080-exec-5] [DEBUG] o.s.s.w.a.i.FilterSecurityInterceptor - Authorized filter invocation [GET /images/advertisementRent/75e9e80d-1f5c-4f46-bdc7-d790f75f756f_photo_2024-12-23_22-18-01.jpg] with attributes [permitAll]
2025-03-29 16:20:39 [http-nio-8080-exec-5] [DEBUG] o.s.security.web.FilterChainProxy - Secured GET /images/advertisementRent/75e9e80d-1f5c-4f46-bdc7-d790f75f756f_photo_2024-12-23_22-18-01.jpg
2025-03-29 16:20:39 [http-nio-8080-exec-8] [DEBUG] o.s.security.web.FilterChainProxy - Securing GET /images/advertisementRent/809047fb-7261-497f-b19e-b208d4480210_photo_2024-12-23_22-17-57.jpg
2025-03-29 16:20:39 [http-nio-8080-exec-10] [DEBUG] o.s.security.web.FilterChainProxy - Secured GET /images/advertisementRent/0a1031cd-43b5-4402-87eb-04fa80f00918_photo_2024-12-23_22-18-03.jpg
2025-03-29 16:20:39 [http-nio-8080-exec-8] [DEBUG] o.s.s.w.a.AnonymousAuthenticationFilter - Set SecurityContextHolder to anonymous SecurityContext
2025-03-29 16:20:39 [http-nio-8080-exec-8] [DEBUG] o.s.s.w.a.i.FilterSecurityInterceptor - Authorized filter invocation [GET /images/advertisementRent/809047fb-7261-497f-b19e-b208d4480210_photo_2024-12-23_22-17-57.jpg] with attributes [permitAll]
2025-03-29 16:20:39 [http-nio-8080-exec-8] [DEBUG] o.s.security.web.FilterChainProxy - Secured GET /images/advertisementRent/809047fb-7261-497f-b19e-b208d4480210_photo_2024-12-23_22-17-57.jpg
2025-03-29 16:20:39 [http-nio-8080-exec-1] [DEBUG] o.s.security.web.FilterChainProxy - Securing GET /images/advertisementRent/da667149-470d-4844-94d9-c5a37db0ed63_photo_2024-12-23_22-18-05.jpg
2025-03-29 16:20:39 [http-nio-8080-exec-1] [DEBUG] o.s.s.w.a.AnonymousAuthenticationFilter - Set SecurityContextHolder to anonymous SecurityContext
2025-03-29 16:20:39 [http-nio-8080-exec-1] [DEBUG] o.s.s.w.a.i.FilterSecurityInterceptor - Authorized filter invocation [GET /images/advertisementRent/da667149-470d-4844-94d9-c5a37db0ed63_photo_2024-12-23_22-18-05.jpg] with attributes [permitAll]
2025-03-29 16:20:39 [http-nio-8080-exec-1] [DEBUG] o.s.security.web.FilterChainProxy - Secured GET /images/advertisementRent/da667149-470d-4844-94d9-c5a37db0ed63_photo_2024-12-23_22-18-05.jpg
2025-03-29 16:20:41 [http-nio-8080-exec-7] [DEBUG] o.s.security.web.FilterChainProxy - Securing GET /registration
2025-03-29 16:20:41 [http-nio-8080-exec-7] [DEBUG] o.s.s.w.a.AnonymousAuthenticationFilter - Set SecurityContextHolder to anonymous SecurityContext
2025-03-29 16:20:41 [http-nio-8080-exec-7] [DEBUG] o.s.s.w.a.i.FilterSecurityInterceptor - Authorized filter invocation [GET /registration] with attributes [permitAll]
2025-03-29 16:20:41 [http-nio-8080-exec-7] [DEBUG] o.s.security.web.FilterChainProxy - Secured GET /registration
2025-03-29 16:21:09 [http-nio-8080-exec-3] [DEBUG] o.s.security.web.FilterChainProxy - Securing POST /registration
2025-03-29 16:21:09 [http-nio-8080-exec-3] [DEBUG] o.s.s.w.a.AnonymousAuthenticationFilter - Set SecurityContextHolder to anonymous SecurityContext
2025-03-29 16:21:09 [http-nio-8080-exec-3] [DEBUG] o.s.s.w.a.i.FilterSecurityInterceptor - Authorized filter invocation [POST /registration] with attributes [permitAll]
2025-03-29 16:21:09 [http-nio-8080-exec-3] [DEBUG] o.s.security.web.FilterChainProxy - Secured POST /registration
2025-03-29 16:21:10 [http-nio-8080-exec-3] [ERROR] o.a.c.c.C.[.[.[.[dispatcherServlet] - Servlet.service() for servlet [dispatcherServlet] in context with path [] threw exception [Request processing failed: java.lang.NullPointerException: Cannot invoke "String.equals(Object)" because the return value of "ru.kozelsk.alliance.models.users.User.getName()" is null] with root cause
java.lang.NullPointerException: Cannot invoke "String.equals(Object)" because the return value of "ru.kozelsk.alliance.models.users.User.getName()" is null
	at ru.kozelsk.alliance.services.users.MyUserDetailsService.registerUser(MyUserDetailsService.java:52)
	at ru.kozelsk.alliance.controllers.users.RegistrationController.registrationUser(RegistrationController.java:39)
	at java.base/jdk.internal.reflect.DirectMethodHandleAccessor.invoke(DirectMethodHandleAccessor.java:103)
	at java.base/java.lang.reflect.Method.invoke(Method.java:580)
	at org.springframework.web.method.support.InvocableHandlerMethod.doInvoke(InvocableHandlerMethod.java:255)
	at org.springframework.web.method.support.InvocableHandlerMethod.invokeForRequest(InvocableHandlerMethod.java:188)
	at org.springframework.web.servlet.mvc.method.annotation.ServletInvocableHandlerMethod.invokeAndHandle(ServletInvocableHandlerMethod.java:118)
	at org.springframework.web.servlet.mvc.method.annotation.RequestMappingHandlerAdapter.invokeHandlerMethod(RequestMappingHandlerAdapter.java:926)
	at org.springframework.web.servlet.mvc.method.annotation.RequestMappingHandlerAdapter.handleInternal(RequestMappingHandlerAdapter.java:831)
	at org.springframework.web.servlet.mvc.method.AbstractHandlerMethodAdapter.handle(AbstractHandlerMethodAdapter.java:87)
	at org.springframework.web.servlet.DispatcherServlet.doDispatch(DispatcherServlet.java:1089)
	at org.springframework.web.servlet.DispatcherServlet.doService(DispatcherServlet.java:979)
	at org.springframework.web.servlet.FrameworkServlet.processRequest(FrameworkServlet.java:1014)
	at org.springframework.web.servlet.FrameworkServlet.doPost(FrameworkServlet.java:914)
	at jakarta.servlet.http.HttpServlet.service(HttpServlet.java:590)
	at org.springframework.web.servlet.FrameworkServlet.service(FrameworkServlet.java:885)
	at jakarta.servlet.http.HttpServlet.service(HttpServlet.java:658)
	at org.apache.catalina.core.ApplicationFilterChain.internalDoFilter(ApplicationFilterChain.java:195)
	at org.apache.catalina.core.ApplicationFilterChain.doFilter(ApplicationFilterChain.java:140)
	at org.apache.tomcat.websocket.server.WsFilter.doFilter(WsFilter.java:51)
	at org.apache.catalina.core.ApplicationFilterChain.internalDoFilter(ApplicationFilterChain.java:164)
	at org.apache.catalina.core.ApplicationFilterChain.doFilter(ApplicationFilterChain.java:140)
	at org.springframework.web.filter.HiddenHttpMethodFilter.doFilterInternal(HiddenHttpMethodFilter.java:91)
	at org.springframework.web.filter.OncePerRequestFilter.doFilter(OncePerRequestFilter.java:116)
	at org.apache.catalina.core.ApplicationFilterChain.internalDoFilter(ApplicationFilterChain.java:164)
	at org.apache.catalina.core.ApplicationFilterChain.doFilter(ApplicationFilterChain.java:140)
	at org.springframework.web.filter.CompositeFilter$VirtualFilterChain.doFilter(CompositeFilter.java:108)
	at org.springframework.security.web.FilterChainProxy.lambda$doFilterInternal$3(FilterChainProxy.java:231)
	at org.springframework.security.web.ObservationFilterChainDecorator$FilterObservation$SimpleFilterObservation.lambda$wrap$1(ObservationFilterChainDecorator.java:479)
	at org.springframework.security.web.ObservationFilterChainDecorator$AroundFilterObservation$SimpleAroundFilterObservation.lambda$wrap$1(ObservationFilterChainDecorator.java:340)
	at org.springframework.security.web.ObservationFilterChainDecorator.lambda$wrapSecured$0(ObservationFilterChainDecorator.java:82)
	at org.springframework.security.web.ObservationFilterChainDecorator$VirtualFilterChain.doFilter(ObservationFilterChainDecorator.java:128)
	at org.springframework.security.web.access.intercept.FilterSecurityInterceptor.invoke(FilterSecurityInterceptor.java:117)
	at org.springframework.security.web.access.intercept.FilterSecurityInterceptor.doFilter(FilterSecurityInterceptor.java:83)
	at org.springframework.security.web.ObservationFilterChainDecorator$ObservationFilter.wrapFilter(ObservationFilterChainDecorator.java:240)
	at org.springframework.security.web.ObservationFilterChainDecorator$ObservationFilter.doFilter(ObservationFilterChainDecorator.java:227)
	at org.springframework.security.web.ObservationFilterChainDecorator$VirtualFilterChain.doFilter(ObservationFilterChainDecorator.java:137)
	at org.springframework.security.web.access.ExceptionTranslationFilter.doFilter(ExceptionTranslationFilter.java:126)
	at org.springframework.security.web.access.ExceptionTranslationFilter.doFilter(ExceptionTranslationFilter.java:120)
	at org.springframework.security.web.ObservationFilterChainDecorator$ObservationFilter.wrapFilter(ObservationFilterChainDecorator.java:240)
	at org.springframework.security.web.ObservationFilterChainDecorator$ObservationFilter.doFilter(ObservationFilterChainDecorator.java:227)
	at org.springframework.security.web.ObservationFilterChainDecorator$VirtualFilterChain.doFilter(ObservationFilterChainDecorator.java:137)
	at org.springframework.security.web.authentication.AnonymousAuthenticationFilter.doFilter(AnonymousAuthenticationFilter.java:100)
	at org.springframework.security.web.ObservationFilterChainDecorator$ObservationFilter.wrapFilter(ObservationFilterChainDecorator.java:240)
	at org.springframework.security.web.ObservationFilterChainDecorator$ObservationFilter.doFilter(ObservationFilterChainDecorator.java:227)
	at org.springframework.security.web.ObservationFilterChainDecorator$VirtualFilterChain.doFilter(ObservationFilterChainDecorator.java:137)
	at org.springframework.security.web.servletapi.SecurityContextHolderAwareRequestFilter.doFilter(SecurityContextHolderAwareRequestFilter.java:179)
	at org.springframework.security.web.ObservationFilterChainDecorator$ObservationFilter.wrapFilter(ObservationFilterChainDecorator.java:240)
	at org.springframework.security.web.ObservationFilterChainDecorator$ObservationFilter.doFilter(ObservationFilterChainDecorator.java:227)
	at org.springframework.security.web.ObservationFilterChainDecorator$VirtualFilterChain.doFilter(ObservationFilterChainDecorator.java:137)
	at org.springframework.security.web.savedrequest.RequestCacheAwareFilter.doFilter(RequestCacheAwareFilter.java:63)
	at org.springframework.security.web.ObservationFilterChainDecorator$ObservationFilter.wrapFilter(ObservationFilterChainDecorator.java:240)
	at org.springframework.security.web.ObservationFilterChainDecorator$ObservationFilter.doFilter(ObservationFilterChainDecorator.java:227)
	at org.springframework.security.web.ObservationFilterChainDecorator$VirtualFilterChain.doFilter(ObservationFilterChainDecorator.java:137)
	at org.springframework.security.web.authentication.AbstractAuthenticationProcessingFilter.doFilter(AbstractAuthenticationProcessingFilter.java:227)
	at org.springframework.security.web.authentication.AbstractAuthenticationProcessingFilter.doFilter(AbstractAuthenticationProcessingFilter.java:221)
	at org.springframework.security.web.ObservationFilterChainDecorator$ObservationFilter.wrapFilter(ObservationFilterChainDecorator.java:240)
	at org.springframework.security.web.ObservationFilterChainDecorator$ObservationFilter.doFilter(ObservationFilterChainDecorator.java:227)
	at org.springframework.security.web.ObservationFilterChainDecorator$VirtualFilterChain.doFilter(ObservationFilterChainDecorator.java:137)
	at org.springframework.security.web.authentication.AbstractAuthenticationProcessingFilter.doFilter(AbstractAuthenticationProcessingFilter.java:227)
	at org.springframework.security.web.authentication.AbstractAuthenticationProcessingFilter.doFilter(AbstractAuthenticationProcessingFilter.java:221)
	at org.springframework.security.web.ObservationFilterChainDecorator$ObservationFilter.wrapFilter(ObservationFilterChainDecorator.java:240)
	at org.springframework.security.web.ObservationFilterChainDecorator$ObservationFilter.doFilter(ObservationFilterChainDecorator.java:227)
	at org.springframework.security.web.ObservationFilterChainDecorator$VirtualFilterChain.doFilter(ObservationFilterChainDecorator.java:137)
	at org.springframework.security.oauth2.client.web.OAuth2AuthorizationRequestRedirectFilter.doFilterInternal(OAuth2AuthorizationRequestRedirectFilter.java:198)
	at org.springframework.web.filter.OncePerRequestFilter.doFilter(OncePerRequestFilter.java:116)
	at org.springframework.security.web.ObservationFilterChainDecorator$ObservationFilter.wrapFilter(ObservationFilterChainDecorator.java:240)
	at org.springframework.security.web.ObservationFilterChainDecorator$ObservationFilter.doFilter(ObservationFilterChainDecorator.java:227)
	at org.springframework.security.web.ObservationFilterChainDecorator$VirtualFilterChain.doFilter(ObservationFilterChainDecorator.java:137)
	at org.springframework.security.web.authentication.logout.LogoutFilter.doFilter(LogoutFilter.java:107)
	at org.springframework.security.web.authentication.logout.LogoutFilter.doFilter(LogoutFilter.java:93)
	at org.springframework.security.web.ObservationFilterChainDecorator$ObservationFilter.wrapFilter(ObservationFilterChainDecorator.java:240)
	at org.springframework.security.web.ObservationFilterChainDecorator$ObservationFilter.doFilter(ObservationFilterChainDecorator.java:227)
	at org.springframework.security.web.ObservationFilterChainDecorator$VirtualFilterChain.doFilter(ObservationFilterChainDecorator.java:137)
	at org.springframework.security.web.header.HeaderWriterFilter.doHeadersAfter(HeaderWriterFilter.java:90)
	at org.springframework.security.web.header.HeaderWriterFilter.doFilterInternal(HeaderWriterFilter.java:75)
	at org.springframework.web.filter.OncePerRequestFilter.doFilter(OncePerRequestFilter.java:116)
	at org.springframework.security.web.ObservationFilterChainDecorator$ObservationFilter.wrapFilter(ObservationFilterChainDecorator.java:240)
	at org.springframework.security.web.ObservationFilterChainDecorator$ObservationFilter.doFilter(ObservationFilterChainDecorator.java:227)
	at org.springframework.security.web.ObservationFilterChainDecorator$VirtualFilterChain.doFilter(ObservationFilterChainDecorator.java:137)
	at org.springframework.security.web.context.SecurityContextHolderFilter.doFilter(SecurityContextHolderFilter.java:82)
	at org.springframework.security.web.context.SecurityContextHolderFilter.doFilter(SecurityContextHolderFilter.java:69)
	at org.springframework.security.web.ObservationFilterChainDecorator$ObservationFilter.wrapFilter(ObservationFilterChainDecorator.java:240)
	at org.springframework.security.web.ObservationFilterChainDecorator$ObservationFilter.doFilter(ObservationFilterChainDecorator.java:227)
	at org.springframework.security.web.ObservationFilterChainDecorator$VirtualFilterChain.doFilter(ObservationFilterChainDecorator.java:137)
	at org.springframework.security.web.context.request.async.WebAsyncManagerIntegrationFilter.doFilterInternal(WebAsyncManagerIntegrationFilter.java:62)
	at org.springframework.web.filter.OncePerRequestFilter.doFilter(OncePerRequestFilter.java:116)
	at org.springframework.security.web.ObservationFilterChainDecorator$ObservationFilter.wrapFilter(ObservationFilterChainDecorator.java:240)
	at org.springframework.security.web.ObservationFilterChainDecorator$ObservationFilter.doFilter(ObservationFilterChainDecorator.java:227)
	at org.springframework.security.web.ObservationFilterChainDecorator$VirtualFilterChain.doFilter(ObservationFilterChainDecorator.java:137)
	at org.springframework.security.web.session.DisableEncodeUrlFilter.doFilterInternal(DisableEncodeUrlFilter.java:42)
	at org.springframework.web.filter.OncePerRequestFilter.doFilter(OncePerRequestFilter.java:116)
	at org.springframework.security.web.ObservationFilterChainDecorator$ObservationFilter.wrapFilter(ObservationFilterChainDecorator.java:240)
	at org.springframework.security.web.ObservationFilterChainDecorator$AroundFilterObservation$SimpleAroundFilterObservation.lambda$wrap$0(ObservationFilterChainDecorator.java:323)
	at org.springframework.security.web.ObservationFilterChainDecorator$ObservationFilter.doFilter(ObservationFilterChainDecorator.java:224)
	at org.springframework.security.web.ObservationFilterChainDecorator$VirtualFilterChain.doFilter(ObservationFilterChainDecorator.java:137)
	at org.springframework.security.web.FilterChainProxy.doFilterInternal(FilterChainProxy.java:233)
	at org.springframework.security.web.FilterChainProxy.doFilter(FilterChainProxy.java:191)
	at org.springframework.web.filter.CompositeFilter$VirtualFilterChain.doFilter(CompositeFilter.java:113)
	at org.springframework.web.servlet.handler.HandlerMappingIntrospector.lambda$createCacheFilter$3(HandlerMappingIntrospector.java:195)
	at org.springframework.web.filter.CompositeFilter$VirtualFilterChain.doFilter(CompositeFilter.java:113)
	at org.springframework.web.filter.CompositeFilter.doFilter(CompositeFilter.java:74)
	at org.springframework.security.config.annotation.web.configuration.WebMvcSecurityConfiguration$CompositeFilterChainProxy.doFilter(WebMvcSecurityConfiguration.java:230)
	at org.springframework.web.filter.DelegatingFilterProxy.invokeDelegate(DelegatingFilterProxy.java:362)
	at org.springframework.web.filter.DelegatingFilterProxy.doFilter(DelegatingFilterProxy.java:278)
	at org.apache.catalina.core.ApplicationFilterChain.internalDoFilter(ApplicationFilterChain.java:164)
	at org.apache.catalina.core.ApplicationFilterChain.doFilter(ApplicationFilterChain.java:140)
	at org.springframework.web.filter.RequestContextFilter.doFilterInternal(RequestContextFilter.java:100)
	at org.springframework.web.filter.OncePerRequestFilter.doFilter(OncePerRequestFilter.java:116)
	at org.apache.catalina.core.ApplicationFilterChain.internalDoFilter(ApplicationFilterChain.java:164)
	at org.apache.catalina.core.ApplicationFilterChain.doFilter(ApplicationFilterChain.java:140)
	at org.springframework.web.filter.FormContentFilter.doFilterInternal(FormContentFilter.java:93)
	at org.springframework.web.filter.OncePerRequestFilter.doFilter(OncePerRequestFilter.java:116)
	at org.apache.catalina.core.ApplicationFilterChain.internalDoFilter(ApplicationFilterChain.java:164)
	at org.apache.catalina.core.ApplicationFilterChain.doFilter(ApplicationFilterChain.java:140)
	at org.springframework.web.filter.ServerHttpObservationFilter.doFilterInternal(ServerHttpObservationFilter.java:113)
	at org.springframework.web.filter.OncePerRequestFilter.doFilter(OncePerRequestFilter.java:116)
	at org.apache.catalina.core.ApplicationFilterChain.internalDoFilter(ApplicationFilterChain.java:164)
	at org.apache.catalina.core.ApplicationFilterChain.doFilter(ApplicationFilterChain.java:140)
	at org.springframework.web.filter.CharacterEncodingFilter.doFilterInternal(CharacterEncodingFilter.java:201)
	at org.springframework.web.filter.OncePerRequestFilter.doFilter(OncePerRequestFilter.java:116)
	at org.apache.catalina.core.ApplicationFilterChain.internalDoFilter(ApplicationFilterChain.java:164)
	at org.apache.catalina.core.ApplicationFilterChain.doFilter(ApplicationFilterChain.java:140)
	at org.apache.catalina.core.StandardWrapperValve.invoke(StandardWrapperValve.java:167)
	at org.apache.catalina.core.StandardContextValve.invoke(StandardContextValve.java:90)
	at org.apache.catalina.authenticator.AuthenticatorBase.invoke(AuthenticatorBase.java:483)
	at org.apache.catalina.core.StandardHostValve.invoke(StandardHostValve.java:115)
	at org.apache.catalina.valves.ErrorReportValve.invoke(ErrorReportValve.java:93)
	at org.apache.catalina.core.StandardEngineValve.invoke(StandardEngineValve.java:74)
	at org.apache.catalina.connector.CoyoteAdapter.service(CoyoteAdapter.java:344)
	at org.apache.coyote.http11.Http11Processor.service(Http11Processor.java:384)
	at org.apache.coyote.AbstractProcessorLight.process(AbstractProcessorLight.java:63)
	at org.apache.coyote.AbstractProtocol$ConnectionHandler.process(AbstractProtocol.java:905)
	at org.apache.tomcat.util.net.NioEndpoint$SocketProcessor.doRun(NioEndpoint.java:1741)
	at org.apache.tomcat.util.net.SocketProcessorBase.run(SocketProcessorBase.java:52)
	at org.apache.tomcat.util.threads.ThreadPoolExecutor.runWorker(ThreadPoolExecutor.java:1190)
	at org.apache.tomcat.util.threads.ThreadPoolExecutor$Worker.run(ThreadPoolExecutor.java:659)
	at org.apache.tomcat.util.threads.TaskThread$WrappingRunnable.run(TaskThread.java:63)
	at java.base/java.lang.Thread.run(Thread.java:1575)
2025-03-29 16:21:10 [http-nio-8080-exec-3] [DEBUG] o.s.security.web.FilterChainProxy - Securing POST /error
2025-03-29 16:21:10 [http-nio-8080-exec-3] [DEBUG] o.s.s.w.a.AnonymousAuthenticationFilter - Set SecurityContextHolder to anonymous SecurityContext
2025-03-29 16:21:10 [http-nio-8080-exec-3] [DEBUG] o.s.s.w.a.i.FilterSecurityInterceptor - Authorized filter invocation [POST /error] with attributes [permitAll]
2025-03-29 16:21:10 [http-nio-8080-exec-3] [DEBUG] o.s.security.web.FilterChainProxy - Secured POST /error
2025-03-29 16:38:25 [HikariPool-1 housekeeper] [WARN] com.zaxxer.hikari.pool.HikariPool - HikariPool-1 - Thread starvation or clock leap detected (housekeeper delta=6m50s639ms398µs).
2025-03-29 16:43:59 [SpringApplicationShutdownHook] [INFO] o.s.o.j.LocalContainerEntityManagerFactoryBean - Closing JPA EntityManagerFactory for persistence unit 'default'
2025-03-29 16:43:59 [SpringApplicationShutdownHook] [INFO] com.zaxxer.hikari.HikariDataSource - HikariPool-1 - Shutdown initiated...
2025-03-29 16:43:59 [SpringApplicationShutdownHook] [INFO] com.zaxxer.hikari.HikariDataSource - HikariPool-1 - Shutdown completed.
2025-03-29 16:44:05 [background-preinit] [INFO] o.h.validator.internal.util.Version - HV000001: Hibernate Validator 8.0.1.Final
2025-03-29 16:44:05 [restartedMain] [INFO] r.k.alliance.AllianceApplication - Starting AllianceApplication using Java 23.0.1 with PID 24040 (C:\Users\Zver\Desktop\Projects\alliance\target\classes started by pavel in C:\Users\Zver\Desktop\Projects\alliance)
2025-03-29 16:44:05 [restartedMain] [INFO] r.k.alliance.AllianceApplication - No active profile set, falling back to 1 default profile: "default"
2025-03-29 16:44:05 [restartedMain] [INFO] o.s.b.d.e.DevToolsPropertyDefaultsPostProcessor - Devtools property defaults active! Set 'spring.devtools.add-properties' to 'false' to disable
2025-03-29 16:44:05 [restartedMain] [INFO] o.s.b.d.e.DevToolsPropertyDefaultsPostProcessor - For additional web related logging consider setting the 'logging.level.web' property to 'DEBUG'
2025-03-29 16:44:06 [restartedMain] [INFO] o.s.d.r.c.RepositoryConfigurationDelegate - Bootstrapping Spring Data JPA repositories in DEFAULT mode.
2025-03-29 16:44:06 [restartedMain] [INFO] o.s.d.r.c.RepositoryConfigurationDelegate - Finished Spring Data repository scanning in 95 ms. Found 10 JPA repository interfaces.
2025-03-29 16:44:07 [restartedMain] [INFO] o.s.b.w.e.tomcat.TomcatWebServer - Tomcat initialized with port 8080 (http)
2025-03-29 16:44:07 [restartedMain] [INFO] o.a.coyote.http11.Http11NioProtocol - Initializing ProtocolHandler ["http-nio-8080"]
2025-03-29 16:44:07 [restartedMain] [INFO] o.a.catalina.core.StandardService - Starting service [Tomcat]
2025-03-29 16:44:07 [restartedMain] [INFO] o.a.catalina.core.StandardEngine - Starting Servlet engine: [Apache Tomcat/10.1.31]
2025-03-29 16:44:07 [restartedMain] [INFO] o.a.c.c.C.[Tomcat].[localhost].[/] - Initializing Spring embedded WebApplicationContext
2025-03-29 16:44:07 [restartedMain] [INFO] o.s.b.w.s.c.ServletWebServerApplicationContext - Root WebApplicationContext: initialization completed in 2393 ms
2025-03-29 16:44:07 [restartedMain] [INFO] com.zaxxer.hikari.HikariDataSource - HikariPool-1 - Starting...
2025-03-29 16:44:08 [restartedMain] [INFO] com.zaxxer.hikari.pool.HikariPool - HikariPool-1 - Added connection org.postgresql.jdbc.PgConnection@586c9d30
2025-03-29 16:44:08 [restartedMain] [INFO] com.zaxxer.hikari.HikariDataSource - HikariPool-1 - Start completed.
2025-03-29 16:44:08 [restartedMain] [INFO] o.h.jpa.internal.util.LogHelper - HHH000204: Processing PersistenceUnitInfo [name: default]
2025-03-29 16:44:08 [restartedMain] [INFO] org.hibernate.Version - HHH000412: Hibernate ORM core version 6.5.3.Final
2025-03-29 16:44:08 [restartedMain] [INFO] o.h.c.i.RegionFactoryInitiator - HHH000026: Second-level cache disabled
2025-03-29 16:44:08 [restartedMain] [INFO] o.s.o.j.p.SpringPersistenceUnitInfo - No LoadTimeWeaver setup: ignoring JPA class transformer
2025-03-29 16:44:09 [restartedMain] [INFO] o.h.e.t.j.p.i.JtaPlatformInitiator - HHH000489: No JTA platform available (set 'hibernate.transaction.jta.platform' to enable JTA platform integration)
2025-03-29 16:44:09 [restartedMain] [INFO] o.s.o.j.LocalContainerEntityManagerFactoryBean - Initialized JPA EntityManagerFactory for persistence unit 'default'
2025-03-29 16:44:10 [restartedMain] [WARN] o.s.b.a.o.j.JpaBaseConfiguration$JpaWebConfiguration - spring.jpa.open-in-view is enabled by default. Therefore, database queries may be performed during view rendering. Explicitly configure spring.jpa.open-in-view to disable this warning
2025-03-29 16:44:10 [restartedMain] [WARN] o.s.s.c.a.a.c.InitializeUserDetailsBeanManagerConfigurer$InitializeUserDetailsManagerConfigurer - Found 2 UserDetailsService beans, with names [myUserDetailsService, userDetailsService]. Global Authentication Manager will not use a UserDetailsService for username/password login. Consider publishing a single UserDetailsService bean.
2025-03-29 16:44:10 [restartedMain] [DEBUG] o.s.s.c.a.a.c.AuthenticationConfiguration$DefaultPasswordEncoderAuthenticationManagerBuilder - No authenticationProviders and no parentAuthenticationManager defined. Returning null.
2025-03-29 16:44:11 [restartedMain] [INFO] o.s.b.a.e.web.EndpointLinksResolver - Exposing 14 endpoints beneath base path '/actuator'
2025-03-29 16:44:11 [restartedMain] [INFO] r.k.alliance.config.SecurityConfig - Security Filter Chain, before return
2025-03-29 16:44:11 [restartedMain] [DEBUG] o.s.s.w.a.e.ExpressionBasedFilterInvocationSecurityMetadataSource - Adding web access control expression [permitAll] for ExactUrl [processUrl='/login?error']
2025-03-29 16:44:11 [restartedMain] [DEBUG] o.s.s.w.a.e.ExpressionBasedFilterInvocationSecurityMetadataSource - Adding web access control expression [permitAll] for ExactUrl [processUrl='/login']
2025-03-29 16:44:11 [restartedMain] [DEBUG] o.s.s.w.a.e.ExpressionBasedFilterInvocationSecurityMetadataSource - Adding web access control expression [permitAll] for ExactUrl [processUrl='/login']
2025-03-29 16:44:11 [restartedMain] [DEBUG] o.s.s.w.a.e.ExpressionBasedFilterInvocationSecurityMetadataSource - Adding web access control expression [permitAll] for Or [Ant [pattern='/logout', GET], Ant [pattern='/logout', POST], Ant [pattern='/logout', PUT], Ant [pattern='/logout', DELETE]]
2025-03-29 16:44:11 [restartedMain] [DEBUG] o.s.s.w.a.e.ExpressionBasedFilterInvocationSecurityMetadataSource - Adding web access control expression [permitAll] for ExactUrl [processUrl='/realty']
2025-03-29 16:44:11 [restartedMain] [DEBUG] o.s.s.w.a.e.ExpressionBasedFilterInvocationSecurityMetadataSource - Adding web access control expression [hasRole('ROLE_ADMIN')] for Deferred [Mvc [pattern='/admin/**'], Ant [pattern='/admin/**']]
2025-03-29 16:44:11 [restartedMain] [DEBUG] o.s.s.w.a.e.ExpressionBasedFilterInvocationSecurityMetadataSource - Adding web access control expression [hasRole('ROLE_ADMIN')] for Deferred [Mvc [pattern='/realty/new'], Ant [pattern='/realty/new']]
2025-03-29 16:44:11 [restartedMain] [DEBUG] o.s.s.w.a.e.ExpressionBasedFilterInvocationSecurityMetadataSource - Adding web access control expression [hasRole('ROLE_ADMIN')] for Deferred [Mvc [pattern='/realty/edit/**'], Ant [pattern='/realty/edit/**']]
2025-03-29 16:44:11 [restartedMain] [DEBUG] o.s.s.w.a.e.ExpressionBasedFilterInvocationSecurityMetadataSource - Adding web access control expression [hasRole('ROLE_ADMIN')] for Deferred [Mvc [pattern='/realty/delete/**'], Ant [pattern='/realty/delete/**']]
2025-03-29 16:44:11 [restartedMain] [DEBUG] o.s.s.w.a.e.ExpressionBasedFilterInvocationSecurityMetadataSource - Adding web access control expression [authenticated] for Deferred [Mvc [pattern='/temp'], Ant [pattern='/temp']]
2025-03-29 16:44:11 [restartedMain] [DEBUG] o.s.s.w.a.e.ExpressionBasedFilterInvocationSecurityMetadataSource - Adding web access control expression [permitAll] for any request
2025-03-29 16:44:11 [restartedMain] [DEBUG] o.s.s.web.DefaultSecurityFilterChain - Will secure any request with filters: DisableEncodeUrlFilter, WebAsyncManagerIntegrationFilter, SecurityContextHolderFilter, HeaderWriterFilter, LogoutFilter, OAuth2AuthorizationRequestRedirectFilter, OAuth2LoginAuthenticationFilter, UsernamePasswordAuthenticationFilter, RequestCacheAwareFilter, SecurityContextHolderAwareRequestFilter, AnonymousAuthenticationFilter, ExceptionTranslationFilter, FilterSecurityInterceptor
2025-03-29 16:44:12 [restartedMain] [INFO] o.s.b.d.a.OptionalLiveReloadServer - LiveReload server is running on port 35729
2025-03-29 16:44:12 [restartedMain] [INFO] o.a.coyote.http11.Http11NioProtocol - Starting ProtocolHandler ["http-nio-8080"]
2025-03-29 16:44:12 [restartedMain] [INFO] o.s.b.w.e.tomcat.TomcatWebServer - Tomcat started on port 8080 (http) with context path '/'
2025-03-29 16:44:12 [restartedMain] [INFO] r.k.alliance.AllianceApplication - Started AllianceApplication in 7.456 seconds (process running for 8.662)
2025-03-29 16:44:12 [RMI TCP Connection(3)-192.168.2.209] [INFO] o.a.c.c.C.[Tomcat].[localhost].[/] - Initializing Spring DispatcherServlet 'dispatcherServlet'
2025-03-29 16:44:12 [RMI TCP Connection(3)-192.168.2.209] [INFO] o.s.web.servlet.DispatcherServlet - Initializing Servlet 'dispatcherServlet'
2025-03-29 16:44:12 [RMI TCP Connection(3)-192.168.2.209] [INFO] o.s.web.servlet.DispatcherServlet - Completed initialization in 2 ms
2025-03-29 16:45:18 [http-nio-8080-exec-1] [DEBUG] o.s.security.web.FilterChainProxy - Securing GET /excursion
2025-03-29 16:45:18 [http-nio-8080-exec-1] [DEBUG] o.s.s.w.a.AnonymousAuthenticationFilter - Set SecurityContextHolder to anonymous SecurityContext
2025-03-29 16:45:18 [http-nio-8080-exec-1] [DEBUG] o.s.s.w.a.i.FilterSecurityInterceptor - Authorized filter invocation [GET /excursion] with attributes [permitAll]
2025-03-29 16:45:18 [http-nio-8080-exec-1] [DEBUG] o.s.security.web.FilterChainProxy - Secured GET /excursion
2025-03-29 16:45:19 [http-nio-8080-exec-3] [DEBUG] o.s.security.web.FilterChainProxy - Securing GET /img/logo_alliance.png
2025-03-29 16:45:19 [http-nio-8080-exec-2] [DEBUG] o.s.security.web.FilterChainProxy - Securing GET /css/styles.css
2025-03-29 16:45:19 [http-nio-8080-exec-2] [DEBUG] o.s.s.w.a.AnonymousAuthenticationFilter - Set SecurityContextHolder to anonymous SecurityContext
2025-03-29 16:45:19 [http-nio-8080-exec-2] [DEBUG] o.s.s.w.a.i.FilterSecurityInterceptor - Authorized filter invocation [GET /css/styles.css] with attributes [permitAll]
2025-03-29 16:45:19 [http-nio-8080-exec-3] [DEBUG] o.s.s.w.a.AnonymousAuthenticationFilter - Set SecurityContextHolder to anonymous SecurityContext
2025-03-29 16:45:19 [http-nio-8080-exec-2] [DEBUG] o.s.security.web.FilterChainProxy - Secured GET /css/styles.css
2025-03-29 16:45:19 [http-nio-8080-exec-3] [DEBUG] o.s.s.w.a.i.FilterSecurityInterceptor - Authorized filter invocation [GET /img/logo_alliance.png] with attributes [permitAll]
2025-03-29 16:45:19 [http-nio-8080-exec-3] [DEBUG] o.s.security.web.FilterChainProxy - Secured GET /img/logo_alliance.png
2025-03-29 16:45:19 [http-nio-8080-exec-6] [DEBUG] o.s.security.web.FilterChainProxy - Securing GET /images/tour/77da970b-1e81-439d-a952-267262094a8c_kozelsk.jpg
2025-03-29 16:45:19 [http-nio-8080-exec-5] [DEBUG] o.s.security.web.FilterChainProxy - Securing GET /images/placeholder.jpg
2025-03-29 16:45:19 [http-nio-8080-exec-4] [DEBUG] o.s.security.web.FilterChainProxy - Securing GET /img/tour-agency.jpg
2025-03-29 16:45:19 [http-nio-8080-exec-5] [DEBUG] o.s.s.w.a.AnonymousAuthenticationFilter - Set SecurityContextHolder to anonymous SecurityContext
2025-03-29 16:45:19 [http-nio-8080-exec-4] [DEBUG] o.s.s.w.a.AnonymousAuthenticationFilter - Set SecurityContextHolder to anonymous SecurityContext
2025-03-29 16:45:19 [http-nio-8080-exec-5] [DEBUG] o.s.s.w.a.i.FilterSecurityInterceptor - Authorized filter invocation [GET /images/placeholder.jpg] with attributes [permitAll]
2025-03-29 16:45:19 [http-nio-8080-exec-6] [DEBUG] o.s.s.w.a.AnonymousAuthenticationFilter - Set SecurityContextHolder to anonymous SecurityContext
2025-03-29 16:45:19 [http-nio-8080-exec-5] [DEBUG] o.s.security.web.FilterChainProxy - Secured GET /images/placeholder.jpg
2025-03-29 16:45:19 [http-nio-8080-exec-6] [DEBUG] o.s.s.w.a.i.FilterSecurityInterceptor - Authorized filter invocation [GET /images/tour/77da970b-1e81-439d-a952-267262094a8c_kozelsk.jpg] with attributes [permitAll]
2025-03-29 16:45:19 [http-nio-8080-exec-4] [DEBUG] o.s.s.w.a.i.FilterSecurityInterceptor - Authorized filter invocation [GET /img/tour-agency.jpg] with attributes [permitAll]
2025-03-29 16:45:19 [http-nio-8080-exec-6] [DEBUG] o.s.security.web.FilterChainProxy - Secured GET /images/tour/77da970b-1e81-439d-a952-267262094a8c_kozelsk.jpg
2025-03-29 16:45:19 [http-nio-8080-exec-7] [DEBUG] o.s.security.web.FilterChainProxy - Securing GET /images/tour/70efb4f2-568c-40d0-b39f-55ed0ccbc07e_00-Козельск.jpg
2025-03-29 16:45:19 [http-nio-8080-exec-4] [DEBUG] o.s.security.web.FilterChainProxy - Secured GET /img/tour-agency.jpg
2025-03-29 16:45:19 [http-nio-8080-exec-7] [DEBUG] o.s.s.w.a.AnonymousAuthenticationFilter - Set SecurityContextHolder to anonymous SecurityContext
2025-03-29 16:45:19 [http-nio-8080-exec-7] [DEBUG] o.s.s.w.a.i.FilterSecurityInterceptor - Authorized filter invocation [GET /images/tour/70efb4f2-568c-40d0-b39f-55ed0ccbc07e_00-Козельск.jpg] with attributes [permitAll]
2025-03-29 16:45:19 [http-nio-8080-exec-7] [DEBUG] o.s.security.web.FilterChainProxy - Secured GET /images/tour/70efb4f2-568c-40d0-b39f-55ed0ccbc07e_00-Козельск.jpg
2025-03-29 16:45:19 [http-nio-8080-exec-4] [DEBUG] o.s.security.web.FilterChainProxy - Securing GET /error
2025-03-29 16:45:19 [http-nio-8080-exec-5] [DEBUG] o.s.security.web.FilterChainProxy - Securing GET /error
2025-03-29 16:45:19 [http-nio-8080-exec-4] [DEBUG] o.s.s.w.a.AnonymousAuthenticationFilter - Set SecurityContextHolder to anonymous SecurityContext
2025-03-29 16:45:19 [http-nio-8080-exec-4] [DEBUG] o.s.s.w.a.i.FilterSecurityInterceptor - Authorized filter invocation [GET /error] with attributes [permitAll]
2025-03-29 16:45:19 [http-nio-8080-exec-5] [DEBUG] o.s.s.w.a.AnonymousAuthenticationFilter - Set SecurityContextHolder to anonymous SecurityContext
2025-03-29 16:45:19 [http-nio-8080-exec-4] [DEBUG] o.s.security.web.FilterChainProxy - Secured GET /error
2025-03-29 16:45:19 [http-nio-8080-exec-5] [DEBUG] o.s.s.w.a.i.FilterSecurityInterceptor - Authorized filter invocation [GET /error] with attributes [permitAll]
2025-03-29 16:45:19 [http-nio-8080-exec-5] [DEBUG] o.s.security.web.FilterChainProxy - Secured GET /error
2025-03-29 16:45:21 [http-nio-8080-exec-8] [DEBUG] o.s.security.web.FilterChainProxy - Securing GET /registration
2025-03-29 16:45:21 [http-nio-8080-exec-8] [DEBUG] o.s.s.w.a.AnonymousAuthenticationFilter - Set SecurityContextHolder to anonymous SecurityContext
2025-03-29 16:45:21 [http-nio-8080-exec-8] [DEBUG] o.s.s.w.a.i.FilterSecurityInterceptor - Authorized filter invocation [GET /registration] with attributes [permitAll]
2025-03-29 16:45:21 [http-nio-8080-exec-8] [DEBUG] o.s.security.web.FilterChainProxy - Secured GET /registration
2025-03-29 16:45:27 [http-nio-8080-exec-9] [DEBUG] o.s.security.web.FilterChainProxy - Securing GET /login
2025-03-29 16:45:27 [http-nio-8080-exec-9] [DEBUG] o.s.s.w.a.AnonymousAuthenticationFilter - Set SecurityContextHolder to anonymous SecurityContext
2025-03-29 16:45:27 [http-nio-8080-exec-9] [DEBUG] o.s.s.w.a.i.FilterSecurityInterceptor - Authorized filter invocation [GET /login] with attributes [permitAll]
2025-03-29 16:45:27 [http-nio-8080-exec-9] [DEBUG] o.s.security.web.FilterChainProxy - Secured GET /login
2025-03-29 16:45:31 [http-nio-8080-exec-10] [DEBUG] o.s.security.web.FilterChainProxy - Securing GET /oauth2/authorization/google
2025-03-29 16:45:31 [http-nio-8080-exec-10] [DEBUG] o.s.s.web.DefaultRedirectStrategy - Redirecting to https://accounts.google.com/o/oauth2/v2/auth?response_type=code&client_id=909915657042-l07l5jl8r3v54r15k12hp7vev9dor6r7.apps.googleusercontent.com&scope=openid%20profile%20email&state=wmFlAbqvX2-E2PMoZ_0LDOSwkulRxQBb0iSHUC_o4V4%3D&redirect_uri=http://localhost:8080/login/oauth2/code/google&nonce=sInbYAvLv5F-BGLCZkvsV-Tol70WAIVDdmBMDR9uRV8
2025-03-29 16:45:43 [http-nio-8080-exec-7] [DEBUG] o.s.security.web.FilterChainProxy - Securing GET /login/oauth2/code/google?state=wmFlAbqvX2-E2PMoZ_0LDOSwkulRxQBb0iSHUC_o4V4%3D&code=4%2F0AQSTgQEx_fjb1W2PDkmQpQqo_zwa4V_jH7RZIcMQ124pjc7aFMrK954IsoZNCEJp4Kr8ew&scope=email+profile+https%3A%2F%2Fwww.googleapis.com%2Fauth%2Fuserinfo.email+https%3A%2F%2Fwww.googleapis.com%2Fauth%2Fuserinfo.profile+openid&authuser=0&prompt=none
2025-03-29 16:45:44 [http-nio-8080-exec-7] [DEBUG] o.s.s.w.a.s.ChangeSessionIdAuthenticationStrategy - Changed session id from A19E3F8DC57B5CA4E97D5714769BB2D0
2025-03-29 16:45:44 [http-nio-8080-exec-7] [DEBUG] o.s.s.w.c.HttpSessionSecurityContextRepository - Stored SecurityContextImpl [Authentication=OAuth2AuthenticationToken [Principal=Name: [107234087105093742255], Granted Authorities: [[OIDC_USER, SCOPE_https://www.googleapis.com/auth/userinfo.email, SCOPE_https://www.googleapis.com/auth/userinfo.profile, SCOPE_openid]], User Attributes: [{at_hash=hpK2zuv8Cx0J835oHCK_6Q, sub=107234087105093742255, email_verified=true, iss=https://accounts.google.com, given_name=Павел, nonce=sInbYAvLv5F-BGLCZkvsV-Tol70WAIVDdmBMDR9uRV8, picture=https://lh3.googleusercontent.com/a/ACg8ocJJoh9jonlTH61VWgvXCiXb0zCDjifGZZtZ30sCErS3N5ntDw=s96-c, aud=[909915657042-l07l5jl8r3v54r15k12hp7vev9dor6r7.apps.googleusercontent.com], azp=909915657042-l07l5jl8r3v54r15k12hp7vev9dor6r7.apps.googleusercontent.com, name=Павел Королев, exp=2025-03-29T14:45:44Z, family_name=Королев, iat=2025-03-29T13:45:44Z, email=passapdom@gmail.com}], Credentials=[PROTECTED], Authenticated=true, Details=WebAuthenticationDetails [RemoteIpAddress=0:0:0:0:0:0:0:1, SessionId=A19E3F8DC57B5CA4E97D5714769BB2D0], Granted Authorities=[OIDC_USER, SCOPE_https://www.googleapis.com/auth/userinfo.email, SCOPE_https://www.googleapis.com/auth/userinfo.profile, SCOPE_openid]]] to HttpSession [org.apache.catalina.session.StandardSessionFacade@198fb107]
2025-03-29 16:45:44 [http-nio-8080-exec-7] [DEBUG] o.s.s.o.c.w.OAuth2LoginAuthenticationFilter - Set SecurityContextHolder to OAuth2AuthenticationToken [Principal=Name: [107234087105093742255], Granted Authorities: [[OIDC_USER, SCOPE_https://www.googleapis.com/auth/userinfo.email, SCOPE_https://www.googleapis.com/auth/userinfo.profile, SCOPE_openid]], User Attributes: [{at_hash=hpK2zuv8Cx0J835oHCK_6Q, sub=107234087105093742255, email_verified=true, iss=https://accounts.google.com, given_name=Павел, nonce=sInbYAvLv5F-BGLCZkvsV-Tol70WAIVDdmBMDR9uRV8, picture=https://lh3.googleusercontent.com/a/ACg8ocJJoh9jonlTH61VWgvXCiXb0zCDjifGZZtZ30sCErS3N5ntDw=s96-c, aud=[909915657042-l07l5jl8r3v54r15k12hp7vev9dor6r7.apps.googleusercontent.com], azp=909915657042-l07l5jl8r3v54r15k12hp7vev9dor6r7.apps.googleusercontent.com, name=Павел Королев, exp=2025-03-29T14:45:44Z, family_name=Королев, iat=2025-03-29T13:45:44Z, email=passapdom@gmail.com}], Credentials=[PROTECTED], Authenticated=true, Details=WebAuthenticationDetails [RemoteIpAddress=0:0:0:0:0:0:0:1, SessionId=A19E3F8DC57B5CA4E97D5714769BB2D0], Granted Authorities=[OIDC_USER, SCOPE_https://www.googleapis.com/auth/userinfo.email, SCOPE_https://www.googleapis.com/auth/userinfo.profile, SCOPE_openid]]
2025-03-29 16:45:44 [http-nio-8080-exec-7] [DEBUG] o.s.s.web.DefaultRedirectStrategy - Redirecting to /realty
2025-03-29 16:45:44 [http-nio-8080-exec-5] [DEBUG] o.s.security.web.FilterChainProxy - Securing GET /realty
2025-03-29 16:45:44 [http-nio-8080-exec-5] [DEBUG] o.s.s.w.c.HttpSessionSecurityContextRepository - Retrieved SecurityContextImpl [Authentication=OAuth2AuthenticationToken [Principal=Name: [107234087105093742255], Granted Authorities: [[OIDC_USER, SCOPE_https://www.googleapis.com/auth/userinfo.email, SCOPE_https://www.googleapis.com/auth/userinfo.profile, SCOPE_openid]], User Attributes: [{at_hash=hpK2zuv8Cx0J835oHCK_6Q, sub=107234087105093742255, email_verified=true, iss=https://accounts.google.com, given_name=Павел, nonce=sInbYAvLv5F-BGLCZkvsV-Tol70WAIVDdmBMDR9uRV8, picture=https://lh3.googleusercontent.com/a/ACg8ocJJoh9jonlTH61VWgvXCiXb0zCDjifGZZtZ30sCErS3N5ntDw=s96-c, aud=[909915657042-l07l5jl8r3v54r15k12hp7vev9dor6r7.apps.googleusercontent.com], azp=909915657042-l07l5jl8r3v54r15k12hp7vev9dor6r7.apps.googleusercontent.com, name=Павел Королев, exp=2025-03-29T14:45:44Z, family_name=Королев, iat=2025-03-29T13:45:44Z, email=passapdom@gmail.com}], Credentials=[PROTECTED], Authenticated=true, Details=WebAuthenticationDetails [RemoteIpAddress=0:0:0:0:0:0:0:1, SessionId=A19E3F8DC57B5CA4E97D5714769BB2D0], Granted Authorities=[OIDC_USER, SCOPE_https://www.googleapis.com/auth/userinfo.email, SCOPE_https://www.googleapis.com/auth/userinfo.profile, SCOPE_openid]]]
2025-03-29 16:45:44 [http-nio-8080-exec-5] [DEBUG] o.s.s.w.a.i.FilterSecurityInterceptor - Authorized filter invocation [GET /realty] with attributes [permitAll]
2025-03-29 16:45:44 [http-nio-8080-exec-5] [DEBUG] o.s.security.web.FilterChainProxy - Secured GET /realty
2025-03-29 16:45:44 [http-nio-8080-exec-5] [ERROR] org.thymeleaf.TemplateEngine - [THYMELEAF][http-nio-8080-exec-5] Exception processing template "realty/main": An error happened during template parsing (template: "class path resource [templates/realty/main.html]")
org.thymeleaf.exceptions.TemplateInputException: An error happened during template parsing (template: "class path resource [templates/realty/main.html]")
	at org.thymeleaf.templateparser.markup.AbstractMarkupTemplateParser.parse(AbstractMarkupTemplateParser.java:241)
	at org.thymeleaf.templateparser.markup.AbstractMarkupTemplateParser.parseStandalone(AbstractMarkupTemplateParser.java:100)
	at org.thymeleaf.engine.TemplateManager.parseAndProcess(TemplateManager.java:666)
	at org.thymeleaf.TemplateEngine.process(TemplateEngine.java:1103)
	at org.thymeleaf.TemplateEngine.process(TemplateEngine.java:1077)
	at org.thymeleaf.spring6.view.ThymeleafView.renderFragment(ThymeleafView.java:372)
	at org.thymeleaf.spring6.view.ThymeleafView.render(ThymeleafView.java:192)
	at org.springframework.web.servlet.DispatcherServlet.render(DispatcherServlet.java:1432)
	at org.springframework.web.servlet.DispatcherServlet.processDispatchResult(DispatcherServlet.java:1168)
	at org.springframework.web.servlet.DispatcherServlet.doDispatch(DispatcherServlet.java:1106)
	at org.springframework.web.servlet.DispatcherServlet.doService(DispatcherServlet.java:979)
	at org.springframework.web.servlet.FrameworkServlet.processRequest(FrameworkServlet.java:1014)
	at org.springframework.web.servlet.FrameworkServlet.doGet(FrameworkServlet.java:903)
	at jakarta.servlet.http.HttpServlet.service(HttpServlet.java:564)
	at org.springframework.web.servlet.FrameworkServlet.service(FrameworkServlet.java:885)
	at jakarta.servlet.http.HttpServlet.service(HttpServlet.java:658)
	at org.apache.catalina.core.ApplicationFilterChain.internalDoFilter(ApplicationFilterChain.java:195)
	at org.apache.catalina.core.ApplicationFilterChain.doFilter(ApplicationFilterChain.java:140)
	at org.apache.tomcat.websocket.server.WsFilter.doFilter(WsFilter.java:51)
	at org.apache.catalina.core.ApplicationFilterChain.internalDoFilter(ApplicationFilterChain.java:164)
	at org.apache.catalina.core.ApplicationFilterChain.doFilter(ApplicationFilterChain.java:140)
	at org.springframework.web.filter.HiddenHttpMethodFilter.doFilterInternal(HiddenHttpMethodFilter.java:91)
	at org.springframework.web.filter.OncePerRequestFilter.doFilter(OncePerRequestFilter.java:116)
	at org.apache.catalina.core.ApplicationFilterChain.internalDoFilter(ApplicationFilterChain.java:164)
	at org.apache.catalina.core.ApplicationFilterChain.doFilter(ApplicationFilterChain.java:140)
	at org.springframework.web.filter.CompositeFilter$VirtualFilterChain.doFilter(CompositeFilter.java:108)
	at org.springframework.security.web.FilterChainProxy.lambda$doFilterInternal$3(FilterChainProxy.java:231)
	at org.springframework.security.web.ObservationFilterChainDecorator$FilterObservation$SimpleFilterObservation.lambda$wrap$1(ObservationFilterChainDecorator.java:479)
	at org.springframework.security.web.ObservationFilterChainDecorator$AroundFilterObservation$SimpleAroundFilterObservation.lambda$wrap$1(ObservationFilterChainDecorator.java:340)
	at org.springframework.security.web.ObservationFilterChainDecorator.lambda$wrapSecured$0(ObservationFilterChainDecorator.java:82)
	at org.springframework.security.web.ObservationFilterChainDecorator$VirtualFilterChain.doFilter(ObservationFilterChainDecorator.java:128)
	at org.springframework.security.web.access.intercept.FilterSecurityInterceptor.invoke(FilterSecurityInterceptor.java:117)
	at org.springframework.security.web.access.intercept.FilterSecurityInterceptor.doFilter(FilterSecurityInterceptor.java:83)
	at org.springframework.security.web.ObservationFilterChainDecorator$ObservationFilter.wrapFilter(ObservationFilterChainDecorator.java:240)
	at org.springframework.security.web.ObservationFilterChainDecorator$ObservationFilter.doFilter(ObservationFilterChainDecorator.java:227)
	at org.springframework.security.web.ObservationFilterChainDecorator$VirtualFilterChain.doFilter(ObservationFilterChainDecorator.java:137)
	at org.springframework.security.web.access.ExceptionTranslationFilter.doFilter(ExceptionTranslationFilter.java:126)
	at org.springframework.security.web.access.ExceptionTranslationFilter.doFilter(ExceptionTranslationFilter.java:120)
	at org.springframework.security.web.ObservationFilterChainDecorator$ObservationFilter.wrapFilter(ObservationFilterChainDecorator.java:240)
	at org.springframework.security.web.ObservationFilterChainDecorator$ObservationFilter.doFilter(ObservationFilterChainDecorator.java:227)
	at org.springframework.security.web.ObservationFilterChainDecorator$VirtualFilterChain.doFilter(ObservationFilterChainDecorator.java:137)
	at org.springframework.security.web.authentication.AnonymousAuthenticationFilter.doFilter(AnonymousAuthenticationFilter.java:100)
	at org.springframework.security.web.ObservationFilterChainDecorator$ObservationFilter.wrapFilter(ObservationFilterChainDecorator.java:240)
	at org.springframework.security.web.ObservationFilterChainDecorator$ObservationFilter.doFilter(ObservationFilterChainDecorator.java:227)
	at org.springframework.security.web.ObservationFilterChainDecorator$VirtualFilterChain.doFilter(ObservationFilterChainDecorator.java:137)
	at org.springframework.security.web.servletapi.SecurityContextHolderAwareRequestFilter.doFilter(SecurityContextHolderAwareRequestFilter.java:179)
	at org.springframework.security.web.ObservationFilterChainDecorator$ObservationFilter.wrapFilter(ObservationFilterChainDecorator.java:240)
	at org.springframework.security.web.ObservationFilterChainDecorator$ObservationFilter.doFilter(ObservationFilterChainDecorator.java:227)
	at org.springframework.security.web.ObservationFilterChainDecorator$VirtualFilterChain.doFilter(ObservationFilterChainDecorator.java:137)
	at org.springframework.security.web.savedrequest.RequestCacheAwareFilter.doFilter(RequestCacheAwareFilter.java:63)
	at org.springframework.security.web.ObservationFilterChainDecorator$ObservationFilter.wrapFilter(ObservationFilterChainDecorator.java:240)
	at org.springframework.security.web.ObservationFilterChainDecorator$ObservationFilter.doFilter(ObservationFilterChainDecorator.java:227)
	at org.springframework.security.web.ObservationFilterChainDecorator$VirtualFilterChain.doFilter(ObservationFilterChainDecorator.java:137)
	at org.springframework.security.web.authentication.AbstractAuthenticationProcessingFilter.doFilter(AbstractAuthenticationProcessingFilter.java:227)
	at org.springframework.security.web.authentication.AbstractAuthenticationProcessingFilter.doFilter(AbstractAuthenticationProcessingFilter.java:221)
	at org.springframework.security.web.ObservationFilterChainDecorator$ObservationFilter.wrapFilter(ObservationFilterChainDecorator.java:240)
	at org.springframework.security.web.ObservationFilterChainDecorator$ObservationFilter.doFilter(ObservationFilterChainDecorator.java:227)
	at org.springframework.security.web.ObservationFilterChainDecorator$VirtualFilterChain.doFilter(ObservationFilterChainDecorator.java:137)
	at org.springframework.security.web.authentication.AbstractAuthenticationProcessingFilter.doFilter(AbstractAuthenticationProcessingFilter.java:227)
	at org.springframework.security.web.authentication.AbstractAuthenticationProcessingFilter.doFilter(AbstractAuthenticationProcessingFilter.java:221)
	at org.springframework.security.web.ObservationFilterChainDecorator$ObservationFilter.wrapFilter(ObservationFilterChainDecorator.java:240)
	at org.springframework.security.web.ObservationFilterChainDecorator$ObservationFilter.doFilter(ObservationFilterChainDecorator.java:227)
	at org.springframework.security.web.ObservationFilterChainDecorator$VirtualFilterChain.doFilter(ObservationFilterChainDecorator.java:137)
	at org.springframework.security.oauth2.client.web.OAuth2AuthorizationRequestRedirectFilter.doFilterInternal(OAuth2AuthorizationRequestRedirectFilter.java:198)
	at org.springframework.web.filter.OncePerRequestFilter.doFilter(OncePerRequestFilter.java:116)
	at org.springframework.security.web.ObservationFilterChainDecorator$ObservationFilter.wrapFilter(ObservationFilterChainDecorator.java:240)
	at org.springframework.security.web.ObservationFilterChainDecorator$ObservationFilter.doFilter(ObservationFilterChainDecorator.java:227)
	at org.springframework.security.web.ObservationFilterChainDecorator$VirtualFilterChain.doFilter(ObservationFilterChainDecorator.java:137)
	at org.springframework.security.web.authentication.logout.LogoutFilter.doFilter(LogoutFilter.java:107)
	at org.springframework.security.web.authentication.logout.LogoutFilter.doFilter(LogoutFilter.java:93)
	at org.springframework.security.web.ObservationFilterChainDecorator$ObservationFilter.wrapFilter(ObservationFilterChainDecorator.java:240)
	at org.springframework.security.web.ObservationFilterChainDecorator$ObservationFilter.doFilter(ObservationFilterChainDecorator.java:227)
	at org.springframework.security.web.ObservationFilterChainDecorator$VirtualFilterChain.doFilter(ObservationFilterChainDecorator.java:137)
	at org.springframework.security.web.header.HeaderWriterFilter.doHeadersAfter(HeaderWriterFilter.java:90)
	at org.springframework.security.web.header.HeaderWriterFilter.doFilterInternal(HeaderWriterFilter.java:75)
	at org.springframework.web.filter.OncePerRequestFilter.doFilter(OncePerRequestFilter.java:116)
	at org.springframework.security.web.ObservationFilterChainDecorator$ObservationFilter.wrapFilter(ObservationFilterChainDecorator.java:240)
	at org.springframework.security.web.ObservationFilterChainDecorator$ObservationFilter.doFilter(ObservationFilterChainDecorator.java:227)
	at org.springframework.security.web.ObservationFilterChainDecorator$VirtualFilterChain.doFilter(ObservationFilterChainDecorator.java:137)
	at org.springframework.security.web.context.SecurityContextHolderFilter.doFilter(SecurityContextHolderFilter.java:82)
	at org.springframework.security.web.context.SecurityContextHolderFilter.doFilter(SecurityContextHolderFilter.java:69)
	at org.springframework.security.web.ObservationFilterChainDecorator$ObservationFilter.wrapFilter(ObservationFilterChainDecorator.java:240)
	at org.springframework.security.web.ObservationFilterChainDecorator$ObservationFilter.doFilter(ObservationFilterChainDecorator.java:227)
	at org.springframework.security.web.ObservationFilterChainDecorator$VirtualFilterChain.doFilter(ObservationFilterChainDecorator.java:137)
	at org.springframework.security.web.context.request.async.WebAsyncManagerIntegrationFilter.doFilterInternal(WebAsyncManagerIntegrationFilter.java:62)
	at org.springframework.web.filter.OncePerRequestFilter.doFilter(OncePerRequestFilter.java:116)
	at org.springframework.security.web.ObservationFilterChainDecorator$ObservationFilter.wrapFilter(ObservationFilterChainDecorator.java:240)
	at org.springframework.security.web.ObservationFilterChainDecorator$ObservationFilter.doFilter(ObservationFilterChainDecorator.java:227)
	at org.springframework.security.web.ObservationFilterChainDecorator$VirtualFilterChain.doFilter(ObservationFilterChainDecorator.java:137)
	at org.springframework.security.web.session.DisableEncodeUrlFilter.doFilterInternal(DisableEncodeUrlFilter.java:42)
	at org.springframework.web.filter.OncePerRequestFilter.doFilter(OncePerRequestFilter.java:116)
	at org.springframework.security.web.ObservationFilterChainDecorator$ObservationFilter.wrapFilter(ObservationFilterChainDecorator.java:240)
	at org.springframework.security.web.ObservationFilterChainDecorator$AroundFilterObservation$SimpleAroundFilterObservation.lambda$wrap$0(ObservationFilterChainDecorator.java:323)
	at org.springframework.security.web.ObservationFilterChainDecorator$ObservationFilter.doFilter(ObservationFilterChainDecorator.java:224)
	at org.springframework.security.web.ObservationFilterChainDecorator$VirtualFilterChain.doFilter(ObservationFilterChainDecorator.java:137)
	at org.springframework.security.web.FilterChainProxy.doFilterInternal(FilterChainProxy.java:233)
	at org.springframework.security.web.FilterChainProxy.doFilter(FilterChainProxy.java:191)
	at org.springframework.web.filter.CompositeFilter$VirtualFilterChain.doFilter(CompositeFilter.java:113)
	at org.springframework.web.servlet.handler.HandlerMappingIntrospector.lambda$createCacheFilter$3(HandlerMappingIntrospector.java:195)
	at org.springframework.web.filter.CompositeFilter$VirtualFilterChain.doFilter(CompositeFilter.java:113)
	at org.springframework.web.filter.CompositeFilter.doFilter(CompositeFilter.java:74)
	at org.springframework.security.config.annotation.web.configuration.WebMvcSecurityConfiguration$CompositeFilterChainProxy.doFilter(WebMvcSecurityConfiguration.java:230)
	at org.springframework.web.filter.DelegatingFilterProxy.invokeDelegate(DelegatingFilterProxy.java:362)
	at org.springframework.web.filter.DelegatingFilterProxy.doFilter(DelegatingFilterProxy.java:278)
	at org.apache.catalina.core.ApplicationFilterChain.internalDoFilter(ApplicationFilterChain.java:164)
	at org.apache.catalina.core.ApplicationFilterChain.doFilter(ApplicationFilterChain.java:140)
	at org.springframework.web.filter.RequestContextFilter.doFilterInternal(RequestContextFilter.java:100)
	at org.springframework.web.filter.OncePerRequestFilter.doFilter(OncePerRequestFilter.java:116)
	at org.apache.catalina.core.ApplicationFilterChain.internalDoFilter(ApplicationFilterChain.java:164)
	at org.apache.catalina.core.ApplicationFilterChain.doFilter(ApplicationFilterChain.java:140)
	at org.springframework.web.filter.FormContentFilter.doFilterInternal(FormContentFilter.java:93)
	at org.springframework.web.filter.OncePerRequestFilter.doFilter(OncePerRequestFilter.java:116)
	at org.apache.catalina.core.ApplicationFilterChain.internalDoFilter(ApplicationFilterChain.java:164)
	at org.apache.catalina.core.ApplicationFilterChain.doFilter(ApplicationFilterChain.java:140)
	at org.springframework.web.filter.ServerHttpObservationFilter.doFilterInternal(ServerHttpObservationFilter.java:113)
	at org.springframework.web.filter.OncePerRequestFilter.doFilter(OncePerRequestFilter.java:116)
	at org.apache.catalina.core.ApplicationFilterChain.internalDoFilter(ApplicationFilterChain.java:164)
	at org.apache.catalina.core.ApplicationFilterChain.doFilter(ApplicationFilterChain.java:140)
	at org.springframework.web.filter.CharacterEncodingFilter.doFilterInternal(CharacterEncodingFilter.java:201)
	at org.springframework.web.filter.OncePerRequestFilter.doFilter(OncePerRequestFilter.java:116)
	at org.apache.catalina.core.ApplicationFilterChain.internalDoFilter(ApplicationFilterChain.java:164)
	at org.apache.catalina.core.ApplicationFilterChain.doFilter(ApplicationFilterChain.java:140)
	at org.apache.catalina.core.StandardWrapperValve.invoke(StandardWrapperValve.java:167)
	at org.apache.catalina.core.StandardContextValve.invoke(StandardContextValve.java:90)
	at org.apache.catalina.authenticator.AuthenticatorBase.invoke(AuthenticatorBase.java:483)
	at org.apache.catalina.core.StandardHostValve.invoke(StandardHostValve.java:115)
	at org.apache.catalina.valves.ErrorReportValve.invoke(ErrorReportValve.java:93)
	at org.apache.catalina.core.StandardEngineValve.invoke(StandardEngineValve.java:74)
	at org.apache.catalina.connector.CoyoteAdapter.service(CoyoteAdapter.java:344)
	at org.apache.coyote.http11.Http11Processor.service(Http11Processor.java:384)
	at org.apache.coyote.AbstractProcessorLight.process(AbstractProcessorLight.java:63)
	at org.apache.coyote.AbstractProtocol$ConnectionHandler.process(AbstractProtocol.java:905)
	at org.apache.tomcat.util.net.NioEndpoint$SocketProcessor.doRun(NioEndpoint.java:1741)
	at org.apache.tomcat.util.net.SocketProcessorBase.run(SocketProcessorBase.java:52)
	at org.apache.tomcat.util.threads.ThreadPoolExecutor.runWorker(ThreadPoolExecutor.java:1190)
	at org.apache.tomcat.util.threads.ThreadPoolExecutor$Worker.run(ThreadPoolExecutor.java:659)
	at org.apache.tomcat.util.threads.TaskThread$WrappingRunnable.run(TaskThread.java:63)
	at java.base/java.lang.Thread.run(Thread.java:1575)
Caused by: org.attoparser.ParseException: Exception evaluating SpringEL expression: "!hasFeedback" (template: "realty/main" - line 406, col 18)
	at org.attoparser.MarkupParser.parseDocument(MarkupParser.java:393)
	at org.attoparser.MarkupParser.parse(MarkupParser.java:257)
	at org.thymeleaf.templateparser.markup.AbstractMarkupTemplateParser.parse(AbstractMarkupTemplateParser.java:230)
	... 137 common frames omitted
Caused by: org.thymeleaf.exceptions.TemplateProcessingException: Exception evaluating SpringEL expression: "!hasFeedback" (template: "realty/main" - line 406, col 18)
	at org.thymeleaf.spring6.expression.SPELVariableExpressionEvaluator.evaluate(SPELVariableExpressionEvaluator.java:292)
	at org.thymeleaf.standard.expression.VariableExpression.executeVariableExpression(VariableExpression.java:166)
	at org.thymeleaf.standard.expression.SimpleExpression.executeSimple(SimpleExpression.java:66)
	at org.thymeleaf.standard.expression.Expression.execute(Expression.java:109)
	at org.thymeleaf.standard.expression.Expression.execute(Expression.java:138)
	at org.thymeleaf.standard.expression.Expression.execute(Expression.java:125)
	at org.thymeleaf.standard.processor.StandardIfTagProcessor.isVisible(StandardIfTagProcessor.java:59)
	at org.thymeleaf.standard.processor.AbstractStandardConditionalVisibilityTagProcessor.doProcess(AbstractStandardConditionalVisibilityTagProcessor.java:61)
	at org.thymeleaf.processor.element.AbstractAttributeTagProcessor.doProcess(AbstractAttributeTagProcessor.java:74)
	at org.thymeleaf.processor.element.AbstractElementTagProcessor.process(AbstractElementTagProcessor.java:95)
	at org.thymeleaf.util.ProcessorConfigurationUtils$ElementTagProcessorWrapper.process(ProcessorConfigurationUtils.java:633)
	at org.thymeleaf.engine.ProcessorTemplateHandler.handleOpenElement(ProcessorTemplateHandler.java:1314)
	at org.thymeleaf.engine.TemplateHandlerAdapterMarkupHandler.handleOpenElementEnd(TemplateHandlerAdapterMarkupHandler.java:304)
	at org.thymeleaf.templateparser.markup.InlinedOutputExpressionMarkupHandler$InlineMarkupAdapterPreProcessorHandler.handleOpenElementEnd(InlinedOutputExpressionMarkupHandler.java:278)
	at org.thymeleaf.standard.inline.OutputExpressionInlinePreProcessorHandler.handleOpenElementEnd(OutputExpressionInlinePreProcessorHandler.java:186)
	at org.thymeleaf.templateparser.markup.InlinedOutputExpressionMarkupHandler.handleOpenElementEnd(InlinedOutputExpressionMarkupHandler.java:124)
	at org.attoparser.HtmlElement.handleOpenElementEnd(HtmlElement.java:109)
	at org.attoparser.HtmlMarkupHandler.handleOpenElementEnd(HtmlMarkupHandler.java:297)
	at org.attoparser.MarkupEventProcessorHandler.handleOpenElementEnd(MarkupEventProcessorHandler.java:402)
	at org.attoparser.ParsingElementMarkupUtil.parseOpenElement(ParsingElementMarkupUtil.java:159)
	at org.attoparser.MarkupParser.parseBuffer(MarkupParser.java:710)
	at org.attoparser.MarkupParser.parseDocument(MarkupParser.java:301)
	... 139 common frames omitted
Caused by: org.springframework.expression.spel.SpelEvaluationException: EL1001E: Type conversion problem, cannot convert from null to boolean
	at org.springframework.expression.spel.ast.OperatorNot.getValueInternal(OperatorNot.java:49)
	at org.springframework.expression.spel.ast.OperatorNot.getValueInternal(OperatorNot.java:36)
	at org.springframework.expression.spel.ast.SpelNodeImpl.getValue(SpelNodeImpl.java:114)
	at org.springframework.expression.spel.standard.SpelExpression.getValue(SpelExpression.java:338)
	at org.thymeleaf.spring6.expression.SPELVariableExpressionEvaluator.evaluate(SPELVariableExpressionEvaluator.java:265)
	... 160 common frames omitted
2025-03-29 16:45:44 [http-nio-8080-exec-5] [ERROR] o.a.c.c.C.[.[.[.[dispatcherServlet] - Servlet.service() for servlet [dispatcherServlet] in context with path [] threw exception [Request processing failed: org.thymeleaf.exceptions.TemplateInputException: An error happened during template parsing (template: "class path resource [templates/realty/main.html]")] with root cause
org.springframework.expression.spel.SpelEvaluationException: EL1001E: Type conversion problem, cannot convert from null to boolean
	at org.springframework.expression.spel.ast.OperatorNot.getValueInternal(OperatorNot.java:49)
	at org.springframework.expression.spel.ast.OperatorNot.getValueInternal(OperatorNot.java:36)
	at org.springframework.expression.spel.ast.SpelNodeImpl.getValue(SpelNodeImpl.java:114)
	at org.springframework.expression.spel.standard.SpelExpression.getValue(SpelExpression.java:338)
	at org.thymeleaf.spring6.expression.SPELVariableExpressionEvaluator.evaluate(SPELVariableExpressionEvaluator.java:265)
	at org.thymeleaf.standard.expression.VariableExpression.executeVariableExpression(VariableExpression.java:166)
	at org.thymeleaf.standard.expression.SimpleExpression.executeSimple(SimpleExpression.java:66)
	at org.thymeleaf.standard.expression.Expression.execute(Expression.java:109)
	at org.thymeleaf.standard.expression.Expression.execute(Expression.java:138)
	at org.thymeleaf.standard.expression.Expression.execute(Expression.java:125)
	at org.thymeleaf.standard.processor.StandardIfTagProcessor.isVisible(StandardIfTagProcessor.java:59)
	at org.thymeleaf.standard.processor.AbstractStandardConditionalVisibilityTagProcessor.doProcess(AbstractStandardConditionalVisibilityTagProcessor.java:61)
	at org.thymeleaf.processor.element.AbstractAttributeTagProcessor.doProcess(AbstractAttributeTagProcessor.java:74)
	at org.thymeleaf.processor.element.AbstractElementTagProcessor.process(AbstractElementTagProcessor.java:95)
	at org.thymeleaf.util.ProcessorConfigurationUtils$ElementTagProcessorWrapper.process(ProcessorConfigurationUtils.java:633)
	at org.thymeleaf.engine.ProcessorTemplateHandler.handleOpenElement(ProcessorTemplateHandler.java:1314)
	at org.thymeleaf.engine.TemplateHandlerAdapterMarkupHandler.handleOpenElementEnd(TemplateHandlerAdapterMarkupHandler.java:304)
	at org.thymeleaf.templateparser.markup.InlinedOutputExpressionMarkupHandler$InlineMarkupAdapterPreProcessorHandler.handleOpenElementEnd(InlinedOutputExpressionMarkupHandler.java:278)
	at org.thymeleaf.standard.inline.OutputExpressionInlinePreProcessorHandler.handleOpenElementEnd(OutputExpressionInlinePreProcessorHandler.java:186)
	at org.thymeleaf.templateparser.markup.InlinedOutputExpressionMarkupHandler.handleOpenElementEnd(InlinedOutputExpressionMarkupHandler.java:124)
	at org.attoparser.HtmlElement.handleOpenElementEnd(HtmlElement.java:109)
	at org.attoparser.HtmlMarkupHandler.handleOpenElementEnd(HtmlMarkupHandler.java:297)
	at org.attoparser.MarkupEventProcessorHandler.handleOpenElementEnd(MarkupEventProcessorHandler.java:402)
	at org.attoparser.ParsingElementMarkupUtil.parseOpenElement(ParsingElementMarkupUtil.java:159)
	at org.attoparser.MarkupParser.parseBuffer(MarkupParser.java:710)
	at org.attoparser.MarkupParser.parseDocument(MarkupParser.java:301)
	at org.attoparser.MarkupParser.parse(MarkupParser.java:257)
	at org.thymeleaf.templateparser.markup.AbstractMarkupTemplateParser.parse(AbstractMarkupTemplateParser.java:230)
	at org.thymeleaf.templateparser.markup.AbstractMarkupTemplateParser.parseStandalone(AbstractMarkupTemplateParser.java:100)
	at org.thymeleaf.engine.TemplateManager.parseAndProcess(TemplateManager.java:666)
	at org.thymeleaf.TemplateEngine.process(TemplateEngine.java:1103)
	at org.thymeleaf.TemplateEngine.process(TemplateEngine.java:1077)
	at org.thymeleaf.spring6.view.ThymeleafView.renderFragment(ThymeleafView.java:372)
	at org.thymeleaf.spring6.view.ThymeleafView.render(ThymeleafView.java:192)
	at org.springframework.web.servlet.DispatcherServlet.render(DispatcherServlet.java:1432)
	at org.springframework.web.servlet.DispatcherServlet.processDispatchResult(DispatcherServlet.java:1168)
	at org.springframework.web.servlet.DispatcherServlet.doDispatch(DispatcherServlet.java:1106)
	at org.springframework.web.servlet.DispatcherServlet.doService(DispatcherServlet.java:979)
	at org.springframework.web.servlet.FrameworkServlet.processRequest(FrameworkServlet.java:1014)
	at org.springframework.web.servlet.FrameworkServlet.doGet(FrameworkServlet.java:903)
	at jakarta.servlet.http.HttpServlet.service(HttpServlet.java:564)
	at org.springframework.web.servlet.FrameworkServlet.service(FrameworkServlet.java:885)
	at jakarta.servlet.http.HttpServlet.service(HttpServlet.java:658)
	at org.apache.catalina.core.ApplicationFilterChain.internalDoFilter(ApplicationFilterChain.java:195)
	at org.apache.catalina.core.ApplicationFilterChain.doFilter(ApplicationFilterChain.java:140)
	at org.apache.tomcat.websocket.server.WsFilter.doFilter(WsFilter.java:51)
	at org.apache.catalina.core.ApplicationFilterChain.internalDoFilter(ApplicationFilterChain.java:164)
	at org.apache.catalina.core.ApplicationFilterChain.doFilter(ApplicationFilterChain.java:140)
	at org.springframework.web.filter.HiddenHttpMethodFilter.doFilterInternal(HiddenHttpMethodFilter.java:91)
	at org.springframework.web.filter.OncePerRequestFilter.doFilter(OncePerRequestFilter.java:116)
	at org.apache.catalina.core.ApplicationFilterChain.internalDoFilter(ApplicationFilterChain.java:164)
	at org.apache.catalina.core.ApplicationFilterChain.doFilter(ApplicationFilterChain.java:140)
	at org.springframework.web.filter.CompositeFilter$VirtualFilterChain.doFilter(CompositeFilter.java:108)
	at org.springframework.security.web.FilterChainProxy.lambda$doFilterInternal$3(FilterChainProxy.java:231)
	at org.springframework.security.web.ObservationFilterChainDecorator$FilterObservation$SimpleFilterObservation.lambda$wrap$1(ObservationFilterChainDecorator.java:479)
	at org.springframework.security.web.ObservationFilterChainDecorator$AroundFilterObservation$SimpleAroundFilterObservation.lambda$wrap$1(ObservationFilterChainDecorator.java:340)
	at org.springframework.security.web.ObservationFilterChainDecorator.lambda$wrapSecured$0(ObservationFilterChainDecorator.java:82)
	at org.springframework.security.web.ObservationFilterChainDecorator$VirtualFilterChain.doFilter(ObservationFilterChainDecorator.java:128)
	at org.springframework.security.web.access.intercept.FilterSecurityInterceptor.invoke(FilterSecurityInterceptor.java:117)
	at org.springframework.security.web.access.intercept.FilterSecurityInterceptor.doFilter(FilterSecurityInterceptor.java:83)
	at org.springframework.security.web.ObservationFilterChainDecorator$ObservationFilter.wrapFilter(ObservationFilterChainDecorator.java:240)
	at org.springframework.security.web.ObservationFilterChainDecorator$ObservationFilter.doFilter(ObservationFilterChainDecorator.java:227)
	at org.springframework.security.web.ObservationFilterChainDecorator$VirtualFilterChain.doFilter(ObservationFilterChainDecorator.java:137)
	at org.springframework.security.web.access.ExceptionTranslationFilter.doFilter(ExceptionTranslationFilter.java:126)
	at org.springframework.security.web.access.ExceptionTranslationFilter.doFilter(ExceptionTranslationFilter.java:120)
	at org.springframework.security.web.ObservationFilterChainDecorator$ObservationFilter.wrapFilter(ObservationFilterChainDecorator.java:240)
	at org.springframework.security.web.ObservationFilterChainDecorator$ObservationFilter.doFilter(ObservationFilterChainDecorator.java:227)
	at org.springframework.security.web.ObservationFilterChainDecorator$VirtualFilterChain.doFilter(ObservationFilterChainDecorator.java:137)
	at org.springframework.security.web.authentication.AnonymousAuthenticationFilter.doFilter(AnonymousAuthenticationFilter.java:100)
	at org.springframework.security.web.ObservationFilterChainDecorator$ObservationFilter.wrapFilter(ObservationFilterChainDecorator.java:240)
	at org.springframework.security.web.ObservationFilterChainDecorator$ObservationFilter.doFilter(ObservationFilterChainDecorator.java:227)
	at org.springframework.security.web.ObservationFilterChainDecorator$VirtualFilterChain.doFilter(ObservationFilterChainDecorator.java:137)
	at org.springframework.security.web.servletapi.SecurityContextHolderAwareRequestFilter.doFilter(SecurityContextHolderAwareRequestFilter.java:179)
	at org.springframework.security.web.ObservationFilterChainDecorator$ObservationFilter.wrapFilter(ObservationFilterChainDecorator.java:240)
	at org.springframework.security.web.ObservationFilterChainDecorator$ObservationFilter.doFilter(ObservationFilterChainDecorator.java:227)
	at org.springframework.security.web.ObservationFilterChainDecorator$VirtualFilterChain.doFilter(ObservationFilterChainDecorator.java:137)
	at org.springframework.security.web.savedrequest.RequestCacheAwareFilter.doFilter(RequestCacheAwareFilter.java:63)
	at org.springframework.security.web.ObservationFilterChainDecorator$ObservationFilter.wrapFilter(ObservationFilterChainDecorator.java:240)
	at org.springframework.security.web.ObservationFilterChainDecorator$ObservationFilter.doFilter(ObservationFilterChainDecorator.java:227)
	at org.springframework.security.web.ObservationFilterChainDecorator$VirtualFilterChain.doFilter(ObservationFilterChainDecorator.java:137)
	at org.springframework.security.web.authentication.AbstractAuthenticationProcessingFilter.doFilter(AbstractAuthenticationProcessingFilter.java:227)
	at org.springframework.security.web.authentication.AbstractAuthenticationProcessingFilter.doFilter(AbstractAuthenticationProcessingFilter.java:221)
	at org.springframework.security.web.ObservationFilterChainDecorator$ObservationFilter.wrapFilter(ObservationFilterChainDecorator.java:240)
	at org.springframework.security.web.ObservationFilterChainDecorator$ObservationFilter.doFilter(ObservationFilterChainDecorator.java:227)
	at org.springframework.security.web.ObservationFilterChainDecorator$VirtualFilterChain.doFilter(ObservationFilterChainDecorator.java:137)
	at org.springframework.security.web.authentication.AbstractAuthenticationProcessingFilter.doFilter(AbstractAuthenticationProcessingFilter.java:227)
	at org.springframework.security.web.authentication.AbstractAuthenticationProcessingFilter.doFilter(AbstractAuthenticationProcessingFilter.java:221)
	at org.springframework.security.web.ObservationFilterChainDecorator$ObservationFilter.wrapFilter(ObservationFilterChainDecorator.java:240)
	at org.springframework.security.web.ObservationFilterChainDecorator$ObservationFilter.doFilter(ObservationFilterChainDecorator.java:227)
	at org.springframework.security.web.ObservationFilterChainDecorator$VirtualFilterChain.doFilter(ObservationFilterChainDecorator.java:137)
	at org.springframework.security.oauth2.client.web.OAuth2AuthorizationRequestRedirectFilter.doFilterInternal(OAuth2AuthorizationRequestRedirectFilter.java:198)
	at org.springframework.web.filter.OncePerRequestFilter.doFilter(OncePerRequestFilter.java:116)
	at org.springframework.security.web.ObservationFilterChainDecorator$ObservationFilter.wrapFilter(ObservationFilterChainDecorator.java:240)
	at org.springframework.security.web.ObservationFilterChainDecorator$ObservationFilter.doFilter(ObservationFilterChainDecorator.java:227)
	at org.springframework.security.web.ObservationFilterChainDecorator$VirtualFilterChain.doFilter(ObservationFilterChainDecorator.java:137)
	at org.springframework.security.web.authentication.logout.LogoutFilter.doFilter(LogoutFilter.java:107)
	at org.springframework.security.web.authentication.logout.LogoutFilter.doFilter(LogoutFilter.java:93)
	at org.springframework.security.web.ObservationFilterChainDecorator$ObservationFilter.wrapFilter(ObservationFilterChainDecorator.java:240)
	at org.springframework.security.web.ObservationFilterChainDecorator$ObservationFilter.doFilter(ObservationFilterChainDecorator.java:227)
	at org.springframework.security.web.ObservationFilterChainDecorator$VirtualFilterChain.doFilter(ObservationFilterChainDecorator.java:137)
	at org.springframework.security.web.header.HeaderWriterFilter.doHeadersAfter(HeaderWriterFilter.java:90)
	at org.springframework.security.web.header.HeaderWriterFilter.doFilterInternal(HeaderWriterFilter.java:75)
	at org.springframework.web.filter.OncePerRequestFilter.doFilter(OncePerRequestFilter.java:116)
	at org.springframework.security.web.ObservationFilterChainDecorator$ObservationFilter.wrapFilter(ObservationFilterChainDecorator.java:240)
	at org.springframework.security.web.ObservationFilterChainDecorator$ObservationFilter.doFilter(ObservationFilterChainDecorator.java:227)
	at org.springframework.security.web.ObservationFilterChainDecorator$VirtualFilterChain.doFilter(ObservationFilterChainDecorator.java:137)
	at org.springframework.security.web.context.SecurityContextHolderFilter.doFilter(SecurityContextHolderFilter.java:82)
	at org.springframework.security.web.context.SecurityContextHolderFilter.doFilter(SecurityContextHolderFilter.java:69)
	at org.springframework.security.web.ObservationFilterChainDecorator$ObservationFilter.wrapFilter(ObservationFilterChainDecorator.java:240)
	at org.springframework.security.web.ObservationFilterChainDecorator$ObservationFilter.doFilter(ObservationFilterChainDecorator.java:227)
	at org.springframework.security.web.ObservationFilterChainDecorator$VirtualFilterChain.doFilter(ObservationFilterChainDecorator.java:137)
	at org.springframework.security.web.context.request.async.WebAsyncManagerIntegrationFilter.doFilterInternal(WebAsyncManagerIntegrationFilter.java:62)
	at org.springframework.web.filter.OncePerRequestFilter.doFilter(OncePerRequestFilter.java:116)
	at org.springframework.security.web.ObservationFilterChainDecorator$ObservationFilter.wrapFilter(ObservationFilterChainDecorator.java:240)
	at org.springframework.security.web.ObservationFilterChainDecorator$ObservationFilter.doFilter(ObservationFilterChainDecorator.java:227)
	at org.springframework.security.web.ObservationFilterChainDecorator$VirtualFilterChain.doFilter(ObservationFilterChainDecorator.java:137)
	at org.springframework.security.web.session.DisableEncodeUrlFilter.doFilterInternal(DisableEncodeUrlFilter.java:42)
	at org.springframework.web.filter.OncePerRequestFilter.doFilter(OncePerRequestFilter.java:116)
	at org.springframework.security.web.ObservationFilterChainDecorator$ObservationFilter.wrapFilter(ObservationFilterChainDecorator.java:240)
	at org.springframework.security.web.ObservationFilterChainDecorator$AroundFilterObservation$SimpleAroundFilterObservation.lambda$wrap$0(ObservationFilterChainDecorator.java:323)
	at org.springframework.security.web.ObservationFilterChainDecorator$ObservationFilter.doFilter(ObservationFilterChainDecorator.java:224)
	at org.springframework.security.web.ObservationFilterChainDecorator$VirtualFilterChain.doFilter(ObservationFilterChainDecorator.java:137)
	at org.springframework.security.web.FilterChainProxy.doFilterInternal(FilterChainProxy.java:233)
	at org.springframework.security.web.FilterChainProxy.doFilter(FilterChainProxy.java:191)
	at org.springframework.web.filter.CompositeFilter$VirtualFilterChain.doFilter(CompositeFilter.java:113)
	at org.springframework.web.servlet.handler.HandlerMappingIntrospector.lambda$createCacheFilter$3(HandlerMappingIntrospector.java:195)
	at org.springframework.web.filter.CompositeFilter$VirtualFilterChain.doFilter(CompositeFilter.java:113)
	at org.springframework.web.filter.CompositeFilter.doFilter(CompositeFilter.java:74)
	at org.springframework.security.config.annotation.web.configuration.WebMvcSecurityConfiguration$CompositeFilterChainProxy.doFilter(WebMvcSecurityConfiguration.java:230)
	at org.springframework.web.filter.DelegatingFilterProxy.invokeDelegate(DelegatingFilterProxy.java:362)
	at org.springframework.web.filter.DelegatingFilterProxy.doFilter(DelegatingFilterProxy.java:278)
	at org.apache.catalina.core.ApplicationFilterChain.internalDoFilter(ApplicationFilterChain.java:164)
	at org.apache.catalina.core.ApplicationFilterChain.doFilter(ApplicationFilterChain.java:140)
	at org.springframework.web.filter.RequestContextFilter.doFilterInternal(RequestContextFilter.java:100)
	at org.springframework.web.filter.OncePerRequestFilter.doFilter(OncePerRequestFilter.java:116)
	at org.apache.catalina.core.ApplicationFilterChain.internalDoFilter(ApplicationFilterChain.java:164)
	at org.apache.catalina.core.ApplicationFilterChain.doFilter(ApplicationFilterChain.java:140)
	at org.springframework.web.filter.FormContentFilter.doFilterInternal(FormContentFilter.java:93)
	at org.springframework.web.filter.OncePerRequestFilter.doFilter(OncePerRequestFilter.java:116)
	at org.apache.catalina.core.ApplicationFilterChain.internalDoFilter(ApplicationFilterChain.java:164)
	at org.apache.catalina.core.ApplicationFilterChain.doFilter(ApplicationFilterChain.java:140)
	at org.springframework.web.filter.ServerHttpObservationFilter.doFilterInternal(ServerHttpObservationFilter.java:113)
	at org.springframework.web.filter.OncePerRequestFilter.doFilter(OncePerRequestFilter.java:116)
	at org.apache.catalina.core.ApplicationFilterChain.internalDoFilter(ApplicationFilterChain.java:164)
	at org.apache.catalina.core.ApplicationFilterChain.doFilter(ApplicationFilterChain.java:140)
	at org.springframework.web.filter.CharacterEncodingFilter.doFilterInternal(CharacterEncodingFilter.java:201)
	at org.springframework.web.filter.OncePerRequestFilter.doFilter(OncePerRequestFilter.java:116)
	at org.apache.catalina.core.ApplicationFilterChain.internalDoFilter(ApplicationFilterChain.java:164)
	at org.apache.catalina.core.ApplicationFilterChain.doFilter(ApplicationFilterChain.java:140)
	at org.apache.catalina.core.StandardWrapperValve.invoke(StandardWrapperValve.java:167)
	at org.apache.catalina.core.StandardContextValve.invoke(StandardContextValve.java:90)
	at org.apache.catalina.authenticator.AuthenticatorBase.invoke(AuthenticatorBase.java:483)
	at org.apache.catalina.core.StandardHostValve.invoke(StandardHostValve.java:115)
	at org.apache.catalina.valves.ErrorReportValve.invoke(ErrorReportValve.java:93)
	at org.apache.catalina.core.StandardEngineValve.invoke(StandardEngineValve.java:74)
	at org.apache.catalina.connector.CoyoteAdapter.service(CoyoteAdapter.java:344)
	at org.apache.coyote.http11.Http11Processor.service(Http11Processor.java:384)
	at org.apache.coyote.AbstractProcessorLight.process(AbstractProcessorLight.java:63)
	at org.apache.coyote.AbstractProtocol$ConnectionHandler.process(AbstractProtocol.java:905)
	at org.apache.tomcat.util.net.NioEndpoint$SocketProcessor.doRun(NioEndpoint.java:1741)
	at org.apache.tomcat.util.net.SocketProcessorBase.run(SocketProcessorBase.java:52)
	at org.apache.tomcat.util.threads.ThreadPoolExecutor.runWorker(ThreadPoolExecutor.java:1190)
	at org.apache.tomcat.util.threads.ThreadPoolExecutor$Worker.run(ThreadPoolExecutor.java:659)
	at org.apache.tomcat.util.threads.TaskThread$WrappingRunnable.run(TaskThread.java:63)
	at java.base/java.lang.Thread.run(Thread.java:1575)
2025-03-29 16:45:44 [http-nio-8080-exec-5] [DEBUG] o.s.security.web.FilterChainProxy - Securing GET /realty
2025-03-29 16:45:44 [http-nio-8080-exec-5] [DEBUG] o.s.s.w.c.HttpSessionSecurityContextRepository - Retrieved SecurityContextImpl [Authentication=OAuth2AuthenticationToken [Principal=Name: [107234087105093742255], Granted Authorities: [[OIDC_USER, SCOPE_https://www.googleapis.com/auth/userinfo.email, SCOPE_https://www.googleapis.com/auth/userinfo.profile, SCOPE_openid]], User Attributes: [{at_hash=hpK2zuv8Cx0J835oHCK_6Q, sub=107234087105093742255, email_verified=true, iss=https://accounts.google.com, given_name=Павел, nonce=sInbYAvLv5F-BGLCZkvsV-Tol70WAIVDdmBMDR9uRV8, picture=https://lh3.googleusercontent.com/a/ACg8ocJJoh9jonlTH61VWgvXCiXb0zCDjifGZZtZ30sCErS3N5ntDw=s96-c, aud=[909915657042-l07l5jl8r3v54r15k12hp7vev9dor6r7.apps.googleusercontent.com], azp=909915657042-l07l5jl8r3v54r15k12hp7vev9dor6r7.apps.googleusercontent.com, name=Павел Королев, exp=2025-03-29T14:45:44Z, family_name=Королев, iat=2025-03-29T13:45:44Z, email=passapdom@gmail.com}], Credentials=[PROTECTED], Authenticated=true, Details=WebAuthenticationDetails [RemoteIpAddress=0:0:0:0:0:0:0:1, SessionId=A19E3F8DC57B5CA4E97D5714769BB2D0], Granted Authorities=[OIDC_USER, SCOPE_https://www.googleapis.com/auth/userinfo.email, SCOPE_https://www.googleapis.com/auth/userinfo.profile, SCOPE_openid]]]
2025-03-29 16:45:44 [http-nio-8080-exec-5] [DEBUG] o.s.s.w.a.i.FilterSecurityInterceptor - Authorized filter invocation [GET /realty] with attributes [permitAll]
2025-03-29 16:45:44 [http-nio-8080-exec-5] [DEBUG] o.s.security.web.FilterChainProxy - Secured GET /realty
2025-03-29 16:45:44 [http-nio-8080-exec-5] [ERROR] o.s.b.a.w.s.e.ErrorMvcAutoConfiguration$StaticView - Cannot render error page for request [/realty] and exception [An error happened during template parsing (template: "class path resource [templates/realty/main.html]")] as the response has already been committed. As a result, the response may have the wrong status code.
2025-03-29 16:45:44 [http-nio-8080-exec-4] [DEBUG] o.s.security.web.FilterChainProxy - Securing GET /css/styles.css
2025-03-29 16:45:44 [http-nio-8080-exec-8] [DEBUG] o.s.security.web.FilterChainProxy - Securing GET /img/logo_alliance.png
2025-03-29 16:45:44 [http-nio-8080-exec-4] [DEBUG] o.s.s.w.c.HttpSessionSecurityContextRepository - Retrieved SecurityContextImpl [Authentication=OAuth2AuthenticationToken [Principal=Name: [107234087105093742255], Granted Authorities: [[OIDC_USER, SCOPE_https://www.googleapis.com/auth/userinfo.email, SCOPE_https://www.googleapis.com/auth/userinfo.profile, SCOPE_openid]], User Attributes: [{at_hash=hpK2zuv8Cx0J835oHCK_6Q, sub=107234087105093742255, email_verified=true, iss=https://accounts.google.com, given_name=Павел, nonce=sInbYAvLv5F-BGLCZkvsV-Tol70WAIVDdmBMDR9uRV8, picture=https://lh3.googleusercontent.com/a/ACg8ocJJoh9jonlTH61VWgvXCiXb0zCDjifGZZtZ30sCErS3N5ntDw=s96-c, aud=[909915657042-l07l5jl8r3v54r15k12hp7vev9dor6r7.apps.googleusercontent.com], azp=909915657042-l07l5jl8r3v54r15k12hp7vev9dor6r7.apps.googleusercontent.com, name=Павел Королев, exp=2025-03-29T14:45:44Z, family_name=Королев, iat=2025-03-29T13:45:44Z, email=passapdom@gmail.com}], Credentials=[PROTECTED], Authenticated=true, Details=WebAuthenticationDetails [RemoteIpAddress=0:0:0:0:0:0:0:1, SessionId=A19E3F8DC57B5CA4E97D5714769BB2D0], Granted Authorities=[OIDC_USER, SCOPE_https://www.googleapis.com/auth/userinfo.email, SCOPE_https://www.googleapis.com/auth/userinfo.profile, SCOPE_openid]]]
2025-03-29 16:45:44 [http-nio-8080-exec-4] [DEBUG] o.s.s.w.a.i.FilterSecurityInterceptor - Authorized filter invocation [GET /css/styles.css] with attributes [permitAll]
2025-03-29 16:45:44 [http-nio-8080-exec-8] [DEBUG] o.s.s.w.c.HttpSessionSecurityContextRepository - Retrieved SecurityContextImpl [Authentication=OAuth2AuthenticationToken [Principal=Name: [107234087105093742255], Granted Authorities: [[OIDC_USER, SCOPE_https://www.googleapis.com/auth/userinfo.email, SCOPE_https://www.googleapis.com/auth/userinfo.profile, SCOPE_openid]], User Attributes: [{at_hash=hpK2zuv8Cx0J835oHCK_6Q, sub=107234087105093742255, email_verified=true, iss=https://accounts.google.com, given_name=Павел, nonce=sInbYAvLv5F-BGLCZkvsV-Tol70WAIVDdmBMDR9uRV8, picture=https://lh3.googleusercontent.com/a/ACg8ocJJoh9jonlTH61VWgvXCiXb0zCDjifGZZtZ30sCErS3N5ntDw=s96-c, aud=[909915657042-l07l5jl8r3v54r15k12hp7vev9dor6r7.apps.googleusercontent.com], azp=909915657042-l07l5jl8r3v54r15k12hp7vev9dor6r7.apps.googleusercontent.com, name=Павел Королев, exp=2025-03-29T14:45:44Z, family_name=Королев, iat=2025-03-29T13:45:44Z, email=passapdom@gmail.com}], Credentials=[PROTECTED], Authenticated=true, Details=WebAuthenticationDetails [RemoteIpAddress=0:0:0:0:0:0:0:1, SessionId=A19E3F8DC57B5CA4E97D5714769BB2D0], Granted Authorities=[OIDC_USER, SCOPE_https://www.googleapis.com/auth/userinfo.email, SCOPE_https://www.googleapis.com/auth/userinfo.profile, SCOPE_openid]]]
2025-03-29 16:45:44 [http-nio-8080-exec-8] [DEBUG] o.s.s.w.a.i.FilterSecurityInterceptor - Authorized filter invocation [GET /img/logo_alliance.png] with attributes [permitAll]
2025-03-29 16:45:44 [http-nio-8080-exec-4] [DEBUG] o.s.security.web.FilterChainProxy - Secured GET /css/styles.css
2025-03-29 16:45:44 [http-nio-8080-exec-8] [DEBUG] o.s.security.web.FilterChainProxy - Secured GET /img/logo_alliance.png
2025-03-29 16:45:44 [http-nio-8080-exec-9] [DEBUG] o.s.security.web.FilterChainProxy - Securing GET /img/agency.jpg
2025-03-29 16:45:44 [http-nio-8080-exec-9] [DEBUG] o.s.s.w.c.HttpSessionSecurityContextRepository - Retrieved SecurityContextImpl [Authentication=OAuth2AuthenticationToken [Principal=Name: [107234087105093742255], Granted Authorities: [[OIDC_USER, SCOPE_https://www.googleapis.com/auth/userinfo.email, SCOPE_https://www.googleapis.com/auth/userinfo.profile, SCOPE_openid]], User Attributes: [{at_hash=hpK2zuv8Cx0J835oHCK_6Q, sub=107234087105093742255, email_verified=true, iss=https://accounts.google.com, given_name=Павел, nonce=sInbYAvLv5F-BGLCZkvsV-Tol70WAIVDdmBMDR9uRV8, picture=https://lh3.googleusercontent.com/a/ACg8ocJJoh9jonlTH61VWgvXCiXb0zCDjifGZZtZ30sCErS3N5ntDw=s96-c, aud=[909915657042-l07l5jl8r3v54r15k12hp7vev9dor6r7.apps.googleusercontent.com], azp=909915657042-l07l5jl8r3v54r15k12hp7vev9dor6r7.apps.googleusercontent.com, name=Павел Королев, exp=2025-03-29T14:45:44Z, family_name=Королев, iat=2025-03-29T13:45:44Z, email=passapdom@gmail.com}], Credentials=[PROTECTED], Authenticated=true, Details=WebAuthenticationDetails [RemoteIpAddress=0:0:0:0:0:0:0:1, SessionId=A19E3F8DC57B5CA4E97D5714769BB2D0], Granted Authorities=[OIDC_USER, SCOPE_https://www.googleapis.com/auth/userinfo.email, SCOPE_https://www.googleapis.com/auth/userinfo.profile, SCOPE_openid]]]
2025-03-29 16:45:44 [http-nio-8080-exec-9] [DEBUG] o.s.s.w.a.i.FilterSecurityInterceptor - Authorized filter invocation [GET /img/agency.jpg] with attributes [permitAll]
2025-03-29 16:45:44 [http-nio-8080-exec-9] [DEBUG] o.s.security.web.FilterChainProxy - Secured GET /img/agency.jpg
2025-03-29 16:45:44 [http-nio-8080-exec-2] [DEBUG] o.s.security.web.FilterChainProxy - Securing GET /images/advertisementSale/f59acdf2-baf6-4bc0-b36b-35e41bacd18b_photo_2024-12-23_22-17-54.jpg
2025-03-29 16:45:44 [http-nio-8080-exec-10] [DEBUG] o.s.security.web.FilterChainProxy - Securing GET /images/advertisementSale/d4315efc-c703-4501-a94b-81ff7ce200a0_photo_2024-12-23_22-17-59.jpg
2025-03-29 16:45:44 [http-nio-8080-exec-2] [DEBUG] o.s.s.w.c.HttpSessionSecurityContextRepository - Retrieved SecurityContextImpl [Authentication=OAuth2AuthenticationToken [Principal=Name: [107234087105093742255], Granted Authorities: [[OIDC_USER, SCOPE_https://www.googleapis.com/auth/userinfo.email, SCOPE_https://www.googleapis.com/auth/userinfo.profile, SCOPE_openid]], User Attributes: [{at_hash=hpK2zuv8Cx0J835oHCK_6Q, sub=107234087105093742255, email_verified=true, iss=https://accounts.google.com, given_name=Павел, nonce=sInbYAvLv5F-BGLCZkvsV-Tol70WAIVDdmBMDR9uRV8, picture=https://lh3.googleusercontent.com/a/ACg8ocJJoh9jonlTH61VWgvXCiXb0zCDjifGZZtZ30sCErS3N5ntDw=s96-c, aud=[909915657042-l07l5jl8r3v54r15k12hp7vev9dor6r7.apps.googleusercontent.com], azp=909915657042-l07l5jl8r3v54r15k12hp7vev9dor6r7.apps.googleusercontent.com, name=Павел Королев, exp=2025-03-29T14:45:44Z, family_name=Королев, iat=2025-03-29T13:45:44Z, email=passapdom@gmail.com}], Credentials=[PROTECTED], Authenticated=true, Details=WebAuthenticationDetails [RemoteIpAddress=0:0:0:0:0:0:0:1, SessionId=A19E3F8DC57B5CA4E97D5714769BB2D0], Granted Authorities=[OIDC_USER, SCOPE_https://www.googleapis.com/auth/userinfo.email, SCOPE_https://www.googleapis.com/auth/userinfo.profile, SCOPE_openid]]]
2025-03-29 16:45:44 [http-nio-8080-exec-2] [DEBUG] o.s.s.w.a.i.FilterSecurityInterceptor - Authorized filter invocation [GET /images/advertisementSale/f59acdf2-baf6-4bc0-b36b-35e41bacd18b_photo_2024-12-23_22-17-54.jpg] with attributes [permitAll]
2025-03-29 16:45:44 [http-nio-8080-exec-2] [DEBUG] o.s.security.web.FilterChainProxy - Secured GET /images/advertisementSale/f59acdf2-baf6-4bc0-b36b-35e41bacd18b_photo_2024-12-23_22-17-54.jpg
2025-03-29 16:45:44 [http-nio-8080-exec-10] [DEBUG] o.s.s.w.c.HttpSessionSecurityContextRepository - Retrieved SecurityContextImpl [Authentication=OAuth2AuthenticationToken [Principal=Name: [107234087105093742255], Granted Authorities: [[OIDC_USER, SCOPE_https://www.googleapis.com/auth/userinfo.email, SCOPE_https://www.googleapis.com/auth/userinfo.profile, SCOPE_openid]], User Attributes: [{at_hash=hpK2zuv8Cx0J835oHCK_6Q, sub=107234087105093742255, email_verified=true, iss=https://accounts.google.com, given_name=Павел, nonce=sInbYAvLv5F-BGLCZkvsV-Tol70WAIVDdmBMDR9uRV8, picture=https://lh3.googleusercontent.com/a/ACg8ocJJoh9jonlTH61VWgvXCiXb0zCDjifGZZtZ30sCErS3N5ntDw=s96-c, aud=[909915657042-l07l5jl8r3v54r15k12hp7vev9dor6r7.apps.googleusercontent.com], azp=909915657042-l07l5jl8r3v54r15k12hp7vev9dor6r7.apps.googleusercontent.com, name=Павел Королев, exp=2025-03-29T14:45:44Z, family_name=Королев, iat=2025-03-29T13:45:44Z, email=passapdom@gmail.com}], Credentials=[PROTECTED], Authenticated=true, Details=WebAuthenticationDetails [RemoteIpAddress=0:0:0:0:0:0:0:1, SessionId=A19E3F8DC57B5CA4E97D5714769BB2D0], Granted Authorities=[OIDC_USER, SCOPE_https://www.googleapis.com/auth/userinfo.email, SCOPE_https://www.googleapis.com/auth/userinfo.profile, SCOPE_openid]]]
2025-03-29 16:45:44 [http-nio-8080-exec-10] [DEBUG] o.s.s.w.a.i.FilterSecurityInterceptor - Authorized filter invocation [GET /images/advertisementSale/d4315efc-c703-4501-a94b-81ff7ce200a0_photo_2024-12-23_22-17-59.jpg] with attributes [permitAll]
2025-03-29 16:45:44 [http-nio-8080-exec-10] [DEBUG] o.s.security.web.FilterChainProxy - Secured GET /images/advertisementSale/d4315efc-c703-4501-a94b-81ff7ce200a0_photo_2024-12-23_22-17-59.jpg
2025-03-29 16:45:44 [http-nio-8080-exec-1] [DEBUG] o.s.security.web.FilterChainProxy - Securing GET /images/placeholder.jpg
2025-03-29 16:45:44 [http-nio-8080-exec-6] [DEBUG] o.s.security.web.FilterChainProxy - Securing GET /images/advertisementSale/199952c8-f50d-4f4d-bedc-5c44f013ee64_Снимок экрана (6).png
2025-03-29 16:45:44 [http-nio-8080-exec-3] [DEBUG] o.s.security.web.FilterChainProxy - Securing GET /images/advertisementSale/0dab0807-9cf3-481e-9749-99e44f837125_photo_2024-12-23_22-18-04.jpg
2025-03-29 16:45:44 [http-nio-8080-exec-3] [DEBUG] o.s.s.w.c.HttpSessionSecurityContextRepository - Retrieved SecurityContextImpl [Authentication=OAuth2AuthenticationToken [Principal=Name: [107234087105093742255], Granted Authorities: [[OIDC_USER, SCOPE_https://www.googleapis.com/auth/userinfo.email, SCOPE_https://www.googleapis.com/auth/userinfo.profile, SCOPE_openid]], User Attributes: [{at_hash=hpK2zuv8Cx0J835oHCK_6Q, sub=107234087105093742255, email_verified=true, iss=https://accounts.google.com, given_name=Павел, nonce=sInbYAvLv5F-BGLCZkvsV-Tol70WAIVDdmBMDR9uRV8, picture=https://lh3.googleusercontent.com/a/ACg8ocJJoh9jonlTH61VWgvXCiXb0zCDjifGZZtZ30sCErS3N5ntDw=s96-c, aud=[909915657042-l07l5jl8r3v54r15k12hp7vev9dor6r7.apps.googleusercontent.com], azp=909915657042-l07l5jl8r3v54r15k12hp7vev9dor6r7.apps.googleusercontent.com, name=Павел Королев, exp=2025-03-29T14:45:44Z, family_name=Королев, iat=2025-03-29T13:45:44Z, email=passapdom@gmail.com}], Credentials=[PROTECTED], Authenticated=true, Details=WebAuthenticationDetails [RemoteIpAddress=0:0:0:0:0:0:0:1, SessionId=A19E3F8DC57B5CA4E97D5714769BB2D0], Granted Authorities=[OIDC_USER, SCOPE_https://www.googleapis.com/auth/userinfo.email, SCOPE_https://www.googleapis.com/auth/userinfo.profile, SCOPE_openid]]]
2025-03-29 16:45:44 [http-nio-8080-exec-1] [DEBUG] o.s.s.w.c.HttpSessionSecurityContextRepository - Retrieved SecurityContextImpl [Authentication=OAuth2AuthenticationToken [Principal=Name: [107234087105093742255], Granted Authorities: [[OIDC_USER, SCOPE_https://www.googleapis.com/auth/userinfo.email, SCOPE_https://www.googleapis.com/auth/userinfo.profile, SCOPE_openid]], User Attributes: [{at_hash=hpK2zuv8Cx0J835oHCK_6Q, sub=107234087105093742255, email_verified=true, iss=https://accounts.google.com, given_name=Павел, nonce=sInbYAvLv5F-BGLCZkvsV-Tol70WAIVDdmBMDR9uRV8, picture=https://lh3.googleusercontent.com/a/ACg8ocJJoh9jonlTH61VWgvXCiXb0zCDjifGZZtZ30sCErS3N5ntDw=s96-c, aud=[909915657042-l07l5jl8r3v54r15k12hp7vev9dor6r7.apps.googleusercontent.com], azp=909915657042-l07l5jl8r3v54r15k12hp7vev9dor6r7.apps.googleusercontent.com, name=Павел Королев, exp=2025-03-29T14:45:44Z, family_name=Королев, iat=2025-03-29T13:45:44Z, email=passapdom@gmail.com}], Credentials=[PROTECTED], Authenticated=true, Details=WebAuthenticationDetails [RemoteIpAddress=0:0:0:0:0:0:0:1, SessionId=A19E3F8DC57B5CA4E97D5714769BB2D0], Granted Authorities=[OIDC_USER, SCOPE_https://www.googleapis.com/auth/userinfo.email, SCOPE_https://www.googleapis.com/auth/userinfo.profile, SCOPE_openid]]]
2025-03-29 16:45:44 [http-nio-8080-exec-6] [DEBUG] o.s.s.w.c.HttpSessionSecurityContextRepository - Retrieved SecurityContextImpl [Authentication=OAuth2AuthenticationToken [Principal=Name: [107234087105093742255], Granted Authorities: [[OIDC_USER, SCOPE_https://www.googleapis.com/auth/userinfo.email, SCOPE_https://www.googleapis.com/auth/userinfo.profile, SCOPE_openid]], User Attributes: [{at_hash=hpK2zuv8Cx0J835oHCK_6Q, sub=107234087105093742255, email_verified=true, iss=https://accounts.google.com, given_name=Павел, nonce=sInbYAvLv5F-BGLCZkvsV-Tol70WAIVDdmBMDR9uRV8, picture=https://lh3.googleusercontent.com/a/ACg8ocJJoh9jonlTH61VWgvXCiXb0zCDjifGZZtZ30sCErS3N5ntDw=s96-c, aud=[909915657042-l07l5jl8r3v54r15k12hp7vev9dor6r7.apps.googleusercontent.com], azp=909915657042-l07l5jl8r3v54r15k12hp7vev9dor6r7.apps.googleusercontent.com, name=Павел Королев, exp=2025-03-29T14:45:44Z, family_name=Королев, iat=2025-03-29T13:45:44Z, email=passapdom@gmail.com}], Credentials=[PROTECTED], Authenticated=true, Details=WebAuthenticationDetails [RemoteIpAddress=0:0:0:0:0:0:0:1, SessionId=A19E3F8DC57B5CA4E97D5714769BB2D0], Granted Authorities=[OIDC_USER, SCOPE_https://www.googleapis.com/auth/userinfo.email, SCOPE_https://www.googleapis.com/auth/userinfo.profile, SCOPE_openid]]]
2025-03-29 16:45:44 [http-nio-8080-exec-3] [DEBUG] o.s.s.w.a.i.FilterSecurityInterceptor - Authorized filter invocation [GET /images/advertisementSale/0dab0807-9cf3-481e-9749-99e44f837125_photo_2024-12-23_22-18-04.jpg] with attributes [permitAll]
2025-03-29 16:45:44 [http-nio-8080-exec-6] [DEBUG] o.s.s.w.a.i.FilterSecurityInterceptor - Authorized filter invocation [GET /images/advertisementSale/199952c8-f50d-4f4d-bedc-5c44f013ee64_Снимок экрана (6).png] with attributes [permitAll]
2025-03-29 16:45:44 [http-nio-8080-exec-1] [DEBUG] o.s.s.w.a.i.FilterSecurityInterceptor - Authorized filter invocation [GET /images/placeholder.jpg] with attributes [permitAll]
2025-03-29 16:45:44 [http-nio-8080-exec-3] [DEBUG] o.s.security.web.FilterChainProxy - Secured GET /images/advertisementSale/0dab0807-9cf3-481e-9749-99e44f837125_photo_2024-12-23_22-18-04.jpg
2025-03-29 16:45:44 [http-nio-8080-exec-1] [DEBUG] o.s.security.web.FilterChainProxy - Secured GET /images/placeholder.jpg
2025-03-29 16:45:44 [http-nio-8080-exec-6] [DEBUG] o.s.security.web.FilterChainProxy - Secured GET /images/advertisementSale/199952c8-f50d-4f4d-bedc-5c44f013ee64_Снимок экрана (6).png
2025-03-29 16:45:44 [http-nio-8080-exec-1] [DEBUG] o.s.security.web.FilterChainProxy - Securing GET /error
2025-03-29 16:45:44 [http-nio-8080-exec-1] [DEBUG] o.s.s.w.c.HttpSessionSecurityContextRepository - Retrieved SecurityContextImpl [Authentication=OAuth2AuthenticationToken [Principal=Name: [107234087105093742255], Granted Authorities: [[OIDC_USER, SCOPE_https://www.googleapis.com/auth/userinfo.email, SCOPE_https://www.googleapis.com/auth/userinfo.profile, SCOPE_openid]], User Attributes: [{at_hash=hpK2zuv8Cx0J835oHCK_6Q, sub=107234087105093742255, email_verified=true, iss=https://accounts.google.com, given_name=Павел, nonce=sInbYAvLv5F-BGLCZkvsV-Tol70WAIVDdmBMDR9uRV8, picture=https://lh3.googleusercontent.com/a/ACg8ocJJoh9jonlTH61VWgvXCiXb0zCDjifGZZtZ30sCErS3N5ntDw=s96-c, aud=[909915657042-l07l5jl8r3v54r15k12hp7vev9dor6r7.apps.googleusercontent.com], azp=909915657042-l07l5jl8r3v54r15k12hp7vev9dor6r7.apps.googleusercontent.com, name=Павел Королев, exp=2025-03-29T14:45:44Z, family_name=Королев, iat=2025-03-29T13:45:44Z, email=passapdom@gmail.com}], Credentials=[PROTECTED], Authenticated=true, Details=WebAuthenticationDetails [RemoteIpAddress=0:0:0:0:0:0:0:1, SessionId=A19E3F8DC57B5CA4E97D5714769BB2D0], Granted Authorities=[OIDC_USER, SCOPE_https://www.googleapis.com/auth/userinfo.email, SCOPE_https://www.googleapis.com/auth/userinfo.profile, SCOPE_openid]]]
2025-03-29 16:45:44 [http-nio-8080-exec-1] [DEBUG] o.s.s.w.a.i.FilterSecurityInterceptor - Authorized filter invocation [GET /error] with attributes [permitAll]
2025-03-29 16:45:44 [http-nio-8080-exec-1] [DEBUG] o.s.security.web.FilterChainProxy - Secured GET /error
2025-03-29 16:45:44 [http-nio-8080-exec-7] [DEBUG] o.s.security.web.FilterChainProxy - Securing GET /images/advertisementSale/8712f027-90a6-4f31-aeed-9b8fbd323086_Снимок экрана (8).png
2025-03-29 16:45:44 [http-nio-8080-exec-7] [DEBUG] o.s.s.w.c.HttpSessionSecurityContextRepository - Retrieved SecurityContextImpl [Authentication=OAuth2AuthenticationToken [Principal=Name: [107234087105093742255], Granted Authorities: [[OIDC_USER, SCOPE_https://www.googleapis.com/auth/userinfo.email, SCOPE_https://www.googleapis.com/auth/userinfo.profile, SCOPE_openid]], User Attributes: [{at_hash=hpK2zuv8Cx0J835oHCK_6Q, sub=107234087105093742255, email_verified=true, iss=https://accounts.google.com, given_name=Павел, nonce=sInbYAvLv5F-BGLCZkvsV-Tol70WAIVDdmBMDR9uRV8, picture=https://lh3.googleusercontent.com/a/ACg8ocJJoh9jonlTH61VWgvXCiXb0zCDjifGZZtZ30sCErS3N5ntDw=s96-c, aud=[909915657042-l07l5jl8r3v54r15k12hp7vev9dor6r7.apps.googleusercontent.com], azp=909915657042-l07l5jl8r3v54r15k12hp7vev9dor6r7.apps.googleusercontent.com, name=Павел Королев, exp=2025-03-29T14:45:44Z, family_name=Королев, iat=2025-03-29T13:45:44Z, email=passapdom@gmail.com}], Credentials=[PROTECTED], Authenticated=true, Details=WebAuthenticationDetails [RemoteIpAddress=0:0:0:0:0:0:0:1, SessionId=A19E3F8DC57B5CA4E97D5714769BB2D0], Granted Authorities=[OIDC_USER, SCOPE_https://www.googleapis.com/auth/userinfo.email, SCOPE_https://www.googleapis.com/auth/userinfo.profile, SCOPE_openid]]]
2025-03-29 16:45:44 [http-nio-8080-exec-7] [DEBUG] o.s.s.w.a.i.FilterSecurityInterceptor - Authorized filter invocation [GET /images/advertisementSale/8712f027-90a6-4f31-aeed-9b8fbd323086_Снимок экрана (8).png] with attributes [permitAll]
2025-03-29 16:45:44 [http-nio-8080-exec-7] [DEBUG] o.s.security.web.FilterChainProxy - Secured GET /images/advertisementSale/8712f027-90a6-4f31-aeed-9b8fbd323086_Снимок экрана (8).png
2025-03-29 16:45:44 [http-nio-8080-exec-5] [DEBUG] o.s.security.web.FilterChainProxy - Securing GET /images/advertisementSale/76d213ca-dba5-4b57-88f5-b6b4129f212e_photo_2024-12-23_22-17-54.jpg
2025-03-29 16:45:44 [http-nio-8080-exec-5] [DEBUG] o.s.s.w.c.HttpSessionSecurityContextRepository - Retrieved SecurityContextImpl [Authentication=OAuth2AuthenticationToken [Principal=Name: [107234087105093742255], Granted Authorities: [[OIDC_USER, SCOPE_https://www.googleapis.com/auth/userinfo.email, SCOPE_https://www.googleapis.com/auth/userinfo.profile, SCOPE_openid]], User Attributes: [{at_hash=hpK2zuv8Cx0J835oHCK_6Q, sub=107234087105093742255, email_verified=true, iss=https://accounts.google.com, given_name=Павел, nonce=sInbYAvLv5F-BGLCZkvsV-Tol70WAIVDdmBMDR9uRV8, picture=https://lh3.googleusercontent.com/a/ACg8ocJJoh9jonlTH61VWgvXCiXb0zCDjifGZZtZ30sCErS3N5ntDw=s96-c, aud=[909915657042-l07l5jl8r3v54r15k12hp7vev9dor6r7.apps.googleusercontent.com], azp=909915657042-l07l5jl8r3v54r15k12hp7vev9dor6r7.apps.googleusercontent.com, name=Павел Королев, exp=2025-03-29T14:45:44Z, family_name=Королев, iat=2025-03-29T13:45:44Z, email=passapdom@gmail.com}], Credentials=[PROTECTED], Authenticated=true, Details=WebAuthenticationDetails [RemoteIpAddress=0:0:0:0:0:0:0:1, SessionId=A19E3F8DC57B5CA4E97D5714769BB2D0], Granted Authorities=[OIDC_USER, SCOPE_https://www.googleapis.com/auth/userinfo.email, SCOPE_https://www.googleapis.com/auth/userinfo.profile, SCOPE_openid]]]
2025-03-29 16:45:44 [http-nio-8080-exec-5] [DEBUG] o.s.s.w.a.i.FilterSecurityInterceptor - Authorized filter invocation [GET /images/advertisementSale/76d213ca-dba5-4b57-88f5-b6b4129f212e_photo_2024-12-23_22-17-54.jpg] with attributes [permitAll]
2025-03-29 16:45:44 [http-nio-8080-exec-5] [DEBUG] o.s.security.web.FilterChainProxy - Secured GET /images/advertisementSale/76d213ca-dba5-4b57-88f5-b6b4129f212e_photo_2024-12-23_22-17-54.jpg
2025-03-29 16:45:44 [http-nio-8080-exec-8] [DEBUG] o.s.security.web.FilterChainProxy - Securing GET /images/advertisementSale/f11f04c5-71bc-4048-ad70-323ba1188611_Снимок экрана (2).png
2025-03-29 16:45:44 [http-nio-8080-exec-8] [DEBUG] o.s.s.w.c.HttpSessionSecurityContextRepository - Retrieved SecurityContextImpl [Authentication=OAuth2AuthenticationToken [Principal=Name: [107234087105093742255], Granted Authorities: [[OIDC_USER, SCOPE_https://www.googleapis.com/auth/userinfo.email, SCOPE_https://www.googleapis.com/auth/userinfo.profile, SCOPE_openid]], User Attributes: [{at_hash=hpK2zuv8Cx0J835oHCK_6Q, sub=107234087105093742255, email_verified=true, iss=https://accounts.google.com, given_name=Павел, nonce=sInbYAvLv5F-BGLCZkvsV-Tol70WAIVDdmBMDR9uRV8, picture=https://lh3.googleusercontent.com/a/ACg8ocJJoh9jonlTH61VWgvXCiXb0zCDjifGZZtZ30sCErS3N5ntDw=s96-c, aud=[909915657042-l07l5jl8r3v54r15k12hp7vev9dor6r7.apps.googleusercontent.com], azp=909915657042-l07l5jl8r3v54r15k12hp7vev9dor6r7.apps.googleusercontent.com, name=Павел Королев, exp=2025-03-29T14:45:44Z, family_name=Королев, iat=2025-03-29T13:45:44Z, email=passapdom@gmail.com}], Credentials=[PROTECTED], Authenticated=true, Details=WebAuthenticationDetails [RemoteIpAddress=0:0:0:0:0:0:0:1, SessionId=A19E3F8DC57B5CA4E97D5714769BB2D0], Granted Authorities=[OIDC_USER, SCOPE_https://www.googleapis.com/auth/userinfo.email, SCOPE_https://www.googleapis.com/auth/userinfo.profile, SCOPE_openid]]]
2025-03-29 16:45:44 [http-nio-8080-exec-2] [DEBUG] o.s.security.web.FilterChainProxy - Securing GET /images/advertisementSale/770d16f9-e061-46fc-94e4-17e8e3e3588a_photo_2024-12-23_22-18-11.jpg
2025-03-29 16:45:44 [http-nio-8080-exec-8] [DEBUG] o.s.s.w.a.i.FilterSecurityInterceptor - Authorized filter invocation [GET /images/advertisementSale/f11f04c5-71bc-4048-ad70-323ba1188611_Снимок экрана (2).png] with attributes [permitAll]
2025-03-29 16:45:44 [http-nio-8080-exec-4] [DEBUG] o.s.security.web.FilterChainProxy - Securing GET /images/advertisementSale/0673bdb4-3423-44e8-8636-a66497d7ab52_photo_2024-12-23_22-18-01.jpg
2025-03-29 16:45:44 [http-nio-8080-exec-4] [DEBUG] o.s.s.w.c.HttpSessionSecurityContextRepository - Retrieved SecurityContextImpl [Authentication=OAuth2AuthenticationToken [Principal=Name: [107234087105093742255], Granted Authorities: [[OIDC_USER, SCOPE_https://www.googleapis.com/auth/userinfo.email, SCOPE_https://www.googleapis.com/auth/userinfo.profile, SCOPE_openid]], User Attributes: [{at_hash=hpK2zuv8Cx0J835oHCK_6Q, sub=107234087105093742255, email_verified=true, iss=https://accounts.google.com, given_name=Павел, nonce=sInbYAvLv5F-BGLCZkvsV-Tol70WAIVDdmBMDR9uRV8, picture=https://lh3.googleusercontent.com/a/ACg8ocJJoh9jonlTH61VWgvXCiXb0zCDjifGZZtZ30sCErS3N5ntDw=s96-c, aud=[909915657042-l07l5jl8r3v54r15k12hp7vev9dor6r7.apps.googleusercontent.com], azp=909915657042-l07l5jl8r3v54r15k12hp7vev9dor6r7.apps.googleusercontent.com, name=Павел Королев, exp=2025-03-29T14:45:44Z, family_name=Королев, iat=2025-03-29T13:45:44Z, email=passapdom@gmail.com}], Credentials=[PROTECTED], Authenticated=true, Details=WebAuthenticationDetails [RemoteIpAddress=0:0:0:0:0:0:0:1, SessionId=A19E3F8DC57B5CA4E97D5714769BB2D0], Granted Authorities=[OIDC_USER, SCOPE_https://www.googleapis.com/auth/userinfo.email, SCOPE_https://www.googleapis.com/auth/userinfo.profile, SCOPE_openid]]]
2025-03-29 16:45:44 [http-nio-8080-exec-8] [DEBUG] o.s.security.web.FilterChainProxy - Secured GET /images/advertisementSale/f11f04c5-71bc-4048-ad70-323ba1188611_Снимок экрана (2).png
2025-03-29 16:45:44 [http-nio-8080-exec-4] [DEBUG] o.s.s.w.a.i.FilterSecurityInterceptor - Authorized filter invocation [GET /images/advertisementSale/0673bdb4-3423-44e8-8636-a66497d7ab52_photo_2024-12-23_22-18-01.jpg] with attributes [permitAll]
2025-03-29 16:45:44 [http-nio-8080-exec-4] [DEBUG] o.s.security.web.FilterChainProxy - Secured GET /images/advertisementSale/0673bdb4-3423-44e8-8636-a66497d7ab52_photo_2024-12-23_22-18-01.jpg
2025-03-29 16:45:44 [http-nio-8080-exec-2] [DEBUG] o.s.s.w.c.HttpSessionSecurityContextRepository - Retrieved SecurityContextImpl [Authentication=OAuth2AuthenticationToken [Principal=Name: [107234087105093742255], Granted Authorities: [[OIDC_USER, SCOPE_https://www.googleapis.com/auth/userinfo.email, SCOPE_https://www.googleapis.com/auth/userinfo.profile, SCOPE_openid]], User Attributes: [{at_hash=hpK2zuv8Cx0J835oHCK_6Q, sub=107234087105093742255, email_verified=true, iss=https://accounts.google.com, given_name=Павел, nonce=sInbYAvLv5F-BGLCZkvsV-Tol70WAIVDdmBMDR9uRV8, picture=https://lh3.googleusercontent.com/a/ACg8ocJJoh9jonlTH61VWgvXCiXb0zCDjifGZZtZ30sCErS3N5ntDw=s96-c, aud=[909915657042-l07l5jl8r3v54r15k12hp7vev9dor6r7.apps.googleusercontent.com], azp=909915657042-l07l5jl8r3v54r15k12hp7vev9dor6r7.apps.googleusercontent.com, name=Павел Королев, exp=2025-03-29T14:45:44Z, family_name=Королев, iat=2025-03-29T13:45:44Z, email=passapdom@gmail.com}], Credentials=[PROTECTED], Authenticated=true, Details=WebAuthenticationDetails [RemoteIpAddress=0:0:0:0:0:0:0:1, SessionId=A19E3F8DC57B5CA4E97D5714769BB2D0], Granted Authorities=[OIDC_USER, SCOPE_https://www.googleapis.com/auth/userinfo.email, SCOPE_https://www.googleapis.com/auth/userinfo.profile, SCOPE_openid]]]
2025-03-29 16:45:44 [http-nio-8080-exec-2] [DEBUG] o.s.s.w.a.i.FilterSecurityInterceptor - Authorized filter invocation [GET /images/advertisementSale/770d16f9-e061-46fc-94e4-17e8e3e3588a_photo_2024-12-23_22-18-11.jpg] with attributes [permitAll]
2025-03-29 16:45:44 [http-nio-8080-exec-2] [DEBUG] o.s.security.web.FilterChainProxy - Secured GET /images/advertisementSale/770d16f9-e061-46fc-94e4-17e8e3e3588a_photo_2024-12-23_22-18-11.jpg
2025-03-29 16:45:44 [http-nio-8080-exec-3] [DEBUG] o.s.security.web.FilterChainProxy - Securing GET /images/advertisementSale/2703da27-c848-4e9d-a261-4d33ee79f79c_photo_2024-12-23_22-17-59.jpg
2025-03-29 16:45:44 [http-nio-8080-exec-9] [DEBUG] o.s.security.web.FilterChainProxy - Securing GET /images/advertisementSale/15c13dfd-2da8-4565-ae8d-d9857bb9f550_photo_2024-12-23_22-17-54.jpg
2025-03-29 16:45:44 [http-nio-8080-exec-10] [DEBUG] o.s.security.web.FilterChainProxy - Securing GET /images/advertisementSale/6d439031-8c11-4cfd-9007-7047bd94ec62_photo_2024-12-23_22-18-10.jpg
2025-03-29 16:45:44 [http-nio-8080-exec-9] [DEBUG] o.s.s.w.c.HttpSessionSecurityContextRepository - Retrieved SecurityContextImpl [Authentication=OAuth2AuthenticationToken [Principal=Name: [107234087105093742255], Granted Authorities: [[OIDC_USER, SCOPE_https://www.googleapis.com/auth/userinfo.email, SCOPE_https://www.googleapis.com/auth/userinfo.profile, SCOPE_openid]], User Attributes: [{at_hash=hpK2zuv8Cx0J835oHCK_6Q, sub=107234087105093742255, email_verified=true, iss=https://accounts.google.com, given_name=Павел, nonce=sInbYAvLv5F-BGLCZkvsV-Tol70WAIVDdmBMDR9uRV8, picture=https://lh3.googleusercontent.com/a/ACg8ocJJoh9jonlTH61VWgvXCiXb0zCDjifGZZtZ30sCErS3N5ntDw=s96-c, aud=[909915657042-l07l5jl8r3v54r15k12hp7vev9dor6r7.apps.googleusercontent.com], azp=909915657042-l07l5jl8r3v54r15k12hp7vev9dor6r7.apps.googleusercontent.com, name=Павел Королев, exp=2025-03-29T14:45:44Z, family_name=Королев, iat=2025-03-29T13:45:44Z, email=passapdom@gmail.com}], Credentials=[PROTECTED], Authenticated=true, Details=WebAuthenticationDetails [RemoteIpAddress=0:0:0:0:0:0:0:1, SessionId=A19E3F8DC57B5CA4E97D5714769BB2D0], Granted Authorities=[OIDC_USER, SCOPE_https://www.googleapis.com/auth/userinfo.email, SCOPE_https://www.googleapis.com/auth/userinfo.profile, SCOPE_openid]]]
2025-03-29 16:45:44 [http-nio-8080-exec-3] [DEBUG] o.s.s.w.c.HttpSessionSecurityContextRepository - Retrieved SecurityContextImpl [Authentication=OAuth2AuthenticationToken [Principal=Name: [107234087105093742255], Granted Authorities: [[OIDC_USER, SCOPE_https://www.googleapis.com/auth/userinfo.email, SCOPE_https://www.googleapis.com/auth/userinfo.profile, SCOPE_openid]], User Attributes: [{at_hash=hpK2zuv8Cx0J835oHCK_6Q, sub=107234087105093742255, email_verified=true, iss=https://accounts.google.com, given_name=Павел, nonce=sInbYAvLv5F-BGLCZkvsV-Tol70WAIVDdmBMDR9uRV8, picture=https://lh3.googleusercontent.com/a/ACg8ocJJoh9jonlTH61VWgvXCiXb0zCDjifGZZtZ30sCErS3N5ntDw=s96-c, aud=[909915657042-l07l5jl8r3v54r15k12hp7vev9dor6r7.apps.googleusercontent.com], azp=909915657042-l07l5jl8r3v54r15k12hp7vev9dor6r7.apps.googleusercontent.com, name=Павел Королев, exp=2025-03-29T14:45:44Z, family_name=Королев, iat=2025-03-29T13:45:44Z, email=passapdom@gmail.com}], Credentials=[PROTECTED], Authenticated=true, Details=WebAuthenticationDetails [RemoteIpAddress=0:0:0:0:0:0:0:1, SessionId=A19E3F8DC57B5CA4E97D5714769BB2D0], Granted Authorities=[OIDC_USER, SCOPE_https://www.googleapis.com/auth/userinfo.email, SCOPE_https://www.googleapis.com/auth/userinfo.profile, SCOPE_openid]]]
2025-03-29 16:45:44 [http-nio-8080-exec-3] [DEBUG] o.s.s.w.a.i.FilterSecurityInterceptor - Authorized filter invocation [GET /images/advertisementSale/2703da27-c848-4e9d-a261-4d33ee79f79c_photo_2024-12-23_22-17-59.jpg] with attributes [permitAll]
2025-03-29 16:45:44 [http-nio-8080-exec-10] [DEBUG] o.s.s.w.c.HttpSessionSecurityContextRepository - Retrieved SecurityContextImpl [Authentication=OAuth2AuthenticationToken [Principal=Name: [107234087105093742255], Granted Authorities: [[OIDC_USER, SCOPE_https://www.googleapis.com/auth/userinfo.email, SCOPE_https://www.googleapis.com/auth/userinfo.profile, SCOPE_openid]], User Attributes: [{at_hash=hpK2zuv8Cx0J835oHCK_6Q, sub=107234087105093742255, email_verified=true, iss=https://accounts.google.com, given_name=Павел, nonce=sInbYAvLv5F-BGLCZkvsV-Tol70WAIVDdmBMDR9uRV8, picture=https://lh3.googleusercontent.com/a/ACg8ocJJoh9jonlTH61VWgvXCiXb0zCDjifGZZtZ30sCErS3N5ntDw=s96-c, aud=[909915657042-l07l5jl8r3v54r15k12hp7vev9dor6r7.apps.googleusercontent.com], azp=909915657042-l07l5jl8r3v54r15k12hp7vev9dor6r7.apps.googleusercontent.com, name=Павел Королев, exp=2025-03-29T14:45:44Z, family_name=Королев, iat=2025-03-29T13:45:44Z, email=passapdom@gmail.com}], Credentials=[PROTECTED], Authenticated=true, Details=WebAuthenticationDetails [RemoteIpAddress=0:0:0:0:0:0:0:1, SessionId=A19E3F8DC57B5CA4E97D5714769BB2D0], Granted Authorities=[OIDC_USER, SCOPE_https://www.googleapis.com/auth/userinfo.email, SCOPE_https://www.googleapis.com/auth/userinfo.profile, SCOPE_openid]]]
2025-03-29 16:45:44 [http-nio-8080-exec-10] [DEBUG] o.s.s.w.a.i.FilterSecurityInterceptor - Authorized filter invocation [GET /images/advertisementSale/6d439031-8c11-4cfd-9007-7047bd94ec62_photo_2024-12-23_22-18-10.jpg] with attributes [permitAll]
2025-03-29 16:45:44 [http-nio-8080-exec-10] [DEBUG] o.s.security.web.FilterChainProxy - Secured GET /images/advertisementSale/6d439031-8c11-4cfd-9007-7047bd94ec62_photo_2024-12-23_22-18-10.jpg
2025-03-29 16:45:44 [http-nio-8080-exec-3] [DEBUG] o.s.security.web.FilterChainProxy - Secured GET /images/advertisementSale/2703da27-c848-4e9d-a261-4d33ee79f79c_photo_2024-12-23_22-17-59.jpg
2025-03-29 16:45:44 [http-nio-8080-exec-9] [DEBUG] o.s.s.w.a.i.FilterSecurityInterceptor - Authorized filter invocation [GET /images/advertisementSale/15c13dfd-2da8-4565-ae8d-d9857bb9f550_photo_2024-12-23_22-17-54.jpg] with attributes [permitAll]
2025-03-29 16:45:44 [http-nio-8080-exec-9] [DEBUG] o.s.security.web.FilterChainProxy - Secured GET /images/advertisementSale/15c13dfd-2da8-4565-ae8d-d9857bb9f550_photo_2024-12-23_22-17-54.jpg
2025-03-29 16:45:44 [http-nio-8080-exec-6] [DEBUG] o.s.security.web.FilterChainProxy - Securing GET /images/advertisementSale/e63bba72-f8b1-4ec8-b621-657fbcd7b1e3_kozelsk.jpg
2025-03-29 16:45:44 [http-nio-8080-exec-7] [DEBUG] o.s.security.web.FilterChainProxy - Securing GET /images/advertisementRent/0a1031cd-43b5-4402-87eb-04fa80f00918_photo_2024-12-23_22-18-03.jpg
2025-03-29 16:45:44 [http-nio-8080-exec-1] [DEBUG] o.s.security.web.FilterChainProxy - Securing GET /images/advertisementRent/75e9e80d-1f5c-4f46-bdc7-d790f75f756f_photo_2024-12-23_22-18-01.jpg
2025-03-29 16:45:44 [http-nio-8080-exec-7] [DEBUG] o.s.s.w.c.HttpSessionSecurityContextRepository - Retrieved SecurityContextImpl [Authentication=OAuth2AuthenticationToken [Principal=Name: [107234087105093742255], Granted Authorities: [[OIDC_USER, SCOPE_https://www.googleapis.com/auth/userinfo.email, SCOPE_https://www.googleapis.com/auth/userinfo.profile, SCOPE_openid]], User Attributes: [{at_hash=hpK2zuv8Cx0J835oHCK_6Q, sub=107234087105093742255, email_verified=true, iss=https://accounts.google.com, given_name=Павел, nonce=sInbYAvLv5F-BGLCZkvsV-Tol70WAIVDdmBMDR9uRV8, picture=https://lh3.googleusercontent.com/a/ACg8ocJJoh9jonlTH61VWgvXCiXb0zCDjifGZZtZ30sCErS3N5ntDw=s96-c, aud=[909915657042-l07l5jl8r3v54r15k12hp7vev9dor6r7.apps.googleusercontent.com], azp=909915657042-l07l5jl8r3v54r15k12hp7vev9dor6r7.apps.googleusercontent.com, name=Павел Королев, exp=2025-03-29T14:45:44Z, family_name=Королев, iat=2025-03-29T13:45:44Z, email=passapdom@gmail.com}], Credentials=[PROTECTED], Authenticated=true, Details=WebAuthenticationDetails [RemoteIpAddress=0:0:0:0:0:0:0:1, SessionId=A19E3F8DC57B5CA4E97D5714769BB2D0], Granted Authorities=[OIDC_USER, SCOPE_https://www.googleapis.com/auth/userinfo.email, SCOPE_https://www.googleapis.com/auth/userinfo.profile, SCOPE_openid]]]
2025-03-29 16:45:44 [http-nio-8080-exec-1] [DEBUG] o.s.s.w.c.HttpSessionSecurityContextRepository - Retrieved SecurityContextImpl [Authentication=OAuth2AuthenticationToken [Principal=Name: [107234087105093742255], Granted Authorities: [[OIDC_USER, SCOPE_https://www.googleapis.com/auth/userinfo.email, SCOPE_https://www.googleapis.com/auth/userinfo.profile, SCOPE_openid]], User Attributes: [{at_hash=hpK2zuv8Cx0J835oHCK_6Q, sub=107234087105093742255, email_verified=true, iss=https://accounts.google.com, given_name=Павел, nonce=sInbYAvLv5F-BGLCZkvsV-Tol70WAIVDdmBMDR9uRV8, picture=https://lh3.googleusercontent.com/a/ACg8ocJJoh9jonlTH61VWgvXCiXb0zCDjifGZZtZ30sCErS3N5ntDw=s96-c, aud=[909915657042-l07l5jl8r3v54r15k12hp7vev9dor6r7.apps.googleusercontent.com], azp=909915657042-l07l5jl8r3v54r15k12hp7vev9dor6r7.apps.googleusercontent.com, name=Павел Королев, exp=2025-03-29T14:45:44Z, family_name=Королев, iat=2025-03-29T13:45:44Z, email=passapdom@gmail.com}], Credentials=[PROTECTED], Authenticated=true, Details=WebAuthenticationDetails [RemoteIpAddress=0:0:0:0:0:0:0:1, SessionId=A19E3F8DC57B5CA4E97D5714769BB2D0], Granted Authorities=[OIDC_USER, SCOPE_https://www.googleapis.com/auth/userinfo.email, SCOPE_https://www.googleapis.com/auth/userinfo.profile, SCOPE_openid]]]
2025-03-29 16:45:44 [http-nio-8080-exec-6] [DEBUG] o.s.s.w.c.HttpSessionSecurityContextRepository - Retrieved SecurityContextImpl [Authentication=OAuth2AuthenticationToken [Principal=Name: [107234087105093742255], Granted Authorities: [[OIDC_USER, SCOPE_https://www.googleapis.com/auth/userinfo.email, SCOPE_https://www.googleapis.com/auth/userinfo.profile, SCOPE_openid]], User Attributes: [{at_hash=hpK2zuv8Cx0J835oHCK_6Q, sub=107234087105093742255, email_verified=true, iss=https://accounts.google.com, given_name=Павел, nonce=sInbYAvLv5F-BGLCZkvsV-Tol70WAIVDdmBMDR9uRV8, picture=https://lh3.googleusercontent.com/a/ACg8ocJJoh9jonlTH61VWgvXCiXb0zCDjifGZZtZ30sCErS3N5ntDw=s96-c, aud=[909915657042-l07l5jl8r3v54r15k12hp7vev9dor6r7.apps.googleusercontent.com], azp=909915657042-l07l5jl8r3v54r15k12hp7vev9dor6r7.apps.googleusercontent.com, name=Павел Королев, exp=2025-03-29T14:45:44Z, family_name=Королев, iat=2025-03-29T13:45:44Z, email=passapdom@gmail.com}], Credentials=[PROTECTED], Authenticated=true, Details=WebAuthenticationDetails [RemoteIpAddress=0:0:0:0:0:0:0:1, SessionId=A19E3F8DC57B5CA4E97D5714769BB2D0], Granted Authorities=[OIDC_USER, SCOPE_https://www.googleapis.com/auth/userinfo.email, SCOPE_https://www.googleapis.com/auth/userinfo.profile, SCOPE_openid]]]
2025-03-29 16:45:44 [http-nio-8080-exec-6] [DEBUG] o.s.s.w.a.i.FilterSecurityInterceptor - Authorized filter invocation [GET /images/advertisementSale/e63bba72-f8b1-4ec8-b621-657fbcd7b1e3_kozelsk.jpg] with attributes [permitAll]
2025-03-29 16:45:44 [http-nio-8080-exec-1] [DEBUG] o.s.s.w.a.i.FilterSecurityInterceptor - Authorized filter invocation [GET /images/advertisementRent/75e9e80d-1f5c-4f46-bdc7-d790f75f756f_photo_2024-12-23_22-18-01.jpg] with attributes [permitAll]
2025-03-29 16:45:44 [http-nio-8080-exec-7] [DEBUG] o.s.s.w.a.i.FilterSecurityInterceptor - Authorized filter invocation [GET /images/advertisementRent/0a1031cd-43b5-4402-87eb-04fa80f00918_photo_2024-12-23_22-18-03.jpg] with attributes [permitAll]
2025-03-29 16:45:44 [http-nio-8080-exec-6] [DEBUG] o.s.security.web.FilterChainProxy - Secured GET /images/advertisementSale/e63bba72-f8b1-4ec8-b621-657fbcd7b1e3_kozelsk.jpg
2025-03-29 16:45:44 [http-nio-8080-exec-7] [DEBUG] o.s.security.web.FilterChainProxy - Secured GET /images/advertisementRent/0a1031cd-43b5-4402-87eb-04fa80f00918_photo_2024-12-23_22-18-03.jpg
2025-03-29 16:45:44 [http-nio-8080-exec-1] [DEBUG] o.s.security.web.FilterChainProxy - Secured GET /images/advertisementRent/75e9e80d-1f5c-4f46-bdc7-d790f75f756f_photo_2024-12-23_22-18-01.jpg
2025-03-29 16:45:44 [http-nio-8080-exec-2] [DEBUG] o.s.security.web.FilterChainProxy - Securing GET /images/advertisementRent/da667149-470d-4844-94d9-c5a37db0ed63_photo_2024-12-23_22-18-05.jpg
2025-03-29 16:45:44 [http-nio-8080-exec-4] [DEBUG] o.s.security.web.FilterChainProxy - Securing GET /images/advertisementRent/b02c42b7-b608-4169-93f2-7ad28d186517_photo_2024-12-23_22-18-01.jpg
2025-03-29 16:45:44 [http-nio-8080-exec-5] [DEBUG] o.s.security.web.FilterChainProxy - Securing GET /images/advertisementRent/809047fb-7261-497f-b19e-b208d4480210_photo_2024-12-23_22-17-57.jpg
2025-03-29 16:45:44 [http-nio-8080-exec-4] [DEBUG] o.s.s.w.c.HttpSessionSecurityContextRepository - Retrieved SecurityContextImpl [Authentication=OAuth2AuthenticationToken [Principal=Name: [107234087105093742255], Granted Authorities: [[OIDC_USER, SCOPE_https://www.googleapis.com/auth/userinfo.email, SCOPE_https://www.googleapis.com/auth/userinfo.profile, SCOPE_openid]], User Attributes: [{at_hash=hpK2zuv8Cx0J835oHCK_6Q, sub=107234087105093742255, email_verified=true, iss=https://accounts.google.com, given_name=Павел, nonce=sInbYAvLv5F-BGLCZkvsV-Tol70WAIVDdmBMDR9uRV8, picture=https://lh3.googleusercontent.com/a/ACg8ocJJoh9jonlTH61VWgvXCiXb0zCDjifGZZtZ30sCErS3N5ntDw=s96-c, aud=[909915657042-l07l5jl8r3v54r15k12hp7vev9dor6r7.apps.googleusercontent.com], azp=909915657042-l07l5jl8r3v54r15k12hp7vev9dor6r7.apps.googleusercontent.com, name=Павел Королев, exp=2025-03-29T14:45:44Z, family_name=Королев, iat=2025-03-29T13:45:44Z, email=passapdom@gmail.com}], Credentials=[PROTECTED], Authenticated=true, Details=WebAuthenticationDetails [RemoteIpAddress=0:0:0:0:0:0:0:1, SessionId=A19E3F8DC57B5CA4E97D5714769BB2D0], Granted Authorities=[OIDC_USER, SCOPE_https://www.googleapis.com/auth/userinfo.email, SCOPE_https://www.googleapis.com/auth/userinfo.profile, SCOPE_openid]]]
2025-03-29 16:45:44 [http-nio-8080-exec-5] [DEBUG] o.s.s.w.c.HttpSessionSecurityContextRepository - Retrieved SecurityContextImpl [Authentication=OAuth2AuthenticationToken [Principal=Name: [107234087105093742255], Granted Authorities: [[OIDC_USER, SCOPE_https://www.googleapis.com/auth/userinfo.email, SCOPE_https://www.googleapis.com/auth/userinfo.profile, SCOPE_openid]], User Attributes: [{at_hash=hpK2zuv8Cx0J835oHCK_6Q, sub=107234087105093742255, email_verified=true, iss=https://accounts.google.com, given_name=Павел, nonce=sInbYAvLv5F-BGLCZkvsV-Tol70WAIVDdmBMDR9uRV8, picture=https://lh3.googleusercontent.com/a/ACg8ocJJoh9jonlTH61VWgvXCiXb0zCDjifGZZtZ30sCErS3N5ntDw=s96-c, aud=[909915657042-l07l5jl8r3v54r15k12hp7vev9dor6r7.apps.googleusercontent.com], azp=909915657042-l07l5jl8r3v54r15k12hp7vev9dor6r7.apps.googleusercontent.com, name=Павел Королев, exp=2025-03-29T14:45:44Z, family_name=Королев, iat=2025-03-29T13:45:44Z, email=passapdom@gmail.com}], Credentials=[PROTECTED], Authenticated=true, Details=WebAuthenticationDetails [RemoteIpAddress=0:0:0:0:0:0:0:1, SessionId=A19E3F8DC57B5CA4E97D5714769BB2D0], Granted Authorities=[OIDC_USER, SCOPE_https://www.googleapis.com/auth/userinfo.email, SCOPE_https://www.googleapis.com/auth/userinfo.profile, SCOPE_openid]]]
2025-03-29 16:45:44 [http-nio-8080-exec-2] [DEBUG] o.s.s.w.c.HttpSessionSecurityContextRepository - Retrieved SecurityContextImpl [Authentication=OAuth2AuthenticationToken [Principal=Name: [107234087105093742255], Granted Authorities: [[OIDC_USER, SCOPE_https://www.googleapis.com/auth/userinfo.email, SCOPE_https://www.googleapis.com/auth/userinfo.profile, SCOPE_openid]], User Attributes: [{at_hash=hpK2zuv8Cx0J835oHCK_6Q, sub=107234087105093742255, email_verified=true, iss=https://accounts.google.com, given_name=Павел, nonce=sInbYAvLv5F-BGLCZkvsV-Tol70WAIVDdmBMDR9uRV8, picture=https://lh3.googleusercontent.com/a/ACg8ocJJoh9jonlTH61VWgvXCiXb0zCDjifGZZtZ30sCErS3N5ntDw=s96-c, aud=[909915657042-l07l5jl8r3v54r15k12hp7vev9dor6r7.apps.googleusercontent.com], azp=909915657042-l07l5jl8r3v54r15k12hp7vev9dor6r7.apps.googleusercontent.com, name=Павел Королев, exp=2025-03-29T14:45:44Z, family_name=Королев, iat=2025-03-29T13:45:44Z, email=passapdom@gmail.com}], Credentials=[PROTECTED], Authenticated=true, Details=WebAuthenticationDetails [RemoteIpAddress=0:0:0:0:0:0:0:1, SessionId=A19E3F8DC57B5CA4E97D5714769BB2D0], Granted Authorities=[OIDC_USER, SCOPE_https://www.googleapis.com/auth/userinfo.email, SCOPE_https://www.googleapis.com/auth/userinfo.profile, SCOPE_openid]]]
2025-03-29 16:45:44 [http-nio-8080-exec-4] [DEBUG] o.s.s.w.a.i.FilterSecurityInterceptor - Authorized filter invocation [GET /images/advertisementRent/b02c42b7-b608-4169-93f2-7ad28d186517_photo_2024-12-23_22-18-01.jpg] with attributes [permitAll]
2025-03-29 16:45:44 [http-nio-8080-exec-5] [DEBUG] o.s.s.w.a.i.FilterSecurityInterceptor - Authorized filter invocation [GET /images/advertisementRent/809047fb-7261-497f-b19e-b208d4480210_photo_2024-12-23_22-17-57.jpg] with attributes [permitAll]
2025-03-29 16:45:44 [http-nio-8080-exec-4] [DEBUG] o.s.security.web.FilterChainProxy - Secured GET /images/advertisementRent/b02c42b7-b608-4169-93f2-7ad28d186517_photo_2024-12-23_22-18-01.jpg
2025-03-29 16:45:44 [http-nio-8080-exec-2] [DEBUG] o.s.s.w.a.i.FilterSecurityInterceptor - Authorized filter invocation [GET /images/advertisementRent/da667149-470d-4844-94d9-c5a37db0ed63_photo_2024-12-23_22-18-05.jpg] with attributes [permitAll]
2025-03-29 16:45:44 [http-nio-8080-exec-5] [DEBUG] o.s.security.web.FilterChainProxy - Secured GET /images/advertisementRent/809047fb-7261-497f-b19e-b208d4480210_photo_2024-12-23_22-17-57.jpg
2025-03-29 16:45:44 [http-nio-8080-exec-2] [DEBUG] o.s.security.web.FilterChainProxy - Secured GET /images/advertisementRent/da667149-470d-4844-94d9-c5a37db0ed63_photo_2024-12-23_22-18-05.jpg
2025-03-29 16:45:55 [http-nio-8080-exec-8] [DEBUG] o.s.security.web.FilterChainProxy - Securing GET /excursion
2025-03-29 16:45:55 [http-nio-8080-exec-8] [DEBUG] o.s.s.w.c.HttpSessionSecurityContextRepository - Retrieved SecurityContextImpl [Authentication=OAuth2AuthenticationToken [Principal=Name: [107234087105093742255], Granted Authorities: [[OIDC_USER, SCOPE_https://www.googleapis.com/auth/userinfo.email, SCOPE_https://www.googleapis.com/auth/userinfo.profile, SCOPE_openid]], User Attributes: [{at_hash=hpK2zuv8Cx0J835oHCK_6Q, sub=107234087105093742255, email_verified=true, iss=https://accounts.google.com, given_name=Павел, nonce=sInbYAvLv5F-BGLCZkvsV-Tol70WAIVDdmBMDR9uRV8, picture=https://lh3.googleusercontent.com/a/ACg8ocJJoh9jonlTH61VWgvXCiXb0zCDjifGZZtZ30sCErS3N5ntDw=s96-c, aud=[909915657042-l07l5jl8r3v54r15k12hp7vev9dor6r7.apps.googleusercontent.com], azp=909915657042-l07l5jl8r3v54r15k12hp7vev9dor6r7.apps.googleusercontent.com, name=Павел Королев, exp=2025-03-29T14:45:44Z, family_name=Королев, iat=2025-03-29T13:45:44Z, email=passapdom@gmail.com}], Credentials=[PROTECTED], Authenticated=true, Details=WebAuthenticationDetails [RemoteIpAddress=0:0:0:0:0:0:0:1, SessionId=A19E3F8DC57B5CA4E97D5714769BB2D0], Granted Authorities=[OIDC_USER, SCOPE_https://www.googleapis.com/auth/userinfo.email, SCOPE_https://www.googleapis.com/auth/userinfo.profile, SCOPE_openid]]]
2025-03-29 16:45:55 [http-nio-8080-exec-8] [DEBUG] o.s.s.w.a.i.FilterSecurityInterceptor - Authorized filter invocation [GET /excursion] with attributes [permitAll]
2025-03-29 16:45:55 [http-nio-8080-exec-8] [DEBUG] o.s.security.web.FilterChainProxy - Secured GET /excursion
2025-03-29 16:45:55 [http-nio-8080-exec-10] [DEBUG] o.s.security.web.FilterChainProxy - Securing GET /css/styles.css
2025-03-29 16:45:55 [http-nio-8080-exec-10] [DEBUG] o.s.s.w.c.HttpSessionSecurityContextRepository - Retrieved SecurityContextImpl [Authentication=OAuth2AuthenticationToken [Principal=Name: [107234087105093742255], Granted Authorities: [[OIDC_USER, SCOPE_https://www.googleapis.com/auth/userinfo.email, SCOPE_https://www.googleapis.com/auth/userinfo.profile, SCOPE_openid]], User Attributes: [{at_hash=hpK2zuv8Cx0J835oHCK_6Q, sub=107234087105093742255, email_verified=true, iss=https://accounts.google.com, given_name=Павел, nonce=sInbYAvLv5F-BGLCZkvsV-Tol70WAIVDdmBMDR9uRV8, picture=https://lh3.googleusercontent.com/a/ACg8ocJJoh9jonlTH61VWgvXCiXb0zCDjifGZZtZ30sCErS3N5ntDw=s96-c, aud=[909915657042-l07l5jl8r3v54r15k12hp7vev9dor6r7.apps.googleusercontent.com], azp=909915657042-l07l5jl8r3v54r15k12hp7vev9dor6r7.apps.googleusercontent.com, name=Павел Королев, exp=2025-03-29T14:45:44Z, family_name=Королев, iat=2025-03-29T13:45:44Z, email=passapdom@gmail.com}], Credentials=[PROTECTED], Authenticated=true, Details=WebAuthenticationDetails [RemoteIpAddress=0:0:0:0:0:0:0:1, SessionId=A19E3F8DC57B5CA4E97D5714769BB2D0], Granted Authorities=[OIDC_USER, SCOPE_https://www.googleapis.com/auth/userinfo.email, SCOPE_https://www.googleapis.com/auth/userinfo.profile, SCOPE_openid]]]
2025-03-29 16:45:55 [http-nio-8080-exec-10] [DEBUG] o.s.s.w.a.i.FilterSecurityInterceptor - Authorized filter invocation [GET /css/styles.css] with attributes [permitAll]
2025-03-29 16:45:55 [http-nio-8080-exec-10] [DEBUG] o.s.security.web.FilterChainProxy - Secured GET /css/styles.css
2025-03-29 16:45:55 [http-nio-8080-exec-3] [DEBUG] o.s.security.web.FilterChainProxy - Securing GET /img/logo_alliance.png
2025-03-29 16:45:55 [http-nio-8080-exec-3] [DEBUG] o.s.s.w.c.HttpSessionSecurityContextRepository - Retrieved SecurityContextImpl [Authentication=OAuth2AuthenticationToken [Principal=Name: [107234087105093742255], Granted Authorities: [[OIDC_USER, SCOPE_https://www.googleapis.com/auth/userinfo.email, SCOPE_https://www.googleapis.com/auth/userinfo.profile, SCOPE_openid]], User Attributes: [{at_hash=hpK2zuv8Cx0J835oHCK_6Q, sub=107234087105093742255, email_verified=true, iss=https://accounts.google.com, given_name=Павел, nonce=sInbYAvLv5F-BGLCZkvsV-Tol70WAIVDdmBMDR9uRV8, picture=https://lh3.googleusercontent.com/a/ACg8ocJJoh9jonlTH61VWgvXCiXb0zCDjifGZZtZ30sCErS3N5ntDw=s96-c, aud=[909915657042-l07l5jl8r3v54r15k12hp7vev9dor6r7.apps.googleusercontent.com], azp=909915657042-l07l5jl8r3v54r15k12hp7vev9dor6r7.apps.googleusercontent.com, name=Павел Королев, exp=2025-03-29T14:45:44Z, family_name=Королев, iat=2025-03-29T13:45:44Z, email=passapdom@gmail.com}], Credentials=[PROTECTED], Authenticated=true, Details=WebAuthenticationDetails [RemoteIpAddress=0:0:0:0:0:0:0:1, SessionId=A19E3F8DC57B5CA4E97D5714769BB2D0], Granted Authorities=[OIDC_USER, SCOPE_https://www.googleapis.com/auth/userinfo.email, SCOPE_https://www.googleapis.com/auth/userinfo.profile, SCOPE_openid]]]
2025-03-29 16:45:55 [http-nio-8080-exec-3] [DEBUG] o.s.s.w.a.i.FilterSecurityInterceptor - Authorized filter invocation [GET /img/logo_alliance.png] with attributes [permitAll]
2025-03-29 16:45:55 [http-nio-8080-exec-3] [DEBUG] o.s.security.web.FilterChainProxy - Secured GET /img/logo_alliance.png
2025-03-29 16:45:55 [http-nio-8080-exec-9] [DEBUG] o.s.security.web.FilterChainProxy - Securing GET /img/tour-agency.jpg
2025-03-29 16:45:55 [http-nio-8080-exec-9] [DEBUG] o.s.s.w.c.HttpSessionSecurityContextRepository - Retrieved SecurityContextImpl [Authentication=OAuth2AuthenticationToken [Principal=Name: [107234087105093742255], Granted Authorities: [[OIDC_USER, SCOPE_https://www.googleapis.com/auth/userinfo.email, SCOPE_https://www.googleapis.com/auth/userinfo.profile, SCOPE_openid]], User Attributes: [{at_hash=hpK2zuv8Cx0J835oHCK_6Q, sub=107234087105093742255, email_verified=true, iss=https://accounts.google.com, given_name=Павел, nonce=sInbYAvLv5F-BGLCZkvsV-Tol70WAIVDdmBMDR9uRV8, picture=https://lh3.googleusercontent.com/a/ACg8ocJJoh9jonlTH61VWgvXCiXb0zCDjifGZZtZ30sCErS3N5ntDw=s96-c, aud=[909915657042-l07l5jl8r3v54r15k12hp7vev9dor6r7.apps.googleusercontent.com], azp=909915657042-l07l5jl8r3v54r15k12hp7vev9dor6r7.apps.googleusercontent.com, name=Павел Королев, exp=2025-03-29T14:45:44Z, family_name=Королев, iat=2025-03-29T13:45:44Z, email=passapdom@gmail.com}], Credentials=[PROTECTED], Authenticated=true, Details=WebAuthenticationDetails [RemoteIpAddress=0:0:0:0:0:0:0:1, SessionId=A19E3F8DC57B5CA4E97D5714769BB2D0], Granted Authorities=[OIDC_USER, SCOPE_https://www.googleapis.com/auth/userinfo.email, SCOPE_https://www.googleapis.com/auth/userinfo.profile, SCOPE_openid]]]
2025-03-29 16:45:55 [http-nio-8080-exec-6] [DEBUG] o.s.security.web.FilterChainProxy - Securing GET /images/tour/70efb4f2-568c-40d0-b39f-55ed0ccbc07e_00-Козельск.jpg
2025-03-29 16:45:55 [http-nio-8080-exec-1] [DEBUG] o.s.security.web.FilterChainProxy - Securing GET /images/placeholder.jpg
2025-03-29 16:45:55 [http-nio-8080-exec-1] [DEBUG] o.s.s.w.c.HttpSessionSecurityContextRepository - Retrieved SecurityContextImpl [Authentication=OAuth2AuthenticationToken [Principal=Name: [107234087105093742255], Granted Authorities: [[OIDC_USER, SCOPE_https://www.googleapis.com/auth/userinfo.email, SCOPE_https://www.googleapis.com/auth/userinfo.profile, SCOPE_openid]], User Attributes: [{at_hash=hpK2zuv8Cx0J835oHCK_6Q, sub=107234087105093742255, email_verified=true, iss=https://accounts.google.com, given_name=Павел, nonce=sInbYAvLv5F-BGLCZkvsV-Tol70WAIVDdmBMDR9uRV8, picture=https://lh3.googleusercontent.com/a/ACg8ocJJoh9jonlTH61VWgvXCiXb0zCDjifGZZtZ30sCErS3N5ntDw=s96-c, aud=[909915657042-l07l5jl8r3v54r15k12hp7vev9dor6r7.apps.googleusercontent.com], azp=909915657042-l07l5jl8r3v54r15k12hp7vev9dor6r7.apps.googleusercontent.com, name=Павел Королев, exp=2025-03-29T14:45:44Z, family_name=Королев, iat=2025-03-29T13:45:44Z, email=passapdom@gmail.com}], Credentials=[PROTECTED], Authenticated=true, Details=WebAuthenticationDetails [RemoteIpAddress=0:0:0:0:0:0:0:1, SessionId=A19E3F8DC57B5CA4E97D5714769BB2D0], Granted Authorities=[OIDC_USER, SCOPE_https://www.googleapis.com/auth/userinfo.email, SCOPE_https://www.googleapis.com/auth/userinfo.profile, SCOPE_openid]]]
2025-03-29 16:45:55 [http-nio-8080-exec-9] [DEBUG] o.s.s.w.a.i.FilterSecurityInterceptor - Authorized filter invocation [GET /img/tour-agency.jpg] with attributes [permitAll]
2025-03-29 16:45:55 [http-nio-8080-exec-9] [DEBUG] o.s.security.web.FilterChainProxy - Secured GET /img/tour-agency.jpg
2025-03-29 16:45:55 [http-nio-8080-exec-1] [DEBUG] o.s.s.w.a.i.FilterSecurityInterceptor - Authorized filter invocation [GET /images/placeholder.jpg] with attributes [permitAll]
2025-03-29 16:45:55 [http-nio-8080-exec-6] [DEBUG] o.s.s.w.c.HttpSessionSecurityContextRepository - Retrieved SecurityContextImpl [Authentication=OAuth2AuthenticationToken [Principal=Name: [107234087105093742255], Granted Authorities: [[OIDC_USER, SCOPE_https://www.googleapis.com/auth/userinfo.email, SCOPE_https://www.googleapis.com/auth/userinfo.profile, SCOPE_openid]], User Attributes: [{at_hash=hpK2zuv8Cx0J835oHCK_6Q, sub=107234087105093742255, email_verified=true, iss=https://accounts.google.com, given_name=Павел, nonce=sInbYAvLv5F-BGLCZkvsV-Tol70WAIVDdmBMDR9uRV8, picture=https://lh3.googleusercontent.com/a/ACg8ocJJoh9jonlTH61VWgvXCiXb0zCDjifGZZtZ30sCErS3N5ntDw=s96-c, aud=[909915657042-l07l5jl8r3v54r15k12hp7vev9dor6r7.apps.googleusercontent.com], azp=909915657042-l07l5jl8r3v54r15k12hp7vev9dor6r7.apps.googleusercontent.com, name=Павел Королев, exp=2025-03-29T14:45:44Z, family_name=Королев, iat=2025-03-29T13:45:44Z, email=passapdom@gmail.com}], Credentials=[PROTECTED], Authenticated=true, Details=WebAuthenticationDetails [RemoteIpAddress=0:0:0:0:0:0:0:1, SessionId=A19E3F8DC57B5CA4E97D5714769BB2D0], Granted Authorities=[OIDC_USER, SCOPE_https://www.googleapis.com/auth/userinfo.email, SCOPE_https://www.googleapis.com/auth/userinfo.profile, SCOPE_openid]]]
2025-03-29 16:45:55 [http-nio-8080-exec-6] [DEBUG] o.s.s.w.a.i.FilterSecurityInterceptor - Authorized filter invocation [GET /images/tour/70efb4f2-568c-40d0-b39f-55ed0ccbc07e_00-Козельск.jpg] with attributes [permitAll]
2025-03-29 16:45:55 [http-nio-8080-exec-6] [DEBUG] o.s.security.web.FilterChainProxy - Secured GET /images/tour/70efb4f2-568c-40d0-b39f-55ed0ccbc07e_00-Козельск.jpg
2025-03-29 16:45:55 [http-nio-8080-exec-1] [DEBUG] o.s.security.web.FilterChainProxy - Secured GET /images/placeholder.jpg
2025-03-29 16:45:55 [http-nio-8080-exec-1] [DEBUG] o.s.security.web.FilterChainProxy - Securing GET /error
2025-03-29 16:45:55 [http-nio-8080-exec-9] [DEBUG] o.s.security.web.FilterChainProxy - Securing GET /error
2025-03-29 16:45:55 [http-nio-8080-exec-9] [DEBUG] o.s.s.w.c.HttpSessionSecurityContextRepository - Retrieved SecurityContextImpl [Authentication=OAuth2AuthenticationToken [Principal=Name: [107234087105093742255], Granted Authorities: [[OIDC_USER, SCOPE_https://www.googleapis.com/auth/userinfo.email, SCOPE_https://www.googleapis.com/auth/userinfo.profile, SCOPE_openid]], User Attributes: [{at_hash=hpK2zuv8Cx0J835oHCK_6Q, sub=107234087105093742255, email_verified=true, iss=https://accounts.google.com, given_name=Павел, nonce=sInbYAvLv5F-BGLCZkvsV-Tol70WAIVDdmBMDR9uRV8, picture=https://lh3.googleusercontent.com/a/ACg8ocJJoh9jonlTH61VWgvXCiXb0zCDjifGZZtZ30sCErS3N5ntDw=s96-c, aud=[909915657042-l07l5jl8r3v54r15k12hp7vev9dor6r7.apps.googleusercontent.com], azp=909915657042-l07l5jl8r3v54r15k12hp7vev9dor6r7.apps.googleusercontent.com, name=Павел Королев, exp=2025-03-29T14:45:44Z, family_name=Королев, iat=2025-03-29T13:45:44Z, email=passapdom@gmail.com}], Credentials=[PROTECTED], Authenticated=true, Details=WebAuthenticationDetails [RemoteIpAddress=0:0:0:0:0:0:0:1, SessionId=A19E3F8DC57B5CA4E97D5714769BB2D0], Granted Authorities=[OIDC_USER, SCOPE_https://www.googleapis.com/auth/userinfo.email, SCOPE_https://www.googleapis.com/auth/userinfo.profile, SCOPE_openid]]]
2025-03-29 16:45:55 [http-nio-8080-exec-9] [DEBUG] o.s.s.w.a.i.FilterSecurityInterceptor - Authorized filter invocation [GET /error] with attributes [permitAll]
2025-03-29 16:45:55 [http-nio-8080-exec-9] [DEBUG] o.s.security.web.FilterChainProxy - Secured GET /error
2025-03-29 16:45:55 [http-nio-8080-exec-1] [DEBUG] o.s.s.w.c.HttpSessionSecurityContextRepository - Retrieved SecurityContextImpl [Authentication=OAuth2AuthenticationToken [Principal=Name: [107234087105093742255], Granted Authorities: [[OIDC_USER, SCOPE_https://www.googleapis.com/auth/userinfo.email, SCOPE_https://www.googleapis.com/auth/userinfo.profile, SCOPE_openid]], User Attributes: [{at_hash=hpK2zuv8Cx0J835oHCK_6Q, sub=107234087105093742255, email_verified=true, iss=https://accounts.google.com, given_name=Павел, nonce=sInbYAvLv5F-BGLCZkvsV-Tol70WAIVDdmBMDR9uRV8, picture=https://lh3.googleusercontent.com/a/ACg8ocJJoh9jonlTH61VWgvXCiXb0zCDjifGZZtZ30sCErS3N5ntDw=s96-c, aud=[909915657042-l07l5jl8r3v54r15k12hp7vev9dor6r7.apps.googleusercontent.com], azp=909915657042-l07l5jl8r3v54r15k12hp7vev9dor6r7.apps.googleusercontent.com, name=Павел Королев, exp=2025-03-29T14:45:44Z, family_name=Королев, iat=2025-03-29T13:45:44Z, email=passapdom@gmail.com}], Credentials=[PROTECTED], Authenticated=true, Details=WebAuthenticationDetails [RemoteIpAddress=0:0:0:0:0:0:0:1, SessionId=A19E3F8DC57B5CA4E97D5714769BB2D0], Granted Authorities=[OIDC_USER, SCOPE_https://www.googleapis.com/auth/userinfo.email, SCOPE_https://www.googleapis.com/auth/userinfo.profile, SCOPE_openid]]]
2025-03-29 16:45:55 [http-nio-8080-exec-1] [DEBUG] o.s.s.w.a.i.FilterSecurityInterceptor - Authorized filter invocation [GET /error] with attributes [permitAll]
2025-03-29 16:45:55 [http-nio-8080-exec-1] [DEBUG] o.s.security.web.FilterChainProxy - Secured GET /error
2025-03-29 16:45:55 [http-nio-8080-exec-7] [DEBUG] o.s.security.web.FilterChainProxy - Securing GET /images/tour/77da970b-1e81-439d-a952-267262094a8c_kozelsk.jpg
2025-03-29 16:45:55 [http-nio-8080-exec-7] [DEBUG] o.s.s.w.c.HttpSessionSecurityContextRepository - Retrieved SecurityContextImpl [Authentication=OAuth2AuthenticationToken [Principal=Name: [107234087105093742255], Granted Authorities: [[OIDC_USER, SCOPE_https://www.googleapis.com/auth/userinfo.email, SCOPE_https://www.googleapis.com/auth/userinfo.profile, SCOPE_openid]], User Attributes: [{at_hash=hpK2zuv8Cx0J835oHCK_6Q, sub=107234087105093742255, email_verified=true, iss=https://accounts.google.com, given_name=Павел, nonce=sInbYAvLv5F-BGLCZkvsV-Tol70WAIVDdmBMDR9uRV8, picture=https://lh3.googleusercontent.com/a/ACg8ocJJoh9jonlTH61VWgvXCiXb0zCDjifGZZtZ30sCErS3N5ntDw=s96-c, aud=[909915657042-l07l5jl8r3v54r15k12hp7vev9dor6r7.apps.googleusercontent.com], azp=909915657042-l07l5jl8r3v54r15k12hp7vev9dor6r7.apps.googleusercontent.com, name=Павел Королев, exp=2025-03-29T14:45:44Z, family_name=Королев, iat=2025-03-29T13:45:44Z, email=passapdom@gmail.com}], Credentials=[PROTECTED], Authenticated=true, Details=WebAuthenticationDetails [RemoteIpAddress=0:0:0:0:0:0:0:1, SessionId=A19E3F8DC57B5CA4E97D5714769BB2D0], Granted Authorities=[OIDC_USER, SCOPE_https://www.googleapis.com/auth/userinfo.email, SCOPE_https://www.googleapis.com/auth/userinfo.profile, SCOPE_openid]]]
2025-03-29 16:45:55 [http-nio-8080-exec-7] [DEBUG] o.s.s.w.a.i.FilterSecurityInterceptor - Authorized filter invocation [GET /images/tour/77da970b-1e81-439d-a952-267262094a8c_kozelsk.jpg] with attributes [permitAll]
2025-03-29 16:45:55 [http-nio-8080-exec-7] [DEBUG] o.s.security.web.FilterChainProxy - Secured GET /images/tour/77da970b-1e81-439d-a952-267262094a8c_kozelsk.jpg
2025-03-29 16:46:00 [http-nio-8080-exec-5] [DEBUG] o.s.security.web.FilterChainProxy - Securing POST /logout
2025-03-29 16:46:00 [http-nio-8080-exec-5] [DEBUG] o.s.s.w.c.HttpSessionSecurityContextRepository - Retrieved SecurityContextImpl [Authentication=OAuth2AuthenticationToken [Principal=Name: [107234087105093742255], Granted Authorities: [[OIDC_USER, SCOPE_https://www.googleapis.com/auth/userinfo.email, SCOPE_https://www.googleapis.com/auth/userinfo.profile, SCOPE_openid]], User Attributes: [{at_hash=hpK2zuv8Cx0J835oHCK_6Q, sub=107234087105093742255, email_verified=true, iss=https://accounts.google.com, given_name=Павел, nonce=sInbYAvLv5F-BGLCZkvsV-Tol70WAIVDdmBMDR9uRV8, picture=https://lh3.googleusercontent.com/a/ACg8ocJJoh9jonlTH61VWgvXCiXb0zCDjifGZZtZ30sCErS3N5ntDw=s96-c, aud=[909915657042-l07l5jl8r3v54r15k12hp7vev9dor6r7.apps.googleusercontent.com], azp=909915657042-l07l5jl8r3v54r15k12hp7vev9dor6r7.apps.googleusercontent.com, name=Павел Королев, exp=2025-03-29T14:45:44Z, family_name=Королев, iat=2025-03-29T13:45:44Z, email=passapdom@gmail.com}], Credentials=[PROTECTED], Authenticated=true, Details=WebAuthenticationDetails [RemoteIpAddress=0:0:0:0:0:0:0:1, SessionId=A19E3F8DC57B5CA4E97D5714769BB2D0], Granted Authorities=[OIDC_USER, SCOPE_https://www.googleapis.com/auth/userinfo.email, SCOPE_https://www.googleapis.com/auth/userinfo.profile, SCOPE_openid]]]
2025-03-29 16:46:00 [http-nio-8080-exec-5] [DEBUG] o.s.s.w.a.logout.LogoutFilter - Logging out [OAuth2AuthenticationToken [Principal=Name: [107234087105093742255], Granted Authorities: [[OIDC_USER, SCOPE_https://www.googleapis.com/auth/userinfo.email, SCOPE_https://www.googleapis.com/auth/userinfo.profile, SCOPE_openid]], User Attributes: [{at_hash=hpK2zuv8Cx0J835oHCK_6Q, sub=107234087105093742255, email_verified=true, iss=https://accounts.google.com, given_name=Павел, nonce=sInbYAvLv5F-BGLCZkvsV-Tol70WAIVDdmBMDR9uRV8, picture=https://lh3.googleusercontent.com/a/ACg8ocJJoh9jonlTH61VWgvXCiXb0zCDjifGZZtZ30sCErS3N5ntDw=s96-c, aud=[909915657042-l07l5jl8r3v54r15k12hp7vev9dor6r7.apps.googleusercontent.com], azp=909915657042-l07l5jl8r3v54r15k12hp7vev9dor6r7.apps.googleusercontent.com, name=Павел Королев, exp=2025-03-29T14:45:44Z, family_name=Королев, iat=2025-03-29T13:45:44Z, email=passapdom@gmail.com}], Credentials=[PROTECTED], Authenticated=true, Details=WebAuthenticationDetails [RemoteIpAddress=0:0:0:0:0:0:0:1, SessionId=A19E3F8DC57B5CA4E97D5714769BB2D0], Granted Authorities=[OIDC_USER, SCOPE_https://www.googleapis.com/auth/userinfo.email, SCOPE_https://www.googleapis.com/auth/userinfo.profile, SCOPE_openid]]]
2025-03-29 16:46:00 [http-nio-8080-exec-5] [DEBUG] o.s.s.w.a.l.SecurityContextLogoutHandler - Invalidated session 8AAFCEC441886B398485F7B38B5A5F91
2025-03-29 16:46:00 [http-nio-8080-exec-5] [DEBUG] o.s.s.web.DefaultRedirectStrategy - Redirecting to /realty
2025-03-29 16:46:00 [http-nio-8080-exec-4] [DEBUG] o.s.security.web.FilterChainProxy - Securing GET /realty
2025-03-29 16:46:00 [http-nio-8080-exec-4] [DEBUG] o.s.s.w.a.AnonymousAuthenticationFilter - Set SecurityContextHolder to anonymous SecurityContext
2025-03-29 16:46:00 [http-nio-8080-exec-4] [DEBUG] o.s.s.w.a.i.FilterSecurityInterceptor - Authorized filter invocation [GET /realty] with attributes [permitAll]
2025-03-29 16:46:00 [http-nio-8080-exec-4] [DEBUG] o.s.security.web.FilterChainProxy - Secured GET /realty
2025-03-29 16:46:00 [http-nio-8080-exec-2] [DEBUG] o.s.security.web.FilterChainProxy - Securing GET /css/styles.css
2025-03-29 16:46:00 [http-nio-8080-exec-2] [DEBUG] o.s.s.w.a.AnonymousAuthenticationFilter - Set SecurityContextHolder to anonymous SecurityContext
2025-03-29 16:46:00 [http-nio-8080-exec-2] [DEBUG] o.s.s.w.a.i.FilterSecurityInterceptor - Authorized filter invocation [GET /css/styles.css] with attributes [permitAll]
2025-03-29 16:46:00 [http-nio-8080-exec-2] [DEBUG] o.s.security.web.FilterChainProxy - Secured GET /css/styles.css
2025-03-29 16:46:00 [http-nio-8080-exec-8] [DEBUG] o.s.security.web.FilterChainProxy - Securing GET /img/logo_alliance.png
2025-03-29 16:46:00 [http-nio-8080-exec-8] [DEBUG] o.s.s.w.a.AnonymousAuthenticationFilter - Set SecurityContextHolder to anonymous SecurityContext
2025-03-29 16:46:00 [http-nio-8080-exec-8] [DEBUG] o.s.s.w.a.i.FilterSecurityInterceptor - Authorized filter invocation [GET /img/logo_alliance.png] with attributes [permitAll]
2025-03-29 16:46:00 [http-nio-8080-exec-8] [DEBUG] o.s.security.web.FilterChainProxy - Secured GET /img/logo_alliance.png
2025-03-29 16:46:00 [http-nio-8080-exec-10] [DEBUG] o.s.security.web.FilterChainProxy - Securing GET /img/agency.jpg
2025-03-29 16:46:00 [http-nio-8080-exec-10] [DEBUG] o.s.s.w.a.AnonymousAuthenticationFilter - Set SecurityContextHolder to anonymous SecurityContext
2025-03-29 16:46:00 [http-nio-8080-exec-10] [DEBUG] o.s.s.w.a.i.FilterSecurityInterceptor - Authorized filter invocation [GET /img/agency.jpg] with attributes [permitAll]
2025-03-29 16:46:00 [http-nio-8080-exec-3] [DEBUG] o.s.security.web.FilterChainProxy - Securing GET /images/advertisementSale/d4315efc-c703-4501-a94b-81ff7ce200a0_photo_2024-12-23_22-17-59.jpg
2025-03-29 16:46:00 [http-nio-8080-exec-10] [DEBUG] o.s.security.web.FilterChainProxy - Secured GET /img/agency.jpg
2025-03-29 16:46:00 [http-nio-8080-exec-3] [DEBUG] o.s.s.w.a.AnonymousAuthenticationFilter - Set SecurityContextHolder to anonymous SecurityContext
2025-03-29 16:46:00 [http-nio-8080-exec-3] [DEBUG] o.s.s.w.a.i.FilterSecurityInterceptor - Authorized filter invocation [GET /images/advertisementSale/d4315efc-c703-4501-a94b-81ff7ce200a0_photo_2024-12-23_22-17-59.jpg] with attributes [permitAll]
2025-03-29 16:46:00 [http-nio-8080-exec-1] [DEBUG] o.s.security.web.FilterChainProxy - Securing GET /images/advertisementSale/f59acdf2-baf6-4bc0-b36b-35e41bacd18b_photo_2024-12-23_22-17-54.jpg
2025-03-29 16:46:00 [http-nio-8080-exec-3] [DEBUG] o.s.security.web.FilterChainProxy - Secured GET /images/advertisementSale/d4315efc-c703-4501-a94b-81ff7ce200a0_photo_2024-12-23_22-17-59.jpg
2025-03-29 16:46:00 [http-nio-8080-exec-1] [DEBUG] o.s.s.w.a.AnonymousAuthenticationFilter - Set SecurityContextHolder to anonymous SecurityContext
2025-03-29 16:46:00 [http-nio-8080-exec-7] [DEBUG] o.s.security.web.FilterChainProxy - Securing GET /images/advertisementSale/0dab0807-9cf3-481e-9749-99e44f837125_photo_2024-12-23_22-18-04.jpg
2025-03-29 16:46:00 [http-nio-8080-exec-1] [DEBUG] o.s.s.w.a.i.FilterSecurityInterceptor - Authorized filter invocation [GET /images/advertisementSale/f59acdf2-baf6-4bc0-b36b-35e41bacd18b_photo_2024-12-23_22-17-54.jpg] with attributes [permitAll]
2025-03-29 16:46:00 [http-nio-8080-exec-7] [DEBUG] o.s.s.w.a.AnonymousAuthenticationFilter - Set SecurityContextHolder to anonymous SecurityContext
2025-03-29 16:46:00 [http-nio-8080-exec-1] [DEBUG] o.s.security.web.FilterChainProxy - Secured GET /images/advertisementSale/f59acdf2-baf6-4bc0-b36b-35e41bacd18b_photo_2024-12-23_22-17-54.jpg
2025-03-29 16:46:00 [http-nio-8080-exec-7] [DEBUG] o.s.s.w.a.i.FilterSecurityInterceptor - Authorized filter invocation [GET /images/advertisementSale/0dab0807-9cf3-481e-9749-99e44f837125_photo_2024-12-23_22-18-04.jpg] with attributes [permitAll]
2025-03-29 16:46:00 [http-nio-8080-exec-7] [DEBUG] o.s.security.web.FilterChainProxy - Secured GET /images/advertisementSale/0dab0807-9cf3-481e-9749-99e44f837125_photo_2024-12-23_22-18-04.jpg
2025-03-29 16:46:00 [http-nio-8080-exec-9] [DEBUG] o.s.security.web.FilterChainProxy - Securing GET /images/placeholder.jpg
2025-03-29 16:46:00 [http-nio-8080-exec-9] [DEBUG] o.s.s.w.a.AnonymousAuthenticationFilter - Set SecurityContextHolder to anonymous SecurityContext
2025-03-29 16:46:00 [http-nio-8080-exec-9] [DEBUG] o.s.s.w.a.i.FilterSecurityInterceptor - Authorized filter invocation [GET /images/placeholder.jpg] with attributes [permitAll]
2025-03-29 16:46:00 [http-nio-8080-exec-9] [DEBUG] o.s.security.web.FilterChainProxy - Secured GET /images/placeholder.jpg
2025-03-29 16:46:00 [http-nio-8080-exec-7] [DEBUG] o.s.security.web.FilterChainProxy - Securing GET /img/logo_alliance.png
2025-03-29 16:46:00 [http-nio-8080-exec-6] [DEBUG] o.s.security.web.FilterChainProxy - Securing GET /images/advertisementSale/199952c8-f50d-4f4d-bedc-5c44f013ee64_Снимок экрана (6).png
2025-03-29 16:46:00 [http-nio-8080-exec-7] [DEBUG] o.s.s.w.a.AnonymousAuthenticationFilter - Set SecurityContextHolder to anonymous SecurityContext
2025-03-29 16:46:00 [http-nio-8080-exec-6] [DEBUG] o.s.s.w.a.AnonymousAuthenticationFilter - Set SecurityContextHolder to anonymous SecurityContext
2025-03-29 16:46:00 [http-nio-8080-exec-2] [DEBUG] o.s.security.web.FilterChainProxy - Securing GET /images/advertisementSale/8712f027-90a6-4f31-aeed-9b8fbd323086_Снимок экрана (8).png
2025-03-29 16:46:00 [http-nio-8080-exec-7] [DEBUG] o.s.s.w.a.i.FilterSecurityInterceptor - Authorized filter invocation [GET /img/logo_alliance.png] with attributes [permitAll]
2025-03-29 16:46:00 [http-nio-8080-exec-6] [DEBUG] o.s.s.w.a.i.FilterSecurityInterceptor - Authorized filter invocation [GET /images/advertisementSale/199952c8-f50d-4f4d-bedc-5c44f013ee64_Снимок экрана (6).png] with attributes [permitAll]
2025-03-29 16:46:00 [http-nio-8080-exec-4] [DEBUG] o.s.security.web.FilterChainProxy - Securing GET /images/advertisementSale/76d213ca-dba5-4b57-88f5-b6b4129f212e_photo_2024-12-23_22-17-54.jpg
2025-03-29 16:46:00 [http-nio-8080-exec-7] [DEBUG] o.s.security.web.FilterChainProxy - Secured GET /img/logo_alliance.png
2025-03-29 16:46:00 [http-nio-8080-exec-6] [DEBUG] o.s.security.web.FilterChainProxy - Secured GET /images/advertisementSale/199952c8-f50d-4f4d-bedc-5c44f013ee64_Снимок экрана (6).png
2025-03-29 16:46:00 [http-nio-8080-exec-8] [DEBUG] o.s.security.web.FilterChainProxy - Securing GET /images/advertisementSale/f11f04c5-71bc-4048-ad70-323ba1188611_Снимок экрана (2).png
2025-03-29 16:46:00 [http-nio-8080-exec-4] [DEBUG] o.s.s.w.a.AnonymousAuthenticationFilter - Set SecurityContextHolder to anonymous SecurityContext
2025-03-29 16:46:00 [http-nio-8080-exec-4] [DEBUG] o.s.s.w.a.i.FilterSecurityInterceptor - Authorized filter invocation [GET /images/advertisementSale/76d213ca-dba5-4b57-88f5-b6b4129f212e_photo_2024-12-23_22-17-54.jpg] with attributes [permitAll]
2025-03-29 16:46:00 [http-nio-8080-exec-8] [DEBUG] o.s.s.w.a.AnonymousAuthenticationFilter - Set SecurityContextHolder to anonymous SecurityContext
2025-03-29 16:46:00 [http-nio-8080-exec-8] [DEBUG] o.s.s.w.a.i.FilterSecurityInterceptor - Authorized filter invocation [GET /images/advertisementSale/f11f04c5-71bc-4048-ad70-323ba1188611_Снимок экрана (2).png] with attributes [permitAll]
2025-03-29 16:46:00 [http-nio-8080-exec-2] [DEBUG] o.s.s.w.a.AnonymousAuthenticationFilter - Set SecurityContextHolder to anonymous SecurityContext
2025-03-29 16:46:00 [http-nio-8080-exec-8] [DEBUG] o.s.security.web.FilterChainProxy - Secured GET /images/advertisementSale/f11f04c5-71bc-4048-ad70-323ba1188611_Снимок экрана (2).png
2025-03-29 16:46:00 [http-nio-8080-exec-2] [DEBUG] o.s.s.w.a.i.FilterSecurityInterceptor - Authorized filter invocation [GET /images/advertisementSale/8712f027-90a6-4f31-aeed-9b8fbd323086_Снимок экрана (8).png] with attributes [permitAll]
2025-03-29 16:46:00 [http-nio-8080-exec-2] [DEBUG] o.s.security.web.FilterChainProxy - Secured GET /images/advertisementSale/8712f027-90a6-4f31-aeed-9b8fbd323086_Снимок экрана (8).png
2025-03-29 16:46:00 [http-nio-8080-exec-4] [DEBUG] o.s.security.web.FilterChainProxy - Secured GET /images/advertisementSale/76d213ca-dba5-4b57-88f5-b6b4129f212e_photo_2024-12-23_22-17-54.jpg
2025-03-29 16:46:00 [http-nio-8080-exec-9] [DEBUG] o.s.security.web.FilterChainProxy - Securing GET /error
2025-03-29 16:46:00 [http-nio-8080-exec-9] [DEBUG] o.s.s.w.a.AnonymousAuthenticationFilter - Set SecurityContextHolder to anonymous SecurityContext
2025-03-29 16:46:00 [http-nio-8080-exec-9] [DEBUG] o.s.s.w.a.i.FilterSecurityInterceptor - Authorized filter invocation [GET /error] with attributes [permitAll]
2025-03-29 16:46:00 [http-nio-8080-exec-9] [DEBUG] o.s.security.web.FilterChainProxy - Secured GET /error
2025-03-29 16:46:00 [http-nio-8080-exec-4] [DEBUG] o.s.security.web.FilterChainProxy - Securing GET /images/advertisementSale/0673bdb4-3423-44e8-8636-a66497d7ab52_photo_2024-12-23_22-18-01.jpg
2025-03-29 16:46:00 [http-nio-8080-exec-10] [DEBUG] o.s.security.web.FilterChainProxy - Securing GET /images/advertisementSale/770d16f9-e061-46fc-94e4-17e8e3e3588a_photo_2024-12-23_22-18-11.jpg
2025-03-29 16:46:00 [http-nio-8080-exec-4] [DEBUG] o.s.s.w.a.AnonymousAuthenticationFilter - Set SecurityContextHolder to anonymous SecurityContext
2025-03-29 16:46:00 [http-nio-8080-exec-10] [DEBUG] o.s.s.w.a.AnonymousAuthenticationFilter - Set SecurityContextHolder to anonymous SecurityContext
2025-03-29 16:46:00 [http-nio-8080-exec-4] [DEBUG] o.s.s.w.a.i.FilterSecurityInterceptor - Authorized filter invocation [GET /images/advertisementSale/0673bdb4-3423-44e8-8636-a66497d7ab52_photo_2024-12-23_22-18-01.jpg] with attributes [permitAll]
2025-03-29 16:46:00 [http-nio-8080-exec-10] [DEBUG] o.s.s.w.a.i.FilterSecurityInterceptor - Authorized filter invocation [GET /images/advertisementSale/770d16f9-e061-46fc-94e4-17e8e3e3588a_photo_2024-12-23_22-18-11.jpg] with attributes [permitAll]
2025-03-29 16:46:00 [http-nio-8080-exec-4] [DEBUG] o.s.security.web.FilterChainProxy - Secured GET /images/advertisementSale/0673bdb4-3423-44e8-8636-a66497d7ab52_photo_2024-12-23_22-18-01.jpg
2025-03-29 16:46:00 [http-nio-8080-exec-10] [DEBUG] o.s.security.web.FilterChainProxy - Secured GET /images/advertisementSale/770d16f9-e061-46fc-94e4-17e8e3e3588a_photo_2024-12-23_22-18-11.jpg
2025-03-29 16:46:00 [http-nio-8080-exec-1] [DEBUG] o.s.security.web.FilterChainProxy - Securing GET /images/advertisementSale/15c13dfd-2da8-4565-ae8d-d9857bb9f550_photo_2024-12-23_22-17-54.jpg
2025-03-29 16:46:00 [http-nio-8080-exec-1] [DEBUG] o.s.s.w.a.AnonymousAuthenticationFilter - Set SecurityContextHolder to anonymous SecurityContext
2025-03-29 16:46:00 [http-nio-8080-exec-1] [DEBUG] o.s.s.w.a.i.FilterSecurityInterceptor - Authorized filter invocation [GET /images/advertisementSale/15c13dfd-2da8-4565-ae8d-d9857bb9f550_photo_2024-12-23_22-17-54.jpg] with attributes [permitAll]
2025-03-29 16:46:00 [http-nio-8080-exec-1] [DEBUG] o.s.security.web.FilterChainProxy - Secured GET /images/advertisementSale/15c13dfd-2da8-4565-ae8d-d9857bb9f550_photo_2024-12-23_22-17-54.jpg
2025-03-29 16:46:00 [http-nio-8080-exec-4] [DEBUG] o.s.security.web.FilterChainProxy - Securing GET /images/advertisementSale/2703da27-c848-4e9d-a261-4d33ee79f79c_photo_2024-12-23_22-17-59.jpg
2025-03-29 16:46:00 [http-nio-8080-exec-7] [DEBUG] o.s.security.web.FilterChainProxy - Securing GET /images/advertisementRent/75e9e80d-1f5c-4f46-bdc7-d790f75f756f_photo_2024-12-23_22-18-01.jpg
2025-03-29 16:46:00 [http-nio-8080-exec-4] [DEBUG] o.s.s.w.a.AnonymousAuthenticationFilter - Set SecurityContextHolder to anonymous SecurityContext
2025-03-29 16:46:00 [http-nio-8080-exec-3] [DEBUG] o.s.security.web.FilterChainProxy - Securing GET /images/advertisementSale/6d439031-8c11-4cfd-9007-7047bd94ec62_photo_2024-12-23_22-18-10.jpg
2025-03-29 16:46:00 [http-nio-8080-exec-4] [DEBUG] o.s.s.w.a.i.FilterSecurityInterceptor - Authorized filter invocation [GET /images/advertisementSale/2703da27-c848-4e9d-a261-4d33ee79f79c_photo_2024-12-23_22-17-59.jpg] with attributes [permitAll]
2025-03-29 16:46:00 [http-nio-8080-exec-7] [DEBUG] o.s.s.w.a.AnonymousAuthenticationFilter - Set SecurityContextHolder to anonymous SecurityContext
2025-03-29 16:46:00 [http-nio-8080-exec-4] [DEBUG] o.s.security.web.FilterChainProxy - Secured GET /images/advertisementSale/2703da27-c848-4e9d-a261-4d33ee79f79c_photo_2024-12-23_22-17-59.jpg
2025-03-29 16:46:00 [http-nio-8080-exec-7] [DEBUG] o.s.s.w.a.i.FilterSecurityInterceptor - Authorized filter invocation [GET /images/advertisementRent/75e9e80d-1f5c-4f46-bdc7-d790f75f756f_photo_2024-12-23_22-18-01.jpg] with attributes [permitAll]
2025-03-29 16:46:00 [http-nio-8080-exec-10] [DEBUG] o.s.security.web.FilterChainProxy - Securing GET /images/advertisementSale/e63bba72-f8b1-4ec8-b621-657fbcd7b1e3_kozelsk.jpg
2025-03-29 16:46:00 [http-nio-8080-exec-7] [DEBUG] o.s.security.web.FilterChainProxy - Secured GET /images/advertisementRent/75e9e80d-1f5c-4f46-bdc7-d790f75f756f_photo_2024-12-23_22-18-01.jpg
2025-03-29 16:46:00 [http-nio-8080-exec-10] [DEBUG] o.s.s.w.a.AnonymousAuthenticationFilter - Set SecurityContextHolder to anonymous SecurityContext
2025-03-29 16:46:00 [http-nio-8080-exec-10] [DEBUG] o.s.s.w.a.i.FilterSecurityInterceptor - Authorized filter invocation [GET /images/advertisementSale/e63bba72-f8b1-4ec8-b621-657fbcd7b1e3_kozelsk.jpg] with attributes [permitAll]
2025-03-29 16:46:00 [http-nio-8080-exec-10] [DEBUG] o.s.security.web.FilterChainProxy - Secured GET /images/advertisementSale/e63bba72-f8b1-4ec8-b621-657fbcd7b1e3_kozelsk.jpg
2025-03-29 16:46:00 [http-nio-8080-exec-3] [DEBUG] o.s.s.w.a.AnonymousAuthenticationFilter - Set SecurityContextHolder to anonymous SecurityContext
2025-03-29 16:46:00 [http-nio-8080-exec-3] [DEBUG] o.s.s.w.a.i.FilterSecurityInterceptor - Authorized filter invocation [GET /images/advertisementSale/6d439031-8c11-4cfd-9007-7047bd94ec62_photo_2024-12-23_22-18-10.jpg] with attributes [permitAll]
2025-03-29 16:46:00 [http-nio-8080-exec-2] [DEBUG] o.s.security.web.FilterChainProxy - Securing GET /images/advertisementRent/0a1031cd-43b5-4402-87eb-04fa80f00918_photo_2024-12-23_22-18-03.jpg
2025-03-29 16:46:00 [http-nio-8080-exec-2] [DEBUG] o.s.s.w.a.AnonymousAuthenticationFilter - Set SecurityContextHolder to anonymous SecurityContext
2025-03-29 16:46:00 [http-nio-8080-exec-2] [DEBUG] o.s.s.w.a.i.FilterSecurityInterceptor - Authorized filter invocation [GET /images/advertisementRent/0a1031cd-43b5-4402-87eb-04fa80f00918_photo_2024-12-23_22-18-03.jpg] with attributes [permitAll]
2025-03-29 16:46:00 [http-nio-8080-exec-2] [DEBUG] o.s.security.web.FilterChainProxy - Secured GET /images/advertisementRent/0a1031cd-43b5-4402-87eb-04fa80f00918_photo_2024-12-23_22-18-03.jpg
2025-03-29 16:46:00 [http-nio-8080-exec-3] [DEBUG] o.s.security.web.FilterChainProxy - Secured GET /images/advertisementSale/6d439031-8c11-4cfd-9007-7047bd94ec62_photo_2024-12-23_22-18-10.jpg
2025-03-29 16:46:00 [http-nio-8080-exec-4] [DEBUG] o.s.security.web.FilterChainProxy - Securing GET /images/advertisementRent/809047fb-7261-497f-b19e-b208d4480210_photo_2024-12-23_22-17-57.jpg
2025-03-29 16:46:00 [http-nio-8080-exec-4] [DEBUG] o.s.s.w.a.AnonymousAuthenticationFilter - Set SecurityContextHolder to anonymous SecurityContext
2025-03-29 16:46:00 [http-nio-8080-exec-4] [DEBUG] o.s.s.w.a.i.FilterSecurityInterceptor - Authorized filter invocation [GET /images/advertisementRent/809047fb-7261-497f-b19e-b208d4480210_photo_2024-12-23_22-17-57.jpg] with attributes [permitAll]
2025-03-29 16:46:00 [http-nio-8080-exec-4] [DEBUG] o.s.security.web.FilterChainProxy - Secured GET /images/advertisementRent/809047fb-7261-497f-b19e-b208d4480210_photo_2024-12-23_22-17-57.jpg
2025-03-29 16:46:00 [http-nio-8080-exec-6] [DEBUG] o.s.security.web.FilterChainProxy - Securing GET /images/advertisementRent/b02c42b7-b608-4169-93f2-7ad28d186517_photo_2024-12-23_22-18-01.jpg
2025-03-29 16:46:00 [http-nio-8080-exec-6] [DEBUG] o.s.s.w.a.AnonymousAuthenticationFilter - Set SecurityContextHolder to anonymous SecurityContext
2025-03-29 16:46:00 [http-nio-8080-exec-5] [DEBUG] o.s.security.web.FilterChainProxy - Securing GET /images/advertisementRent/da667149-470d-4844-94d9-c5a37db0ed63_photo_2024-12-23_22-18-05.jpg
2025-03-29 16:46:00 [http-nio-8080-exec-6] [DEBUG] o.s.s.w.a.i.FilterSecurityInterceptor - Authorized filter invocation [GET /images/advertisementRent/b02c42b7-b608-4169-93f2-7ad28d186517_photo_2024-12-23_22-18-01.jpg] with attributes [permitAll]
2025-03-29 16:46:00 [http-nio-8080-exec-6] [DEBUG] o.s.security.web.FilterChainProxy - Secured GET /images/advertisementRent/b02c42b7-b608-4169-93f2-7ad28d186517_photo_2024-12-23_22-18-01.jpg
2025-03-29 16:46:00 [http-nio-8080-exec-5] [DEBUG] o.s.s.w.a.AnonymousAuthenticationFilter - Set SecurityContextHolder to anonymous SecurityContext
2025-03-29 16:46:00 [http-nio-8080-exec-5] [DEBUG] o.s.s.w.a.i.FilterSecurityInterceptor - Authorized filter invocation [GET /images/advertisementRent/da667149-470d-4844-94d9-c5a37db0ed63_photo_2024-12-23_22-18-05.jpg] with attributes [permitAll]
2025-03-29 16:46:00 [http-nio-8080-exec-5] [DEBUG] o.s.security.web.FilterChainProxy - Secured GET /images/advertisementRent/da667149-470d-4844-94d9-c5a37db0ed63_photo_2024-12-23_22-18-05.jpg
2025-03-29 16:46:17 [http-nio-8080-exec-9] [DEBUG] o.s.security.web.FilterChainProxy - Securing GET /registration
2025-03-29 16:46:17 [http-nio-8080-exec-9] [DEBUG] o.s.s.w.a.AnonymousAuthenticationFilter - Set SecurityContextHolder to anonymous SecurityContext
2025-03-29 16:46:17 [http-nio-8080-exec-9] [DEBUG] o.s.s.w.a.i.FilterSecurityInterceptor - Authorized filter invocation [GET /registration] with attributes [permitAll]
2025-03-29 16:46:17 [http-nio-8080-exec-9] [DEBUG] o.s.security.web.FilterChainProxy - Secured GET /registration
2025-03-29 16:46:29 [http-nio-8080-exec-1] [DEBUG] o.s.security.web.FilterChainProxy - Securing POST /registration
2025-03-29 16:46:29 [http-nio-8080-exec-1] [DEBUG] o.s.s.w.a.AnonymousAuthenticationFilter - Set SecurityContextHolder to anonymous SecurityContext
2025-03-29 16:46:29 [http-nio-8080-exec-1] [DEBUG] o.s.s.w.a.i.FilterSecurityInterceptor - Authorized filter invocation [POST /registration] with attributes [permitAll]
2025-03-29 16:46:29 [http-nio-8080-exec-1] [DEBUG] o.s.security.web.FilterChainProxy - Secured POST /registration
2025-03-29 16:46:29 [http-nio-8080-exec-1] [ERROR] o.a.c.c.C.[.[.[.[dispatcherServlet] - Servlet.service() for servlet [dispatcherServlet] in context with path [] threw exception [Request processing failed: jakarta.validation.UnexpectedTypeException: HV000030: No validator could be found for constraint 'org.hibernate.validator.constraints.UniqueElements' validating type 'java.lang.String'. Check configuration for 'name'] with root cause
jakarta.validation.UnexpectedTypeException: HV000030: No validator could be found for constraint 'org.hibernate.validator.constraints.UniqueElements' validating type 'java.lang.String'. Check configuration for 'name'
	at org.hibernate.validator.internal.engine.constraintvalidation.ConstraintTree.getExceptionForNullValidator(ConstraintTree.java:116)
	at org.hibernate.validator.internal.engine.constraintvalidation.ConstraintTree.getInitializedConstraintValidator(ConstraintTree.java:162)
	at org.hibernate.validator.internal.engine.constraintvalidation.SimpleConstraintTree.validateConstraints(SimpleConstraintTree.java:58)
	at org.hibernate.validator.internal.engine.constraintvalidation.ConstraintTree.validateConstraints(ConstraintTree.java:75)
	at org.hibernate.validator.internal.metadata.core.MetaConstraint.doValidateConstraint(MetaConstraint.java:130)
	at org.hibernate.validator.internal.metadata.core.MetaConstraint.validateConstraint(MetaConstraint.java:123)
	at org.hibernate.validator.internal.engine.ValidatorImpl.validateMetaConstraint(ValidatorImpl.java:555)
	at org.hibernate.validator.internal.engine.ValidatorImpl.validateConstraintsForSingleDefaultGroupElement(ValidatorImpl.java:518)
	at org.hibernate.validator.internal.engine.ValidatorImpl.validateConstraintsForDefaultGroup(ValidatorImpl.java:488)
	at org.hibernate.validator.internal.engine.ValidatorImpl.validateConstraintsForCurrentGroup(ValidatorImpl.java:450)
	at org.hibernate.validator.internal.engine.ValidatorImpl.validateInContext(ValidatorImpl.java:400)
	at org.hibernate.validator.internal.engine.ValidatorImpl.validate(ValidatorImpl.java:172)
	at org.hibernate.boot.beanvalidation.BeanValidationEventListener.validate(BeanValidationEventListener.java:128)
	at org.hibernate.boot.beanvalidation.BeanValidationEventListener.onPreInsert(BeanValidationEventListener.java:81)
	at org.hibernate.action.internal.EntityIdentityInsertAction.preInsert(EntityIdentityInsertAction.java:201)
	at org.hibernate.action.internal.EntityIdentityInsertAction.execute(EntityIdentityInsertAction.java:79)
	at org.hibernate.engine.spi.ActionQueue.execute(ActionQueue.java:671)
	at org.hibernate.engine.spi.ActionQueue.addResolvedEntityInsertAction(ActionQueue.java:292)
	at org.hibernate.engine.spi.ActionQueue.addInsertAction(ActionQueue.java:273)
	at org.hibernate.engine.spi.ActionQueue.addAction(ActionQueue.java:323)
	at org.hibernate.event.internal.AbstractSaveEventListener.addInsertAction(AbstractSaveEventListener.java:391)
	at org.hibernate.event.internal.AbstractSaveEventListener.performSaveOrReplicate(AbstractSaveEventListener.java:305)
	at org.hibernate.event.internal.AbstractSaveEventListener.performSave(AbstractSaveEventListener.java:224)
	at org.hibernate.event.internal.AbstractSaveEventListener.saveWithGeneratedId(AbstractSaveEventListener.java:137)
	at org.hibernate.event.internal.DefaultPersistEventListener.entityIsTransient(DefaultPersistEventListener.java:175)
	at org.hibernate.event.internal.DefaultPersistEventListener.persist(DefaultPersistEventListener.java:93)
	at org.hibernate.event.internal.DefaultPersistEventListener.onPersist(DefaultPersistEventListener.java:77)
	at org.hibernate.event.internal.DefaultPersistEventListener.onPersist(DefaultPersistEventListener.java:54)
	at org.hibernate.event.service.internal.EventListenerGroupImpl.fireEventOnEachListener(EventListenerGroupImpl.java:127)
	at org.hibernate.internal.SessionImpl.firePersist(SessionImpl.java:757)
	at org.hibernate.internal.SessionImpl.persist(SessionImpl.java:741)
	at java.base/jdk.internal.reflect.DirectMethodHandleAccessor.invoke(DirectMethodHandleAccessor.java:103)
	at java.base/java.lang.reflect.Method.invoke(Method.java:580)
	at org.springframework.orm.jpa.ExtendedEntityManagerCreator$ExtendedEntityManagerInvocationHandler.invoke(ExtendedEntityManagerCreator.java:364)
	at jdk.proxy4/jdk.proxy4.$Proxy160.persist(Unknown Source)
	at java.base/jdk.internal.reflect.DirectMethodHandleAccessor.invoke(DirectMethodHandleAccessor.java:103)
	at java.base/java.lang.reflect.Method.invoke(Method.java:580)
	at org.springframework.orm.jpa.SharedEntityManagerCreator$SharedEntityManagerInvocationHandler.invoke(SharedEntityManagerCreator.java:319)
	at jdk.proxy4/jdk.proxy4.$Proxy160.persist(Unknown Source)
	at org.springframework.data.jpa.repository.support.SimpleJpaRepository.save(SimpleJpaRepository.java:628)
	at java.base/jdk.internal.reflect.DirectMethodHandleAccessor.invoke(DirectMethodHandleAccessor.java:103)
	at java.base/java.lang.reflect.Method.invoke(Method.java:580)
	at org.springframework.aop.support.AopUtils.invokeJoinpointUsingReflection(AopUtils.java:355)
	at org.springframework.data.repository.core.support.RepositoryMethodInvoker$RepositoryFragmentMethodInvoker.lambda$new$0(RepositoryMethodInvoker.java:277)
	at org.springframework.data.repository.core.support.RepositoryMethodInvoker.doInvoke(RepositoryMethodInvoker.java:170)
	at org.springframework.data.repository.core.support.RepositoryMethodInvoker.invoke(RepositoryMethodInvoker.java:158)
	at org.springframework.data.repository.core.support.RepositoryComposition$RepositoryFragments.invoke(RepositoryComposition.java:516)
	at org.springframework.data.repository.core.support.RepositoryComposition.invoke(RepositoryComposition.java:285)
	at org.springframework.data.repository.core.support.RepositoryFactorySupport$ImplementationMethodExecutionInterceptor.invoke(RepositoryFactorySupport.java:628)
	at org.springframework.aop.framework.ReflectiveMethodInvocation.proceed(ReflectiveMethodInvocation.java:184)
	at org.springframework.data.repository.core.support.QueryExecutorMethodInterceptor.doInvoke(QueryExecutorMethodInterceptor.java:173)
	at org.springframework.data.repository.core.support.QueryExecutorMethodInterceptor.invoke(QueryExecutorMethodInterceptor.java:148)
	at org.springframework.aop.framework.ReflectiveMethodInvocation.proceed(ReflectiveMethodInvocation.java:184)
	at org.springframework.data.projection.DefaultMethodInvokingMethodInterceptor.invoke(DefaultMethodInvokingMethodInterceptor.java:70)
	at org.springframework.aop.framework.ReflectiveMethodInvocation.proceed(ReflectiveMethodInvocation.java:184)
	at org.springframework.transaction.interceptor.TransactionAspectSupport.invokeWithinTransaction(TransactionAspectSupport.java:379)
	at org.springframework.transaction.interceptor.TransactionInterceptor.invoke(TransactionInterceptor.java:119)
	at org.springframework.aop.framework.ReflectiveMethodInvocation.proceed(ReflectiveMethodInvocation.java:184)
	at org.springframework.dao.support.PersistenceExceptionTranslationInterceptor.invoke(PersistenceExceptionTranslationInterceptor.java:138)
	at org.springframework.aop.framework.ReflectiveMethodInvocation.proceed(ReflectiveMethodInvocation.java:184)
	at org.springframework.data.jpa.repository.support.CrudMethodMetadataPostProcessor$CrudMethodMetadataPopulatingMethodInterceptor.invoke(CrudMethodMetadataPostProcessor.java:165)
	at org.springframework.aop.framework.ReflectiveMethodInvocation.proceed(ReflectiveMethodInvocation.java:184)
	at org.springframework.aop.interceptor.ExposeInvocationInterceptor.invoke(ExposeInvocationInterceptor.java:97)
	at org.springframework.aop.framework.ReflectiveMethodInvocation.proceed(ReflectiveMethodInvocation.java:184)
	at org.springframework.aop.framework.JdkDynamicAopProxy.invoke(JdkDynamicAopProxy.java:223)
	at jdk.proxy4/jdk.proxy4.$Proxy176.save(Unknown Source)
	at ru.kozelsk.alliance.services.users.MyUserDetailsService.registerUser(MyUserDetailsService.java:65)
	at ru.kozelsk.alliance.controllers.users.RegistrationController.registrationUser(RegistrationController.java:39)
	at java.base/jdk.internal.reflect.DirectMethodHandleAccessor.invoke(DirectMethodHandleAccessor.java:103)
	at java.base/java.lang.reflect.Method.invoke(Method.java:580)
	at org.springframework.web.method.support.InvocableHandlerMethod.doInvoke(InvocableHandlerMethod.java:255)
	at org.springframework.web.method.support.InvocableHandlerMethod.invokeForRequest(InvocableHandlerMethod.java:188)
	at org.springframework.web.servlet.mvc.method.annotation.ServletInvocableHandlerMethod.invokeAndHandle(ServletInvocableHandlerMethod.java:118)
	at org.springframework.web.servlet.mvc.method.annotation.RequestMappingHandlerAdapter.invokeHandlerMethod(RequestMappingHandlerAdapter.java:926)
	at org.springframework.web.servlet.mvc.method.annotation.RequestMappingHandlerAdapter.handleInternal(RequestMappingHandlerAdapter.java:831)
	at org.springframework.web.servlet.mvc.method.AbstractHandlerMethodAdapter.handle(AbstractHandlerMethodAdapter.java:87)
	at org.springframework.web.servlet.DispatcherServlet.doDispatch(DispatcherServlet.java:1089)
	at org.springframework.web.servlet.DispatcherServlet.doService(DispatcherServlet.java:979)
	at org.springframework.web.servlet.FrameworkServlet.processRequest(FrameworkServlet.java:1014)
	at org.springframework.web.servlet.FrameworkServlet.doPost(FrameworkServlet.java:914)
	at jakarta.servlet.http.HttpServlet.service(HttpServlet.java:590)
	at org.springframework.web.servlet.FrameworkServlet.service(FrameworkServlet.java:885)
	at jakarta.servlet.http.HttpServlet.service(HttpServlet.java:658)
	at org.apache.catalina.core.ApplicationFilterChain.internalDoFilter(ApplicationFilterChain.java:195)
	at org.apache.catalina.core.ApplicationFilterChain.doFilter(ApplicationFilterChain.java:140)
	at org.apache.tomcat.websocket.server.WsFilter.doFilter(WsFilter.java:51)
	at org.apache.catalina.core.ApplicationFilterChain.internalDoFilter(ApplicationFilterChain.java:164)
	at org.apache.catalina.core.ApplicationFilterChain.doFilter(ApplicationFilterChain.java:140)
	at org.springframework.web.filter.HiddenHttpMethodFilter.doFilterInternal(HiddenHttpMethodFilter.java:91)
	at org.springframework.web.filter.OncePerRequestFilter.doFilter(OncePerRequestFilter.java:116)
	at org.apache.catalina.core.ApplicationFilterChain.internalDoFilter(ApplicationFilterChain.java:164)
	at org.apache.catalina.core.ApplicationFilterChain.doFilter(ApplicationFilterChain.java:140)
	at org.springframework.web.filter.CompositeFilter$VirtualFilterChain.doFilter(CompositeFilter.java:108)
	at org.springframework.security.web.FilterChainProxy.lambda$doFilterInternal$3(FilterChainProxy.java:231)
	at org.springframework.security.web.ObservationFilterChainDecorator$FilterObservation$SimpleFilterObservation.lambda$wrap$1(ObservationFilterChainDecorator.java:479)
	at org.springframework.security.web.ObservationFilterChainDecorator$AroundFilterObservation$SimpleAroundFilterObservation.lambda$wrap$1(ObservationFilterChainDecorator.java:340)
	at org.springframework.security.web.ObservationFilterChainDecorator.lambda$wrapSecured$0(ObservationFilterChainDecorator.java:82)
	at org.springframework.security.web.ObservationFilterChainDecorator$VirtualFilterChain.doFilter(ObservationFilterChainDecorator.java:128)
	at org.springframework.security.web.access.intercept.FilterSecurityInterceptor.invoke(FilterSecurityInterceptor.java:117)
	at org.springframework.security.web.access.intercept.FilterSecurityInterceptor.doFilter(FilterSecurityInterceptor.java:83)
	at org.springframework.security.web.ObservationFilterChainDecorator$ObservationFilter.wrapFilter(ObservationFilterChainDecorator.java:240)
	at org.springframework.security.web.ObservationFilterChainDecorator$ObservationFilter.doFilter(ObservationFilterChainDecorator.java:227)
	at org.springframework.security.web.ObservationFilterChainDecorator$VirtualFilterChain.doFilter(ObservationFilterChainDecorator.java:137)
	at org.springframework.security.web.access.ExceptionTranslationFilter.doFilter(ExceptionTranslationFilter.java:126)
	at org.springframework.security.web.access.ExceptionTranslationFilter.doFilter(ExceptionTranslationFilter.java:120)
	at org.springframework.security.web.ObservationFilterChainDecorator$ObservationFilter.wrapFilter(ObservationFilterChainDecorator.java:240)
	at org.springframework.security.web.ObservationFilterChainDecorator$ObservationFilter.doFilter(ObservationFilterChainDecorator.java:227)
	at org.springframework.security.web.ObservationFilterChainDecorator$VirtualFilterChain.doFilter(ObservationFilterChainDecorator.java:137)
	at org.springframework.security.web.authentication.AnonymousAuthenticationFilter.doFilter(AnonymousAuthenticationFilter.java:100)
	at org.springframework.security.web.ObservationFilterChainDecorator$ObservationFilter.wrapFilter(ObservationFilterChainDecorator.java:240)
	at org.springframework.security.web.ObservationFilterChainDecorator$ObservationFilter.doFilter(ObservationFilterChainDecorator.java:227)
	at org.springframework.security.web.ObservationFilterChainDecorator$VirtualFilterChain.doFilter(ObservationFilterChainDecorator.java:137)
	at org.springframework.security.web.servletapi.SecurityContextHolderAwareRequestFilter.doFilter(SecurityContextHolderAwareRequestFilter.java:179)
	at org.springframework.security.web.ObservationFilterChainDecorator$ObservationFilter.wrapFilter(ObservationFilterChainDecorator.java:240)
	at org.springframework.security.web.ObservationFilterChainDecorator$ObservationFilter.doFilter(ObservationFilterChainDecorator.java:227)
	at org.springframework.security.web.ObservationFilterChainDecorator$VirtualFilterChain.doFilter(ObservationFilterChainDecorator.java:137)
	at org.springframework.security.web.savedrequest.RequestCacheAwareFilter.doFilter(RequestCacheAwareFilter.java:63)
	at org.springframework.security.web.ObservationFilterChainDecorator$ObservationFilter.wrapFilter(ObservationFilterChainDecorator.java:240)
	at org.springframework.security.web.ObservationFilterChainDecorator$ObservationFilter.doFilter(ObservationFilterChainDecorator.java:227)
	at org.springframework.security.web.ObservationFilterChainDecorator$VirtualFilterChain.doFilter(ObservationFilterChainDecorator.java:137)
	at org.springframework.security.web.authentication.AbstractAuthenticationProcessingFilter.doFilter(AbstractAuthenticationProcessingFilter.java:227)
	at org.springframework.security.web.authentication.AbstractAuthenticationProcessingFilter.doFilter(AbstractAuthenticationProcessingFilter.java:221)
	at org.springframework.security.web.ObservationFilterChainDecorator$ObservationFilter.wrapFilter(ObservationFilterChainDecorator.java:240)
	at org.springframework.security.web.ObservationFilterChainDecorator$ObservationFilter.doFilter(ObservationFilterChainDecorator.java:227)
	at org.springframework.security.web.ObservationFilterChainDecorator$VirtualFilterChain.doFilter(ObservationFilterChainDecorator.java:137)
	at org.springframework.security.web.authentication.AbstractAuthenticationProcessingFilter.doFilter(AbstractAuthenticationProcessingFilter.java:227)
	at org.springframework.security.web.authentication.AbstractAuthenticationProcessingFilter.doFilter(AbstractAuthenticationProcessingFilter.java:221)
	at org.springframework.security.web.ObservationFilterChainDecorator$ObservationFilter.wrapFilter(ObservationFilterChainDecorator.java:240)
	at org.springframework.security.web.ObservationFilterChainDecorator$ObservationFilter.doFilter(ObservationFilterChainDecorator.java:227)
	at org.springframework.security.web.ObservationFilterChainDecorator$VirtualFilterChain.doFilter(ObservationFilterChainDecorator.java:137)
	at org.springframework.security.oauth2.client.web.OAuth2AuthorizationRequestRedirectFilter.doFilterInternal(OAuth2AuthorizationRequestRedirectFilter.java:198)
	at org.springframework.web.filter.OncePerRequestFilter.doFilter(OncePerRequestFilter.java:116)
	at org.springframework.security.web.ObservationFilterChainDecorator$ObservationFilter.wrapFilter(ObservationFilterChainDecorator.java:240)
	at org.springframework.security.web.ObservationFilterChainDecorator$ObservationFilter.doFilter(ObservationFilterChainDecorator.java:227)
	at org.springframework.security.web.ObservationFilterChainDecorator$VirtualFilterChain.doFilter(ObservationFilterChainDecorator.java:137)
	at org.springframework.security.web.authentication.logout.LogoutFilter.doFilter(LogoutFilter.java:107)
	at org.springframework.security.web.authentication.logout.LogoutFilter.doFilter(LogoutFilter.java:93)
	at org.springframework.security.web.ObservationFilterChainDecorator$ObservationFilter.wrapFilter(ObservationFilterChainDecorator.java:240)
	at org.springframework.security.web.ObservationFilterChainDecorator$ObservationFilter.doFilter(ObservationFilterChainDecorator.java:227)
	at org.springframework.security.web.ObservationFilterChainDecorator$VirtualFilterChain.doFilter(ObservationFilterChainDecorator.java:137)
	at org.springframework.security.web.header.HeaderWriterFilter.doHeadersAfter(HeaderWriterFilter.java:90)
	at org.springframework.security.web.header.HeaderWriterFilter.doFilterInternal(HeaderWriterFilter.java:75)
	at org.springframework.web.filter.OncePerRequestFilter.doFilter(OncePerRequestFilter.java:116)
	at org.springframework.security.web.ObservationFilterChainDecorator$ObservationFilter.wrapFilter(ObservationFilterChainDecorator.java:240)
	at org.springframework.security.web.ObservationFilterChainDecorator$ObservationFilter.doFilter(ObservationFilterChainDecorator.java:227)
	at org.springframework.security.web.ObservationFilterChainDecorator$VirtualFilterChain.doFilter(ObservationFilterChainDecorator.java:137)
	at org.springframework.security.web.context.SecurityContextHolderFilter.doFilter(SecurityContextHolderFilter.java:82)
	at org.springframework.security.web.context.SecurityContextHolderFilter.doFilter(SecurityContextHolderFilter.java:69)
	at org.springframework.security.web.ObservationFilterChainDecorator$ObservationFilter.wrapFilter(ObservationFilterChainDecorator.java:240)
	at org.springframework.security.web.ObservationFilterChainDecorator$ObservationFilter.doFilter(ObservationFilterChainDecorator.java:227)
	at org.springframework.security.web.ObservationFilterChainDecorator$VirtualFilterChain.doFilter(ObservationFilterChainDecorator.java:137)
	at org.springframework.security.web.context.request.async.WebAsyncManagerIntegrationFilter.doFilterInternal(WebAsyncManagerIntegrationFilter.java:62)
	at org.springframework.web.filter.OncePerRequestFilter.doFilter(OncePerRequestFilter.java:116)
	at org.springframework.security.web.ObservationFilterChainDecorator$ObservationFilter.wrapFilter(ObservationFilterChainDecorator.java:240)
	at org.springframework.security.web.ObservationFilterChainDecorator$ObservationFilter.doFilter(ObservationFilterChainDecorator.java:227)
	at org.springframework.security.web.ObservationFilterChainDecorator$VirtualFilterChain.doFilter(ObservationFilterChainDecorator.java:137)
	at org.springframework.security.web.session.DisableEncodeUrlFilter.doFilterInternal(DisableEncodeUrlFilter.java:42)
	at org.springframework.web.filter.OncePerRequestFilter.doFilter(OncePerRequestFilter.java:116)
	at org.springframework.security.web.ObservationFilterChainDecorator$ObservationFilter.wrapFilter(ObservationFilterChainDecorator.java:240)
	at org.springframework.security.web.ObservationFilterChainDecorator$AroundFilterObservation$SimpleAroundFilterObservation.lambda$wrap$0(ObservationFilterChainDecorator.java:323)
	at org.springframework.security.web.ObservationFilterChainDecorator$ObservationFilter.doFilter(ObservationFilterChainDecorator.java:224)
	at org.springframework.security.web.ObservationFilterChainDecorator$VirtualFilterChain.doFilter(ObservationFilterChainDecorator.java:137)
	at org.springframework.security.web.FilterChainProxy.doFilterInternal(FilterChainProxy.java:233)
	at org.springframework.security.web.FilterChainProxy.doFilter(FilterChainProxy.java:191)
	at org.springframework.web.filter.CompositeFilter$VirtualFilterChain.doFilter(CompositeFilter.java:113)
	at org.springframework.web.servlet.handler.HandlerMappingIntrospector.lambda$createCacheFilter$3(HandlerMappingIntrospector.java:195)
	at org.springframework.web.filter.CompositeFilter$VirtualFilterChain.doFilter(CompositeFilter.java:113)
	at org.springframework.web.filter.CompositeFilter.doFilter(CompositeFilter.java:74)
	at org.springframework.security.config.annotation.web.configuration.WebMvcSecurityConfiguration$CompositeFilterChainProxy.doFilter(WebMvcSecurityConfiguration.java:230)
	at org.springframework.web.filter.DelegatingFilterProxy.invokeDelegate(DelegatingFilterProxy.java:362)
	at org.springframework.web.filter.DelegatingFilterProxy.doFilter(DelegatingFilterProxy.java:278)
	at org.apache.catalina.core.ApplicationFilterChain.internalDoFilter(ApplicationFilterChain.java:164)
	at org.apache.catalina.core.ApplicationFilterChain.doFilter(ApplicationFilterChain.java:140)
	at org.springframework.web.filter.RequestContextFilter.doFilterInternal(RequestContextFilter.java:100)
	at org.springframework.web.filter.OncePerRequestFilter.doFilter(OncePerRequestFilter.java:116)
	at org.apache.catalina.core.ApplicationFilterChain.internalDoFilter(ApplicationFilterChain.java:164)
	at org.apache.catalina.core.ApplicationFilterChain.doFilter(ApplicationFilterChain.java:140)
	at org.springframework.web.filter.FormContentFilter.doFilterInternal(FormContentFilter.java:93)
	at org.springframework.web.filter.OncePerRequestFilter.doFilter(OncePerRequestFilter.java:116)
	at org.apache.catalina.core.ApplicationFilterChain.internalDoFilter(ApplicationFilterChain.java:164)
	at org.apache.catalina.core.ApplicationFilterChain.doFilter(ApplicationFilterChain.java:140)
	at org.springframework.web.filter.ServerHttpObservationFilter.doFilterInternal(ServerHttpObservationFilter.java:113)
	at org.springframework.web.filter.OncePerRequestFilter.doFilter(OncePerRequestFilter.java:116)
	at org.apache.catalina.core.ApplicationFilterChain.internalDoFilter(ApplicationFilterChain.java:164)
	at org.apache.catalina.core.ApplicationFilterChain.doFilter(ApplicationFilterChain.java:140)
	at org.springframework.web.filter.CharacterEncodingFilter.doFilterInternal(CharacterEncodingFilter.java:201)
	at org.springframework.web.filter.OncePerRequestFilter.doFilter(OncePerRequestFilter.java:116)
	at org.apache.catalina.core.ApplicationFilterChain.internalDoFilter(ApplicationFilterChain.java:164)
	at org.apache.catalina.core.ApplicationFilterChain.doFilter(ApplicationFilterChain.java:140)
	at org.apache.catalina.core.StandardWrapperValve.invoke(StandardWrapperValve.java:167)
	at org.apache.catalina.core.StandardContextValve.invoke(StandardContextValve.java:90)
	at org.apache.catalina.authenticator.AuthenticatorBase.invoke(AuthenticatorBase.java:483)
	at org.apache.catalina.core.StandardHostValve.invoke(StandardHostValve.java:115)
	at org.apache.catalina.valves.ErrorReportValve.invoke(ErrorReportValve.java:93)
	at org.apache.catalina.core.StandardEngineValve.invoke(StandardEngineValve.java:74)
	at org.apache.catalina.connector.CoyoteAdapter.service(CoyoteAdapter.java:344)
	at org.apache.coyote.http11.Http11Processor.service(Http11Processor.java:384)
	at org.apache.coyote.AbstractProcessorLight.process(AbstractProcessorLight.java:63)
	at org.apache.coyote.AbstractProtocol$ConnectionHandler.process(AbstractProtocol.java:905)
	at org.apache.tomcat.util.net.NioEndpoint$SocketProcessor.doRun(NioEndpoint.java:1741)
	at org.apache.tomcat.util.net.SocketProcessorBase.run(SocketProcessorBase.java:52)
	at org.apache.tomcat.util.threads.ThreadPoolExecutor.runWorker(ThreadPoolExecutor.java:1190)
	at org.apache.tomcat.util.threads.ThreadPoolExecutor$Worker.run(ThreadPoolExecutor.java:659)
	at org.apache.tomcat.util.threads.TaskThread$WrappingRunnable.run(TaskThread.java:63)
	at java.base/java.lang.Thread.run(Thread.java:1575)
2025-03-29 16:46:29 [http-nio-8080-exec-1] [DEBUG] o.s.security.web.FilterChainProxy - Securing POST /error
2025-03-29 16:46:29 [http-nio-8080-exec-1] [DEBUG] o.s.s.w.a.AnonymousAuthenticationFilter - Set SecurityContextHolder to anonymous SecurityContext
2025-03-29 16:46:29 [http-nio-8080-exec-1] [DEBUG] o.s.s.w.a.i.FilterSecurityInterceptor - Authorized filter invocation [POST /error] with attributes [permitAll]
2025-03-29 16:46:29 [http-nio-8080-exec-1] [DEBUG] o.s.security.web.FilterChainProxy - Secured POST /error
2025-03-29 16:46:44 [http-nio-8080-exec-8] [DEBUG] o.s.security.web.FilterChainProxy - Securing GET /registration
2025-03-29 16:46:44 [http-nio-8080-exec-8] [DEBUG] o.s.s.w.a.AnonymousAuthenticationFilter - Set SecurityContextHolder to anonymous SecurityContext
2025-03-29 16:46:44 [http-nio-8080-exec-8] [DEBUG] o.s.s.w.a.i.FilterSecurityInterceptor - Authorized filter invocation [GET /registration] with attributes [permitAll]
2025-03-29 16:46:44 [http-nio-8080-exec-8] [DEBUG] o.s.security.web.FilterChainProxy - Secured GET /registration
2025-03-29 16:48:56 [SpringApplicationShutdownHook] [INFO] o.s.o.j.LocalContainerEntityManagerFactoryBean - Closing JPA EntityManagerFactory for persistence unit 'default'
2025-03-29 16:48:56 [SpringApplicationShutdownHook] [INFO] com.zaxxer.hikari.HikariDataSource - HikariPool-1 - Shutdown initiated...
2025-03-29 16:48:56 [SpringApplicationShutdownHook] [INFO] com.zaxxer.hikari.HikariDataSource - HikariPool-1 - Shutdown completed.
2025-03-29 16:49:02 [background-preinit] [INFO] o.h.validator.internal.util.Version - HV000001: Hibernate Validator 8.0.1.Final
2025-03-29 16:49:02 [restartedMain] [INFO] r.k.alliance.AllianceApplication - Starting AllianceApplication using Java 23.0.1 with PID 11416 (C:\Users\Zver\Desktop\Projects\alliance\target\classes started by pavel in C:\Users\Zver\Desktop\Projects\alliance)
2025-03-29 16:49:02 [restartedMain] [INFO] r.k.alliance.AllianceApplication - No active profile set, falling back to 1 default profile: "default"
2025-03-29 16:49:02 [restartedMain] [INFO] o.s.b.d.e.DevToolsPropertyDefaultsPostProcessor - Devtools property defaults active! Set 'spring.devtools.add-properties' to 'false' to disable
2025-03-29 16:49:02 [restartedMain] [INFO] o.s.b.d.e.DevToolsPropertyDefaultsPostProcessor - For additional web related logging consider setting the 'logging.level.web' property to 'DEBUG'
2025-03-29 16:49:03 [restartedMain] [INFO] o.s.d.r.c.RepositoryConfigurationDelegate - Bootstrapping Spring Data JPA repositories in DEFAULT mode.
2025-03-29 16:49:03 [restartedMain] [INFO] o.s.d.r.c.RepositoryConfigurationDelegate - Finished Spring Data repository scanning in 93 ms. Found 10 JPA repository interfaces.
2025-03-29 16:49:04 [restartedMain] [INFO] o.s.b.w.e.tomcat.TomcatWebServer - Tomcat initialized with port 8080 (http)
2025-03-29 16:49:04 [restartedMain] [INFO] o.a.coyote.http11.Http11NioProtocol - Initializing ProtocolHandler ["http-nio-8080"]
2025-03-29 16:49:04 [restartedMain] [INFO] o.a.catalina.core.StandardService - Starting service [Tomcat]
2025-03-29 16:49:04 [restartedMain] [INFO] o.a.catalina.core.StandardEngine - Starting Servlet engine: [Apache Tomcat/10.1.31]
2025-03-29 16:49:04 [restartedMain] [INFO] o.a.c.c.C.[Tomcat].[localhost].[/] - Initializing Spring embedded WebApplicationContext
2025-03-29 16:49:04 [restartedMain] [INFO] o.s.b.w.s.c.ServletWebServerApplicationContext - Root WebApplicationContext: initialization completed in 2514 ms
2025-03-29 16:49:05 [restartedMain] [INFO] com.zaxxer.hikari.HikariDataSource - HikariPool-1 - Starting...
2025-03-29 16:49:05 [restartedMain] [INFO] com.zaxxer.hikari.pool.HikariPool - HikariPool-1 - Added connection org.postgresql.jdbc.PgConnection@4469b31e
2025-03-29 16:49:05 [restartedMain] [INFO] com.zaxxer.hikari.HikariDataSource - HikariPool-1 - Start completed.
2025-03-29 16:49:05 [restartedMain] [INFO] o.h.jpa.internal.util.LogHelper - HHH000204: Processing PersistenceUnitInfo [name: default]
2025-03-29 16:49:05 [restartedMain] [INFO] org.hibernate.Version - HHH000412: Hibernate ORM core version 6.5.3.Final
2025-03-29 16:49:05 [restartedMain] [INFO] o.h.c.i.RegionFactoryInitiator - HHH000026: Second-level cache disabled
2025-03-29 16:49:05 [restartedMain] [INFO] o.s.o.j.p.SpringPersistenceUnitInfo - No LoadTimeWeaver setup: ignoring JPA class transformer
2025-03-29 16:49:06 [restartedMain] [INFO] o.h.e.t.j.p.i.JtaPlatformInitiator - HHH000489: No JTA platform available (set 'hibernate.transaction.jta.platform' to enable JTA platform integration)
2025-03-29 16:49:06 [restartedMain] [INFO] o.s.o.j.LocalContainerEntityManagerFactoryBean - Initialized JPA EntityManagerFactory for persistence unit 'default'
2025-03-29 16:49:07 [restartedMain] [WARN] o.s.b.a.o.j.JpaBaseConfiguration$JpaWebConfiguration - spring.jpa.open-in-view is enabled by default. Therefore, database queries may be performed during view rendering. Explicitly configure spring.jpa.open-in-view to disable this warning
2025-03-29 16:49:07 [restartedMain] [WARN] o.s.s.c.a.a.c.InitializeUserDetailsBeanManagerConfigurer$InitializeUserDetailsManagerConfigurer - Found 2 UserDetailsService beans, with names [myUserDetailsService, userDetailsService]. Global Authentication Manager will not use a UserDetailsService for username/password login. Consider publishing a single UserDetailsService bean.
2025-03-29 16:49:07 [restartedMain] [DEBUG] o.s.s.c.a.a.c.AuthenticationConfiguration$DefaultPasswordEncoderAuthenticationManagerBuilder - No authenticationProviders and no parentAuthenticationManager defined. Returning null.
2025-03-29 16:49:08 [restartedMain] [INFO] o.s.b.a.e.web.EndpointLinksResolver - Exposing 14 endpoints beneath base path '/actuator'
2025-03-29 16:49:08 [restartedMain] [INFO] r.k.alliance.config.SecurityConfig - Security Filter Chain, before return
2025-03-29 16:49:08 [restartedMain] [DEBUG] o.s.s.w.a.e.ExpressionBasedFilterInvocationSecurityMetadataSource - Adding web access control expression [permitAll] for ExactUrl [processUrl='/login?error']
2025-03-29 16:49:08 [restartedMain] [DEBUG] o.s.s.w.a.e.ExpressionBasedFilterInvocationSecurityMetadataSource - Adding web access control expression [permitAll] for ExactUrl [processUrl='/login']
2025-03-29 16:49:08 [restartedMain] [DEBUG] o.s.s.w.a.e.ExpressionBasedFilterInvocationSecurityMetadataSource - Adding web access control expression [permitAll] for ExactUrl [processUrl='/login']
2025-03-29 16:49:08 [restartedMain] [DEBUG] o.s.s.w.a.e.ExpressionBasedFilterInvocationSecurityMetadataSource - Adding web access control expression [permitAll] for Or [Ant [pattern='/logout', GET], Ant [pattern='/logout', POST], Ant [pattern='/logout', PUT], Ant [pattern='/logout', DELETE]]
2025-03-29 16:49:08 [restartedMain] [DEBUG] o.s.s.w.a.e.ExpressionBasedFilterInvocationSecurityMetadataSource - Adding web access control expression [permitAll] for ExactUrl [processUrl='/realty']
2025-03-29 16:49:08 [restartedMain] [DEBUG] o.s.s.w.a.e.ExpressionBasedFilterInvocationSecurityMetadataSource - Adding web access control expression [hasRole('ROLE_ADMIN')] for Deferred [Mvc [pattern='/admin/**'], Ant [pattern='/admin/**']]
2025-03-29 16:49:08 [restartedMain] [DEBUG] o.s.s.w.a.e.ExpressionBasedFilterInvocationSecurityMetadataSource - Adding web access control expression [hasRole('ROLE_ADMIN')] for Deferred [Mvc [pattern='/realty/new'], Ant [pattern='/realty/new']]
2025-03-29 16:49:08 [restartedMain] [DEBUG] o.s.s.w.a.e.ExpressionBasedFilterInvocationSecurityMetadataSource - Adding web access control expression [hasRole('ROLE_ADMIN')] for Deferred [Mvc [pattern='/realty/edit/**'], Ant [pattern='/realty/edit/**']]
2025-03-29 16:49:08 [restartedMain] [DEBUG] o.s.s.w.a.e.ExpressionBasedFilterInvocationSecurityMetadataSource - Adding web access control expression [hasRole('ROLE_ADMIN')] for Deferred [Mvc [pattern='/realty/delete/**'], Ant [pattern='/realty/delete/**']]
2025-03-29 16:49:08 [restartedMain] [DEBUG] o.s.s.w.a.e.ExpressionBasedFilterInvocationSecurityMetadataSource - Adding web access control expression [authenticated] for Deferred [Mvc [pattern='/temp'], Ant [pattern='/temp']]
2025-03-29 16:49:08 [restartedMain] [DEBUG] o.s.s.w.a.e.ExpressionBasedFilterInvocationSecurityMetadataSource - Adding web access control expression [permitAll] for any request
2025-03-29 16:49:08 [restartedMain] [DEBUG] o.s.s.web.DefaultSecurityFilterChain - Will secure any request with filters: DisableEncodeUrlFilter, WebAsyncManagerIntegrationFilter, SecurityContextHolderFilter, HeaderWriterFilter, LogoutFilter, OAuth2AuthorizationRequestRedirectFilter, OAuth2LoginAuthenticationFilter, UsernamePasswordAuthenticationFilter, RequestCacheAwareFilter, SecurityContextHolderAwareRequestFilter, AnonymousAuthenticationFilter, ExceptionTranslationFilter, FilterSecurityInterceptor
2025-03-29 16:49:09 [restartedMain] [INFO] o.s.b.d.a.OptionalLiveReloadServer - LiveReload server is running on port 35729
2025-03-29 16:49:09 [restartedMain] [INFO] o.a.coyote.http11.Http11NioProtocol - Starting ProtocolHandler ["http-nio-8080"]
2025-03-29 16:49:09 [restartedMain] [INFO] o.s.b.w.e.tomcat.TomcatWebServer - Tomcat started on port 8080 (http) with context path '/'
2025-03-29 16:49:09 [restartedMain] [INFO] r.k.alliance.AllianceApplication - Started AllianceApplication in 7.277 seconds (process running for 8.502)
2025-03-29 16:49:09 [RMI TCP Connection(2)-192.168.2.209] [INFO] o.a.c.c.C.[Tomcat].[localhost].[/] - Initializing Spring DispatcherServlet 'dispatcherServlet'
2025-03-29 16:49:09 [RMI TCP Connection(2)-192.168.2.209] [INFO] o.s.web.servlet.DispatcherServlet - Initializing Servlet 'dispatcherServlet'
2025-03-29 16:49:09 [RMI TCP Connection(2)-192.168.2.209] [INFO] o.s.web.servlet.DispatcherServlet - Completed initialization in 1 ms
2025-03-29 16:50:37 [SpringApplicationShutdownHook] [INFO] o.s.o.j.LocalContainerEntityManagerFactoryBean - Closing JPA EntityManagerFactory for persistence unit 'default'
2025-03-29 16:50:37 [SpringApplicationShutdownHook] [INFO] com.zaxxer.hikari.HikariDataSource - HikariPool-1 - Shutdown initiated...
2025-03-29 16:50:37 [SpringApplicationShutdownHook] [INFO] com.zaxxer.hikari.HikariDataSource - HikariPool-1 - Shutdown completed.
2025-03-29 16:50:42 [background-preinit] [INFO] o.h.validator.internal.util.Version - HV000001: Hibernate Validator 8.0.1.Final
2025-03-29 16:50:43 [restartedMain] [INFO] r.k.alliance.AllianceApplication - Starting AllianceApplication using Java 23.0.1 with PID 12576 (C:\Users\Zver\Desktop\Projects\alliance\target\classes started by pavel in C:\Users\Zver\Desktop\Projects\alliance)
2025-03-29 16:50:43 [restartedMain] [INFO] r.k.alliance.AllianceApplication - No active profile set, falling back to 1 default profile: "default"
2025-03-29 16:50:43 [restartedMain] [INFO] o.s.b.d.e.DevToolsPropertyDefaultsPostProcessor - Devtools property defaults active! Set 'spring.devtools.add-properties' to 'false' to disable
2025-03-29 16:50:43 [restartedMain] [INFO] o.s.b.d.e.DevToolsPropertyDefaultsPostProcessor - For additional web related logging consider setting the 'logging.level.web' property to 'DEBUG'
2025-03-29 16:50:44 [restartedMain] [INFO] o.s.d.r.c.RepositoryConfigurationDelegate - Bootstrapping Spring Data JPA repositories in DEFAULT mode.
2025-03-29 16:50:44 [restartedMain] [INFO] o.s.d.r.c.RepositoryConfigurationDelegate - Finished Spring Data repository scanning in 99 ms. Found 10 JPA repository interfaces.
2025-03-29 16:50:45 [restartedMain] [INFO] o.s.b.w.e.tomcat.TomcatWebServer - Tomcat initialized with port 8080 (http)
2025-03-29 16:50:45 [restartedMain] [INFO] o.a.coyote.http11.Http11NioProtocol - Initializing ProtocolHandler ["http-nio-8080"]
2025-03-29 16:50:45 [restartedMain] [INFO] o.a.catalina.core.StandardService - Starting service [Tomcat]
2025-03-29 16:50:45 [restartedMain] [INFO] o.a.catalina.core.StandardEngine - Starting Servlet engine: [Apache Tomcat/10.1.31]
2025-03-29 16:50:45 [restartedMain] [INFO] o.a.c.c.C.[Tomcat].[localhost].[/] - Initializing Spring embedded WebApplicationContext
2025-03-29 16:50:45 [restartedMain] [INFO] o.s.b.w.s.c.ServletWebServerApplicationContext - Root WebApplicationContext: initialization completed in 2661 ms
2025-03-29 16:50:46 [restartedMain] [INFO] com.zaxxer.hikari.HikariDataSource - HikariPool-1 - Starting...
2025-03-29 16:50:46 [restartedMain] [INFO] com.zaxxer.hikari.pool.HikariPool - HikariPool-1 - Added connection org.postgresql.jdbc.PgConnection@153bf88e
2025-03-29 16:50:46 [restartedMain] [INFO] com.zaxxer.hikari.HikariDataSource - HikariPool-1 - Start completed.
2025-03-29 16:50:46 [restartedMain] [INFO] o.h.jpa.internal.util.LogHelper - HHH000204: Processing PersistenceUnitInfo [name: default]
2025-03-29 16:50:46 [restartedMain] [INFO] org.hibernate.Version - HHH000412: Hibernate ORM core version 6.5.3.Final
2025-03-29 16:50:46 [restartedMain] [INFO] o.h.c.i.RegionFactoryInitiator - HHH000026: Second-level cache disabled
2025-03-29 16:50:46 [restartedMain] [INFO] o.s.o.j.p.SpringPersistenceUnitInfo - No LoadTimeWeaver setup: ignoring JPA class transformer
2025-03-29 16:50:48 [restartedMain] [INFO] o.h.e.t.j.p.i.JtaPlatformInitiator - HHH000489: No JTA platform available (set 'hibernate.transaction.jta.platform' to enable JTA platform integration)
2025-03-29 16:50:48 [restartedMain] [INFO] o.s.o.j.LocalContainerEntityManagerFactoryBean - Initialized JPA EntityManagerFactory for persistence unit 'default'
2025-03-29 16:50:48 [restartedMain] [WARN] o.s.b.a.o.j.JpaBaseConfiguration$JpaWebConfiguration - spring.jpa.open-in-view is enabled by default. Therefore, database queries may be performed during view rendering. Explicitly configure spring.jpa.open-in-view to disable this warning
2025-03-29 16:50:48 [restartedMain] [WARN] o.s.s.c.a.a.c.InitializeUserDetailsBeanManagerConfigurer$InitializeUserDetailsManagerConfigurer - Found 2 UserDetailsService beans, with names [myUserDetailsService, userDetailsService]. Global Authentication Manager will not use a UserDetailsService for username/password login. Consider publishing a single UserDetailsService bean.
2025-03-29 16:50:48 [restartedMain] [DEBUG] o.s.s.c.a.a.c.AuthenticationConfiguration$DefaultPasswordEncoderAuthenticationManagerBuilder - No authenticationProviders and no parentAuthenticationManager defined. Returning null.
2025-03-29 16:50:49 [restartedMain] [INFO] o.s.b.a.e.web.EndpointLinksResolver - Exposing 14 endpoints beneath base path '/actuator'
2025-03-29 16:50:49 [restartedMain] [INFO] r.k.alliance.config.SecurityConfig - Security Filter Chain, before return
2025-03-29 16:50:49 [restartedMain] [DEBUG] o.s.s.w.a.e.ExpressionBasedFilterInvocationSecurityMetadataSource - Adding web access control expression [permitAll] for ExactUrl [processUrl='/login?error']
2025-03-29 16:50:49 [restartedMain] [DEBUG] o.s.s.w.a.e.ExpressionBasedFilterInvocationSecurityMetadataSource - Adding web access control expression [permitAll] for ExactUrl [processUrl='/login']
2025-03-29 16:50:49 [restartedMain] [DEBUG] o.s.s.w.a.e.ExpressionBasedFilterInvocationSecurityMetadataSource - Adding web access control expression [permitAll] for ExactUrl [processUrl='/login']
2025-03-29 16:50:49 [restartedMain] [DEBUG] o.s.s.w.a.e.ExpressionBasedFilterInvocationSecurityMetadataSource - Adding web access control expression [permitAll] for Or [Ant [pattern='/logout', GET], Ant [pattern='/logout', POST], Ant [pattern='/logout', PUT], Ant [pattern='/logout', DELETE]]
2025-03-29 16:50:49 [restartedMain] [DEBUG] o.s.s.w.a.e.ExpressionBasedFilterInvocationSecurityMetadataSource - Adding web access control expression [permitAll] for ExactUrl [processUrl='/realty']
2025-03-29 16:50:49 [restartedMain] [DEBUG] o.s.s.w.a.e.ExpressionBasedFilterInvocationSecurityMetadataSource - Adding web access control expression [hasRole('ROLE_ADMIN')] for Deferred [Mvc [pattern='/admin/**'], Ant [pattern='/admin/**']]
2025-03-29 16:50:49 [restartedMain] [DEBUG] o.s.s.w.a.e.ExpressionBasedFilterInvocationSecurityMetadataSource - Adding web access control expression [hasRole('ROLE_ADMIN')] for Deferred [Mvc [pattern='/realty/new'], Ant [pattern='/realty/new']]
2025-03-29 16:50:49 [restartedMain] [DEBUG] o.s.s.w.a.e.ExpressionBasedFilterInvocationSecurityMetadataSource - Adding web access control expression [hasRole('ROLE_ADMIN')] for Deferred [Mvc [pattern='/realty/edit/**'], Ant [pattern='/realty/edit/**']]
2025-03-29 16:50:49 [restartedMain] [DEBUG] o.s.s.w.a.e.ExpressionBasedFilterInvocationSecurityMetadataSource - Adding web access control expression [hasRole('ROLE_ADMIN')] for Deferred [Mvc [pattern='/realty/delete/**'], Ant [pattern='/realty/delete/**']]
2025-03-29 16:50:49 [restartedMain] [DEBUG] o.s.s.w.a.e.ExpressionBasedFilterInvocationSecurityMetadataSource - Adding web access control expression [authenticated] for Deferred [Mvc [pattern='/temp'], Ant [pattern='/temp']]
2025-03-29 16:50:49 [restartedMain] [DEBUG] o.s.s.w.a.e.ExpressionBasedFilterInvocationSecurityMetadataSource - Adding web access control expression [permitAll] for any request
2025-03-29 16:50:49 [restartedMain] [DEBUG] o.s.s.web.DefaultSecurityFilterChain - Will secure any request with filters: DisableEncodeUrlFilter, WebAsyncManagerIntegrationFilter, SecurityContextHolderFilter, HeaderWriterFilter, LogoutFilter, OAuth2AuthorizationRequestRedirectFilter, OAuth2LoginAuthenticationFilter, UsernamePasswordAuthenticationFilter, RequestCacheAwareFilter, SecurityContextHolderAwareRequestFilter, AnonymousAuthenticationFilter, ExceptionTranslationFilter, FilterSecurityInterceptor
2025-03-29 16:50:50 [restartedMain] [INFO] o.s.b.d.a.OptionalLiveReloadServer - LiveReload server is running on port 35729
2025-03-29 16:50:50 [restartedMain] [INFO] o.a.coyote.http11.Http11NioProtocol - Starting ProtocolHandler ["http-nio-8080"]
2025-03-29 16:50:50 [restartedMain] [INFO] o.s.b.w.e.tomcat.TomcatWebServer - Tomcat started on port 8080 (http) with context path '/'
2025-03-29 16:50:50 [restartedMain] [INFO] r.k.alliance.AllianceApplication - Started AllianceApplication in 7.611 seconds (process running for 8.805)
2025-03-29 16:50:50 [http-nio-8080-exec-1] [INFO] o.a.c.c.C.[Tomcat].[localhost].[/] - Initializing Spring DispatcherServlet 'dispatcherServlet'
2025-03-29 16:50:50 [http-nio-8080-exec-1] [INFO] o.s.web.servlet.DispatcherServlet - Initializing Servlet 'dispatcherServlet'
2025-03-29 16:50:50 [http-nio-8080-exec-1] [INFO] o.s.web.servlet.DispatcherServlet - Completed initialization in 2 ms
2025-03-29 16:50:50 [http-nio-8080-exec-1] [DEBUG] o.s.security.web.FilterChainProxy - Securing GET /registration
2025-03-29 16:50:50 [http-nio-8080-exec-1] [DEBUG] o.s.s.w.a.AnonymousAuthenticationFilter - Set SecurityContextHolder to anonymous SecurityContext
2025-03-29 16:50:50 [http-nio-8080-exec-1] [DEBUG] o.s.s.w.a.i.FilterSecurityInterceptor - Authorized filter invocation [GET /registration] with attributes [permitAll]
2025-03-29 16:50:50 [http-nio-8080-exec-1] [DEBUG] o.s.security.web.FilterChainProxy - Secured GET /registration
2025-03-29 16:51:58 [http-nio-8080-exec-5] [DEBUG] o.s.security.web.FilterChainProxy - Securing POST /registration
2025-03-29 16:51:58 [http-nio-8080-exec-5] [DEBUG] o.s.s.w.a.AnonymousAuthenticationFilter - Set SecurityContextHolder to anonymous SecurityContext
2025-03-29 16:51:58 [http-nio-8080-exec-5] [DEBUG] o.s.s.w.a.i.FilterSecurityInterceptor - Authorized filter invocation [POST /registration] with attributes [permitAll]
2025-03-29 16:51:58 [http-nio-8080-exec-5] [DEBUG] o.s.security.web.FilterChainProxy - Secured POST /registration
2025-03-29 16:51:58 [http-nio-8080-exec-5] [WARN] o.h.e.jdbc.spi.SqlExceptionHelper - SQL Error: 0, SQLState: 42703
2025-03-29 16:51:58 [http-nio-8080-exec-5] [ERROR] o.h.e.jdbc.spi.SqlExceptionHelper - ОШИБКА: столбец "active" в таблице "users" не существует
  Позиция: 20
2025-03-29 16:51:58 [http-nio-8080-exec-5] [ERROR] o.a.c.c.C.[.[.[.[dispatcherServlet] - Servlet.service() for servlet [dispatcherServlet] in context with path [] threw exception [Request processing failed: org.springframework.dao.InvalidDataAccessResourceUsageException: could not execute statement [ОШИБКА: столбец "active" в таблице "users" не существует
  Позиция: 20] [insert into users (active,email,google_name,google_username,is_excursion_feedback,is_insurance_feedback,is_realty_feedback,name,password,phone) values (?,?,?,?,?,?,?,?,?,?) returning id]; SQL [insert into users (active,email,google_name,google_username,is_excursion_feedback,is_insurance_feedback,is_realty_feedback,name,password,phone) values (?,?,?,?,?,?,?,?,?,?) returning id]] with root cause
org.postgresql.util.PSQLException: ОШИБКА: столбец "active" в таблице "users" не существует
  Позиция: 20
	at org.postgresql.core.v3.QueryExecutorImpl.receiveErrorResponse(QueryExecutorImpl.java:2733)
	at org.postgresql.core.v3.QueryExecutorImpl.processResults(QueryExecutorImpl.java:2420)
	at org.postgresql.core.v3.QueryExecutorImpl.execute(QueryExecutorImpl.java:372)
	at org.postgresql.jdbc.PgStatement.executeInternal(PgStatement.java:517)
	at org.postgresql.jdbc.PgStatement.execute(PgStatement.java:434)
	at org.postgresql.jdbc.PgPreparedStatement.executeWithFlags(PgPreparedStatement.java:194)
	at org.postgresql.jdbc.PgPreparedStatement.execute(PgPreparedStatement.java:180)
	at com.zaxxer.hikari.pool.ProxyPreparedStatement.execute(ProxyPreparedStatement.java:44)
	at com.zaxxer.hikari.pool.HikariProxyPreparedStatement.execute(HikariProxyPreparedStatement.java)
	at org.hibernate.engine.jdbc.internal.ResultSetReturnImpl.execute(ResultSetReturnImpl.java:129)
	at org.hibernate.id.insert.InsertReturningDelegate.executeAndExtractReturning(InsertReturningDelegate.java:96)
	at org.hibernate.id.insert.AbstractReturningDelegate.performMutation(AbstractReturningDelegate.java:58)
	at org.hibernate.engine.jdbc.mutation.internal.MutationExecutorSingleNonBatched.performNonBatchedOperations(MutationExecutorSingleNonBatched.java:47)
	at org.hibernate.engine.jdbc.mutation.internal.AbstractMutationExecutor.execute(AbstractMutationExecutor.java:55)
	at org.hibernate.persister.entity.mutation.InsertCoordinatorStandard.doStaticInserts(InsertCoordinatorStandard.java:194)
	at org.hibernate.persister.entity.mutation.InsertCoordinatorStandard.coordinateInsert(InsertCoordinatorStandard.java:132)
	at org.hibernate.persister.entity.mutation.InsertCoordinatorStandard.insert(InsertCoordinatorStandard.java:95)
	at org.hibernate.action.internal.EntityIdentityInsertAction.execute(EntityIdentityInsertAction.java:85)
	at org.hibernate.engine.spi.ActionQueue.execute(ActionQueue.java:671)
	at org.hibernate.engine.spi.ActionQueue.addResolvedEntityInsertAction(ActionQueue.java:292)
	at org.hibernate.engine.spi.ActionQueue.addInsertAction(ActionQueue.java:273)
	at org.hibernate.engine.spi.ActionQueue.addAction(ActionQueue.java:323)
	at org.hibernate.event.internal.AbstractSaveEventListener.addInsertAction(AbstractSaveEventListener.java:391)
	at org.hibernate.event.internal.AbstractSaveEventListener.performSaveOrReplicate(AbstractSaveEventListener.java:305)
	at org.hibernate.event.internal.AbstractSaveEventListener.performSave(AbstractSaveEventListener.java:224)
	at org.hibernate.event.internal.AbstractSaveEventListener.saveWithGeneratedId(AbstractSaveEventListener.java:137)
	at org.hibernate.event.internal.DefaultPersistEventListener.entityIsTransient(DefaultPersistEventListener.java:175)
	at org.hibernate.event.internal.DefaultPersistEventListener.persist(DefaultPersistEventListener.java:93)
	at org.hibernate.event.internal.DefaultPersistEventListener.onPersist(DefaultPersistEventListener.java:77)
	at org.hibernate.event.internal.DefaultPersistEventListener.onPersist(DefaultPersistEventListener.java:54)
	at org.hibernate.event.service.internal.EventListenerGroupImpl.fireEventOnEachListener(EventListenerGroupImpl.java:127)
	at org.hibernate.internal.SessionImpl.firePersist(SessionImpl.java:757)
	at org.hibernate.internal.SessionImpl.persist(SessionImpl.java:741)
	at java.base/jdk.internal.reflect.DirectMethodHandleAccessor.invoke(DirectMethodHandleAccessor.java:103)
	at java.base/java.lang.reflect.Method.invoke(Method.java:580)
	at org.springframework.orm.jpa.ExtendedEntityManagerCreator$ExtendedEntityManagerInvocationHandler.invoke(ExtendedEntityManagerCreator.java:364)
	at jdk.proxy4/jdk.proxy4.$Proxy158.persist(Unknown Source)
	at java.base/jdk.internal.reflect.DirectMethodHandleAccessor.invoke(DirectMethodHandleAccessor.java:103)
	at java.base/java.lang.reflect.Method.invoke(Method.java:580)
	at org.springframework.orm.jpa.SharedEntityManagerCreator$SharedEntityManagerInvocationHandler.invoke(SharedEntityManagerCreator.java:319)
	at jdk.proxy4/jdk.proxy4.$Proxy158.persist(Unknown Source)
	at org.springframework.data.jpa.repository.support.SimpleJpaRepository.save(SimpleJpaRepository.java:628)
	at java.base/jdk.internal.reflect.DirectMethodHandleAccessor.invoke(DirectMethodHandleAccessor.java:103)
	at java.base/java.lang.reflect.Method.invoke(Method.java:580)
	at org.springframework.aop.support.AopUtils.invokeJoinpointUsingReflection(AopUtils.java:355)
	at org.springframework.data.repository.core.support.RepositoryMethodInvoker$RepositoryFragmentMethodInvoker.lambda$new$0(RepositoryMethodInvoker.java:277)
	at org.springframework.data.repository.core.support.RepositoryMethodInvoker.doInvoke(RepositoryMethodInvoker.java:170)
	at org.springframework.data.repository.core.support.RepositoryMethodInvoker.invoke(RepositoryMethodInvoker.java:158)
	at org.springframework.data.repository.core.support.RepositoryComposition$RepositoryFragments.invoke(RepositoryComposition.java:516)
	at org.springframework.data.repository.core.support.RepositoryComposition.invoke(RepositoryComposition.java:285)
	at org.springframework.data.repository.core.support.RepositoryFactorySupport$ImplementationMethodExecutionInterceptor.invoke(RepositoryFactorySupport.java:628)
	at org.springframework.aop.framework.ReflectiveMethodInvocation.proceed(ReflectiveMethodInvocation.java:184)
	at org.springframework.data.repository.core.support.QueryExecutorMethodInterceptor.doInvoke(QueryExecutorMethodInterceptor.java:173)
	at org.springframework.data.repository.core.support.QueryExecutorMethodInterceptor.invoke(QueryExecutorMethodInterceptor.java:148)
	at org.springframework.aop.framework.ReflectiveMethodInvocation.proceed(ReflectiveMethodInvocation.java:184)
	at org.springframework.data.projection.DefaultMethodInvokingMethodInterceptor.invoke(DefaultMethodInvokingMethodInterceptor.java:70)
	at org.springframework.aop.framework.ReflectiveMethodInvocation.proceed(ReflectiveMethodInvocation.java:184)
	at org.springframework.transaction.interceptor.TransactionAspectSupport.invokeWithinTransaction(TransactionAspectSupport.java:379)
	at org.springframework.transaction.interceptor.TransactionInterceptor.invoke(TransactionInterceptor.java:119)
	at org.springframework.aop.framework.ReflectiveMethodInvocation.proceed(ReflectiveMethodInvocation.java:184)
	at org.springframework.dao.support.PersistenceExceptionTranslationInterceptor.invoke(PersistenceExceptionTranslationInterceptor.java:138)
	at org.springframework.aop.framework.ReflectiveMethodInvocation.proceed(ReflectiveMethodInvocation.java:184)
	at org.springframework.data.jpa.repository.support.CrudMethodMetadataPostProcessor$CrudMethodMetadataPopulatingMethodInterceptor.invoke(CrudMethodMetadataPostProcessor.java:165)
	at org.springframework.aop.framework.ReflectiveMethodInvocation.proceed(ReflectiveMethodInvocation.java:184)
	at org.springframework.aop.interceptor.ExposeInvocationInterceptor.invoke(ExposeInvocationInterceptor.java:97)
	at org.springframework.aop.framework.ReflectiveMethodInvocation.proceed(ReflectiveMethodInvocation.java:184)
	at org.springframework.aop.framework.JdkDynamicAopProxy.invoke(JdkDynamicAopProxy.java:223)
	at jdk.proxy4/jdk.proxy4.$Proxy174.save(Unknown Source)
	at ru.kozelsk.alliance.services.users.MyUserDetailsService.registerUser(MyUserDetailsService.java:79)
	at ru.kozelsk.alliance.controllers.users.RegistrationController.registrationUser(RegistrationController.java:39)
	at java.base/jdk.internal.reflect.DirectMethodHandleAccessor.invoke(DirectMethodHandleAccessor.java:103)
	at java.base/java.lang.reflect.Method.invoke(Method.java:580)
	at org.springframework.web.method.support.InvocableHandlerMethod.doInvoke(InvocableHandlerMethod.java:255)
	at org.springframework.web.method.support.InvocableHandlerMethod.invokeForRequest(InvocableHandlerMethod.java:188)
	at org.springframework.web.servlet.mvc.method.annotation.ServletInvocableHandlerMethod.invokeAndHandle(ServletInvocableHandlerMethod.java:118)
	at org.springframework.web.servlet.mvc.method.annotation.RequestMappingHandlerAdapter.invokeHandlerMethod(RequestMappingHandlerAdapter.java:926)
	at org.springframework.web.servlet.mvc.method.annotation.RequestMappingHandlerAdapter.handleInternal(RequestMappingHandlerAdapter.java:831)
	at org.springframework.web.servlet.mvc.method.AbstractHandlerMethodAdapter.handle(AbstractHandlerMethodAdapter.java:87)
	at org.springframework.web.servlet.DispatcherServlet.doDispatch(DispatcherServlet.java:1089)
	at org.springframework.web.servlet.DispatcherServlet.doService(DispatcherServlet.java:979)
	at org.springframework.web.servlet.FrameworkServlet.processRequest(FrameworkServlet.java:1014)
	at org.springframework.web.servlet.FrameworkServlet.doPost(FrameworkServlet.java:914)
	at jakarta.servlet.http.HttpServlet.service(HttpServlet.java:590)
	at org.springframework.web.servlet.FrameworkServlet.service(FrameworkServlet.java:885)
	at jakarta.servlet.http.HttpServlet.service(HttpServlet.java:658)
	at org.apache.catalina.core.ApplicationFilterChain.internalDoFilter(ApplicationFilterChain.java:195)
	at org.apache.catalina.core.ApplicationFilterChain.doFilter(ApplicationFilterChain.java:140)
	at org.apache.tomcat.websocket.server.WsFilter.doFilter(WsFilter.java:51)
	at org.apache.catalina.core.ApplicationFilterChain.internalDoFilter(ApplicationFilterChain.java:164)
	at org.apache.catalina.core.ApplicationFilterChain.doFilter(ApplicationFilterChain.java:140)
	at org.springframework.web.filter.HiddenHttpMethodFilter.doFilterInternal(HiddenHttpMethodFilter.java:91)
	at org.springframework.web.filter.OncePerRequestFilter.doFilter(OncePerRequestFilter.java:116)
	at org.apache.catalina.core.ApplicationFilterChain.internalDoFilter(ApplicationFilterChain.java:164)
	at org.apache.catalina.core.ApplicationFilterChain.doFilter(ApplicationFilterChain.java:140)
	at org.springframework.web.filter.CompositeFilter$VirtualFilterChain.doFilter(CompositeFilter.java:108)
	at org.springframework.security.web.FilterChainProxy.lambda$doFilterInternal$3(FilterChainProxy.java:231)
	at org.springframework.security.web.ObservationFilterChainDecorator$FilterObservation$SimpleFilterObservation.lambda$wrap$1(ObservationFilterChainDecorator.java:479)
	at org.springframework.security.web.ObservationFilterChainDecorator$AroundFilterObservation$SimpleAroundFilterObservation.lambda$wrap$1(ObservationFilterChainDecorator.java:340)
	at org.springframework.security.web.ObservationFilterChainDecorator.lambda$wrapSecured$0(ObservationFilterChainDecorator.java:82)
	at org.springframework.security.web.ObservationFilterChainDecorator$VirtualFilterChain.doFilter(ObservationFilterChainDecorator.java:128)
	at org.springframework.security.web.access.intercept.FilterSecurityInterceptor.invoke(FilterSecurityInterceptor.java:117)
	at org.springframework.security.web.access.intercept.FilterSecurityInterceptor.doFilter(FilterSecurityInterceptor.java:83)
	at org.springframework.security.web.ObservationFilterChainDecorator$ObservationFilter.wrapFilter(ObservationFilterChainDecorator.java:240)
	at org.springframework.security.web.ObservationFilterChainDecorator$ObservationFilter.doFilter(ObservationFilterChainDecorator.java:227)
	at org.springframework.security.web.ObservationFilterChainDecorator$VirtualFilterChain.doFilter(ObservationFilterChainDecorator.java:137)
	at org.springframework.security.web.access.ExceptionTranslationFilter.doFilter(ExceptionTranslationFilter.java:126)
	at org.springframework.security.web.access.ExceptionTranslationFilter.doFilter(ExceptionTranslationFilter.java:120)
	at org.springframework.security.web.ObservationFilterChainDecorator$ObservationFilter.wrapFilter(ObservationFilterChainDecorator.java:240)
	at org.springframework.security.web.ObservationFilterChainDecorator$ObservationFilter.doFilter(ObservationFilterChainDecorator.java:227)
	at org.springframework.security.web.ObservationFilterChainDecorator$VirtualFilterChain.doFilter(ObservationFilterChainDecorator.java:137)
	at org.springframework.security.web.authentication.AnonymousAuthenticationFilter.doFilter(AnonymousAuthenticationFilter.java:100)
	at org.springframework.security.web.ObservationFilterChainDecorator$ObservationFilter.wrapFilter(ObservationFilterChainDecorator.java:240)
	at org.springframework.security.web.ObservationFilterChainDecorator$ObservationFilter.doFilter(ObservationFilterChainDecorator.java:227)
	at org.springframework.security.web.ObservationFilterChainDecorator$VirtualFilterChain.doFilter(ObservationFilterChainDecorator.java:137)
	at org.springframework.security.web.servletapi.SecurityContextHolderAwareRequestFilter.doFilter(SecurityContextHolderAwareRequestFilter.java:179)
	at org.springframework.security.web.ObservationFilterChainDecorator$ObservationFilter.wrapFilter(ObservationFilterChainDecorator.java:240)
	at org.springframework.security.web.ObservationFilterChainDecorator$ObservationFilter.doFilter(ObservationFilterChainDecorator.java:227)
	at org.springframework.security.web.ObservationFilterChainDecorator$VirtualFilterChain.doFilter(ObservationFilterChainDecorator.java:137)
	at org.springframework.security.web.savedrequest.RequestCacheAwareFilter.doFilter(RequestCacheAwareFilter.java:63)
	at org.springframework.security.web.ObservationFilterChainDecorator$ObservationFilter.wrapFilter(ObservationFilterChainDecorator.java:240)
	at org.springframework.security.web.ObservationFilterChainDecorator$ObservationFilter.doFilter(ObservationFilterChainDecorator.java:227)
	at org.springframework.security.web.ObservationFilterChainDecorator$VirtualFilterChain.doFilter(ObservationFilterChainDecorator.java:137)
	at org.springframework.security.web.authentication.AbstractAuthenticationProcessingFilter.doFilter(AbstractAuthenticationProcessingFilter.java:227)
	at org.springframework.security.web.authentication.AbstractAuthenticationProcessingFilter.doFilter(AbstractAuthenticationProcessingFilter.java:221)
	at org.springframework.security.web.ObservationFilterChainDecorator$ObservationFilter.wrapFilter(ObservationFilterChainDecorator.java:240)
	at org.springframework.security.web.ObservationFilterChainDecorator$ObservationFilter.doFilter(ObservationFilterChainDecorator.java:227)
	at org.springframework.security.web.ObservationFilterChainDecorator$VirtualFilterChain.doFilter(ObservationFilterChainDecorator.java:137)
	at org.springframework.security.web.authentication.AbstractAuthenticationProcessingFilter.doFilter(AbstractAuthenticationProcessingFilter.java:227)
	at org.springframework.security.web.authentication.AbstractAuthenticationProcessingFilter.doFilter(AbstractAuthenticationProcessingFilter.java:221)
	at org.springframework.security.web.ObservationFilterChainDecorator$ObservationFilter.wrapFilter(ObservationFilterChainDecorator.java:240)
	at org.springframework.security.web.ObservationFilterChainDecorator$ObservationFilter.doFilter(ObservationFilterChainDecorator.java:227)
	at org.springframework.security.web.ObservationFilterChainDecorator$VirtualFilterChain.doFilter(ObservationFilterChainDecorator.java:137)
	at org.springframework.security.oauth2.client.web.OAuth2AuthorizationRequestRedirectFilter.doFilterInternal(OAuth2AuthorizationRequestRedirectFilter.java:198)
	at org.springframework.web.filter.OncePerRequestFilter.doFilter(OncePerRequestFilter.java:116)
	at org.springframework.security.web.ObservationFilterChainDecorator$ObservationFilter.wrapFilter(ObservationFilterChainDecorator.java:240)
	at org.springframework.security.web.ObservationFilterChainDecorator$ObservationFilter.doFilter(ObservationFilterChainDecorator.java:227)
	at org.springframework.security.web.ObservationFilterChainDecorator$VirtualFilterChain.doFilter(ObservationFilterChainDecorator.java:137)
	at org.springframework.security.web.authentication.logout.LogoutFilter.doFilter(LogoutFilter.java:107)
	at org.springframework.security.web.authentication.logout.LogoutFilter.doFilter(LogoutFilter.java:93)
	at org.springframework.security.web.ObservationFilterChainDecorator$ObservationFilter.wrapFilter(ObservationFilterChainDecorator.java:240)
	at org.springframework.security.web.ObservationFilterChainDecorator$ObservationFilter.doFilter(ObservationFilterChainDecorator.java:227)
	at org.springframework.security.web.ObservationFilterChainDecorator$VirtualFilterChain.doFilter(ObservationFilterChainDecorator.java:137)
	at org.springframework.security.web.header.HeaderWriterFilter.doHeadersAfter(HeaderWriterFilter.java:90)
	at org.springframework.security.web.header.HeaderWriterFilter.doFilterInternal(HeaderWriterFilter.java:75)
	at org.springframework.web.filter.OncePerRequestFilter.doFilter(OncePerRequestFilter.java:116)
	at org.springframework.security.web.ObservationFilterChainDecorator$ObservationFilter.wrapFilter(ObservationFilterChainDecorator.java:240)
	at org.springframework.security.web.ObservationFilterChainDecorator$ObservationFilter.doFilter(ObservationFilterChainDecorator.java:227)
	at org.springframework.security.web.ObservationFilterChainDecorator$VirtualFilterChain.doFilter(ObservationFilterChainDecorator.java:137)
	at org.springframework.security.web.context.SecurityContextHolderFilter.doFilter(SecurityContextHolderFilter.java:82)
	at org.springframework.security.web.context.SecurityContextHolderFilter.doFilter(SecurityContextHolderFilter.java:69)
	at org.springframework.security.web.ObservationFilterChainDecorator$ObservationFilter.wrapFilter(ObservationFilterChainDecorator.java:240)
	at org.springframework.security.web.ObservationFilterChainDecorator$ObservationFilter.doFilter(ObservationFilterChainDecorator.java:227)
	at org.springframework.security.web.ObservationFilterChainDecorator$VirtualFilterChain.doFilter(ObservationFilterChainDecorator.java:137)
	at org.springframework.security.web.context.request.async.WebAsyncManagerIntegrationFilter.doFilterInternal(WebAsyncManagerIntegrationFilter.java:62)
	at org.springframework.web.filter.OncePerRequestFilter.doFilter(OncePerRequestFilter.java:116)
	at org.springframework.security.web.ObservationFilterChainDecorator$ObservationFilter.wrapFilter(ObservationFilterChainDecorator.java:240)
	at org.springframework.security.web.ObservationFilterChainDecorator$ObservationFilter.doFilter(ObservationFilterChainDecorator.java:227)
	at org.springframework.security.web.ObservationFilterChainDecorator$VirtualFilterChain.doFilter(ObservationFilterChainDecorator.java:137)
	at org.springframework.security.web.session.DisableEncodeUrlFilter.doFilterInternal(DisableEncodeUrlFilter.java:42)
	at org.springframework.web.filter.OncePerRequestFilter.doFilter(OncePerRequestFilter.java:116)
	at org.springframework.security.web.ObservationFilterChainDecorator$ObservationFilter.wrapFilter(ObservationFilterChainDecorator.java:240)
	at org.springframework.security.web.ObservationFilterChainDecorator$AroundFilterObservation$SimpleAroundFilterObservation.lambda$wrap$0(ObservationFilterChainDecorator.java:323)
	at org.springframework.security.web.ObservationFilterChainDecorator$ObservationFilter.doFilter(ObservationFilterChainDecorator.java:224)
	at org.springframework.security.web.ObservationFilterChainDecorator$VirtualFilterChain.doFilter(ObservationFilterChainDecorator.java:137)
	at org.springframework.security.web.FilterChainProxy.doFilterInternal(FilterChainProxy.java:233)
	at org.springframework.security.web.FilterChainProxy.doFilter(FilterChainProxy.java:191)
	at org.springframework.web.filter.CompositeFilter$VirtualFilterChain.doFilter(CompositeFilter.java:113)
	at org.springframework.web.servlet.handler.HandlerMappingIntrospector.lambda$createCacheFilter$3(HandlerMappingIntrospector.java:195)
	at org.springframework.web.filter.CompositeFilter$VirtualFilterChain.doFilter(CompositeFilter.java:113)
	at org.springframework.web.filter.CompositeFilter.doFilter(CompositeFilter.java:74)
	at org.springframework.security.config.annotation.web.configuration.WebMvcSecurityConfiguration$CompositeFilterChainProxy.doFilter(WebMvcSecurityConfiguration.java:230)
	at org.springframework.web.filter.DelegatingFilterProxy.invokeDelegate(DelegatingFilterProxy.java:362)
	at org.springframework.web.filter.DelegatingFilterProxy.doFilter(DelegatingFilterProxy.java:278)
	at org.apache.catalina.core.ApplicationFilterChain.internalDoFilter(ApplicationFilterChain.java:164)
	at org.apache.catalina.core.ApplicationFilterChain.doFilter(ApplicationFilterChain.java:140)
	at org.springframework.web.filter.RequestContextFilter.doFilterInternal(RequestContextFilter.java:100)
	at org.springframework.web.filter.OncePerRequestFilter.doFilter(OncePerRequestFilter.java:116)
	at org.apache.catalina.core.ApplicationFilterChain.internalDoFilter(ApplicationFilterChain.java:164)
	at org.apache.catalina.core.ApplicationFilterChain.doFilter(ApplicationFilterChain.java:140)
	at org.springframework.web.filter.FormContentFilter.doFilterInternal(FormContentFilter.java:93)
	at org.springframework.web.filter.OncePerRequestFilter.doFilter(OncePerRequestFilter.java:116)
	at org.apache.catalina.core.ApplicationFilterChain.internalDoFilter(ApplicationFilterChain.java:164)
	at org.apache.catalina.core.ApplicationFilterChain.doFilter(ApplicationFilterChain.java:140)
	at org.springframework.web.filter.ServerHttpObservationFilter.doFilterInternal(ServerHttpObservationFilter.java:113)
	at org.springframework.web.filter.OncePerRequestFilter.doFilter(OncePerRequestFilter.java:116)
	at org.apache.catalina.core.ApplicationFilterChain.internalDoFilter(ApplicationFilterChain.java:164)
	at org.apache.catalina.core.ApplicationFilterChain.doFilter(ApplicationFilterChain.java:140)
	at org.springframework.web.filter.CharacterEncodingFilter.doFilterInternal(CharacterEncodingFilter.java:201)
	at org.springframework.web.filter.OncePerRequestFilter.doFilter(OncePerRequestFilter.java:116)
	at org.apache.catalina.core.ApplicationFilterChain.internalDoFilter(ApplicationFilterChain.java:164)
	at org.apache.catalina.core.ApplicationFilterChain.doFilter(ApplicationFilterChain.java:140)
	at org.apache.catalina.core.StandardWrapperValve.invoke(StandardWrapperValve.java:167)
	at org.apache.catalina.core.StandardContextValve.invoke(StandardContextValve.java:90)
	at org.apache.catalina.authenticator.AuthenticatorBase.invoke(AuthenticatorBase.java:483)
	at org.apache.catalina.core.StandardHostValve.invoke(StandardHostValve.java:115)
	at org.apache.catalina.valves.ErrorReportValve.invoke(ErrorReportValve.java:93)
	at org.apache.catalina.core.StandardEngineValve.invoke(StandardEngineValve.java:74)
	at org.apache.catalina.connector.CoyoteAdapter.service(CoyoteAdapter.java:344)
	at org.apache.coyote.http11.Http11Processor.service(Http11Processor.java:384)
	at org.apache.coyote.AbstractProcessorLight.process(AbstractProcessorLight.java:63)
	at org.apache.coyote.AbstractProtocol$ConnectionHandler.process(AbstractProtocol.java:905)
	at org.apache.tomcat.util.net.NioEndpoint$SocketProcessor.doRun(NioEndpoint.java:1741)
	at org.apache.tomcat.util.net.SocketProcessorBase.run(SocketProcessorBase.java:52)
	at org.apache.tomcat.util.threads.ThreadPoolExecutor.runWorker(ThreadPoolExecutor.java:1190)
	at org.apache.tomcat.util.threads.ThreadPoolExecutor$Worker.run(ThreadPoolExecutor.java:659)
	at org.apache.tomcat.util.threads.TaskThread$WrappingRunnable.run(TaskThread.java:63)
	at java.base/java.lang.Thread.run(Thread.java:1575)
2025-03-29 16:51:58 [http-nio-8080-exec-5] [DEBUG] o.s.security.web.FilterChainProxy - Securing POST /error
2025-03-29 16:51:58 [http-nio-8080-exec-5] [DEBUG] o.s.s.w.a.AnonymousAuthenticationFilter - Set SecurityContextHolder to anonymous SecurityContext
2025-03-29 16:51:58 [http-nio-8080-exec-5] [DEBUG] o.s.s.w.a.i.FilterSecurityInterceptor - Authorized filter invocation [POST /error] with attributes [permitAll]
2025-03-29 16:51:58 [http-nio-8080-exec-5] [DEBUG] o.s.security.web.FilterChainProxy - Secured POST /error
2025-03-29 17:18:03 [HikariPool-1 housekeeper] [WARN] com.zaxxer.hikari.pool.HikariPool - HikariPool-1 - Thread starvation or clock leap detected (housekeeper delta=15m47s376ms831µs300ns).
2025-03-29 17:19:16 [SpringApplicationShutdownHook] [INFO] o.s.o.j.LocalContainerEntityManagerFactoryBean - Closing JPA EntityManagerFactory for persistence unit 'default'
2025-03-29 17:19:16 [SpringApplicationShutdownHook] [INFO] com.zaxxer.hikari.HikariDataSource - HikariPool-1 - Shutdown initiated...
2025-03-29 17:19:16 [SpringApplicationShutdownHook] [INFO] com.zaxxer.hikari.HikariDataSource - HikariPool-1 - Shutdown completed.
