2025-04-18 00:02:09 [http-nio-8080-exec-3] [DEBUG] o.s.security.web.FilterChainProxy - Securing GET /admin/booking/edit/23
2025-04-18 00:02:09 [http-nio-8080-exec-3] [DEBUG] o.s.s.w.c.HttpSessionSecurityContextRepository - Retrieved SecurityContextImpl [Authentication=OAuth2AuthenticationToken [Principal=Name: [107234087105093742255], Granted Authorities: [[OIDC_USER, SCOPE_https://www.googleapis.com/auth/userinfo.email, SCOPE_https://www.googleapis.com/auth/userinfo.profile, SCOPE_openid]], User Attributes: [{at_hash=HUO3VodrvEXWVUjDYi2NVg, sub=107234087105093742255, email_verified=true, iss=https://accounts.google.com, given_name=Павел, nonce=PeXDBp-XiFNRnd8HJf6WUE3-MeWQPb2vSIj4LZk0FHc, picture=https://lh3.googleusercontent.com/a/ACg8ocJJoh9jonlTH61VWgvXCiXb0zCDjifGZZtZ30sCErS3N5ntDw=s96-c, aud=[909915657042-l07l5jl8r3v54r15k12hp7vev9dor6r7.apps.googleusercontent.com], azp=909915657042-l07l5jl8r3v54r15k12hp7vev9dor6r7.apps.googleusercontent.com, name=Павел Королев, exp=2025-04-17T21:56:18Z, family_name=Королев, iat=2025-04-17T20:56:18Z, email=passapdom@gmail.com}], Credentials=[PROTECTED], Authenticated=true, Details=WebAuthenticationDetails [RemoteIpAddress=0:0:0:0:0:0:0:1, SessionId=3D3CFADEEF635911D87A4B9BA8B8CCF4], Granted Authorities=[OIDC_USER, SCOPE_https://www.googleapis.com/auth/userinfo.email, SCOPE_https://www.googleapis.com/auth/userinfo.profile, SCOPE_openid]]]
2025-04-18 00:02:09 [http-nio-8080-exec-3] [DEBUG] o.s.s.w.a.i.FilterSecurityInterceptor - Authorized filter invocation [GET /admin/booking/edit/23] with attributes [permitAll]
2025-04-18 00:02:09 [http-nio-8080-exec-3] [DEBUG] o.s.security.web.FilterChainProxy - Secured GET /admin/booking/edit/23
2025-04-18 00:02:09 [http-nio-8080-exec-3] [DEBUG] o.s.s.a.m.AuthorizationManagerBeforeMethodInterceptor - Authorizing method invocation ReflectiveMethodInvocation: public java.lang.String ru.kozelsk.alliance.controllers.admin.booking.BookingAdminController.editBooking(int,java.time.LocalDate,java.lang.String,java.lang.Double,org.springframework.ui.Model); target is of class [ru.kozelsk.alliance.controllers.admin.booking.BookingAdminController]
2025-04-18 00:02:09 [http-nio-8080-exec-3] [INFO] r.k.a.u.s.CheckAuthorizeService - checkAdmin2: principal != null
2025-04-18 00:02:09 [http-nio-8080-exec-3] [INFO] r.k.a.u.s.CheckAuthorizeService - Principal2 is Oauth2User
2025-04-18 00:02:09 [http-nio-8080-exec-3] [INFO] r.k.a.u.s.CheckAuthorizeService - Checking admin2 rights for email: passapdom@gmail.com
2025-04-18 00:02:09 [http-nio-8080-exec-3] [INFO] r.k.a.u.s.CheckAuthorizeService - User roles2: [ADMIN]
2025-04-18 00:02:09 [http-nio-8080-exec-3] [DEBUG] o.s.s.a.m.AuthorizationManagerBeforeMethodInterceptor - Authorized method invocation ReflectiveMethodInvocation: public java.lang.String ru.kozelsk.alliance.controllers.admin.booking.BookingAdminController.editBooking(int,java.time.LocalDate,java.lang.String,java.lang.Double,org.springframework.ui.Model); target is of class [ru.kozelsk.alliance.controllers.admin.booking.BookingAdminController]
2025-04-18 00:02:09 [http-nio-8080-exec-10] [DEBUG] o.s.security.web.FilterChainProxy - Securing GET /img/logo_alliance.png
2025-04-18 00:02:09 [http-nio-8080-exec-10] [DEBUG] o.s.s.w.c.HttpSessionSecurityContextRepository - Retrieved SecurityContextImpl [Authentication=OAuth2AuthenticationToken [Principal=Name: [107234087105093742255], Granted Authorities: [[OIDC_USER, SCOPE_https://www.googleapis.com/auth/userinfo.email, SCOPE_https://www.googleapis.com/auth/userinfo.profile, SCOPE_openid]], User Attributes: [{at_hash=HUO3VodrvEXWVUjDYi2NVg, sub=107234087105093742255, email_verified=true, iss=https://accounts.google.com, given_name=Павел, nonce=PeXDBp-XiFNRnd8HJf6WUE3-MeWQPb2vSIj4LZk0FHc, picture=https://lh3.googleusercontent.com/a/ACg8ocJJoh9jonlTH61VWgvXCiXb0zCDjifGZZtZ30sCErS3N5ntDw=s96-c, aud=[909915657042-l07l5jl8r3v54r15k12hp7vev9dor6r7.apps.googleusercontent.com], azp=909915657042-l07l5jl8r3v54r15k12hp7vev9dor6r7.apps.googleusercontent.com, name=Павел Королев, exp=2025-04-17T21:56:18Z, family_name=Королев, iat=2025-04-17T20:56:18Z, email=passapdom@gmail.com}], Credentials=[PROTECTED], Authenticated=true, Details=WebAuthenticationDetails [RemoteIpAddress=0:0:0:0:0:0:0:1, SessionId=3D3CFADEEF635911D87A4B9BA8B8CCF4], Granted Authorities=[OIDC_USER, SCOPE_https://www.googleapis.com/auth/userinfo.email, SCOPE_https://www.googleapis.com/auth/userinfo.profile, SCOPE_openid]]]
2025-04-18 00:02:09 [http-nio-8080-exec-10] [DEBUG] o.s.s.w.a.i.FilterSecurityInterceptor - Authorized filter invocation [GET /img/logo_alliance.png] with attributes [permitAll]
2025-04-18 00:02:09 [http-nio-8080-exec-10] [DEBUG] o.s.security.web.FilterChainProxy - Secured GET /img/logo_alliance.png
2025-04-18 00:02:17 [http-nio-8080-exec-9] [DEBUG] o.s.security.web.FilterChainProxy - Securing POST /admin/booking/edit/23
2025-04-18 00:02:17 [http-nio-8080-exec-9] [DEBUG] o.s.s.w.c.HttpSessionSecurityContextRepository - Retrieved SecurityContextImpl [Authentication=OAuth2AuthenticationToken [Principal=Name: [107234087105093742255], Granted Authorities: [[OIDC_USER, SCOPE_https://www.googleapis.com/auth/userinfo.email, SCOPE_https://www.googleapis.com/auth/userinfo.profile, SCOPE_openid]], User Attributes: [{at_hash=HUO3VodrvEXWVUjDYi2NVg, sub=107234087105093742255, email_verified=true, iss=https://accounts.google.com, given_name=Павел, nonce=PeXDBp-XiFNRnd8HJf6WUE3-MeWQPb2vSIj4LZk0FHc, picture=https://lh3.googleusercontent.com/a/ACg8ocJJoh9jonlTH61VWgvXCiXb0zCDjifGZZtZ30sCErS3N5ntDw=s96-c, aud=[909915657042-l07l5jl8r3v54r15k12hp7vev9dor6r7.apps.googleusercontent.com], azp=909915657042-l07l5jl8r3v54r15k12hp7vev9dor6r7.apps.googleusercontent.com, name=Павел Королев, exp=2025-04-17T21:56:18Z, family_name=Королев, iat=2025-04-17T20:56:18Z, email=passapdom@gmail.com}], Credentials=[PROTECTED], Authenticated=true, Details=WebAuthenticationDetails [RemoteIpAddress=0:0:0:0:0:0:0:1, SessionId=3D3CFADEEF635911D87A4B9BA8B8CCF4], Granted Authorities=[OIDC_USER, SCOPE_https://www.googleapis.com/auth/userinfo.email, SCOPE_https://www.googleapis.com/auth/userinfo.profile, SCOPE_openid]]]
2025-04-18 00:02:17 [http-nio-8080-exec-9] [DEBUG] o.s.s.w.a.i.FilterSecurityInterceptor - Authorized filter invocation [POST /admin/booking/edit/23] with attributes [permitAll]
2025-04-18 00:02:17 [http-nio-8080-exec-9] [DEBUG] o.s.security.web.FilterChainProxy - Secured POST /admin/booking/edit/23
2025-04-18 00:02:17 [http-nio-8080-exec-9] [DEBUG] o.s.s.a.m.AuthorizationManagerBeforeMethodInterceptor - Authorizing method invocation ReflectiveMethodInvocation: public java.lang.String ru.kozelsk.alliance.controllers.admin.booking.BookingAdminController.updateBooking(int,java.time.LocalDateTime,java.lang.String,org.springframework.ui.Model); target is of class [ru.kozelsk.alliance.controllers.admin.booking.BookingAdminController]
2025-04-18 00:02:17 [http-nio-8080-exec-9] [INFO] r.k.a.u.s.CheckAuthorizeService - checkAdmin2: principal != null
2025-04-18 00:02:17 [http-nio-8080-exec-9] [INFO] r.k.a.u.s.CheckAuthorizeService - Principal2 is Oauth2User
2025-04-18 00:02:17 [http-nio-8080-exec-9] [INFO] r.k.a.u.s.CheckAuthorizeService - Checking admin2 rights for email: passapdom@gmail.com
2025-04-18 00:02:17 [http-nio-8080-exec-9] [INFO] r.k.a.u.s.CheckAuthorizeService - User roles2: [ADMIN]
2025-04-18 00:02:17 [http-nio-8080-exec-9] [DEBUG] o.s.s.a.m.AuthorizationManagerBeforeMethodInterceptor - Authorized method invocation ReflectiveMethodInvocation: public java.lang.String ru.kozelsk.alliance.controllers.admin.booking.BookingAdminController.updateBooking(int,java.time.LocalDateTime,java.lang.String,org.springframework.ui.Model); target is of class [ru.kozelsk.alliance.controllers.admin.booking.BookingAdminController]
2025-04-18 00:02:18 [http-nio-8080-exec-1] [DEBUG] o.s.security.web.FilterChainProxy - Securing GET /admin/booking
2025-04-18 00:02:18 [http-nio-8080-exec-1] [DEBUG] o.s.s.w.c.HttpSessionSecurityContextRepository - Retrieved SecurityContextImpl [Authentication=OAuth2AuthenticationToken [Principal=Name: [107234087105093742255], Granted Authorities: [[OIDC_USER, SCOPE_https://www.googleapis.com/auth/userinfo.email, SCOPE_https://www.googleapis.com/auth/userinfo.profile, SCOPE_openid]], User Attributes: [{at_hash=HUO3VodrvEXWVUjDYi2NVg, sub=107234087105093742255, email_verified=true, iss=https://accounts.google.com, given_name=Павел, nonce=PeXDBp-XiFNRnd8HJf6WUE3-MeWQPb2vSIj4LZk0FHc, picture=https://lh3.googleusercontent.com/a/ACg8ocJJoh9jonlTH61VWgvXCiXb0zCDjifGZZtZ30sCErS3N5ntDw=s96-c, aud=[909915657042-l07l5jl8r3v54r15k12hp7vev9dor6r7.apps.googleusercontent.com], azp=909915657042-l07l5jl8r3v54r15k12hp7vev9dor6r7.apps.googleusercontent.com, name=Павел Королев, exp=2025-04-17T21:56:18Z, family_name=Королев, iat=2025-04-17T20:56:18Z, email=passapdom@gmail.com}], Credentials=[PROTECTED], Authenticated=true, Details=WebAuthenticationDetails [RemoteIpAddress=0:0:0:0:0:0:0:1, SessionId=3D3CFADEEF635911D87A4B9BA8B8CCF4], Granted Authorities=[OIDC_USER, SCOPE_https://www.googleapis.com/auth/userinfo.email, SCOPE_https://www.googleapis.com/auth/userinfo.profile, SCOPE_openid]]]
2025-04-18 00:02:18 [http-nio-8080-exec-1] [DEBUG] o.s.s.w.a.i.FilterSecurityInterceptor - Authorized filter invocation [GET /admin/booking] with attributes [permitAll]
2025-04-18 00:02:18 [http-nio-8080-exec-1] [DEBUG] o.s.security.web.FilterChainProxy - Secured GET /admin/booking
2025-04-18 00:02:18 [http-nio-8080-exec-1] [DEBUG] o.s.s.a.m.AuthorizationManagerBeforeMethodInterceptor - Authorizing method invocation ReflectiveMethodInvocation: public java.lang.String ru.kozelsk.alliance.controllers.admin.booking.BookingAdminController.allBookings(org.springframework.ui.Model); target is of class [ru.kozelsk.alliance.controllers.admin.booking.BookingAdminController]
2025-04-18 00:02:18 [http-nio-8080-exec-1] [INFO] r.k.a.u.s.CheckAuthorizeService - checkAdmin2: principal != null
2025-04-18 00:02:18 [http-nio-8080-exec-1] [INFO] r.k.a.u.s.CheckAuthorizeService - Principal2 is Oauth2User
2025-04-18 00:02:18 [http-nio-8080-exec-1] [INFO] r.k.a.u.s.CheckAuthorizeService - Checking admin2 rights for email: passapdom@gmail.com
2025-04-18 00:02:18 [http-nio-8080-exec-1] [INFO] r.k.a.u.s.CheckAuthorizeService - User roles2: [ADMIN]
2025-04-18 00:02:18 [http-nio-8080-exec-1] [DEBUG] o.s.s.a.m.AuthorizationManagerBeforeMethodInterceptor - Authorized method invocation ReflectiveMethodInvocation: public java.lang.String ru.kozelsk.alliance.controllers.admin.booking.BookingAdminController.allBookings(org.springframework.ui.Model); target is of class [ru.kozelsk.alliance.controllers.admin.booking.BookingAdminController]
2025-04-18 00:02:18 [http-nio-8080-exec-7] [DEBUG] o.s.security.web.FilterChainProxy - Securing GET /img/logo_alliance.png
2025-04-18 00:02:18 [http-nio-8080-exec-7] [DEBUG] o.s.s.w.c.HttpSessionSecurityContextRepository - Retrieved SecurityContextImpl [Authentication=OAuth2AuthenticationToken [Principal=Name: [107234087105093742255], Granted Authorities: [[OIDC_USER, SCOPE_https://www.googleapis.com/auth/userinfo.email, SCOPE_https://www.googleapis.com/auth/userinfo.profile, SCOPE_openid]], User Attributes: [{at_hash=HUO3VodrvEXWVUjDYi2NVg, sub=107234087105093742255, email_verified=true, iss=https://accounts.google.com, given_name=Павел, nonce=PeXDBp-XiFNRnd8HJf6WUE3-MeWQPb2vSIj4LZk0FHc, picture=https://lh3.googleusercontent.com/a/ACg8ocJJoh9jonlTH61VWgvXCiXb0zCDjifGZZtZ30sCErS3N5ntDw=s96-c, aud=[909915657042-l07l5jl8r3v54r15k12hp7vev9dor6r7.apps.googleusercontent.com], azp=909915657042-l07l5jl8r3v54r15k12hp7vev9dor6r7.apps.googleusercontent.com, name=Павел Королев, exp=2025-04-17T21:56:18Z, family_name=Королев, iat=2025-04-17T20:56:18Z, email=passapdom@gmail.com}], Credentials=[PROTECTED], Authenticated=true, Details=WebAuthenticationDetails [RemoteIpAddress=0:0:0:0:0:0:0:1, SessionId=3D3CFADEEF635911D87A4B9BA8B8CCF4], Granted Authorities=[OIDC_USER, SCOPE_https://www.googleapis.com/auth/userinfo.email, SCOPE_https://www.googleapis.com/auth/userinfo.profile, SCOPE_openid]]]
2025-04-18 00:02:18 [http-nio-8080-exec-7] [DEBUG] o.s.s.w.a.i.FilterSecurityInterceptor - Authorized filter invocation [GET /img/logo_alliance.png] with attributes [permitAll]
2025-04-18 00:02:18 [http-nio-8080-exec-7] [DEBUG] o.s.security.web.FilterChainProxy - Secured GET /img/logo_alliance.png
2025-04-18 00:20:32 [SpringApplicationShutdownHook] [INFO] o.s.o.j.LocalContainerEntityManagerFactoryBean - Closing JPA EntityManagerFactory for persistence unit 'default'
2025-04-18 00:20:32 [SpringApplicationShutdownHook] [INFO] com.zaxxer.hikari.HikariDataSource - HikariPool-1 - Shutdown initiated...
2025-04-18 00:20:32 [SpringApplicationShutdownHook] [INFO] com.zaxxer.hikari.HikariDataSource - HikariPool-1 - Shutdown completed.
2025-04-18 10:24:14 [background-preinit] [INFO] o.h.validator.internal.util.Version - HV000001: Hibernate Validator 8.0.1.Final
2025-04-18 10:24:14 [restartedMain] [INFO] r.k.alliance.AllianceApplication - Starting AllianceApplication using Java 23.0.1 with PID 4688 (C:\Users\Zver\Desktop\Projects\alliance\target\classes started by pavel in C:\Users\Zver\Desktop\Projects\alliance)
2025-04-18 10:24:14 [restartedMain] [INFO] r.k.alliance.AllianceApplication - No active profile set, falling back to 1 default profile: "default"
2025-04-18 10:24:14 [restartedMain] [INFO] o.s.b.d.e.DevToolsPropertyDefaultsPostProcessor - Devtools property defaults active! Set 'spring.devtools.add-properties' to 'false' to disable
2025-04-18 10:24:14 [restartedMain] [INFO] o.s.b.d.e.DevToolsPropertyDefaultsPostProcessor - For additional web related logging consider setting the 'logging.level.web' property to 'DEBUG'
2025-04-18 10:24:15 [restartedMain] [INFO] o.s.d.r.c.RepositoryConfigurationDelegate - Bootstrapping Spring Data JPA repositories in DEFAULT mode.
2025-04-18 10:24:15 [restartedMain] [INFO] o.s.d.r.c.RepositoryConfigurationDelegate - Finished Spring Data repository scanning in 98 ms. Found 11 JPA repository interfaces.
2025-04-18 10:24:16 [restartedMain] [INFO] o.s.b.w.e.tomcat.TomcatWebServer - Tomcat initialized with port 8080 (http)
2025-04-18 10:24:16 [restartedMain] [INFO] o.a.coyote.http11.Http11NioProtocol - Initializing ProtocolHandler ["http-nio-8080"]
2025-04-18 10:24:16 [restartedMain] [INFO] o.a.catalina.core.StandardService - Starting service [Tomcat]
2025-04-18 10:24:16 [restartedMain] [INFO] o.a.catalina.core.StandardEngine - Starting Servlet engine: [Apache Tomcat/10.1.31]
2025-04-18 10:24:16 [restartedMain] [INFO] o.a.c.c.C.[Tomcat].[localhost].[/] - Initializing Spring embedded WebApplicationContext
2025-04-18 10:24:16 [restartedMain] [INFO] o.s.b.w.s.c.ServletWebServerApplicationContext - Root WebApplicationContext: initialization completed in 2021 ms
2025-04-18 10:24:16 [restartedMain] [INFO] com.zaxxer.hikari.HikariDataSource - HikariPool-1 - Starting...
2025-04-18 10:24:16 [restartedMain] [INFO] com.zaxxer.hikari.pool.HikariPool - HikariPool-1 - Added connection org.postgresql.jdbc.PgConnection@5b7b0e44
2025-04-18 10:24:16 [restartedMain] [INFO] com.zaxxer.hikari.HikariDataSource - HikariPool-1 - Start completed.
2025-04-18 10:24:16 [restartedMain] [INFO] o.h.jpa.internal.util.LogHelper - HHH000204: Processing PersistenceUnitInfo [name: default]
2025-04-18 10:24:16 [restartedMain] [INFO] org.hibernate.Version - HHH000412: Hibernate ORM core version 6.5.3.Final
2025-04-18 10:24:16 [restartedMain] [INFO] o.h.c.i.RegionFactoryInitiator - HHH000026: Second-level cache disabled
2025-04-18 10:24:17 [restartedMain] [INFO] o.s.o.j.p.SpringPersistenceUnitInfo - No LoadTimeWeaver setup: ignoring JPA class transformer
2025-04-18 10:24:18 [restartedMain] [INFO] o.h.e.t.j.p.i.JtaPlatformInitiator - HHH000489: No JTA platform available (set 'hibernate.transaction.jta.platform' to enable JTA platform integration)
2025-04-18 10:24:18 [restartedMain] [INFO] o.s.o.j.LocalContainerEntityManagerFactoryBean - Initialized JPA EntityManagerFactory for persistence unit 'default'
2025-04-18 10:24:18 [restartedMain] [INFO] o.s.d.j.r.query.QueryEnhancerFactory - Hibernate is in classpath; If applicable, HQL parser will be used.
2025-04-18 10:24:19 [restartedMain] [WARN] o.s.b.w.s.c.AnnotationConfigServletWebServerApplicationContext - Exception encountered during context initialization - cancelling refresh attempt: org.springframework.beans.factory.UnsatisfiedDependencyException: Error creating bean with name 'org.springframework.security.config.annotation.web.configuration.WebSecurityConfiguration': Unsatisfied dependency expressed through field 'httpSecurity': Error creating bean with name 'org.springframework.security.config.annotation.web.configuration.HttpSecurityConfiguration': Unsatisfied dependency expressed through method 'setContentNegotiationStrategy' parameter 0: Error creating bean with name 'org.springframework.boot.autoconfigure.web.servlet.WebMvcAutoConfiguration$EnableWebMvcConfiguration': Unsatisfied dependency expressed through method 'setConfigurers' parameter 0: Error creating bean with name 'org.springframework.security.config.annotation.web.configuration.OAuth2ClientConfiguration$OAuth2ClientWebMvcSecurityConfiguration': Unsatisfied dependency expressed through method 'setAuthorizedClientManager' parameter 0: Error creating bean with name 'OAuth2AuthorizedClientManager': Failed to instantiate [org.springframework.security.oauth2.client.OAuth2AuthorizedClientManager]: Factory method 'getAuthorizedClientManager' threw exception with message: Error creating bean with name 'clientRegistrationRepository' defined in class path resource [org/springframework/boot/autoconfigure/security/oauth2/client/servlet/OAuth2ClientRegistrationRepositoryConfiguration.class]: Failed to instantiate [org.springframework.security.oauth2.client.registration.InMemoryClientRegistrationRepository]: Factory method 'clientRegistrationRepository' threw exception with message: Unable to resolve Configuration with the provided Issuer of "https://accounts.google.com"
2025-04-18 10:24:19 [restartedMain] [INFO] o.s.o.j.LocalContainerEntityManagerFactoryBean - Closing JPA EntityManagerFactory for persistence unit 'default'
2025-04-18 10:24:19 [restartedMain] [INFO] com.zaxxer.hikari.HikariDataSource - HikariPool-1 - Shutdown initiated...
2025-04-18 10:24:19 [restartedMain] [INFO] com.zaxxer.hikari.HikariDataSource - HikariPool-1 - Shutdown completed.
2025-04-18 10:24:19 [restartedMain] [INFO] o.a.catalina.core.StandardService - Stopping service [Tomcat]
2025-04-18 10:24:19 [restartedMain] [INFO] o.s.b.a.l.ConditionEvaluationReportLogger - 

Error starting ApplicationContext. To display the condition evaluation report re-run your application with 'debug' enabled.
2025-04-18 10:24:19 [restartedMain] [ERROR] o.s.boot.SpringApplication - Application run failed
org.springframework.beans.factory.UnsatisfiedDependencyException: Error creating bean with name 'org.springframework.security.config.annotation.web.configuration.WebSecurityConfiguration': Unsatisfied dependency expressed through field 'httpSecurity': Error creating bean with name 'org.springframework.security.config.annotation.web.configuration.HttpSecurityConfiguration': Unsatisfied dependency expressed through method 'setContentNegotiationStrategy' parameter 0: Error creating bean with name 'org.springframework.boot.autoconfigure.web.servlet.WebMvcAutoConfiguration$EnableWebMvcConfiguration': Unsatisfied dependency expressed through method 'setConfigurers' parameter 0: Error creating bean with name 'org.springframework.security.config.annotation.web.configuration.OAuth2ClientConfiguration$OAuth2ClientWebMvcSecurityConfiguration': Unsatisfied dependency expressed through method 'setAuthorizedClientManager' parameter 0: Error creating bean with name 'OAuth2AuthorizedClientManager': Failed to instantiate [org.springframework.security.oauth2.client.OAuth2AuthorizedClientManager]: Factory method 'getAuthorizedClientManager' threw exception with message: Error creating bean with name 'clientRegistrationRepository' defined in class path resource [org/springframework/boot/autoconfigure/security/oauth2/client/servlet/OAuth2ClientRegistrationRepositoryConfiguration.class]: Failed to instantiate [org.springframework.security.oauth2.client.registration.InMemoryClientRegistrationRepository]: Factory method 'clientRegistrationRepository' threw exception with message: Unable to resolve Configuration with the provided Issuer of "https://accounts.google.com"
	at org.springframework.beans.factory.annotation.AutowiredAnnotationBeanPostProcessor$AutowiredFieldElement.resolveFieldValue(AutowiredAnnotationBeanPostProcessor.java:788)
	at org.springframework.beans.factory.annotation.AutowiredAnnotationBeanPostProcessor$AutowiredFieldElement.inject(AutowiredAnnotationBeanPostProcessor.java:768)
	at org.springframework.beans.factory.annotation.InjectionMetadata.inject(InjectionMetadata.java:145)
	at org.springframework.beans.factory.annotation.AutowiredAnnotationBeanPostProcessor.postProcessProperties(AutowiredAnnotationBeanPostProcessor.java:509)
	at org.springframework.beans.factory.support.AbstractAutowireCapableBeanFactory.populateBean(AbstractAutowireCapableBeanFactory.java:1439)
	at org.springframework.beans.factory.support.AbstractAutowireCapableBeanFactory.doCreateBean(AbstractAutowireCapableBeanFactory.java:599)
	at org.springframework.beans.factory.support.AbstractAutowireCapableBeanFactory.createBean(AbstractAutowireCapableBeanFactory.java:522)
	at org.springframework.beans.factory.support.AbstractBeanFactory.lambda$doGetBean$0(AbstractBeanFactory.java:337)
	at org.springframework.beans.factory.support.DefaultSingletonBeanRegistry.getSingleton(DefaultSingletonBeanRegistry.java:234)
	at org.springframework.beans.factory.support.AbstractBeanFactory.doGetBean(AbstractBeanFactory.java:335)
	at org.springframework.beans.factory.support.AbstractBeanFactory.getBean(AbstractBeanFactory.java:200)
	at org.springframework.beans.factory.support.DefaultListableBeanFactory.preInstantiateSingletons(DefaultListableBeanFactory.java:975)
	at org.springframework.context.support.AbstractApplicationContext.finishBeanFactoryInitialization(AbstractApplicationContext.java:971)
	at org.springframework.context.support.AbstractApplicationContext.refresh(AbstractApplicationContext.java:625)
	at org.springframework.boot.web.servlet.context.ServletWebServerApplicationContext.refresh(ServletWebServerApplicationContext.java:146)
	at org.springframework.boot.SpringApplication.refresh(SpringApplication.java:754)
	at org.springframework.boot.SpringApplication.refreshContext(SpringApplication.java:456)
	at org.springframework.boot.SpringApplication.run(SpringApplication.java:335)
	at org.springframework.boot.SpringApplication.run(SpringApplication.java:1363)
	at org.springframework.boot.SpringApplication.run(SpringApplication.java:1352)
	at ru.kozelsk.alliance.AllianceApplication.main(AllianceApplication.java:13)
	at java.base/jdk.internal.reflect.DirectMethodHandleAccessor.invoke(DirectMethodHandleAccessor.java:103)
	at java.base/java.lang.reflect.Method.invoke(Method.java:580)
	at org.springframework.boot.devtools.restart.RestartLauncher.run(RestartLauncher.java:50)
Caused by: org.springframework.beans.factory.UnsatisfiedDependencyException: Error creating bean with name 'org.springframework.security.config.annotation.web.configuration.HttpSecurityConfiguration': Unsatisfied dependency expressed through method 'setContentNegotiationStrategy' parameter 0: Error creating bean with name 'org.springframework.boot.autoconfigure.web.servlet.WebMvcAutoConfiguration$EnableWebMvcConfiguration': Unsatisfied dependency expressed through method 'setConfigurers' parameter 0: Error creating bean with name 'org.springframework.security.config.annotation.web.configuration.OAuth2ClientConfiguration$OAuth2ClientWebMvcSecurityConfiguration': Unsatisfied dependency expressed through method 'setAuthorizedClientManager' parameter 0: Error creating bean with name 'OAuth2AuthorizedClientManager': Failed to instantiate [org.springframework.security.oauth2.client.OAuth2AuthorizedClientManager]: Factory method 'getAuthorizedClientManager' threw exception with message: Error creating bean with name 'clientRegistrationRepository' defined in class path resource [org/springframework/boot/autoconfigure/security/oauth2/client/servlet/OAuth2ClientRegistrationRepositoryConfiguration.class]: Failed to instantiate [org.springframework.security.oauth2.client.registration.InMemoryClientRegistrationRepository]: Factory method 'clientRegistrationRepository' threw exception with message: Unable to resolve Configuration with the provided Issuer of "https://accounts.google.com"
	at org.springframework.beans.factory.annotation.AutowiredAnnotationBeanPostProcessor$AutowiredMethodElement.resolveMethodArguments(AutowiredAnnotationBeanPostProcessor.java:896)
	at org.springframework.beans.factory.annotation.AutowiredAnnotationBeanPostProcessor$AutowiredMethodElement.inject(AutowiredAnnotationBeanPostProcessor.java:849)
	at org.springframework.beans.factory.annotation.InjectionMetadata.inject(InjectionMetadata.java:145)
	at org.springframework.beans.factory.annotation.AutowiredAnnotationBeanPostProcessor.postProcessProperties(AutowiredAnnotationBeanPostProcessor.java:509)
	at org.springframework.beans.factory.support.AbstractAutowireCapableBeanFactory.populateBean(AbstractAutowireCapableBeanFactory.java:1439)
	at org.springframework.beans.factory.support.AbstractAutowireCapableBeanFactory.doCreateBean(AbstractAutowireCapableBeanFactory.java:599)
	at org.springframework.beans.factory.support.AbstractAutowireCapableBeanFactory.createBean(AbstractAutowireCapableBeanFactory.java:522)
	at org.springframework.beans.factory.support.AbstractBeanFactory.lambda$doGetBean$0(AbstractBeanFactory.java:337)
	at org.springframework.beans.factory.support.DefaultSingletonBeanRegistry.getSingleton(DefaultSingletonBeanRegistry.java:234)
	at org.springframework.beans.factory.support.AbstractBeanFactory.doGetBean(AbstractBeanFactory.java:335)
	at org.springframework.beans.factory.support.AbstractBeanFactory.getBean(AbstractBeanFactory.java:200)
	at org.springframework.beans.factory.support.ConstructorResolver.instantiateUsingFactoryMethod(ConstructorResolver.java:409)
	at org.springframework.beans.factory.support.AbstractAutowireCapableBeanFactory.instantiateUsingFactoryMethod(AbstractAutowireCapableBeanFactory.java:1355)
	at org.springframework.beans.factory.support.AbstractAutowireCapableBeanFactory.createBeanInstance(AbstractAutowireCapableBeanFactory.java:1185)
	at org.springframework.beans.factory.support.AbstractAutowireCapableBeanFactory.doCreateBean(AbstractAutowireCapableBeanFactory.java:562)
	at org.springframework.beans.factory.support.AbstractAutowireCapableBeanFactory.createBean(AbstractAutowireCapableBeanFactory.java:522)
	at org.springframework.beans.factory.support.AbstractBeanFactory.doGetBean(AbstractBeanFactory.java:355)
	at org.springframework.beans.factory.support.AbstractBeanFactory.getBean(AbstractBeanFactory.java:200)
	at org.springframework.beans.factory.config.DependencyDescriptor.resolveCandidate(DependencyDescriptor.java:254)
	at org.springframework.beans.factory.support.DefaultListableBeanFactory.doResolveDependency(DefaultListableBeanFactory.java:1443)
	at org.springframework.beans.factory.support.DefaultListableBeanFactory.resolveDependency(DefaultListableBeanFactory.java:1353)
	at org.springframework.beans.factory.annotation.AutowiredAnnotationBeanPostProcessor$AutowiredFieldElement.resolveFieldValue(AutowiredAnnotationBeanPostProcessor.java:785)
	... 23 common frames omitted
Caused by: org.springframework.beans.factory.UnsatisfiedDependencyException: Error creating bean with name 'org.springframework.boot.autoconfigure.web.servlet.WebMvcAutoConfiguration$EnableWebMvcConfiguration': Unsatisfied dependency expressed through method 'setConfigurers' parameter 0: Error creating bean with name 'org.springframework.security.config.annotation.web.configuration.OAuth2ClientConfiguration$OAuth2ClientWebMvcSecurityConfiguration': Unsatisfied dependency expressed through method 'setAuthorizedClientManager' parameter 0: Error creating bean with name 'OAuth2AuthorizedClientManager': Failed to instantiate [org.springframework.security.oauth2.client.OAuth2AuthorizedClientManager]: Factory method 'getAuthorizedClientManager' threw exception with message: Error creating bean with name 'clientRegistrationRepository' defined in class path resource [org/springframework/boot/autoconfigure/security/oauth2/client/servlet/OAuth2ClientRegistrationRepositoryConfiguration.class]: Failed to instantiate [org.springframework.security.oauth2.client.registration.InMemoryClientRegistrationRepository]: Factory method 'clientRegistrationRepository' threw exception with message: Unable to resolve Configuration with the provided Issuer of "https://accounts.google.com"
	at org.springframework.beans.factory.annotation.AutowiredAnnotationBeanPostProcessor$AutowiredMethodElement.resolveMethodArguments(AutowiredAnnotationBeanPostProcessor.java:896)
	at org.springframework.beans.factory.annotation.AutowiredAnnotationBeanPostProcessor$AutowiredMethodElement.inject(AutowiredAnnotationBeanPostProcessor.java:849)
	at org.springframework.beans.factory.annotation.InjectionMetadata.inject(InjectionMetadata.java:145)
	at org.springframework.beans.factory.annotation.AutowiredAnnotationBeanPostProcessor.postProcessProperties(AutowiredAnnotationBeanPostProcessor.java:509)
	at org.springframework.beans.factory.support.AbstractAutowireCapableBeanFactory.populateBean(AbstractAutowireCapableBeanFactory.java:1439)
	at org.springframework.beans.factory.support.AbstractAutowireCapableBeanFactory.doCreateBean(AbstractAutowireCapableBeanFactory.java:599)
	at org.springframework.beans.factory.support.AbstractAutowireCapableBeanFactory.createBean(AbstractAutowireCapableBeanFactory.java:522)
	at org.springframework.beans.factory.support.AbstractBeanFactory.lambda$doGetBean$0(AbstractBeanFactory.java:337)
	at org.springframework.beans.factory.support.DefaultSingletonBeanRegistry.getSingleton(DefaultSingletonBeanRegistry.java:234)
	at org.springframework.beans.factory.support.AbstractBeanFactory.doGetBean(AbstractBeanFactory.java:335)
	at org.springframework.beans.factory.support.AbstractBeanFactory.getBean(AbstractBeanFactory.java:200)
	at org.springframework.beans.factory.support.ConstructorResolver.instantiateUsingFactoryMethod(ConstructorResolver.java:409)
	at org.springframework.beans.factory.support.AbstractAutowireCapableBeanFactory.instantiateUsingFactoryMethod(AbstractAutowireCapableBeanFactory.java:1355)
	at org.springframework.beans.factory.support.AbstractAutowireCapableBeanFactory.createBeanInstance(AbstractAutowireCapableBeanFactory.java:1185)
	at org.springframework.beans.factory.support.AbstractAutowireCapableBeanFactory.doCreateBean(AbstractAutowireCapableBeanFactory.java:562)
	at org.springframework.beans.factory.support.AbstractAutowireCapableBeanFactory.createBean(AbstractAutowireCapableBeanFactory.java:522)
	at org.springframework.beans.factory.support.AbstractBeanFactory.lambda$doGetBean$0(AbstractBeanFactory.java:337)
	at org.springframework.beans.factory.support.DefaultSingletonBeanRegistry.getSingleton(DefaultSingletonBeanRegistry.java:234)
	at org.springframework.beans.factory.support.AbstractBeanFactory.doGetBean(AbstractBeanFactory.java:335)
	at org.springframework.beans.factory.support.AbstractBeanFactory.getBean(AbstractBeanFactory.java:200)
	at org.springframework.beans.factory.config.DependencyDescriptor.resolveCandidate(DependencyDescriptor.java:254)
	at org.springframework.beans.factory.support.DefaultListableBeanFactory.doResolveDependency(DefaultListableBeanFactory.java:1443)
	at org.springframework.beans.factory.support.DefaultListableBeanFactory.resolveDependency(DefaultListableBeanFactory.java:1353)
	at org.springframework.beans.factory.annotation.AutowiredAnnotationBeanPostProcessor$AutowiredMethodElement.resolveMethodArguments(AutowiredAnnotationBeanPostProcessor.java:888)
	... 44 common frames omitted
Caused by: org.springframework.beans.factory.UnsatisfiedDependencyException: Error creating bean with name 'org.springframework.security.config.annotation.web.configuration.OAuth2ClientConfiguration$OAuth2ClientWebMvcSecurityConfiguration': Unsatisfied dependency expressed through method 'setAuthorizedClientManager' parameter 0: Error creating bean with name 'OAuth2AuthorizedClientManager': Failed to instantiate [org.springframework.security.oauth2.client.OAuth2AuthorizedClientManager]: Factory method 'getAuthorizedClientManager' threw exception with message: Error creating bean with name 'clientRegistrationRepository' defined in class path resource [org/springframework/boot/autoconfigure/security/oauth2/client/servlet/OAuth2ClientRegistrationRepositoryConfiguration.class]: Failed to instantiate [org.springframework.security.oauth2.client.registration.InMemoryClientRegistrationRepository]: Factory method 'clientRegistrationRepository' threw exception with message: Unable to resolve Configuration with the provided Issuer of "https://accounts.google.com"
	at org.springframework.beans.factory.annotation.AutowiredAnnotationBeanPostProcessor$AutowiredMethodElement.resolveMethodArguments(AutowiredAnnotationBeanPostProcessor.java:896)
	at org.springframework.beans.factory.annotation.AutowiredAnnotationBeanPostProcessor$AutowiredMethodElement.inject(AutowiredAnnotationBeanPostProcessor.java:849)
	at org.springframework.beans.factory.annotation.InjectionMetadata.inject(InjectionMetadata.java:145)
	at org.springframework.beans.factory.annotation.AutowiredAnnotationBeanPostProcessor.postProcessProperties(AutowiredAnnotationBeanPostProcessor.java:509)
	at org.springframework.beans.factory.support.AbstractAutowireCapableBeanFactory.populateBean(AbstractAutowireCapableBeanFactory.java:1439)
	at org.springframework.beans.factory.support.AbstractAutowireCapableBeanFactory.doCreateBean(AbstractAutowireCapableBeanFactory.java:599)
	at org.springframework.beans.factory.support.AbstractAutowireCapableBeanFactory.createBean(AbstractAutowireCapableBeanFactory.java:522)
	at org.springframework.beans.factory.support.AbstractBeanFactory.lambda$doGetBean$0(AbstractBeanFactory.java:337)
	at org.springframework.beans.factory.support.DefaultSingletonBeanRegistry.getSingleton(DefaultSingletonBeanRegistry.java:234)
	at org.springframework.beans.factory.support.AbstractBeanFactory.doGetBean(AbstractBeanFactory.java:335)
	at org.springframework.beans.factory.support.AbstractBeanFactory.getBean(AbstractBeanFactory.java:200)
	at org.springframework.beans.factory.config.DependencyDescriptor.resolveCandidate(DependencyDescriptor.java:254)
	at org.springframework.beans.factory.support.DefaultListableBeanFactory.addCandidateEntry(DefaultListableBeanFactory.java:1689)
	at org.springframework.beans.factory.support.DefaultListableBeanFactory.findAutowireCandidates(DefaultListableBeanFactory.java:1653)
	at org.springframework.beans.factory.support.DefaultListableBeanFactory.resolveMultipleBeanCollection(DefaultListableBeanFactory.java:1543)
	at org.springframework.beans.factory.support.DefaultListableBeanFactory.resolveMultipleBeans(DefaultListableBeanFactory.java:1511)
	at org.springframework.beans.factory.support.DefaultListableBeanFactory.doResolveDependency(DefaultListableBeanFactory.java:1392)
	at org.springframework.beans.factory.support.DefaultListableBeanFactory.resolveDependency(DefaultListableBeanFactory.java:1353)
	at org.springframework.beans.factory.annotation.AutowiredAnnotationBeanPostProcessor$AutowiredMethodElement.resolveMethodArguments(AutowiredAnnotationBeanPostProcessor.java:888)
	... 67 common frames omitted
Caused by: org.springframework.beans.factory.BeanCreationException: Error creating bean with name 'OAuth2AuthorizedClientManager': Failed to instantiate [org.springframework.security.oauth2.client.OAuth2AuthorizedClientManager]: Factory method 'getAuthorizedClientManager' threw exception with message: Error creating bean with name 'clientRegistrationRepository' defined in class path resource [org/springframework/boot/autoconfigure/security/oauth2/client/servlet/OAuth2ClientRegistrationRepositoryConfiguration.class]: Failed to instantiate [org.springframework.security.oauth2.client.registration.InMemoryClientRegistrationRepository]: Factory method 'clientRegistrationRepository' threw exception with message: Unable to resolve Configuration with the provided Issuer of "https://accounts.google.com"
	at org.springframework.beans.factory.support.ConstructorResolver.instantiate(ConstructorResolver.java:648)
	at org.springframework.beans.factory.support.ConstructorResolver.instantiateUsingFactoryMethod(ConstructorResolver.java:485)
	at org.springframework.beans.factory.support.AbstractAutowireCapableBeanFactory.instantiateUsingFactoryMethod(AbstractAutowireCapableBeanFactory.java:1355)
	at org.springframework.beans.factory.support.AbstractAutowireCapableBeanFactory.createBeanInstance(AbstractAutowireCapableBeanFactory.java:1185)
	at org.springframework.beans.factory.support.AbstractAutowireCapableBeanFactory.doCreateBean(AbstractAutowireCapableBeanFactory.java:562)
	at org.springframework.beans.factory.support.AbstractAutowireCapableBeanFactory.createBean(AbstractAutowireCapableBeanFactory.java:522)
	at org.springframework.beans.factory.support.AbstractBeanFactory.lambda$doGetBean$0(AbstractBeanFactory.java:337)
	at org.springframework.beans.factory.support.DefaultSingletonBeanRegistry.getSingleton(DefaultSingletonBeanRegistry.java:234)
	at org.springframework.beans.factory.support.AbstractBeanFactory.doGetBean(AbstractBeanFactory.java:335)
	at org.springframework.beans.factory.support.AbstractBeanFactory.getBean(AbstractBeanFactory.java:200)
	at org.springframework.beans.factory.config.DependencyDescriptor.resolveCandidate(DependencyDescriptor.java:254)
	at org.springframework.beans.factory.support.DefaultListableBeanFactory.addCandidateEntry(DefaultListableBeanFactory.java:1689)
	at org.springframework.beans.factory.support.DefaultListableBeanFactory.findAutowireCandidates(DefaultListableBeanFactory.java:1653)
	at org.springframework.beans.factory.support.DefaultListableBeanFactory.resolveMultipleBeanCollection(DefaultListableBeanFactory.java:1543)
	at org.springframework.beans.factory.support.DefaultListableBeanFactory.resolveMultipleBeans(DefaultListableBeanFactory.java:1511)
	at org.springframework.beans.factory.support.DefaultListableBeanFactory.doResolveDependency(DefaultListableBeanFactory.java:1392)
	at org.springframework.beans.factory.support.DefaultListableBeanFactory.resolveDependency(DefaultListableBeanFactory.java:1353)
	at org.springframework.beans.factory.annotation.AutowiredAnnotationBeanPostProcessor$AutowiredMethodElement.resolveMethodArguments(AutowiredAnnotationBeanPostProcessor.java:888)
	... 85 common frames omitted
Caused by: org.springframework.beans.BeanInstantiationException: Failed to instantiate [org.springframework.security.oauth2.client.OAuth2AuthorizedClientManager]: Factory method 'getAuthorizedClientManager' threw exception with message: Error creating bean with name 'clientRegistrationRepository' defined in class path resource [org/springframework/boot/autoconfigure/security/oauth2/client/servlet/OAuth2ClientRegistrationRepositoryConfiguration.class]: Failed to instantiate [org.springframework.security.oauth2.client.registration.InMemoryClientRegistrationRepository]: Factory method 'clientRegistrationRepository' threw exception with message: Unable to resolve Configuration with the provided Issuer of "https://accounts.google.com"
	at org.springframework.beans.factory.support.SimpleInstantiationStrategy.instantiate(SimpleInstantiationStrategy.java:178)
	at org.springframework.beans.factory.support.ConstructorResolver.instantiate(ConstructorResolver.java:644)
	... 102 common frames omitted
Caused by: org.springframework.beans.factory.BeanCreationException: Error creating bean with name 'clientRegistrationRepository' defined in class path resource [org/springframework/boot/autoconfigure/security/oauth2/client/servlet/OAuth2ClientRegistrationRepositoryConfiguration.class]: Failed to instantiate [org.springframework.security.oauth2.client.registration.InMemoryClientRegistrationRepository]: Factory method 'clientRegistrationRepository' threw exception with message: Unable to resolve Configuration with the provided Issuer of "https://accounts.google.com"
	at org.springframework.beans.factory.support.ConstructorResolver.instantiate(ConstructorResolver.java:648)
	at org.springframework.beans.factory.support.ConstructorResolver.instantiateUsingFactoryMethod(ConstructorResolver.java:636)
	at org.springframework.beans.factory.support.AbstractAutowireCapableBeanFactory.instantiateUsingFactoryMethod(AbstractAutowireCapableBeanFactory.java:1355)
	at org.springframework.beans.factory.support.AbstractAutowireCapableBeanFactory.createBeanInstance(AbstractAutowireCapableBeanFactory.java:1185)
	at org.springframework.beans.factory.support.AbstractAutowireCapableBeanFactory.doCreateBean(AbstractAutowireCapableBeanFactory.java:562)
	at org.springframework.beans.factory.support.AbstractAutowireCapableBeanFactory.createBean(AbstractAutowireCapableBeanFactory.java:522)
	at org.springframework.beans.factory.support.AbstractBeanFactory.lambda$doGetBean$0(AbstractBeanFactory.java:337)
	at org.springframework.beans.factory.support.DefaultSingletonBeanRegistry.getSingleton(DefaultSingletonBeanRegistry.java:234)
	at org.springframework.beans.factory.support.AbstractBeanFactory.doGetBean(AbstractBeanFactory.java:335)
	at org.springframework.beans.factory.support.AbstractBeanFactory.getBean(AbstractBeanFactory.java:200)
	at org.springframework.beans.factory.support.DefaultListableBeanFactory.getBeansOfType(DefaultListableBeanFactory.java:665)
	at org.springframework.beans.factory.BeanFactoryUtils.beansOfTypeIncludingAncestors(BeanFactoryUtils.java:368)
	at org.springframework.beans.factory.BeanFactoryUtils.beanOfTypeIncludingAncestors(BeanFactoryUtils.java:446)
	at org.springframework.security.config.annotation.web.configuration.OAuth2ClientConfiguration$OAuth2AuthorizedClientManagerRegistrar.getAuthorizedClientManager(OAuth2ClientConfiguration.java:233)
	at java.base/jdk.internal.reflect.DirectMethodHandleAccessor.invoke(DirectMethodHandleAccessor.java:103)
	at java.base/java.lang.reflect.Method.invoke(Method.java:580)
	at org.springframework.beans.factory.support.SimpleInstantiationStrategy.instantiate(SimpleInstantiationStrategy.java:146)
	... 103 common frames omitted
Caused by: org.springframework.beans.BeanInstantiationException: Failed to instantiate [org.springframework.security.oauth2.client.registration.InMemoryClientRegistrationRepository]: Factory method 'clientRegistrationRepository' threw exception with message: Unable to resolve Configuration with the provided Issuer of "https://accounts.google.com"
	at org.springframework.beans.factory.support.SimpleInstantiationStrategy.instantiate(SimpleInstantiationStrategy.java:178)
	at org.springframework.beans.factory.support.ConstructorResolver.instantiate(ConstructorResolver.java:644)
	... 119 common frames omitted
Caused by: java.lang.IllegalArgumentException: Unable to resolve Configuration with the provided Issuer of "https://accounts.google.com"
	at org.springframework.security.oauth2.client.registration.ClientRegistrations.getBuilder(ClientRegistrations.java:228)
	at org.springframework.security.oauth2.client.registration.ClientRegistrations.fromIssuerLocation(ClientRegistrations.java:152)
	at org.springframework.boot.autoconfigure.security.oauth2.client.OAuth2ClientPropertiesMapper.getBuilderFromIssuerIfPossible(OAuth2ClientPropertiesMapper.java:97)
	at org.springframework.boot.autoconfigure.security.oauth2.client.OAuth2ClientPropertiesMapper.getClientRegistration(OAuth2ClientPropertiesMapper.java:71)
	at org.springframework.boot.autoconfigure.security.oauth2.client.OAuth2ClientPropertiesMapper.lambda$asClientRegistrations$0(OAuth2ClientPropertiesMapper.java:65)
	at java.base/java.util.HashMap.forEach(HashMap.java:1430)
	at org.springframework.boot.autoconfigure.security.oauth2.client.OAuth2ClientPropertiesMapper.asClientRegistrations(OAuth2ClientPropertiesMapper.java:64)
	at org.springframework.boot.autoconfigure.security.oauth2.client.servlet.OAuth2ClientRegistrationRepositoryConfiguration.clientRegistrationRepository(OAuth2ClientRegistrationRepositoryConfiguration.java:49)
	at java.base/jdk.internal.reflect.DirectMethodHandleAccessor.invoke(DirectMethodHandleAccessor.java:103)
	at java.base/java.lang.reflect.Method.invoke(Method.java:580)
	at org.springframework.beans.factory.support.SimpleInstantiationStrategy.instantiate(SimpleInstantiationStrategy.java:146)
	... 120 common frames omitted
Caused by: org.springframework.web.client.ResourceAccessException: I/O error on GET request for "https://accounts.google.com/.well-known/openid-configuration": accounts.google.com
	at org.springframework.web.client.RestTemplate.createResourceAccessException(RestTemplate.java:915)
	at org.springframework.web.client.RestTemplate.doExecute(RestTemplate.java:895)
	at org.springframework.web.client.RestTemplate.exchange(RestTemplate.java:740)
	at org.springframework.security.oauth2.client.registration.ClientRegistrations.lambda$oidc$0(ClientRegistrations.java:163)
	at org.springframework.security.oauth2.client.registration.ClientRegistrations.getBuilder(ClientRegistrations.java:216)
	... 130 common frames omitted
Caused by: java.net.UnknownHostException: accounts.google.com
	at java.base/sun.nio.ch.NioSocketImpl.connect(NioSocketImpl.java:567)
	at java.base/java.net.SocksSocketImpl.connect(SocksSocketImpl.java:327)
	at java.base/java.net.Socket.connect(Socket.java:760)
	at java.base/sun.security.ssl.SSLSocketImpl.connect(SSLSocketImpl.java:304)
	at java.base/sun.net.NetworkClient.doConnect(NetworkClient.java:178)
	at java.base/sun.net.www.http.HttpClient.openServer(HttpClient.java:531)
	at java.base/sun.net.www.http.HttpClient.openServer(HttpClient.java:636)
	at java.base/sun.net.www.protocol.https.HttpsClient.<init>(HttpsClient.java:264)
	at java.base/sun.net.www.protocol.https.HttpsClient.New(HttpsClient.java:377)
	at java.base/sun.net.www.protocol.https.AbstractDelegateHttpsURLConnection.getNewHttpClient(AbstractDelegateHttpsURLConnection.java:193)
	at java.base/sun.net.www.protocol.http.HttpURLConnection.plainConnect0(HttpURLConnection.java:1243)
	at java.base/sun.net.www.protocol.http.HttpURLConnection.plainConnect(HttpURLConnection.java:1129)
	at java.base/sun.net.www.protocol.https.AbstractDelegateHttpsURLConnection.connect(AbstractDelegateHttpsURLConnection.java:179)
	at java.base/sun.net.www.protocol.https.HttpsURLConnectionImpl.connect(HttpsURLConnectionImpl.java:141)
	at org.springframework.http.client.SimpleClientHttpRequest.executeInternal(SimpleClientHttpRequest.java:79)
	at org.springframework.http.client.AbstractStreamingClientHttpRequest.executeInternal(AbstractStreamingClientHttpRequest.java:70)
	at org.springframework.http.client.AbstractClientHttpRequest.execute(AbstractClientHttpRequest.java:66)
	at org.springframework.web.client.RestTemplate.doExecute(RestTemplate.java:889)
	... 133 common frames omitted
2025-04-18 10:25:04 [background-preinit] [INFO] o.h.validator.internal.util.Version - HV000001: Hibernate Validator 8.0.1.Final
2025-04-18 10:25:04 [restartedMain] [INFO] r.k.alliance.AllianceApplication - Starting AllianceApplication using Java 23.0.1 with PID 10388 (C:\Users\Zver\Desktop\Projects\alliance\target\classes started by pavel in C:\Users\Zver\Desktop\Projects\alliance)
2025-04-18 10:25:04 [restartedMain] [INFO] r.k.alliance.AllianceApplication - No active profile set, falling back to 1 default profile: "default"
2025-04-18 10:25:04 [restartedMain] [INFO] o.s.b.d.e.DevToolsPropertyDefaultsPostProcessor - Devtools property defaults active! Set 'spring.devtools.add-properties' to 'false' to disable
2025-04-18 10:25:04 [restartedMain] [INFO] o.s.b.d.e.DevToolsPropertyDefaultsPostProcessor - For additional web related logging consider setting the 'logging.level.web' property to 'DEBUG'
2025-04-18 10:25:06 [restartedMain] [INFO] o.s.d.r.c.RepositoryConfigurationDelegate - Bootstrapping Spring Data JPA repositories in DEFAULT mode.
2025-04-18 10:25:06 [restartedMain] [INFO] o.s.d.r.c.RepositoryConfigurationDelegate - Finished Spring Data repository scanning in 105 ms. Found 11 JPA repository interfaces.
2025-04-18 10:25:07 [restartedMain] [INFO] o.s.b.w.e.tomcat.TomcatWebServer - Tomcat initialized with port 8080 (http)
2025-04-18 10:25:07 [restartedMain] [INFO] o.a.coyote.http11.Http11NioProtocol - Initializing ProtocolHandler ["http-nio-8080"]
2025-04-18 10:25:07 [restartedMain] [INFO] o.a.catalina.core.StandardService - Starting service [Tomcat]
2025-04-18 10:25:07 [restartedMain] [INFO] o.a.catalina.core.StandardEngine - Starting Servlet engine: [Apache Tomcat/10.1.31]
2025-04-18 10:25:07 [restartedMain] [INFO] o.a.c.c.C.[Tomcat].[localhost].[/] - Initializing Spring embedded WebApplicationContext
2025-04-18 10:25:07 [restartedMain] [INFO] o.s.b.w.s.c.ServletWebServerApplicationContext - Root WebApplicationContext: initialization completed in 2588 ms
2025-04-18 10:25:07 [restartedMain] [INFO] com.zaxxer.hikari.HikariDataSource - HikariPool-1 - Starting...
2025-04-18 10:25:08 [restartedMain] [INFO] com.zaxxer.hikari.pool.HikariPool - HikariPool-1 - Added connection org.postgresql.jdbc.PgConnection@12445ec8
2025-04-18 10:25:08 [restartedMain] [INFO] com.zaxxer.hikari.HikariDataSource - HikariPool-1 - Start completed.
2025-04-18 10:25:08 [restartedMain] [INFO] o.h.jpa.internal.util.LogHelper - HHH000204: Processing PersistenceUnitInfo [name: default]
2025-04-18 10:25:08 [restartedMain] [INFO] org.hibernate.Version - HHH000412: Hibernate ORM core version 6.5.3.Final
2025-04-18 10:25:08 [restartedMain] [INFO] o.h.c.i.RegionFactoryInitiator - HHH000026: Second-level cache disabled
2025-04-18 10:25:08 [restartedMain] [INFO] o.s.o.j.p.SpringPersistenceUnitInfo - No LoadTimeWeaver setup: ignoring JPA class transformer
2025-04-18 10:25:10 [restartedMain] [INFO] o.h.e.t.j.p.i.JtaPlatformInitiator - HHH000489: No JTA platform available (set 'hibernate.transaction.jta.platform' to enable JTA platform integration)
2025-04-18 10:25:10 [restartedMain] [INFO] o.s.o.j.LocalContainerEntityManagerFactoryBean - Initialized JPA EntityManagerFactory for persistence unit 'default'
2025-04-18 10:25:10 [restartedMain] [INFO] o.s.d.j.r.query.QueryEnhancerFactory - Hibernate is in classpath; If applicable, HQL parser will be used.
2025-04-18 10:25:12 [restartedMain] [WARN] o.s.b.a.o.j.JpaBaseConfiguration$JpaWebConfiguration - spring.jpa.open-in-view is enabled by default. Therefore, database queries may be performed during view rendering. Explicitly configure spring.jpa.open-in-view to disable this warning
2025-04-18 10:25:12 [restartedMain] [INFO] o.s.s.c.a.a.c.InitializeUserDetailsBeanManagerConfigurer$InitializeUserDetailsManagerConfigurer - Global AuthenticationManager configured with UserDetailsService bean with name myUserDetailsService
2025-04-18 10:25:13 [restartedMain] [INFO] o.s.b.a.e.web.EndpointLinksResolver - Exposing 1 endpoint beneath base path '/actuator'
2025-04-18 10:25:13 [restartedMain] [DEBUG] o.s.s.w.a.e.ExpressionBasedFilterInvocationSecurityMetadataSource - Adding web access control expression [permitAll] for ExactUrl [processUrl='/login?error']
2025-04-18 10:25:13 [restartedMain] [DEBUG] o.s.s.w.a.e.ExpressionBasedFilterInvocationSecurityMetadataSource - Adding web access control expression [permitAll] for ExactUrl [processUrl='/login']
2025-04-18 10:25:13 [restartedMain] [DEBUG] o.s.s.w.a.e.ExpressionBasedFilterInvocationSecurityMetadataSource - Adding web access control expression [permitAll] for ExactUrl [processUrl='/login']
2025-04-18 10:25:13 [restartedMain] [DEBUG] o.s.s.w.a.e.ExpressionBasedFilterInvocationSecurityMetadataSource - Adding web access control expression [permitAll] for Ant [pattern='/logout', POST]
2025-04-18 10:25:13 [restartedMain] [DEBUG] o.s.s.w.a.e.ExpressionBasedFilterInvocationSecurityMetadataSource - Adding web access control expression [permitAll] for ExactUrl [processUrl='/realty']
2025-04-18 10:25:13 [restartedMain] [DEBUG] o.s.s.w.a.e.ExpressionBasedFilterInvocationSecurityMetadataSource - Adding web access control expression [authenticated] for Deferred [Mvc [pattern='/realty/new'], Ant [pattern='/realty/new']]
2025-04-18 10:25:13 [restartedMain] [DEBUG] o.s.s.w.a.e.ExpressionBasedFilterInvocationSecurityMetadataSource - Adding web access control expression [authenticated] for Deferred [Mvc [pattern='/realty/edit/**'], Ant [pattern='/realty/edit/**']]
2025-04-18 10:25:13 [restartedMain] [DEBUG] o.s.s.w.a.e.ExpressionBasedFilterInvocationSecurityMetadataSource - Adding web access control expression [authenticated] for Deferred [Mvc [pattern='/realty/delete/**'], Ant [pattern='/realty/delete/**']]
2025-04-18 10:25:13 [restartedMain] [DEBUG] o.s.s.w.a.e.ExpressionBasedFilterInvocationSecurityMetadataSource - Adding web access control expression [permitAll] for any request
2025-04-18 10:25:13 [restartedMain] [DEBUG] o.s.s.web.DefaultSecurityFilterChain - Will secure any request with filters: DisableEncodeUrlFilter, WebAsyncManagerIntegrationFilter, SecurityContextHolderFilter, HeaderWriterFilter, CsrfFilter, LogoutFilter, OAuth2AuthorizationRequestRedirectFilter, OAuth2LoginAuthenticationFilter, UsernamePasswordAuthenticationFilter, ConcurrentSessionFilter, RequestCacheAwareFilter, SecurityContextHolderAwareRequestFilter, AnonymousAuthenticationFilter, SessionManagementFilter, ExceptionTranslationFilter, FilterSecurityInterceptor
2025-04-18 10:25:14 [restartedMain] [INFO] o.s.b.d.a.OptionalLiveReloadServer - LiveReload server is running on port 35729
2025-04-18 10:25:14 [restartedMain] [INFO] o.a.coyote.http11.Http11NioProtocol - Starting ProtocolHandler ["http-nio-8080"]
2025-04-18 10:25:14 [restartedMain] [INFO] o.s.b.w.e.tomcat.TomcatWebServer - Tomcat started on port 8080 (http) with context path '/'
2025-04-18 10:25:14 [restartedMain] [INFO] r.k.alliance.AllianceApplication - Started AllianceApplication in 9.85 seconds (process running for 11.39)
2025-04-18 10:25:14 [RMI TCP Connection(3)-192.168.2.209] [INFO] o.a.c.c.C.[Tomcat].[localhost].[/] - Initializing Spring DispatcherServlet 'dispatcherServlet'
2025-04-18 10:25:14 [RMI TCP Connection(3)-192.168.2.209] [INFO] o.s.web.servlet.DispatcherServlet - Initializing Servlet 'dispatcherServlet'
2025-04-18 10:25:14 [RMI TCP Connection(3)-192.168.2.209] [INFO] o.s.web.servlet.DispatcherServlet - Completed initialization in 2 ms
2025-04-18 10:25:19 [http-nio-8080-exec-1] [DEBUG] o.s.security.web.FilterChainProxy - Securing GET /admin/booking/edit/23
2025-04-18 10:25:19 [http-nio-8080-exec-1] [DEBUG] o.s.s.w.a.AnonymousAuthenticationFilter - Set SecurityContextHolder to anonymous SecurityContext
2025-04-18 10:25:19 [http-nio-8080-exec-1] [DEBUG] o.s.s.w.s.SessionManagementFilter - Request requested invalid session id B34112BDC2AF015F7BE02035C64CA498
2025-04-18 10:25:19 [http-nio-8080-exec-1] [DEBUG] o.s.s.w.a.i.FilterSecurityInterceptor - Authorized filter invocation [GET /admin/booking/edit/23] with attributes [permitAll]
2025-04-18 10:25:19 [http-nio-8080-exec-1] [DEBUG] o.s.security.web.FilterChainProxy - Secured GET /admin/booking/edit/23
2025-04-18 10:25:19 [http-nio-8080-exec-1] [DEBUG] o.s.s.a.m.AuthorizationManagerBeforeMethodInterceptor - Authorizing method invocation ReflectiveMethodInvocation: public java.lang.String ru.kozelsk.alliance.controllers.admin.booking.BookingAdminController.editBooking(int,java.time.LocalDate,java.lang.String,java.lang.Double,org.springframework.ui.Model); target is of class [ru.kozelsk.alliance.controllers.admin.booking.BookingAdminController]
2025-04-18 10:25:19 [http-nio-8080-exec-1] [INFO] r.k.a.u.s.CheckAuthorizeService - checkAdmin2: principal != null
2025-04-18 10:25:19 [http-nio-8080-exec-1] [INFO] r.k.a.u.s.CheckAuthorizeService - Principal2 is String
2025-04-18 10:25:19 [http-nio-8080-exec-1] [INFO] r.k.a.u.s.CheckAuthorizeService - Checking admin2 rights for email: anonymousUser
2025-04-18 10:25:19 [http-nio-8080-exec-1] [DEBUG] o.s.s.a.m.AuthorizationManagerBeforeMethodInterceptor - Failed to authorize ReflectiveMethodInvocation: public java.lang.String ru.kozelsk.alliance.controllers.admin.booking.BookingAdminController.editBooking(int,java.time.LocalDate,java.lang.String,java.lang.Double,org.springframework.ui.Model); target is of class [ru.kozelsk.alliance.controllers.admin.booking.BookingAdminController] with authorization manager org.springframework.security.authorization.ObservationAuthorizationManager@55125f99 and decision ExpressionAuthorizationDecision [granted=false, expressionAttribute=@customSecurity.checkAdmin(authentication)]
2025-04-18 10:25:19 [http-nio-8080-exec-1] [DEBUG] o.s.s.w.s.HttpSessionRequestCache - Saved request http://localhost:8080/admin/booking/edit/23?continue to session
2025-04-18 10:25:19 [http-nio-8080-exec-1] [DEBUG] o.s.s.w.a.DelegatingAuthenticationEntryPoint - Trying to match using And [Not [RequestHeaderRequestMatcher [expectedHeaderName=X-Requested-With, expectedHeaderValue=XMLHttpRequest]], MediaTypeRequestMatcher [contentNegotiationStrategy=org.springframework.web.accept.ContentNegotiationManager@3aa60396, matchingMediaTypes=[application/xhtml+xml, image/*, text/html, text/plain], useEquals=false, ignoredMediaTypes=[*/*]]]
2025-04-18 10:25:19 [http-nio-8080-exec-1] [DEBUG] o.s.s.w.a.DelegatingAuthenticationEntryPoint - Match found! Executing org.springframework.security.web.authentication.LoginUrlAuthenticationEntryPoint@37549f23
2025-04-18 10:25:19 [http-nio-8080-exec-1] [DEBUG] o.s.s.web.DefaultRedirectStrategy - Redirecting to http://localhost:8080/login
2025-04-18 10:25:19 [http-nio-8080-exec-2] [DEBUG] o.s.security.web.FilterChainProxy - Securing GET /login
2025-04-18 10:25:19 [http-nio-8080-exec-2] [DEBUG] o.s.s.w.a.AnonymousAuthenticationFilter - Set SecurityContextHolder to anonymous SecurityContext
2025-04-18 10:25:19 [http-nio-8080-exec-2] [DEBUG] o.s.s.w.a.i.FilterSecurityInterceptor - Authorized filter invocation [GET /login] with attributes [permitAll]
2025-04-18 10:25:19 [http-nio-8080-exec-2] [DEBUG] o.s.security.web.FilterChainProxy - Secured GET /login
2025-04-18 10:25:20 [http-nio-8080-exec-3] [DEBUG] o.s.security.web.FilterChainProxy - Securing GET /img/logo_alliance.png
2025-04-18 10:25:20 [http-nio-8080-exec-3] [DEBUG] o.s.s.w.a.AnonymousAuthenticationFilter - Set SecurityContextHolder to anonymous SecurityContext
2025-04-18 10:25:20 [http-nio-8080-exec-3] [DEBUG] o.s.s.w.a.i.FilterSecurityInterceptor - Authorized filter invocation [GET /img/logo_alliance.png] with attributes [permitAll]
2025-04-18 10:25:20 [http-nio-8080-exec-3] [DEBUG] o.s.security.web.FilterChainProxy - Secured GET /img/logo_alliance.png
2025-04-18 10:25:22 [http-nio-8080-exec-4] [DEBUG] o.s.security.web.FilterChainProxy - Securing GET /oauth2/authorization/google
2025-04-18 10:25:22 [http-nio-8080-exec-4] [DEBUG] o.s.s.web.DefaultRedirectStrategy - Redirecting to https://accounts.google.com/o/oauth2/v2/auth?response_type=code&client_id=909915657042-l07l5jl8r3v54r15k12hp7vev9dor6r7.apps.googleusercontent.com&scope=openid%20email%20profile&state=bl4OagxPDfqrUlx_047E0eHZKJAWI8JhcqMKrWwS4Yo%3D&redirect_uri=http://localhost:8080/login/oauth2/code/google&nonce=rVB9z2VK3RkxPMY1aSpLXA1LTzfIhpKGnTKpjzpx7mE
2025-04-18 10:25:26 [http-nio-8080-exec-5] [DEBUG] o.s.security.web.FilterChainProxy - Securing GET /login/oauth2/code/google?state=bl4OagxPDfqrUlx_047E0eHZKJAWI8JhcqMKrWwS4Yo%3D&code=4%2F0Ab_5qll_i2bSKfQQ41RpY2u6afIiydvpAZhxrqMuhuUTme6bqmmIMBXa6Zg2Ay-1mEvmfg&scope=email+profile+openid+https%3A%2F%2Fwww.googleapis.com%2Fauth%2Fuserinfo.email+https%3A%2F%2Fwww.googleapis.com%2Fauth%2Fuserinfo.profile&authuser=0&prompt=none
2025-04-18 10:25:26 [http-nio-8080-exec-5] [DEBUG] o.s.s.w.a.s.SessionFixationProtectionStrategy - Invalidating session with Id 'C6EED896D010ABE78F09743AF572D3F2' and migrating attributes.
2025-04-18 10:25:26 [http-nio-8080-exec-5] [DEBUG] o.s.s.w.a.s.SessionFixationProtectionStrategy - Started new session: 487DBE275E0EFED6FB0F48932884A266
2025-04-18 10:25:26 [http-nio-8080-exec-5] [DEBUG] o.s.s.w.a.s.SessionFixationProtectionStrategy - Changed session id from C6EED896D010ABE78F09743AF572D3F2
2025-04-18 10:25:26 [http-nio-8080-exec-5] [DEBUG] o.s.s.c.session.SessionRegistryImpl - Registering session 487DBE275E0EFED6FB0F48932884A266, for principal Name: [107234087105093742255], Granted Authorities: [[OIDC_USER, SCOPE_https://www.googleapis.com/auth/userinfo.email, SCOPE_https://www.googleapis.com/auth/userinfo.profile, SCOPE_openid]], User Attributes: [{at_hash=QIn4N3UChPr1lEyVahXWIw, sub=107234087105093742255, email_verified=true, iss=https://accounts.google.com, given_name=Павел, nonce=rVB9z2VK3RkxPMY1aSpLXA1LTzfIhpKGnTKpjzpx7mE, picture=https://lh3.googleusercontent.com/a/ACg8ocJJoh9jonlTH61VWgvXCiXb0zCDjifGZZtZ30sCErS3N5ntDw=s96-c, aud=[909915657042-l07l5jl8r3v54r15k12hp7vev9dor6r7.apps.googleusercontent.com], azp=909915657042-l07l5jl8r3v54r15k12hp7vev9dor6r7.apps.googleusercontent.com, name=Павел Королев, exp=2025-04-18T08:25:26Z, family_name=Королев, iat=2025-04-18T07:25:26Z, email=passapdom@gmail.com}]
2025-04-18 10:25:26 [http-nio-8080-exec-5] [DEBUG] o.s.s.w.c.CsrfAuthenticationStrategy - Replaced CSRF Token
2025-04-18 10:25:26 [http-nio-8080-exec-5] [DEBUG] o.s.s.w.c.HttpSessionSecurityContextRepository - Stored SecurityContextImpl [Authentication=OAuth2AuthenticationToken [Principal=Name: [107234087105093742255], Granted Authorities: [[OIDC_USER, SCOPE_https://www.googleapis.com/auth/userinfo.email, SCOPE_https://www.googleapis.com/auth/userinfo.profile, SCOPE_openid]], User Attributes: [{at_hash=QIn4N3UChPr1lEyVahXWIw, sub=107234087105093742255, email_verified=true, iss=https://accounts.google.com, given_name=Павел, nonce=rVB9z2VK3RkxPMY1aSpLXA1LTzfIhpKGnTKpjzpx7mE, picture=https://lh3.googleusercontent.com/a/ACg8ocJJoh9jonlTH61VWgvXCiXb0zCDjifGZZtZ30sCErS3N5ntDw=s96-c, aud=[909915657042-l07l5jl8r3v54r15k12hp7vev9dor6r7.apps.googleusercontent.com], azp=909915657042-l07l5jl8r3v54r15k12hp7vev9dor6r7.apps.googleusercontent.com, name=Павел Королев, exp=2025-04-18T08:25:26Z, family_name=Королев, iat=2025-04-18T07:25:26Z, email=passapdom@gmail.com}], Credentials=[PROTECTED], Authenticated=true, Details=WebAuthenticationDetails [RemoteIpAddress=0:0:0:0:0:0:0:1, SessionId=C6EED896D010ABE78F09743AF572D3F2], Granted Authorities=[OIDC_USER, SCOPE_https://www.googleapis.com/auth/userinfo.email, SCOPE_https://www.googleapis.com/auth/userinfo.profile, SCOPE_openid]]] to HttpSession [org.apache.catalina.session.StandardSessionFacade@3c4b97d0]
2025-04-18 10:25:26 [http-nio-8080-exec-5] [DEBUG] o.s.s.o.c.w.OAuth2LoginAuthenticationFilter - Set SecurityContextHolder to OAuth2AuthenticationToken [Principal=Name: [107234087105093742255], Granted Authorities: [[OIDC_USER, SCOPE_https://www.googleapis.com/auth/userinfo.email, SCOPE_https://www.googleapis.com/auth/userinfo.profile, SCOPE_openid]], User Attributes: [{at_hash=QIn4N3UChPr1lEyVahXWIw, sub=107234087105093742255, email_verified=true, iss=https://accounts.google.com, given_name=Павел, nonce=rVB9z2VK3RkxPMY1aSpLXA1LTzfIhpKGnTKpjzpx7mE, picture=https://lh3.googleusercontent.com/a/ACg8ocJJoh9jonlTH61VWgvXCiXb0zCDjifGZZtZ30sCErS3N5ntDw=s96-c, aud=[909915657042-l07l5jl8r3v54r15k12hp7vev9dor6r7.apps.googleusercontent.com], azp=909915657042-l07l5jl8r3v54r15k12hp7vev9dor6r7.apps.googleusercontent.com, name=Павел Королев, exp=2025-04-18T08:25:26Z, family_name=Королев, iat=2025-04-18T07:25:26Z, email=passapdom@gmail.com}], Credentials=[PROTECTED], Authenticated=true, Details=WebAuthenticationDetails [RemoteIpAddress=0:0:0:0:0:0:0:1, SessionId=C6EED896D010ABE78F09743AF572D3F2], Granted Authorities=[OIDC_USER, SCOPE_https://www.googleapis.com/auth/userinfo.email, SCOPE_https://www.googleapis.com/auth/userinfo.profile, SCOPE_openid]]
2025-04-18 10:25:26 [http-nio-8080-exec-5] [INFO] r.k.a.c.MyCustomAuthenticationSuccessHandler - onAuthenticationSuccess os starting
2025-04-18 10:25:26 [http-nio-8080-exec-5] [INFO] r.k.a.s.users.MyUserDetailsService - registerUser in service is starting
2025-04-18 10:25:27 [http-nio-8080-exec-6] [DEBUG] o.s.security.web.FilterChainProxy - Securing GET /realty
2025-04-18 10:25:27 [http-nio-8080-exec-6] [DEBUG] o.s.s.w.c.HttpSessionSecurityContextRepository - Retrieved SecurityContextImpl [Authentication=OAuth2AuthenticationToken [Principal=Name: [107234087105093742255], Granted Authorities: [[OIDC_USER, SCOPE_https://www.googleapis.com/auth/userinfo.email, SCOPE_https://www.googleapis.com/auth/userinfo.profile, SCOPE_openid]], User Attributes: [{at_hash=QIn4N3UChPr1lEyVahXWIw, sub=107234087105093742255, email_verified=true, iss=https://accounts.google.com, given_name=Павел, nonce=rVB9z2VK3RkxPMY1aSpLXA1LTzfIhpKGnTKpjzpx7mE, picture=https://lh3.googleusercontent.com/a/ACg8ocJJoh9jonlTH61VWgvXCiXb0zCDjifGZZtZ30sCErS3N5ntDw=s96-c, aud=[909915657042-l07l5jl8r3v54r15k12hp7vev9dor6r7.apps.googleusercontent.com], azp=909915657042-l07l5jl8r3v54r15k12hp7vev9dor6r7.apps.googleusercontent.com, name=Павел Королев, exp=2025-04-18T08:25:26Z, family_name=Королев, iat=2025-04-18T07:25:26Z, email=passapdom@gmail.com}], Credentials=[PROTECTED], Authenticated=true, Details=WebAuthenticationDetails [RemoteIpAddress=0:0:0:0:0:0:0:1, SessionId=C6EED896D010ABE78F09743AF572D3F2], Granted Authorities=[OIDC_USER, SCOPE_https://www.googleapis.com/auth/userinfo.email, SCOPE_https://www.googleapis.com/auth/userinfo.profile, SCOPE_openid]]]
2025-04-18 10:25:27 [http-nio-8080-exec-6] [DEBUG] o.s.s.w.a.i.FilterSecurityInterceptor - Authorized filter invocation [GET /realty] with attributes [permitAll]
2025-04-18 10:25:27 [http-nio-8080-exec-6] [DEBUG] o.s.security.web.FilterChainProxy - Secured GET /realty
2025-04-18 10:25:27 [http-nio-8080-exec-6] [INFO] r.k.a.u.s.CheckAuthorizeService - checkAdmin is starting, principal: OAuth2AuthenticationToken [Principal=Name: [107234087105093742255], Granted Authorities: [[OIDC_USER, SCOPE_https://www.googleapis.com/auth/userinfo.email, SCOPE_https://www.googleapis.com/auth/userinfo.profile, SCOPE_openid]], User Attributes: [{at_hash=QIn4N3UChPr1lEyVahXWIw, sub=107234087105093742255, email_verified=true, iss=https://accounts.google.com, given_name=Павел, nonce=rVB9z2VK3RkxPMY1aSpLXA1LTzfIhpKGnTKpjzpx7mE, picture=https://lh3.googleusercontent.com/a/ACg8ocJJoh9jonlTH61VWgvXCiXb0zCDjifGZZtZ30sCErS3N5ntDw=s96-c, aud=[909915657042-l07l5jl8r3v54r15k12hp7vev9dor6r7.apps.googleusercontent.com], azp=909915657042-l07l5jl8r3v54r15k12hp7vev9dor6r7.apps.googleusercontent.com, name=Павел Королев, exp=2025-04-18T08:25:26Z, family_name=Королев, iat=2025-04-18T07:25:26Z, email=passapdom@gmail.com}], Credentials=[PROTECTED], Authenticated=true, Details=WebAuthenticationDetails [RemoteIpAddress=0:0:0:0:0:0:0:1, SessionId=C6EED896D010ABE78F09743AF572D3F2], Granted Authorities=[OIDC_USER, SCOPE_https://www.googleapis.com/auth/userinfo.email, SCOPE_https://www.googleapis.com/auth/userinfo.profile, SCOPE_openid]]
2025-04-18 10:25:27 [http-nio-8080-exec-6] [INFO] r.k.a.u.s.CheckAuthorizeService - checkAdmin: principal != null
2025-04-18 10:25:27 [http-nio-8080-exec-6] [INFO] r.k.a.u.s.CheckAuthorizeService - Principal is OAuth2AuthenticationToken
2025-04-18 10:25:27 [http-nio-8080-exec-6] [INFO] r.k.a.u.s.CheckAuthorizeService - Checking admin rights for email: passapdom@gmail.com
2025-04-18 10:25:27 [http-nio-8080-exec-6] [INFO] r.k.a.u.s.CheckAuthorizeService - User roles: [ADMIN]
2025-04-18 10:25:27 [http-nio-8080-exec-7] [DEBUG] o.s.security.web.FilterChainProxy - Securing GET /css/styles.css
2025-04-18 10:25:27 [http-nio-8080-exec-7] [DEBUG] o.s.s.w.c.HttpSessionSecurityContextRepository - Retrieved SecurityContextImpl [Authentication=OAuth2AuthenticationToken [Principal=Name: [107234087105093742255], Granted Authorities: [[OIDC_USER, SCOPE_https://www.googleapis.com/auth/userinfo.email, SCOPE_https://www.googleapis.com/auth/userinfo.profile, SCOPE_openid]], User Attributes: [{at_hash=QIn4N3UChPr1lEyVahXWIw, sub=107234087105093742255, email_verified=true, iss=https://accounts.google.com, given_name=Павел, nonce=rVB9z2VK3RkxPMY1aSpLXA1LTzfIhpKGnTKpjzpx7mE, picture=https://lh3.googleusercontent.com/a/ACg8ocJJoh9jonlTH61VWgvXCiXb0zCDjifGZZtZ30sCErS3N5ntDw=s96-c, aud=[909915657042-l07l5jl8r3v54r15k12hp7vev9dor6r7.apps.googleusercontent.com], azp=909915657042-l07l5jl8r3v54r15k12hp7vev9dor6r7.apps.googleusercontent.com, name=Павел Королев, exp=2025-04-18T08:25:26Z, family_name=Королев, iat=2025-04-18T07:25:26Z, email=passapdom@gmail.com}], Credentials=[PROTECTED], Authenticated=true, Details=WebAuthenticationDetails [RemoteIpAddress=0:0:0:0:0:0:0:1, SessionId=C6EED896D010ABE78F09743AF572D3F2], Granted Authorities=[OIDC_USER, SCOPE_https://www.googleapis.com/auth/userinfo.email, SCOPE_https://www.googleapis.com/auth/userinfo.profile, SCOPE_openid]]]
2025-04-18 10:25:27 [http-nio-8080-exec-7] [DEBUG] o.s.s.w.a.i.FilterSecurityInterceptor - Authorized filter invocation [GET /css/styles.css] with attributes [permitAll]
2025-04-18 10:25:27 [http-nio-8080-exec-7] [DEBUG] o.s.security.web.FilterChainProxy - Secured GET /css/styles.css
2025-04-18 10:25:27 [http-nio-8080-exec-9] [DEBUG] o.s.security.web.FilterChainProxy - Securing GET /img/agency.jpg
2025-04-18 10:25:27 [http-nio-8080-exec-8] [DEBUG] o.s.security.web.FilterChainProxy - Securing GET /img/logo_alliance.png
2025-04-18 10:25:27 [http-nio-8080-exec-9] [DEBUG] o.s.s.w.c.HttpSessionSecurityContextRepository - Retrieved SecurityContextImpl [Authentication=OAuth2AuthenticationToken [Principal=Name: [107234087105093742255], Granted Authorities: [[OIDC_USER, SCOPE_https://www.googleapis.com/auth/userinfo.email, SCOPE_https://www.googleapis.com/auth/userinfo.profile, SCOPE_openid]], User Attributes: [{at_hash=QIn4N3UChPr1lEyVahXWIw, sub=107234087105093742255, email_verified=true, iss=https://accounts.google.com, given_name=Павел, nonce=rVB9z2VK3RkxPMY1aSpLXA1LTzfIhpKGnTKpjzpx7mE, picture=https://lh3.googleusercontent.com/a/ACg8ocJJoh9jonlTH61VWgvXCiXb0zCDjifGZZtZ30sCErS3N5ntDw=s96-c, aud=[909915657042-l07l5jl8r3v54r15k12hp7vev9dor6r7.apps.googleusercontent.com], azp=909915657042-l07l5jl8r3v54r15k12hp7vev9dor6r7.apps.googleusercontent.com, name=Павел Королев, exp=2025-04-18T08:25:26Z, family_name=Королев, iat=2025-04-18T07:25:26Z, email=passapdom@gmail.com}], Credentials=[PROTECTED], Authenticated=true, Details=WebAuthenticationDetails [RemoteIpAddress=0:0:0:0:0:0:0:1, SessionId=C6EED896D010ABE78F09743AF572D3F2], Granted Authorities=[OIDC_USER, SCOPE_https://www.googleapis.com/auth/userinfo.email, SCOPE_https://www.googleapis.com/auth/userinfo.profile, SCOPE_openid]]]
2025-04-18 10:25:27 [http-nio-8080-exec-9] [DEBUG] o.s.s.w.a.i.FilterSecurityInterceptor - Authorized filter invocation [GET /img/agency.jpg] with attributes [permitAll]
2025-04-18 10:25:27 [http-nio-8080-exec-9] [DEBUG] o.s.security.web.FilterChainProxy - Secured GET /img/agency.jpg
2025-04-18 10:25:27 [http-nio-8080-exec-8] [DEBUG] o.s.s.w.c.HttpSessionSecurityContextRepository - Retrieved SecurityContextImpl [Authentication=OAuth2AuthenticationToken [Principal=Name: [107234087105093742255], Granted Authorities: [[OIDC_USER, SCOPE_https://www.googleapis.com/auth/userinfo.email, SCOPE_https://www.googleapis.com/auth/userinfo.profile, SCOPE_openid]], User Attributes: [{at_hash=QIn4N3UChPr1lEyVahXWIw, sub=107234087105093742255, email_verified=true, iss=https://accounts.google.com, given_name=Павел, nonce=rVB9z2VK3RkxPMY1aSpLXA1LTzfIhpKGnTKpjzpx7mE, picture=https://lh3.googleusercontent.com/a/ACg8ocJJoh9jonlTH61VWgvXCiXb0zCDjifGZZtZ30sCErS3N5ntDw=s96-c, aud=[909915657042-l07l5jl8r3v54r15k12hp7vev9dor6r7.apps.googleusercontent.com], azp=909915657042-l07l5jl8r3v54r15k12hp7vev9dor6r7.apps.googleusercontent.com, name=Павел Королев, exp=2025-04-18T08:25:26Z, family_name=Королев, iat=2025-04-18T07:25:26Z, email=passapdom@gmail.com}], Credentials=[PROTECTED], Authenticated=true, Details=WebAuthenticationDetails [RemoteIpAddress=0:0:0:0:0:0:0:1, SessionId=C6EED896D010ABE78F09743AF572D3F2], Granted Authorities=[OIDC_USER, SCOPE_https://www.googleapis.com/auth/userinfo.email, SCOPE_https://www.googleapis.com/auth/userinfo.profile, SCOPE_openid]]]
2025-04-18 10:25:27 [http-nio-8080-exec-8] [DEBUG] o.s.s.w.a.i.FilterSecurityInterceptor - Authorized filter invocation [GET /img/logo_alliance.png] with attributes [permitAll]
2025-04-18 10:25:27 [http-nio-8080-exec-8] [DEBUG] o.s.security.web.FilterChainProxy - Secured GET /img/logo_alliance.png
2025-04-18 10:25:27 [http-nio-8080-exec-10] [DEBUG] o.s.security.web.FilterChainProxy - Securing GET /images/advertisementSale/d4315efc-c703-4501-a94b-81ff7ce200a0_photo_2024-12-23_22-17-59.jpg
2025-04-18 10:25:27 [http-nio-8080-exec-10] [DEBUG] o.s.s.w.c.HttpSessionSecurityContextRepository - Retrieved SecurityContextImpl [Authentication=OAuth2AuthenticationToken [Principal=Name: [107234087105093742255], Granted Authorities: [[OIDC_USER, SCOPE_https://www.googleapis.com/auth/userinfo.email, SCOPE_https://www.googleapis.com/auth/userinfo.profile, SCOPE_openid]], User Attributes: [{at_hash=QIn4N3UChPr1lEyVahXWIw, sub=107234087105093742255, email_verified=true, iss=https://accounts.google.com, given_name=Павел, nonce=rVB9z2VK3RkxPMY1aSpLXA1LTzfIhpKGnTKpjzpx7mE, picture=https://lh3.googleusercontent.com/a/ACg8ocJJoh9jonlTH61VWgvXCiXb0zCDjifGZZtZ30sCErS3N5ntDw=s96-c, aud=[909915657042-l07l5jl8r3v54r15k12hp7vev9dor6r7.apps.googleusercontent.com], azp=909915657042-l07l5jl8r3v54r15k12hp7vev9dor6r7.apps.googleusercontent.com, name=Павел Королев, exp=2025-04-18T08:25:26Z, family_name=Королев, iat=2025-04-18T07:25:26Z, email=passapdom@gmail.com}], Credentials=[PROTECTED], Authenticated=true, Details=WebAuthenticationDetails [RemoteIpAddress=0:0:0:0:0:0:0:1, SessionId=C6EED896D010ABE78F09743AF572D3F2], Granted Authorities=[OIDC_USER, SCOPE_https://www.googleapis.com/auth/userinfo.email, SCOPE_https://www.googleapis.com/auth/userinfo.profile, SCOPE_openid]]]
2025-04-18 10:25:27 [http-nio-8080-exec-10] [DEBUG] o.s.s.w.a.i.FilterSecurityInterceptor - Authorized filter invocation [GET /images/advertisementSale/d4315efc-c703-4501-a94b-81ff7ce200a0_photo_2024-12-23_22-17-59.jpg] with attributes [permitAll]
2025-04-18 10:25:27 [http-nio-8080-exec-10] [DEBUG] o.s.security.web.FilterChainProxy - Secured GET /images/advertisementSale/d4315efc-c703-4501-a94b-81ff7ce200a0_photo_2024-12-23_22-17-59.jpg
2025-04-18 10:25:27 [http-nio-8080-exec-1] [DEBUG] o.s.security.web.FilterChainProxy - Securing GET /images/advertisementSale/f59acdf2-baf6-4bc0-b36b-35e41bacd18b_photo_2024-12-23_22-17-54.jpg
2025-04-18 10:25:27 [http-nio-8080-exec-1] [DEBUG] o.s.s.w.c.HttpSessionSecurityContextRepository - Retrieved SecurityContextImpl [Authentication=OAuth2AuthenticationToken [Principal=Name: [107234087105093742255], Granted Authorities: [[OIDC_USER, SCOPE_https://www.googleapis.com/auth/userinfo.email, SCOPE_https://www.googleapis.com/auth/userinfo.profile, SCOPE_openid]], User Attributes: [{at_hash=QIn4N3UChPr1lEyVahXWIw, sub=107234087105093742255, email_verified=true, iss=https://accounts.google.com, given_name=Павел, nonce=rVB9z2VK3RkxPMY1aSpLXA1LTzfIhpKGnTKpjzpx7mE, picture=https://lh3.googleusercontent.com/a/ACg8ocJJoh9jonlTH61VWgvXCiXb0zCDjifGZZtZ30sCErS3N5ntDw=s96-c, aud=[909915657042-l07l5jl8r3v54r15k12hp7vev9dor6r7.apps.googleusercontent.com], azp=909915657042-l07l5jl8r3v54r15k12hp7vev9dor6r7.apps.googleusercontent.com, name=Павел Королев, exp=2025-04-18T08:25:26Z, family_name=Королев, iat=2025-04-18T07:25:26Z, email=passapdom@gmail.com}], Credentials=[PROTECTED], Authenticated=true, Details=WebAuthenticationDetails [RemoteIpAddress=0:0:0:0:0:0:0:1, SessionId=C6EED896D010ABE78F09743AF572D3F2], Granted Authorities=[OIDC_USER, SCOPE_https://www.googleapis.com/auth/userinfo.email, SCOPE_https://www.googleapis.com/auth/userinfo.profile, SCOPE_openid]]]
2025-04-18 10:25:27 [http-nio-8080-exec-1] [DEBUG] o.s.s.w.a.i.FilterSecurityInterceptor - Authorized filter invocation [GET /images/advertisementSale/f59acdf2-baf6-4bc0-b36b-35e41bacd18b_photo_2024-12-23_22-17-54.jpg] with attributes [permitAll]
2025-04-18 10:25:27 [http-nio-8080-exec-1] [DEBUG] o.s.security.web.FilterChainProxy - Secured GET /images/advertisementSale/f59acdf2-baf6-4bc0-b36b-35e41bacd18b_photo_2024-12-23_22-17-54.jpg
2025-04-18 10:25:27 [http-nio-8080-exec-2] [DEBUG] o.s.security.web.FilterChainProxy - Securing GET /images/placeholder.jpg
2025-04-18 10:25:27 [http-nio-8080-exec-2] [DEBUG] o.s.s.w.c.HttpSessionSecurityContextRepository - Retrieved SecurityContextImpl [Authentication=OAuth2AuthenticationToken [Principal=Name: [107234087105093742255], Granted Authorities: [[OIDC_USER, SCOPE_https://www.googleapis.com/auth/userinfo.email, SCOPE_https://www.googleapis.com/auth/userinfo.profile, SCOPE_openid]], User Attributes: [{at_hash=QIn4N3UChPr1lEyVahXWIw, sub=107234087105093742255, email_verified=true, iss=https://accounts.google.com, given_name=Павел, nonce=rVB9z2VK3RkxPMY1aSpLXA1LTzfIhpKGnTKpjzpx7mE, picture=https://lh3.googleusercontent.com/a/ACg8ocJJoh9jonlTH61VWgvXCiXb0zCDjifGZZtZ30sCErS3N5ntDw=s96-c, aud=[909915657042-l07l5jl8r3v54r15k12hp7vev9dor6r7.apps.googleusercontent.com], azp=909915657042-l07l5jl8r3v54r15k12hp7vev9dor6r7.apps.googleusercontent.com, name=Павел Королев, exp=2025-04-18T08:25:26Z, family_name=Королев, iat=2025-04-18T07:25:26Z, email=passapdom@gmail.com}], Credentials=[PROTECTED], Authenticated=true, Details=WebAuthenticationDetails [RemoteIpAddress=0:0:0:0:0:0:0:1, SessionId=C6EED896D010ABE78F09743AF572D3F2], Granted Authorities=[OIDC_USER, SCOPE_https://www.googleapis.com/auth/userinfo.email, SCOPE_https://www.googleapis.com/auth/userinfo.profile, SCOPE_openid]]]
2025-04-18 10:25:27 [http-nio-8080-exec-3] [DEBUG] o.s.security.web.FilterChainProxy - Securing GET /images/advertisementSale/199952c8-f50d-4f4d-bedc-5c44f013ee64_Снимок экрана (6).png
2025-04-18 10:25:27 [http-nio-8080-exec-2] [DEBUG] o.s.s.w.a.i.FilterSecurityInterceptor - Authorized filter invocation [GET /images/placeholder.jpg] with attributes [permitAll]
2025-04-18 10:25:27 [http-nio-8080-exec-2] [DEBUG] o.s.security.web.FilterChainProxy - Secured GET /images/placeholder.jpg
2025-04-18 10:25:27 [http-nio-8080-exec-3] [DEBUG] o.s.s.w.c.HttpSessionSecurityContextRepository - Retrieved SecurityContextImpl [Authentication=OAuth2AuthenticationToken [Principal=Name: [107234087105093742255], Granted Authorities: [[OIDC_USER, SCOPE_https://www.googleapis.com/auth/userinfo.email, SCOPE_https://www.googleapis.com/auth/userinfo.profile, SCOPE_openid]], User Attributes: [{at_hash=QIn4N3UChPr1lEyVahXWIw, sub=107234087105093742255, email_verified=true, iss=https://accounts.google.com, given_name=Павел, nonce=rVB9z2VK3RkxPMY1aSpLXA1LTzfIhpKGnTKpjzpx7mE, picture=https://lh3.googleusercontent.com/a/ACg8ocJJoh9jonlTH61VWgvXCiXb0zCDjifGZZtZ30sCErS3N5ntDw=s96-c, aud=[909915657042-l07l5jl8r3v54r15k12hp7vev9dor6r7.apps.googleusercontent.com], azp=909915657042-l07l5jl8r3v54r15k12hp7vev9dor6r7.apps.googleusercontent.com, name=Павел Королев, exp=2025-04-18T08:25:26Z, family_name=Королев, iat=2025-04-18T07:25:26Z, email=passapdom@gmail.com}], Credentials=[PROTECTED], Authenticated=true, Details=WebAuthenticationDetails [RemoteIpAddress=0:0:0:0:0:0:0:1, SessionId=C6EED896D010ABE78F09743AF572D3F2], Granted Authorities=[OIDC_USER, SCOPE_https://www.googleapis.com/auth/userinfo.email, SCOPE_https://www.googleapis.com/auth/userinfo.profile, SCOPE_openid]]]
2025-04-18 10:25:27 [http-nio-8080-exec-3] [DEBUG] o.s.s.w.a.i.FilterSecurityInterceptor - Authorized filter invocation [GET /images/advertisementSale/199952c8-f50d-4f4d-bedc-5c44f013ee64_Снимок экрана (6).png] with attributes [permitAll]
2025-04-18 10:25:27 [http-nio-8080-exec-3] [DEBUG] o.s.security.web.FilterChainProxy - Secured GET /images/advertisementSale/199952c8-f50d-4f4d-bedc-5c44f013ee64_Снимок экрана (6).png
2025-04-18 10:25:27 [http-nio-8080-exec-8] [DEBUG] o.s.security.web.FilterChainProxy - Securing GET /images/advertisementSale/8712f027-90a6-4f31-aeed-9b8fbd323086_Снимок экрана (8).png
2025-04-18 10:25:27 [http-nio-8080-exec-5] [DEBUG] o.s.security.web.FilterChainProxy - Securing GET /images/advertisementSale/76d213ca-dba5-4b57-88f5-b6b4129f212e_photo_2024-12-23_22-17-54.jpg
2025-04-18 10:25:27 [http-nio-8080-exec-4] [DEBUG] o.s.security.web.FilterChainProxy - Securing GET /images/advertisementSale/0dab0807-9cf3-481e-9749-99e44f837125_photo_2024-12-23_22-18-04.jpg
2025-04-18 10:25:27 [http-nio-8080-exec-8] [DEBUG] o.s.s.w.c.HttpSessionSecurityContextRepository - Retrieved SecurityContextImpl [Authentication=OAuth2AuthenticationToken [Principal=Name: [107234087105093742255], Granted Authorities: [[OIDC_USER, SCOPE_https://www.googleapis.com/auth/userinfo.email, SCOPE_https://www.googleapis.com/auth/userinfo.profile, SCOPE_openid]], User Attributes: [{at_hash=QIn4N3UChPr1lEyVahXWIw, sub=107234087105093742255, email_verified=true, iss=https://accounts.google.com, given_name=Павел, nonce=rVB9z2VK3RkxPMY1aSpLXA1LTzfIhpKGnTKpjzpx7mE, picture=https://lh3.googleusercontent.com/a/ACg8ocJJoh9jonlTH61VWgvXCiXb0zCDjifGZZtZ30sCErS3N5ntDw=s96-c, aud=[909915657042-l07l5jl8r3v54r15k12hp7vev9dor6r7.apps.googleusercontent.com], azp=909915657042-l07l5jl8r3v54r15k12hp7vev9dor6r7.apps.googleusercontent.com, name=Павел Королев, exp=2025-04-18T08:25:26Z, family_name=Королев, iat=2025-04-18T07:25:26Z, email=passapdom@gmail.com}], Credentials=[PROTECTED], Authenticated=true, Details=WebAuthenticationDetails [RemoteIpAddress=0:0:0:0:0:0:0:1, SessionId=C6EED896D010ABE78F09743AF572D3F2], Granted Authorities=[OIDC_USER, SCOPE_https://www.googleapis.com/auth/userinfo.email, SCOPE_https://www.googleapis.com/auth/userinfo.profile, SCOPE_openid]]]
2025-04-18 10:25:27 [http-nio-8080-exec-5] [DEBUG] o.s.s.w.c.HttpSessionSecurityContextRepository - Retrieved SecurityContextImpl [Authentication=OAuth2AuthenticationToken [Principal=Name: [107234087105093742255], Granted Authorities: [[OIDC_USER, SCOPE_https://www.googleapis.com/auth/userinfo.email, SCOPE_https://www.googleapis.com/auth/userinfo.profile, SCOPE_openid]], User Attributes: [{at_hash=QIn4N3UChPr1lEyVahXWIw, sub=107234087105093742255, email_verified=true, iss=https://accounts.google.com, given_name=Павел, nonce=rVB9z2VK3RkxPMY1aSpLXA1LTzfIhpKGnTKpjzpx7mE, picture=https://lh3.googleusercontent.com/a/ACg8ocJJoh9jonlTH61VWgvXCiXb0zCDjifGZZtZ30sCErS3N5ntDw=s96-c, aud=[909915657042-l07l5jl8r3v54r15k12hp7vev9dor6r7.apps.googleusercontent.com], azp=909915657042-l07l5jl8r3v54r15k12hp7vev9dor6r7.apps.googleusercontent.com, name=Павел Королев, exp=2025-04-18T08:25:26Z, family_name=Королев, iat=2025-04-18T07:25:26Z, email=passapdom@gmail.com}], Credentials=[PROTECTED], Authenticated=true, Details=WebAuthenticationDetails [RemoteIpAddress=0:0:0:0:0:0:0:1, SessionId=C6EED896D010ABE78F09743AF572D3F2], Granted Authorities=[OIDC_USER, SCOPE_https://www.googleapis.com/auth/userinfo.email, SCOPE_https://www.googleapis.com/auth/userinfo.profile, SCOPE_openid]]]
2025-04-18 10:25:27 [http-nio-8080-exec-5] [DEBUG] o.s.s.w.a.i.FilterSecurityInterceptor - Authorized filter invocation [GET /images/advertisementSale/76d213ca-dba5-4b57-88f5-b6b4129f212e_photo_2024-12-23_22-17-54.jpg] with attributes [permitAll]
2025-04-18 10:25:27 [http-nio-8080-exec-5] [DEBUG] o.s.security.web.FilterChainProxy - Secured GET /images/advertisementSale/76d213ca-dba5-4b57-88f5-b6b4129f212e_photo_2024-12-23_22-17-54.jpg
2025-04-18 10:25:27 [http-nio-8080-exec-8] [DEBUG] o.s.s.w.a.i.FilterSecurityInterceptor - Authorized filter invocation [GET /images/advertisementSale/8712f027-90a6-4f31-aeed-9b8fbd323086_Снимок экрана (8).png] with attributes [permitAll]
2025-04-18 10:25:27 [http-nio-8080-exec-8] [DEBUG] o.s.security.web.FilterChainProxy - Secured GET /images/advertisementSale/8712f027-90a6-4f31-aeed-9b8fbd323086_Снимок экрана (8).png
2025-04-18 10:25:27 [http-nio-8080-exec-4] [DEBUG] o.s.s.w.c.HttpSessionSecurityContextRepository - Retrieved SecurityContextImpl [Authentication=OAuth2AuthenticationToken [Principal=Name: [107234087105093742255], Granted Authorities: [[OIDC_USER, SCOPE_https://www.googleapis.com/auth/userinfo.email, SCOPE_https://www.googleapis.com/auth/userinfo.profile, SCOPE_openid]], User Attributes: [{at_hash=QIn4N3UChPr1lEyVahXWIw, sub=107234087105093742255, email_verified=true, iss=https://accounts.google.com, given_name=Павел, nonce=rVB9z2VK3RkxPMY1aSpLXA1LTzfIhpKGnTKpjzpx7mE, picture=https://lh3.googleusercontent.com/a/ACg8ocJJoh9jonlTH61VWgvXCiXb0zCDjifGZZtZ30sCErS3N5ntDw=s96-c, aud=[909915657042-l07l5jl8r3v54r15k12hp7vev9dor6r7.apps.googleusercontent.com], azp=909915657042-l07l5jl8r3v54r15k12hp7vev9dor6r7.apps.googleusercontent.com, name=Павел Королев, exp=2025-04-18T08:25:26Z, family_name=Королев, iat=2025-04-18T07:25:26Z, email=passapdom@gmail.com}], Credentials=[PROTECTED], Authenticated=true, Details=WebAuthenticationDetails [RemoteIpAddress=0:0:0:0:0:0:0:1, SessionId=C6EED896D010ABE78F09743AF572D3F2], Granted Authorities=[OIDC_USER, SCOPE_https://www.googleapis.com/auth/userinfo.email, SCOPE_https://www.googleapis.com/auth/userinfo.profile, SCOPE_openid]]]
2025-04-18 10:25:27 [http-nio-8080-exec-4] [DEBUG] o.s.s.w.a.i.FilterSecurityInterceptor - Authorized filter invocation [GET /images/advertisementSale/0dab0807-9cf3-481e-9749-99e44f837125_photo_2024-12-23_22-18-04.jpg] with attributes [permitAll]
2025-04-18 10:25:27 [http-nio-8080-exec-4] [DEBUG] o.s.security.web.FilterChainProxy - Secured GET /images/advertisementSale/0dab0807-9cf3-481e-9749-99e44f837125_photo_2024-12-23_22-18-04.jpg
2025-04-18 10:25:27 [http-nio-8080-exec-7] [DEBUG] o.s.security.web.FilterChainProxy - Securing GET /images/advertisementSale/f11f04c5-71bc-4048-ad70-323ba1188611_Снимок экрана (2).png
2025-04-18 10:25:27 [http-nio-8080-exec-2] [DEBUG] o.s.security.web.FilterChainProxy - Securing GET /error
2025-04-18 10:25:27 [http-nio-8080-exec-7] [DEBUG] o.s.s.w.c.HttpSessionSecurityContextRepository - Retrieved SecurityContextImpl [Authentication=OAuth2AuthenticationToken [Principal=Name: [107234087105093742255], Granted Authorities: [[OIDC_USER, SCOPE_https://www.googleapis.com/auth/userinfo.email, SCOPE_https://www.googleapis.com/auth/userinfo.profile, SCOPE_openid]], User Attributes: [{at_hash=QIn4N3UChPr1lEyVahXWIw, sub=107234087105093742255, email_verified=true, iss=https://accounts.google.com, given_name=Павел, nonce=rVB9z2VK3RkxPMY1aSpLXA1LTzfIhpKGnTKpjzpx7mE, picture=https://lh3.googleusercontent.com/a/ACg8ocJJoh9jonlTH61VWgvXCiXb0zCDjifGZZtZ30sCErS3N5ntDw=s96-c, aud=[909915657042-l07l5jl8r3v54r15k12hp7vev9dor6r7.apps.googleusercontent.com], azp=909915657042-l07l5jl8r3v54r15k12hp7vev9dor6r7.apps.googleusercontent.com, name=Павел Королев, exp=2025-04-18T08:25:26Z, family_name=Королев, iat=2025-04-18T07:25:26Z, email=passapdom@gmail.com}], Credentials=[PROTECTED], Authenticated=true, Details=WebAuthenticationDetails [RemoteIpAddress=0:0:0:0:0:0:0:1, SessionId=C6EED896D010ABE78F09743AF572D3F2], Granted Authorities=[OIDC_USER, SCOPE_https://www.googleapis.com/auth/userinfo.email, SCOPE_https://www.googleapis.com/auth/userinfo.profile, SCOPE_openid]]]
2025-04-18 10:25:27 [http-nio-8080-exec-7] [DEBUG] o.s.s.w.a.i.FilterSecurityInterceptor - Authorized filter invocation [GET /images/advertisementSale/f11f04c5-71bc-4048-ad70-323ba1188611_Снимок экрана (2).png] with attributes [permitAll]
2025-04-18 10:25:27 [http-nio-8080-exec-7] [DEBUG] o.s.security.web.FilterChainProxy - Secured GET /images/advertisementSale/f11f04c5-71bc-4048-ad70-323ba1188611_Снимок экрана (2).png
2025-04-18 10:25:27 [http-nio-8080-exec-2] [DEBUG] o.s.s.w.c.HttpSessionSecurityContextRepository - Retrieved SecurityContextImpl [Authentication=OAuth2AuthenticationToken [Principal=Name: [107234087105093742255], Granted Authorities: [[OIDC_USER, SCOPE_https://www.googleapis.com/auth/userinfo.email, SCOPE_https://www.googleapis.com/auth/userinfo.profile, SCOPE_openid]], User Attributes: [{at_hash=QIn4N3UChPr1lEyVahXWIw, sub=107234087105093742255, email_verified=true, iss=https://accounts.google.com, given_name=Павел, nonce=rVB9z2VK3RkxPMY1aSpLXA1LTzfIhpKGnTKpjzpx7mE, picture=https://lh3.googleusercontent.com/a/ACg8ocJJoh9jonlTH61VWgvXCiXb0zCDjifGZZtZ30sCErS3N5ntDw=s96-c, aud=[909915657042-l07l5jl8r3v54r15k12hp7vev9dor6r7.apps.googleusercontent.com], azp=909915657042-l07l5jl8r3v54r15k12hp7vev9dor6r7.apps.googleusercontent.com, name=Павел Королев, exp=2025-04-18T08:25:26Z, family_name=Королев, iat=2025-04-18T07:25:26Z, email=passapdom@gmail.com}], Credentials=[PROTECTED], Authenticated=true, Details=WebAuthenticationDetails [RemoteIpAddress=0:0:0:0:0:0:0:1, SessionId=C6EED896D010ABE78F09743AF572D3F2], Granted Authorities=[OIDC_USER, SCOPE_https://www.googleapis.com/auth/userinfo.email, SCOPE_https://www.googleapis.com/auth/userinfo.profile, SCOPE_openid]]]
2025-04-18 10:25:27 [http-nio-8080-exec-2] [DEBUG] o.s.s.w.a.i.FilterSecurityInterceptor - Authorized filter invocation [GET /error] with attributes [permitAll]
2025-04-18 10:25:27 [http-nio-8080-exec-2] [DEBUG] o.s.security.web.FilterChainProxy - Secured GET /error
2025-04-18 10:25:27 [http-nio-8080-exec-6] [DEBUG] o.s.security.web.FilterChainProxy - Securing GET /images/advertisementSale/0673bdb4-3423-44e8-8636-a66497d7ab52_photo_2024-12-23_22-18-01.jpg
2025-04-18 10:25:27 [http-nio-8080-exec-9] [DEBUG] o.s.security.web.FilterChainProxy - Securing GET /images/advertisementSale/770d16f9-e061-46fc-94e4-17e8e3e3588a_photo_2024-12-23_22-18-11.jpg
2025-04-18 10:25:27 [http-nio-8080-exec-9] [DEBUG] o.s.s.w.c.HttpSessionSecurityContextRepository - Retrieved SecurityContextImpl [Authentication=OAuth2AuthenticationToken [Principal=Name: [107234087105093742255], Granted Authorities: [[OIDC_USER, SCOPE_https://www.googleapis.com/auth/userinfo.email, SCOPE_https://www.googleapis.com/auth/userinfo.profile, SCOPE_openid]], User Attributes: [{at_hash=QIn4N3UChPr1lEyVahXWIw, sub=107234087105093742255, email_verified=true, iss=https://accounts.google.com, given_name=Павел, nonce=rVB9z2VK3RkxPMY1aSpLXA1LTzfIhpKGnTKpjzpx7mE, picture=https://lh3.googleusercontent.com/a/ACg8ocJJoh9jonlTH61VWgvXCiXb0zCDjifGZZtZ30sCErS3N5ntDw=s96-c, aud=[909915657042-l07l5jl8r3v54r15k12hp7vev9dor6r7.apps.googleusercontent.com], azp=909915657042-l07l5jl8r3v54r15k12hp7vev9dor6r7.apps.googleusercontent.com, name=Павел Королев, exp=2025-04-18T08:25:26Z, family_name=Королев, iat=2025-04-18T07:25:26Z, email=passapdom@gmail.com}], Credentials=[PROTECTED], Authenticated=true, Details=WebAuthenticationDetails [RemoteIpAddress=0:0:0:0:0:0:0:1, SessionId=C6EED896D010ABE78F09743AF572D3F2], Granted Authorities=[OIDC_USER, SCOPE_https://www.googleapis.com/auth/userinfo.email, SCOPE_https://www.googleapis.com/auth/userinfo.profile, SCOPE_openid]]]
2025-04-18 10:25:27 [http-nio-8080-exec-9] [DEBUG] o.s.s.w.a.i.FilterSecurityInterceptor - Authorized filter invocation [GET /images/advertisementSale/770d16f9-e061-46fc-94e4-17e8e3e3588a_photo_2024-12-23_22-18-11.jpg] with attributes [permitAll]
2025-04-18 10:25:27 [http-nio-8080-exec-9] [DEBUG] o.s.security.web.FilterChainProxy - Secured GET /images/advertisementSale/770d16f9-e061-46fc-94e4-17e8e3e3588a_photo_2024-12-23_22-18-11.jpg
2025-04-18 10:25:27 [http-nio-8080-exec-6] [DEBUG] o.s.s.w.c.HttpSessionSecurityContextRepository - Retrieved SecurityContextImpl [Authentication=OAuth2AuthenticationToken [Principal=Name: [107234087105093742255], Granted Authorities: [[OIDC_USER, SCOPE_https://www.googleapis.com/auth/userinfo.email, SCOPE_https://www.googleapis.com/auth/userinfo.profile, SCOPE_openid]], User Attributes: [{at_hash=QIn4N3UChPr1lEyVahXWIw, sub=107234087105093742255, email_verified=true, iss=https://accounts.google.com, given_name=Павел, nonce=rVB9z2VK3RkxPMY1aSpLXA1LTzfIhpKGnTKpjzpx7mE, picture=https://lh3.googleusercontent.com/a/ACg8ocJJoh9jonlTH61VWgvXCiXb0zCDjifGZZtZ30sCErS3N5ntDw=s96-c, aud=[909915657042-l07l5jl8r3v54r15k12hp7vev9dor6r7.apps.googleusercontent.com], azp=909915657042-l07l5jl8r3v54r15k12hp7vev9dor6r7.apps.googleusercontent.com, name=Павел Королев, exp=2025-04-18T08:25:26Z, family_name=Королев, iat=2025-04-18T07:25:26Z, email=passapdom@gmail.com}], Credentials=[PROTECTED], Authenticated=true, Details=WebAuthenticationDetails [RemoteIpAddress=0:0:0:0:0:0:0:1, SessionId=C6EED896D010ABE78F09743AF572D3F2], Granted Authorities=[OIDC_USER, SCOPE_https://www.googleapis.com/auth/userinfo.email, SCOPE_https://www.googleapis.com/auth/userinfo.profile, SCOPE_openid]]]
2025-04-18 10:25:27 [http-nio-8080-exec-6] [DEBUG] o.s.s.w.a.i.FilterSecurityInterceptor - Authorized filter invocation [GET /images/advertisementSale/0673bdb4-3423-44e8-8636-a66497d7ab52_photo_2024-12-23_22-18-01.jpg] with attributes [permitAll]
2025-04-18 10:25:27 [http-nio-8080-exec-6] [DEBUG] o.s.security.web.FilterChainProxy - Secured GET /images/advertisementSale/0673bdb4-3423-44e8-8636-a66497d7ab52_photo_2024-12-23_22-18-01.jpg
2025-04-18 10:25:27 [http-nio-8080-exec-3] [DEBUG] o.s.security.web.FilterChainProxy - Securing GET /images/advertisementSale/15c13dfd-2da8-4565-ae8d-d9857bb9f550_photo_2024-12-23_22-17-54.jpg
2025-04-18 10:25:27 [http-nio-8080-exec-1] [DEBUG] o.s.security.web.FilterChainProxy - Securing GET /images/advertisementSale/6d439031-8c11-4cfd-9007-7047bd94ec62_photo_2024-12-23_22-18-10.jpg
2025-04-18 10:25:27 [http-nio-8080-exec-1] [DEBUG] o.s.s.w.c.HttpSessionSecurityContextRepository - Retrieved SecurityContextImpl [Authentication=OAuth2AuthenticationToken [Principal=Name: [107234087105093742255], Granted Authorities: [[OIDC_USER, SCOPE_https://www.googleapis.com/auth/userinfo.email, SCOPE_https://www.googleapis.com/auth/userinfo.profile, SCOPE_openid]], User Attributes: [{at_hash=QIn4N3UChPr1lEyVahXWIw, sub=107234087105093742255, email_verified=true, iss=https://accounts.google.com, given_name=Павел, nonce=rVB9z2VK3RkxPMY1aSpLXA1LTzfIhpKGnTKpjzpx7mE, picture=https://lh3.googleusercontent.com/a/ACg8ocJJoh9jonlTH61VWgvXCiXb0zCDjifGZZtZ30sCErS3N5ntDw=s96-c, aud=[909915657042-l07l5jl8r3v54r15k12hp7vev9dor6r7.apps.googleusercontent.com], azp=909915657042-l07l5jl8r3v54r15k12hp7vev9dor6r7.apps.googleusercontent.com, name=Павел Королев, exp=2025-04-18T08:25:26Z, family_name=Королев, iat=2025-04-18T07:25:26Z, email=passapdom@gmail.com}], Credentials=[PROTECTED], Authenticated=true, Details=WebAuthenticationDetails [RemoteIpAddress=0:0:0:0:0:0:0:1, SessionId=C6EED896D010ABE78F09743AF572D3F2], Granted Authorities=[OIDC_USER, SCOPE_https://www.googleapis.com/auth/userinfo.email, SCOPE_https://www.googleapis.com/auth/userinfo.profile, SCOPE_openid]]]
2025-04-18 10:25:27 [http-nio-8080-exec-3] [DEBUG] o.s.s.w.c.HttpSessionSecurityContextRepository - Retrieved SecurityContextImpl [Authentication=OAuth2AuthenticationToken [Principal=Name: [107234087105093742255], Granted Authorities: [[OIDC_USER, SCOPE_https://www.googleapis.com/auth/userinfo.email, SCOPE_https://www.googleapis.com/auth/userinfo.profile, SCOPE_openid]], User Attributes: [{at_hash=QIn4N3UChPr1lEyVahXWIw, sub=107234087105093742255, email_verified=true, iss=https://accounts.google.com, given_name=Павел, nonce=rVB9z2VK3RkxPMY1aSpLXA1LTzfIhpKGnTKpjzpx7mE, picture=https://lh3.googleusercontent.com/a/ACg8ocJJoh9jonlTH61VWgvXCiXb0zCDjifGZZtZ30sCErS3N5ntDw=s96-c, aud=[909915657042-l07l5jl8r3v54r15k12hp7vev9dor6r7.apps.googleusercontent.com], azp=909915657042-l07l5jl8r3v54r15k12hp7vev9dor6r7.apps.googleusercontent.com, name=Павел Королев, exp=2025-04-18T08:25:26Z, family_name=Королев, iat=2025-04-18T07:25:26Z, email=passapdom@gmail.com}], Credentials=[PROTECTED], Authenticated=true, Details=WebAuthenticationDetails [RemoteIpAddress=0:0:0:0:0:0:0:1, SessionId=C6EED896D010ABE78F09743AF572D3F2], Granted Authorities=[OIDC_USER, SCOPE_https://www.googleapis.com/auth/userinfo.email, SCOPE_https://www.googleapis.com/auth/userinfo.profile, SCOPE_openid]]]
2025-04-18 10:25:27 [http-nio-8080-exec-3] [DEBUG] o.s.s.w.a.i.FilterSecurityInterceptor - Authorized filter invocation [GET /images/advertisementSale/15c13dfd-2da8-4565-ae8d-d9857bb9f550_photo_2024-12-23_22-17-54.jpg] with attributes [permitAll]
2025-04-18 10:25:27 [http-nio-8080-exec-3] [DEBUG] o.s.security.web.FilterChainProxy - Secured GET /images/advertisementSale/15c13dfd-2da8-4565-ae8d-d9857bb9f550_photo_2024-12-23_22-17-54.jpg
2025-04-18 10:25:27 [http-nio-8080-exec-10] [DEBUG] o.s.security.web.FilterChainProxy - Securing GET /images/advertisementSale/2703da27-c848-4e9d-a261-4d33ee79f79c_photo_2024-12-23_22-17-59.jpg
2025-04-18 10:25:27 [http-nio-8080-exec-1] [DEBUG] o.s.s.w.a.i.FilterSecurityInterceptor - Authorized filter invocation [GET /images/advertisementSale/6d439031-8c11-4cfd-9007-7047bd94ec62_photo_2024-12-23_22-18-10.jpg] with attributes [permitAll]
2025-04-18 10:25:27 [http-nio-8080-exec-1] [DEBUG] o.s.security.web.FilterChainProxy - Secured GET /images/advertisementSale/6d439031-8c11-4cfd-9007-7047bd94ec62_photo_2024-12-23_22-18-10.jpg
2025-04-18 10:25:27 [http-nio-8080-exec-10] [DEBUG] o.s.s.w.c.HttpSessionSecurityContextRepository - Retrieved SecurityContextImpl [Authentication=OAuth2AuthenticationToken [Principal=Name: [107234087105093742255], Granted Authorities: [[OIDC_USER, SCOPE_https://www.googleapis.com/auth/userinfo.email, SCOPE_https://www.googleapis.com/auth/userinfo.profile, SCOPE_openid]], User Attributes: [{at_hash=QIn4N3UChPr1lEyVahXWIw, sub=107234087105093742255, email_verified=true, iss=https://accounts.google.com, given_name=Павел, nonce=rVB9z2VK3RkxPMY1aSpLXA1LTzfIhpKGnTKpjzpx7mE, picture=https://lh3.googleusercontent.com/a/ACg8ocJJoh9jonlTH61VWgvXCiXb0zCDjifGZZtZ30sCErS3N5ntDw=s96-c, aud=[909915657042-l07l5jl8r3v54r15k12hp7vev9dor6r7.apps.googleusercontent.com], azp=909915657042-l07l5jl8r3v54r15k12hp7vev9dor6r7.apps.googleusercontent.com, name=Павел Королев, exp=2025-04-18T08:25:26Z, family_name=Королев, iat=2025-04-18T07:25:26Z, email=passapdom@gmail.com}], Credentials=[PROTECTED], Authenticated=true, Details=WebAuthenticationDetails [RemoteIpAddress=0:0:0:0:0:0:0:1, SessionId=C6EED896D010ABE78F09743AF572D3F2], Granted Authorities=[OIDC_USER, SCOPE_https://www.googleapis.com/auth/userinfo.email, SCOPE_https://www.googleapis.com/auth/userinfo.profile, SCOPE_openid]]]
2025-04-18 10:25:27 [http-nio-8080-exec-10] [DEBUG] o.s.s.w.a.i.FilterSecurityInterceptor - Authorized filter invocation [GET /images/advertisementSale/2703da27-c848-4e9d-a261-4d33ee79f79c_photo_2024-12-23_22-17-59.jpg] with attributes [permitAll]
2025-04-18 10:25:27 [http-nio-8080-exec-10] [DEBUG] o.s.security.web.FilterChainProxy - Secured GET /images/advertisementSale/2703da27-c848-4e9d-a261-4d33ee79f79c_photo_2024-12-23_22-17-59.jpg
2025-04-18 10:25:27 [http-nio-8080-exec-8] [DEBUG] o.s.security.web.FilterChainProxy - Securing GET /images/advertisementSale/e63bba72-f8b1-4ec8-b621-657fbcd7b1e3_kozelsk.jpg
2025-04-18 10:25:27 [http-nio-8080-exec-8] [DEBUG] o.s.s.w.c.HttpSessionSecurityContextRepository - Retrieved SecurityContextImpl [Authentication=OAuth2AuthenticationToken [Principal=Name: [107234087105093742255], Granted Authorities: [[OIDC_USER, SCOPE_https://www.googleapis.com/auth/userinfo.email, SCOPE_https://www.googleapis.com/auth/userinfo.profile, SCOPE_openid]], User Attributes: [{at_hash=QIn4N3UChPr1lEyVahXWIw, sub=107234087105093742255, email_verified=true, iss=https://accounts.google.com, given_name=Павел, nonce=rVB9z2VK3RkxPMY1aSpLXA1LTzfIhpKGnTKpjzpx7mE, picture=https://lh3.googleusercontent.com/a/ACg8ocJJoh9jonlTH61VWgvXCiXb0zCDjifGZZtZ30sCErS3N5ntDw=s96-c, aud=[909915657042-l07l5jl8r3v54r15k12hp7vev9dor6r7.apps.googleusercontent.com], azp=909915657042-l07l5jl8r3v54r15k12hp7vev9dor6r7.apps.googleusercontent.com, name=Павел Королев, exp=2025-04-18T08:25:26Z, family_name=Королев, iat=2025-04-18T07:25:26Z, email=passapdom@gmail.com}], Credentials=[PROTECTED], Authenticated=true, Details=WebAuthenticationDetails [RemoteIpAddress=0:0:0:0:0:0:0:1, SessionId=C6EED896D010ABE78F09743AF572D3F2], Granted Authorities=[OIDC_USER, SCOPE_https://www.googleapis.com/auth/userinfo.email, SCOPE_https://www.googleapis.com/auth/userinfo.profile, SCOPE_openid]]]
2025-04-18 10:25:27 [http-nio-8080-exec-8] [DEBUG] o.s.s.w.a.i.FilterSecurityInterceptor - Authorized filter invocation [GET /images/advertisementSale/e63bba72-f8b1-4ec8-b621-657fbcd7b1e3_kozelsk.jpg] with attributes [permitAll]
2025-04-18 10:25:27 [http-nio-8080-exec-8] [DEBUG] o.s.security.web.FilterChainProxy - Secured GET /images/advertisementSale/e63bba72-f8b1-4ec8-b621-657fbcd7b1e3_kozelsk.jpg
2025-04-18 10:25:27 [http-nio-8080-exec-4] [DEBUG] o.s.security.web.FilterChainProxy - Securing GET /images/advertisementRent/809047fb-7261-497f-b19e-b208d4480210_photo_2024-12-23_22-17-57.jpg
2025-04-18 10:25:27 [http-nio-8080-exec-3] [DEBUG] o.s.security.web.FilterChainProxy - Securing GET /images/advertisementRent/da667149-470d-4844-94d9-c5a37db0ed63_photo_2024-12-23_22-18-05.jpg
2025-04-18 10:25:27 [http-nio-8080-exec-4] [DEBUG] o.s.s.w.c.HttpSessionSecurityContextRepository - Retrieved SecurityContextImpl [Authentication=OAuth2AuthenticationToken [Principal=Name: [107234087105093742255], Granted Authorities: [[OIDC_USER, SCOPE_https://www.googleapis.com/auth/userinfo.email, SCOPE_https://www.googleapis.com/auth/userinfo.profile, SCOPE_openid]], User Attributes: [{at_hash=QIn4N3UChPr1lEyVahXWIw, sub=107234087105093742255, email_verified=true, iss=https://accounts.google.com, given_name=Павел, nonce=rVB9z2VK3RkxPMY1aSpLXA1LTzfIhpKGnTKpjzpx7mE, picture=https://lh3.googleusercontent.com/a/ACg8ocJJoh9jonlTH61VWgvXCiXb0zCDjifGZZtZ30sCErS3N5ntDw=s96-c, aud=[909915657042-l07l5jl8r3v54r15k12hp7vev9dor6r7.apps.googleusercontent.com], azp=909915657042-l07l5jl8r3v54r15k12hp7vev9dor6r7.apps.googleusercontent.com, name=Павел Королев, exp=2025-04-18T08:25:26Z, family_name=Королев, iat=2025-04-18T07:25:26Z, email=passapdom@gmail.com}], Credentials=[PROTECTED], Authenticated=true, Details=WebAuthenticationDetails [RemoteIpAddress=0:0:0:0:0:0:0:1, SessionId=C6EED896D010ABE78F09743AF572D3F2], Granted Authorities=[OIDC_USER, SCOPE_https://www.googleapis.com/auth/userinfo.email, SCOPE_https://www.googleapis.com/auth/userinfo.profile, SCOPE_openid]]]
2025-04-18 10:25:27 [http-nio-8080-exec-3] [DEBUG] o.s.s.w.c.HttpSessionSecurityContextRepository - Retrieved SecurityContextImpl [Authentication=OAuth2AuthenticationToken [Principal=Name: [107234087105093742255], Granted Authorities: [[OIDC_USER, SCOPE_https://www.googleapis.com/auth/userinfo.email, SCOPE_https://www.googleapis.com/auth/userinfo.profile, SCOPE_openid]], User Attributes: [{at_hash=QIn4N3UChPr1lEyVahXWIw, sub=107234087105093742255, email_verified=true, iss=https://accounts.google.com, given_name=Павел, nonce=rVB9z2VK3RkxPMY1aSpLXA1LTzfIhpKGnTKpjzpx7mE, picture=https://lh3.googleusercontent.com/a/ACg8ocJJoh9jonlTH61VWgvXCiXb0zCDjifGZZtZ30sCErS3N5ntDw=s96-c, aud=[909915657042-l07l5jl8r3v54r15k12hp7vev9dor6r7.apps.googleusercontent.com], azp=909915657042-l07l5jl8r3v54r15k12hp7vev9dor6r7.apps.googleusercontent.com, name=Павел Королев, exp=2025-04-18T08:25:26Z, family_name=Королев, iat=2025-04-18T07:25:26Z, email=passapdom@gmail.com}], Credentials=[PROTECTED], Authenticated=true, Details=WebAuthenticationDetails [RemoteIpAddress=0:0:0:0:0:0:0:1, SessionId=C6EED896D010ABE78F09743AF572D3F2], Granted Authorities=[OIDC_USER, SCOPE_https://www.googleapis.com/auth/userinfo.email, SCOPE_https://www.googleapis.com/auth/userinfo.profile, SCOPE_openid]]]
2025-04-18 10:25:27 [http-nio-8080-exec-3] [DEBUG] o.s.s.w.a.i.FilterSecurityInterceptor - Authorized filter invocation [GET /images/advertisementRent/da667149-470d-4844-94d9-c5a37db0ed63_photo_2024-12-23_22-18-05.jpg] with attributes [permitAll]
2025-04-18 10:25:27 [http-nio-8080-exec-4] [DEBUG] o.s.s.w.a.i.FilterSecurityInterceptor - Authorized filter invocation [GET /images/advertisementRent/809047fb-7261-497f-b19e-b208d4480210_photo_2024-12-23_22-17-57.jpg] with attributes [permitAll]
2025-04-18 10:25:27 [http-nio-8080-exec-3] [DEBUG] o.s.security.web.FilterChainProxy - Secured GET /images/advertisementRent/da667149-470d-4844-94d9-c5a37db0ed63_photo_2024-12-23_22-18-05.jpg
2025-04-18 10:25:27 [http-nio-8080-exec-7] [DEBUG] o.s.security.web.FilterChainProxy - Securing GET /images/advertisementRent/b02c42b7-b608-4169-93f2-7ad28d186517_photo_2024-12-23_22-18-01.jpg
2025-04-18 10:25:27 [http-nio-8080-exec-4] [DEBUG] o.s.security.web.FilterChainProxy - Secured GET /images/advertisementRent/809047fb-7261-497f-b19e-b208d4480210_photo_2024-12-23_22-17-57.jpg
2025-04-18 10:25:27 [http-nio-8080-exec-6] [DEBUG] o.s.security.web.FilterChainProxy - Securing GET /images/advertisementRent/0a1031cd-43b5-4402-87eb-04fa80f00918_photo_2024-12-23_22-18-03.jpg
2025-04-18 10:25:27 [http-nio-8080-exec-7] [DEBUG] o.s.s.w.c.HttpSessionSecurityContextRepository - Retrieved SecurityContextImpl [Authentication=OAuth2AuthenticationToken [Principal=Name: [107234087105093742255], Granted Authorities: [[OIDC_USER, SCOPE_https://www.googleapis.com/auth/userinfo.email, SCOPE_https://www.googleapis.com/auth/userinfo.profile, SCOPE_openid]], User Attributes: [{at_hash=QIn4N3UChPr1lEyVahXWIw, sub=107234087105093742255, email_verified=true, iss=https://accounts.google.com, given_name=Павел, nonce=rVB9z2VK3RkxPMY1aSpLXA1LTzfIhpKGnTKpjzpx7mE, picture=https://lh3.googleusercontent.com/a/ACg8ocJJoh9jonlTH61VWgvXCiXb0zCDjifGZZtZ30sCErS3N5ntDw=s96-c, aud=[909915657042-l07l5jl8r3v54r15k12hp7vev9dor6r7.apps.googleusercontent.com], azp=909915657042-l07l5jl8r3v54r15k12hp7vev9dor6r7.apps.googleusercontent.com, name=Павел Королев, exp=2025-04-18T08:25:26Z, family_name=Королев, iat=2025-04-18T07:25:26Z, email=passapdom@gmail.com}], Credentials=[PROTECTED], Authenticated=true, Details=WebAuthenticationDetails [RemoteIpAddress=0:0:0:0:0:0:0:1, SessionId=C6EED896D010ABE78F09743AF572D3F2], Granted Authorities=[OIDC_USER, SCOPE_https://www.googleapis.com/auth/userinfo.email, SCOPE_https://www.googleapis.com/auth/userinfo.profile, SCOPE_openid]]]
2025-04-18 10:25:27 [http-nio-8080-exec-7] [DEBUG] o.s.s.w.a.i.FilterSecurityInterceptor - Authorized filter invocation [GET /images/advertisementRent/b02c42b7-b608-4169-93f2-7ad28d186517_photo_2024-12-23_22-18-01.jpg] with attributes [permitAll]
2025-04-18 10:25:27 [http-nio-8080-exec-7] [DEBUG] o.s.security.web.FilterChainProxy - Secured GET /images/advertisementRent/b02c42b7-b608-4169-93f2-7ad28d186517_photo_2024-12-23_22-18-01.jpg
2025-04-18 10:25:27 [http-nio-8080-exec-6] [DEBUG] o.s.s.w.c.HttpSessionSecurityContextRepository - Retrieved SecurityContextImpl [Authentication=OAuth2AuthenticationToken [Principal=Name: [107234087105093742255], Granted Authorities: [[OIDC_USER, SCOPE_https://www.googleapis.com/auth/userinfo.email, SCOPE_https://www.googleapis.com/auth/userinfo.profile, SCOPE_openid]], User Attributes: [{at_hash=QIn4N3UChPr1lEyVahXWIw, sub=107234087105093742255, email_verified=true, iss=https://accounts.google.com, given_name=Павел, nonce=rVB9z2VK3RkxPMY1aSpLXA1LTzfIhpKGnTKpjzpx7mE, picture=https://lh3.googleusercontent.com/a/ACg8ocJJoh9jonlTH61VWgvXCiXb0zCDjifGZZtZ30sCErS3N5ntDw=s96-c, aud=[909915657042-l07l5jl8r3v54r15k12hp7vev9dor6r7.apps.googleusercontent.com], azp=909915657042-l07l5jl8r3v54r15k12hp7vev9dor6r7.apps.googleusercontent.com, name=Павел Королев, exp=2025-04-18T08:25:26Z, family_name=Королев, iat=2025-04-18T07:25:26Z, email=passapdom@gmail.com}], Credentials=[PROTECTED], Authenticated=true, Details=WebAuthenticationDetails [RemoteIpAddress=0:0:0:0:0:0:0:1, SessionId=C6EED896D010ABE78F09743AF572D3F2], Granted Authorities=[OIDC_USER, SCOPE_https://www.googleapis.com/auth/userinfo.email, SCOPE_https://www.googleapis.com/auth/userinfo.profile, SCOPE_openid]]]
2025-04-18 10:25:27 [http-nio-8080-exec-6] [DEBUG] o.s.s.w.a.i.FilterSecurityInterceptor - Authorized filter invocation [GET /images/advertisementRent/0a1031cd-43b5-4402-87eb-04fa80f00918_photo_2024-12-23_22-18-03.jpg] with attributes [permitAll]
2025-04-18 10:25:27 [http-nio-8080-exec-6] [DEBUG] o.s.security.web.FilterChainProxy - Secured GET /images/advertisementRent/0a1031cd-43b5-4402-87eb-04fa80f00918_photo_2024-12-23_22-18-03.jpg
2025-04-18 10:25:27 [http-nio-8080-exec-9] [DEBUG] o.s.security.web.FilterChainProxy - Securing GET /images/placeholder.jpg
2025-04-18 10:25:27 [http-nio-8080-exec-9] [DEBUG] o.s.s.w.c.HttpSessionSecurityContextRepository - Retrieved SecurityContextImpl [Authentication=OAuth2AuthenticationToken [Principal=Name: [107234087105093742255], Granted Authorities: [[OIDC_USER, SCOPE_https://www.googleapis.com/auth/userinfo.email, SCOPE_https://www.googleapis.com/auth/userinfo.profile, SCOPE_openid]], User Attributes: [{at_hash=QIn4N3UChPr1lEyVahXWIw, sub=107234087105093742255, email_verified=true, iss=https://accounts.google.com, given_name=Павел, nonce=rVB9z2VK3RkxPMY1aSpLXA1LTzfIhpKGnTKpjzpx7mE, picture=https://lh3.googleusercontent.com/a/ACg8ocJJoh9jonlTH61VWgvXCiXb0zCDjifGZZtZ30sCErS3N5ntDw=s96-c, aud=[909915657042-l07l5jl8r3v54r15k12hp7vev9dor6r7.apps.googleusercontent.com], azp=909915657042-l07l5jl8r3v54r15k12hp7vev9dor6r7.apps.googleusercontent.com, name=Павел Королев, exp=2025-04-18T08:25:26Z, family_name=Королев, iat=2025-04-18T07:25:26Z, email=passapdom@gmail.com}], Credentials=[PROTECTED], Authenticated=true, Details=WebAuthenticationDetails [RemoteIpAddress=0:0:0:0:0:0:0:1, SessionId=C6EED896D010ABE78F09743AF572D3F2], Granted Authorities=[OIDC_USER, SCOPE_https://www.googleapis.com/auth/userinfo.email, SCOPE_https://www.googleapis.com/auth/userinfo.profile, SCOPE_openid]]]
2025-04-18 10:25:27 [http-nio-8080-exec-9] [DEBUG] o.s.s.w.a.i.FilterSecurityInterceptor - Authorized filter invocation [GET /images/placeholder.jpg] with attributes [permitAll]
2025-04-18 10:25:27 [http-nio-8080-exec-9] [DEBUG] o.s.security.web.FilterChainProxy - Secured GET /images/placeholder.jpg
2025-04-18 10:25:27 [http-nio-8080-exec-9] [DEBUG] o.s.security.web.FilterChainProxy - Securing GET /error
2025-04-18 10:25:27 [http-nio-8080-exec-9] [DEBUG] o.s.s.w.c.HttpSessionSecurityContextRepository - Retrieved SecurityContextImpl [Authentication=OAuth2AuthenticationToken [Principal=Name: [107234087105093742255], Granted Authorities: [[OIDC_USER, SCOPE_https://www.googleapis.com/auth/userinfo.email, SCOPE_https://www.googleapis.com/auth/userinfo.profile, SCOPE_openid]], User Attributes: [{at_hash=QIn4N3UChPr1lEyVahXWIw, sub=107234087105093742255, email_verified=true, iss=https://accounts.google.com, given_name=Павел, nonce=rVB9z2VK3RkxPMY1aSpLXA1LTzfIhpKGnTKpjzpx7mE, picture=https://lh3.googleusercontent.com/a/ACg8ocJJoh9jonlTH61VWgvXCiXb0zCDjifGZZtZ30sCErS3N5ntDw=s96-c, aud=[909915657042-l07l5jl8r3v54r15k12hp7vev9dor6r7.apps.googleusercontent.com], azp=909915657042-l07l5jl8r3v54r15k12hp7vev9dor6r7.apps.googleusercontent.com, name=Павел Королев, exp=2025-04-18T08:25:26Z, family_name=Королев, iat=2025-04-18T07:25:26Z, email=passapdom@gmail.com}], Credentials=[PROTECTED], Authenticated=true, Details=WebAuthenticationDetails [RemoteIpAddress=0:0:0:0:0:0:0:1, SessionId=C6EED896D010ABE78F09743AF572D3F2], Granted Authorities=[OIDC_USER, SCOPE_https://www.googleapis.com/auth/userinfo.email, SCOPE_https://www.googleapis.com/auth/userinfo.profile, SCOPE_openid]]]
2025-04-18 10:25:27 [http-nio-8080-exec-9] [DEBUG] o.s.s.w.a.i.FilterSecurityInterceptor - Authorized filter invocation [GET /error] with attributes [permitAll]
2025-04-18 10:25:27 [http-nio-8080-exec-9] [DEBUG] o.s.security.web.FilterChainProxy - Secured GET /error
2025-04-18 10:25:30 [http-nio-8080-exec-1] [DEBUG] o.s.security.web.FilterChainProxy - Securing GET /admin-panel?
2025-04-18 10:25:30 [http-nio-8080-exec-1] [DEBUG] o.s.s.w.c.HttpSessionSecurityContextRepository - Retrieved SecurityContextImpl [Authentication=OAuth2AuthenticationToken [Principal=Name: [107234087105093742255], Granted Authorities: [[OIDC_USER, SCOPE_https://www.googleapis.com/auth/userinfo.email, SCOPE_https://www.googleapis.com/auth/userinfo.profile, SCOPE_openid]], User Attributes: [{at_hash=QIn4N3UChPr1lEyVahXWIw, sub=107234087105093742255, email_verified=true, iss=https://accounts.google.com, given_name=Павел, nonce=rVB9z2VK3RkxPMY1aSpLXA1LTzfIhpKGnTKpjzpx7mE, picture=https://lh3.googleusercontent.com/a/ACg8ocJJoh9jonlTH61VWgvXCiXb0zCDjifGZZtZ30sCErS3N5ntDw=s96-c, aud=[909915657042-l07l5jl8r3v54r15k12hp7vev9dor6r7.apps.googleusercontent.com], azp=909915657042-l07l5jl8r3v54r15k12hp7vev9dor6r7.apps.googleusercontent.com, name=Павел Королев, exp=2025-04-18T08:25:26Z, family_name=Королев, iat=2025-04-18T07:25:26Z, email=passapdom@gmail.com}], Credentials=[PROTECTED], Authenticated=true, Details=WebAuthenticationDetails [RemoteIpAddress=0:0:0:0:0:0:0:1, SessionId=C6EED896D010ABE78F09743AF572D3F2], Granted Authorities=[OIDC_USER, SCOPE_https://www.googleapis.com/auth/userinfo.email, SCOPE_https://www.googleapis.com/auth/userinfo.profile, SCOPE_openid]]]
2025-04-18 10:25:30 [http-nio-8080-exec-1] [DEBUG] o.s.s.w.a.i.FilterSecurityInterceptor - Authorized filter invocation [GET /admin-panel?] with attributes [permitAll]
2025-04-18 10:25:30 [http-nio-8080-exec-1] [DEBUG] o.s.security.web.FilterChainProxy - Secured GET /admin-panel?
2025-04-18 10:25:30 [http-nio-8080-exec-1] [DEBUG] o.s.s.a.m.AuthorizationManagerBeforeMethodInterceptor - Authorizing method invocation ReflectiveMethodInvocation: public java.lang.String ru.kozelsk.alliance.controllers.admin.AdminController.adminPanel(); target is of class [ru.kozelsk.alliance.controllers.admin.AdminController]
2025-04-18 10:25:30 [http-nio-8080-exec-1] [INFO] r.k.a.u.s.CheckAuthorizeService - checkAdmin2: principal != null
2025-04-18 10:25:30 [http-nio-8080-exec-1] [INFO] r.k.a.u.s.CheckAuthorizeService - Principal2 is Oauth2User
2025-04-18 10:25:30 [http-nio-8080-exec-1] [INFO] r.k.a.u.s.CheckAuthorizeService - Checking admin2 rights for email: passapdom@gmail.com
2025-04-18 10:25:30 [http-nio-8080-exec-1] [INFO] r.k.a.u.s.CheckAuthorizeService - User roles2: [ADMIN]
2025-04-18 10:25:30 [http-nio-8080-exec-1] [DEBUG] o.s.s.a.m.AuthorizationManagerBeforeMethodInterceptor - Authorized method invocation ReflectiveMethodInvocation: public java.lang.String ru.kozelsk.alliance.controllers.admin.AdminController.adminPanel(); target is of class [ru.kozelsk.alliance.controllers.admin.AdminController]
2025-04-18 10:25:32 [http-nio-8080-exec-10] [DEBUG] o.s.security.web.FilterChainProxy - Securing GET /admin/booking
2025-04-18 10:25:32 [http-nio-8080-exec-10] [DEBUG] o.s.s.w.c.HttpSessionSecurityContextRepository - Retrieved SecurityContextImpl [Authentication=OAuth2AuthenticationToken [Principal=Name: [107234087105093742255], Granted Authorities: [[OIDC_USER, SCOPE_https://www.googleapis.com/auth/userinfo.email, SCOPE_https://www.googleapis.com/auth/userinfo.profile, SCOPE_openid]], User Attributes: [{at_hash=QIn4N3UChPr1lEyVahXWIw, sub=107234087105093742255, email_verified=true, iss=https://accounts.google.com, given_name=Павел, nonce=rVB9z2VK3RkxPMY1aSpLXA1LTzfIhpKGnTKpjzpx7mE, picture=https://lh3.googleusercontent.com/a/ACg8ocJJoh9jonlTH61VWgvXCiXb0zCDjifGZZtZ30sCErS3N5ntDw=s96-c, aud=[909915657042-l07l5jl8r3v54r15k12hp7vev9dor6r7.apps.googleusercontent.com], azp=909915657042-l07l5jl8r3v54r15k12hp7vev9dor6r7.apps.googleusercontent.com, name=Павел Королев, exp=2025-04-18T08:25:26Z, family_name=Королев, iat=2025-04-18T07:25:26Z, email=passapdom@gmail.com}], Credentials=[PROTECTED], Authenticated=true, Details=WebAuthenticationDetails [RemoteIpAddress=0:0:0:0:0:0:0:1, SessionId=C6EED896D010ABE78F09743AF572D3F2], Granted Authorities=[OIDC_USER, SCOPE_https://www.googleapis.com/auth/userinfo.email, SCOPE_https://www.googleapis.com/auth/userinfo.profile, SCOPE_openid]]]
2025-04-18 10:25:32 [http-nio-8080-exec-10] [DEBUG] o.s.s.w.a.i.FilterSecurityInterceptor - Authorized filter invocation [GET /admin/booking] with attributes [permitAll]
2025-04-18 10:25:32 [http-nio-8080-exec-10] [DEBUG] o.s.security.web.FilterChainProxy - Secured GET /admin/booking
2025-04-18 10:25:32 [http-nio-8080-exec-10] [DEBUG] o.s.s.a.m.AuthorizationManagerBeforeMethodInterceptor - Authorizing method invocation ReflectiveMethodInvocation: public java.lang.String ru.kozelsk.alliance.controllers.admin.booking.BookingAdminController.allBookings(org.springframework.ui.Model); target is of class [ru.kozelsk.alliance.controllers.admin.booking.BookingAdminController]
2025-04-18 10:25:32 [http-nio-8080-exec-10] [INFO] r.k.a.u.s.CheckAuthorizeService - checkAdmin2: principal != null
2025-04-18 10:25:32 [http-nio-8080-exec-10] [INFO] r.k.a.u.s.CheckAuthorizeService - Principal2 is Oauth2User
2025-04-18 10:25:32 [http-nio-8080-exec-10] [INFO] r.k.a.u.s.CheckAuthorizeService - Checking admin2 rights for email: passapdom@gmail.com
2025-04-18 10:25:32 [http-nio-8080-exec-10] [INFO] r.k.a.u.s.CheckAuthorizeService - User roles2: [ADMIN]
2025-04-18 10:25:32 [http-nio-8080-exec-10] [DEBUG] o.s.s.a.m.AuthorizationManagerBeforeMethodInterceptor - Authorized method invocation ReflectiveMethodInvocation: public java.lang.String ru.kozelsk.alliance.controllers.admin.booking.BookingAdminController.allBookings(org.springframework.ui.Model); target is of class [ru.kozelsk.alliance.controllers.admin.booking.BookingAdminController]
2025-04-18 10:25:32 [http-nio-8080-exec-5] [DEBUG] o.s.security.web.FilterChainProxy - Securing GET /img/logo_alliance.png
2025-04-18 10:25:32 [http-nio-8080-exec-5] [DEBUG] o.s.s.w.c.HttpSessionSecurityContextRepository - Retrieved SecurityContextImpl [Authentication=OAuth2AuthenticationToken [Principal=Name: [107234087105093742255], Granted Authorities: [[OIDC_USER, SCOPE_https://www.googleapis.com/auth/userinfo.email, SCOPE_https://www.googleapis.com/auth/userinfo.profile, SCOPE_openid]], User Attributes: [{at_hash=QIn4N3UChPr1lEyVahXWIw, sub=107234087105093742255, email_verified=true, iss=https://accounts.google.com, given_name=Павел, nonce=rVB9z2VK3RkxPMY1aSpLXA1LTzfIhpKGnTKpjzpx7mE, picture=https://lh3.googleusercontent.com/a/ACg8ocJJoh9jonlTH61VWgvXCiXb0zCDjifGZZtZ30sCErS3N5ntDw=s96-c, aud=[909915657042-l07l5jl8r3v54r15k12hp7vev9dor6r7.apps.googleusercontent.com], azp=909915657042-l07l5jl8r3v54r15k12hp7vev9dor6r7.apps.googleusercontent.com, name=Павел Королев, exp=2025-04-18T08:25:26Z, family_name=Королев, iat=2025-04-18T07:25:26Z, email=passapdom@gmail.com}], Credentials=[PROTECTED], Authenticated=true, Details=WebAuthenticationDetails [RemoteIpAddress=0:0:0:0:0:0:0:1, SessionId=C6EED896D010ABE78F09743AF572D3F2], Granted Authorities=[OIDC_USER, SCOPE_https://www.googleapis.com/auth/userinfo.email, SCOPE_https://www.googleapis.com/auth/userinfo.profile, SCOPE_openid]]]
2025-04-18 10:25:32 [http-nio-8080-exec-5] [DEBUG] o.s.s.w.a.i.FilterSecurityInterceptor - Authorized filter invocation [GET /img/logo_alliance.png] with attributes [permitAll]
2025-04-18 10:25:32 [http-nio-8080-exec-5] [DEBUG] o.s.security.web.FilterChainProxy - Secured GET /img/logo_alliance.png
2025-04-18 10:25:57 [http-nio-8080-exec-2] [DEBUG] o.s.security.web.FilterChainProxy - Securing GET /excursion
2025-04-18 10:25:57 [http-nio-8080-exec-2] [DEBUG] o.s.s.w.c.HttpSessionSecurityContextRepository - Retrieved SecurityContextImpl [Authentication=OAuth2AuthenticationToken [Principal=Name: [107234087105093742255], Granted Authorities: [[OIDC_USER, SCOPE_https://www.googleapis.com/auth/userinfo.email, SCOPE_https://www.googleapis.com/auth/userinfo.profile, SCOPE_openid]], User Attributes: [{at_hash=QIn4N3UChPr1lEyVahXWIw, sub=107234087105093742255, email_verified=true, iss=https://accounts.google.com, given_name=Павел, nonce=rVB9z2VK3RkxPMY1aSpLXA1LTzfIhpKGnTKpjzpx7mE, picture=https://lh3.googleusercontent.com/a/ACg8ocJJoh9jonlTH61VWgvXCiXb0zCDjifGZZtZ30sCErS3N5ntDw=s96-c, aud=[909915657042-l07l5jl8r3v54r15k12hp7vev9dor6r7.apps.googleusercontent.com], azp=909915657042-l07l5jl8r3v54r15k12hp7vev9dor6r7.apps.googleusercontent.com, name=Павел Королев, exp=2025-04-18T08:25:26Z, family_name=Королев, iat=2025-04-18T07:25:26Z, email=passapdom@gmail.com}], Credentials=[PROTECTED], Authenticated=true, Details=WebAuthenticationDetails [RemoteIpAddress=0:0:0:0:0:0:0:1, SessionId=C6EED896D010ABE78F09743AF572D3F2], Granted Authorities=[OIDC_USER, SCOPE_https://www.googleapis.com/auth/userinfo.email, SCOPE_https://www.googleapis.com/auth/userinfo.profile, SCOPE_openid]]]
2025-04-18 10:25:57 [http-nio-8080-exec-2] [DEBUG] o.s.s.w.a.i.FilterSecurityInterceptor - Authorized filter invocation [GET /excursion] with attributes [permitAll]
2025-04-18 10:25:57 [http-nio-8080-exec-2] [DEBUG] o.s.security.web.FilterChainProxy - Secured GET /excursion
2025-04-18 10:25:57 [http-nio-8080-exec-2] [INFO] r.k.a.u.s.CheckAuthorizeService - checkAdmin is starting, principal: OAuth2AuthenticationToken [Principal=Name: [107234087105093742255], Granted Authorities: [[OIDC_USER, SCOPE_https://www.googleapis.com/auth/userinfo.email, SCOPE_https://www.googleapis.com/auth/userinfo.profile, SCOPE_openid]], User Attributes: [{at_hash=QIn4N3UChPr1lEyVahXWIw, sub=107234087105093742255, email_verified=true, iss=https://accounts.google.com, given_name=Павел, nonce=rVB9z2VK3RkxPMY1aSpLXA1LTzfIhpKGnTKpjzpx7mE, picture=https://lh3.googleusercontent.com/a/ACg8ocJJoh9jonlTH61VWgvXCiXb0zCDjifGZZtZ30sCErS3N5ntDw=s96-c, aud=[909915657042-l07l5jl8r3v54r15k12hp7vev9dor6r7.apps.googleusercontent.com], azp=909915657042-l07l5jl8r3v54r15k12hp7vev9dor6r7.apps.googleusercontent.com, name=Павел Королев, exp=2025-04-18T08:25:26Z, family_name=Королев, iat=2025-04-18T07:25:26Z, email=passapdom@gmail.com}], Credentials=[PROTECTED], Authenticated=true, Details=WebAuthenticationDetails [RemoteIpAddress=0:0:0:0:0:0:0:1, SessionId=C6EED896D010ABE78F09743AF572D3F2], Granted Authorities=[OIDC_USER, SCOPE_https://www.googleapis.com/auth/userinfo.email, SCOPE_https://www.googleapis.com/auth/userinfo.profile, SCOPE_openid]]
2025-04-18 10:25:57 [http-nio-8080-exec-2] [INFO] r.k.a.u.s.CheckAuthorizeService - checkAdmin: principal != null
2025-04-18 10:25:57 [http-nio-8080-exec-2] [INFO] r.k.a.u.s.CheckAuthorizeService - Principal is OAuth2AuthenticationToken
2025-04-18 10:25:57 [http-nio-8080-exec-2] [INFO] r.k.a.u.s.CheckAuthorizeService - Checking admin rights for email: passapdom@gmail.com
2025-04-18 10:25:57 [http-nio-8080-exec-2] [INFO] r.k.a.u.s.CheckAuthorizeService - User roles: [ADMIN]
2025-04-18 10:25:57 [http-nio-8080-exec-3] [DEBUG] o.s.security.web.FilterChainProxy - Securing GET /css/styles.css
2025-04-18 10:25:57 [http-nio-8080-exec-2] [DEBUG] o.s.security.web.FilterChainProxy - Securing GET /img/logo_alliance.png
2025-04-18 10:25:57 [http-nio-8080-exec-2] [DEBUG] o.s.s.w.c.HttpSessionSecurityContextRepository - Retrieved SecurityContextImpl [Authentication=OAuth2AuthenticationToken [Principal=Name: [107234087105093742255], Granted Authorities: [[OIDC_USER, SCOPE_https://www.googleapis.com/auth/userinfo.email, SCOPE_https://www.googleapis.com/auth/userinfo.profile, SCOPE_openid]], User Attributes: [{at_hash=QIn4N3UChPr1lEyVahXWIw, sub=107234087105093742255, email_verified=true, iss=https://accounts.google.com, given_name=Павел, nonce=rVB9z2VK3RkxPMY1aSpLXA1LTzfIhpKGnTKpjzpx7mE, picture=https://lh3.googleusercontent.com/a/ACg8ocJJoh9jonlTH61VWgvXCiXb0zCDjifGZZtZ30sCErS3N5ntDw=s96-c, aud=[909915657042-l07l5jl8r3v54r15k12hp7vev9dor6r7.apps.googleusercontent.com], azp=909915657042-l07l5jl8r3v54r15k12hp7vev9dor6r7.apps.googleusercontent.com, name=Павел Королев, exp=2025-04-18T08:25:26Z, family_name=Королев, iat=2025-04-18T07:25:26Z, email=passapdom@gmail.com}], Credentials=[PROTECTED], Authenticated=true, Details=WebAuthenticationDetails [RemoteIpAddress=0:0:0:0:0:0:0:1, SessionId=C6EED896D010ABE78F09743AF572D3F2], Granted Authorities=[OIDC_USER, SCOPE_https://www.googleapis.com/auth/userinfo.email, SCOPE_https://www.googleapis.com/auth/userinfo.profile, SCOPE_openid]]]
2025-04-18 10:25:57 [http-nio-8080-exec-2] [DEBUG] o.s.s.w.a.i.FilterSecurityInterceptor - Authorized filter invocation [GET /img/logo_alliance.png] with attributes [permitAll]
2025-04-18 10:25:57 [http-nio-8080-exec-2] [DEBUG] o.s.security.web.FilterChainProxy - Secured GET /img/logo_alliance.png
2025-04-18 10:25:57 [http-nio-8080-exec-3] [DEBUG] o.s.s.w.c.HttpSessionSecurityContextRepository - Retrieved SecurityContextImpl [Authentication=OAuth2AuthenticationToken [Principal=Name: [107234087105093742255], Granted Authorities: [[OIDC_USER, SCOPE_https://www.googleapis.com/auth/userinfo.email, SCOPE_https://www.googleapis.com/auth/userinfo.profile, SCOPE_openid]], User Attributes: [{at_hash=QIn4N3UChPr1lEyVahXWIw, sub=107234087105093742255, email_verified=true, iss=https://accounts.google.com, given_name=Павел, nonce=rVB9z2VK3RkxPMY1aSpLXA1LTzfIhpKGnTKpjzpx7mE, picture=https://lh3.googleusercontent.com/a/ACg8ocJJoh9jonlTH61VWgvXCiXb0zCDjifGZZtZ30sCErS3N5ntDw=s96-c, aud=[909915657042-l07l5jl8r3v54r15k12hp7vev9dor6r7.apps.googleusercontent.com], azp=909915657042-l07l5jl8r3v54r15k12hp7vev9dor6r7.apps.googleusercontent.com, name=Павел Королев, exp=2025-04-18T08:25:26Z, family_name=Королев, iat=2025-04-18T07:25:26Z, email=passapdom@gmail.com}], Credentials=[PROTECTED], Authenticated=true, Details=WebAuthenticationDetails [RemoteIpAddress=0:0:0:0:0:0:0:1, SessionId=C6EED896D010ABE78F09743AF572D3F2], Granted Authorities=[OIDC_USER, SCOPE_https://www.googleapis.com/auth/userinfo.email, SCOPE_https://www.googleapis.com/auth/userinfo.profile, SCOPE_openid]]]
2025-04-18 10:25:57 [http-nio-8080-exec-3] [DEBUG] o.s.s.w.a.i.FilterSecurityInterceptor - Authorized filter invocation [GET /css/styles.css] with attributes [permitAll]
2025-04-18 10:25:57 [http-nio-8080-exec-3] [DEBUG] o.s.security.web.FilterChainProxy - Secured GET /css/styles.css
2025-04-18 10:25:57 [http-nio-8080-exec-6] [DEBUG] o.s.security.web.FilterChainProxy - Securing GET /images/tour/77da970b-1e81-439d-a952-267262094a8c_kozelsk.jpg
2025-04-18 10:25:57 [http-nio-8080-exec-9] [DEBUG] o.s.security.web.FilterChainProxy - Securing GET /images/tour/70efb4f2-568c-40d0-b39f-55ed0ccbc07e_00-Козельск.jpg
2025-04-18 10:25:57 [http-nio-8080-exec-6] [DEBUG] o.s.s.w.c.HttpSessionSecurityContextRepository - Retrieved SecurityContextImpl [Authentication=OAuth2AuthenticationToken [Principal=Name: [107234087105093742255], Granted Authorities: [[OIDC_USER, SCOPE_https://www.googleapis.com/auth/userinfo.email, SCOPE_https://www.googleapis.com/auth/userinfo.profile, SCOPE_openid]], User Attributes: [{at_hash=QIn4N3UChPr1lEyVahXWIw, sub=107234087105093742255, email_verified=true, iss=https://accounts.google.com, given_name=Павел, nonce=rVB9z2VK3RkxPMY1aSpLXA1LTzfIhpKGnTKpjzpx7mE, picture=https://lh3.googleusercontent.com/a/ACg8ocJJoh9jonlTH61VWgvXCiXb0zCDjifGZZtZ30sCErS3N5ntDw=s96-c, aud=[909915657042-l07l5jl8r3v54r15k12hp7vev9dor6r7.apps.googleusercontent.com], azp=909915657042-l07l5jl8r3v54r15k12hp7vev9dor6r7.apps.googleusercontent.com, name=Павел Королев, exp=2025-04-18T08:25:26Z, family_name=Королев, iat=2025-04-18T07:25:26Z, email=passapdom@gmail.com}], Credentials=[PROTECTED], Authenticated=true, Details=WebAuthenticationDetails [RemoteIpAddress=0:0:0:0:0:0:0:1, SessionId=C6EED896D010ABE78F09743AF572D3F2], Granted Authorities=[OIDC_USER, SCOPE_https://www.googleapis.com/auth/userinfo.email, SCOPE_https://www.googleapis.com/auth/userinfo.profile, SCOPE_openid]]]
2025-04-18 10:25:57 [http-nio-8080-exec-4] [DEBUG] o.s.security.web.FilterChainProxy - Securing GET /img/tour-agency.jpg
2025-04-18 10:25:57 [http-nio-8080-exec-9] [DEBUG] o.s.s.w.c.HttpSessionSecurityContextRepository - Retrieved SecurityContextImpl [Authentication=OAuth2AuthenticationToken [Principal=Name: [107234087105093742255], Granted Authorities: [[OIDC_USER, SCOPE_https://www.googleapis.com/auth/userinfo.email, SCOPE_https://www.googleapis.com/auth/userinfo.profile, SCOPE_openid]], User Attributes: [{at_hash=QIn4N3UChPr1lEyVahXWIw, sub=107234087105093742255, email_verified=true, iss=https://accounts.google.com, given_name=Павел, nonce=rVB9z2VK3RkxPMY1aSpLXA1LTzfIhpKGnTKpjzpx7mE, picture=https://lh3.googleusercontent.com/a/ACg8ocJJoh9jonlTH61VWgvXCiXb0zCDjifGZZtZ30sCErS3N5ntDw=s96-c, aud=[909915657042-l07l5jl8r3v54r15k12hp7vev9dor6r7.apps.googleusercontent.com], azp=909915657042-l07l5jl8r3v54r15k12hp7vev9dor6r7.apps.googleusercontent.com, name=Павел Королев, exp=2025-04-18T08:25:26Z, family_name=Королев, iat=2025-04-18T07:25:26Z, email=passapdom@gmail.com}], Credentials=[PROTECTED], Authenticated=true, Details=WebAuthenticationDetails [RemoteIpAddress=0:0:0:0:0:0:0:1, SessionId=C6EED896D010ABE78F09743AF572D3F2], Granted Authorities=[OIDC_USER, SCOPE_https://www.googleapis.com/auth/userinfo.email, SCOPE_https://www.googleapis.com/auth/userinfo.profile, SCOPE_openid]]]
2025-04-18 10:25:57 [http-nio-8080-exec-6] [DEBUG] o.s.s.w.a.i.FilterSecurityInterceptor - Authorized filter invocation [GET /images/tour/77da970b-1e81-439d-a952-267262094a8c_kozelsk.jpg] with attributes [permitAll]
2025-04-18 10:25:57 [http-nio-8080-exec-4] [DEBUG] o.s.s.w.c.HttpSessionSecurityContextRepository - Retrieved SecurityContextImpl [Authentication=OAuth2AuthenticationToken [Principal=Name: [107234087105093742255], Granted Authorities: [[OIDC_USER, SCOPE_https://www.googleapis.com/auth/userinfo.email, SCOPE_https://www.googleapis.com/auth/userinfo.profile, SCOPE_openid]], User Attributes: [{at_hash=QIn4N3UChPr1lEyVahXWIw, sub=107234087105093742255, email_verified=true, iss=https://accounts.google.com, given_name=Павел, nonce=rVB9z2VK3RkxPMY1aSpLXA1LTzfIhpKGnTKpjzpx7mE, picture=https://lh3.googleusercontent.com/a/ACg8ocJJoh9jonlTH61VWgvXCiXb0zCDjifGZZtZ30sCErS3N5ntDw=s96-c, aud=[909915657042-l07l5jl8r3v54r15k12hp7vev9dor6r7.apps.googleusercontent.com], azp=909915657042-l07l5jl8r3v54r15k12hp7vev9dor6r7.apps.googleusercontent.com, name=Павел Королев, exp=2025-04-18T08:25:26Z, family_name=Королев, iat=2025-04-18T07:25:26Z, email=passapdom@gmail.com}], Credentials=[PROTECTED], Authenticated=true, Details=WebAuthenticationDetails [RemoteIpAddress=0:0:0:0:0:0:0:1, SessionId=C6EED896D010ABE78F09743AF572D3F2], Granted Authorities=[OIDC_USER, SCOPE_https://www.googleapis.com/auth/userinfo.email, SCOPE_https://www.googleapis.com/auth/userinfo.profile, SCOPE_openid]]]
2025-04-18 10:25:57 [http-nio-8080-exec-6] [DEBUG] o.s.security.web.FilterChainProxy - Secured GET /images/tour/77da970b-1e81-439d-a952-267262094a8c_kozelsk.jpg
2025-04-18 10:25:57 [http-nio-8080-exec-4] [DEBUG] o.s.s.w.a.i.FilterSecurityInterceptor - Authorized filter invocation [GET /img/tour-agency.jpg] with attributes [permitAll]
2025-04-18 10:25:57 [http-nio-8080-exec-4] [DEBUG] o.s.security.web.FilterChainProxy - Secured GET /img/tour-agency.jpg
2025-04-18 10:25:57 [http-nio-8080-exec-9] [DEBUG] o.s.s.w.a.i.FilterSecurityInterceptor - Authorized filter invocation [GET /images/tour/70efb4f2-568c-40d0-b39f-55ed0ccbc07e_00-Козельск.jpg] with attributes [permitAll]
2025-04-18 10:25:57 [http-nio-8080-exec-9] [DEBUG] o.s.security.web.FilterChainProxy - Secured GET /images/tour/70efb4f2-568c-40d0-b39f-55ed0ccbc07e_00-Козельск.jpg
2025-04-18 10:25:57 [http-nio-8080-exec-8] [DEBUG] o.s.security.web.FilterChainProxy - Securing GET /images/placeholder.jpg
2025-04-18 10:25:57 [http-nio-8080-exec-8] [DEBUG] o.s.s.w.c.HttpSessionSecurityContextRepository - Retrieved SecurityContextImpl [Authentication=OAuth2AuthenticationToken [Principal=Name: [107234087105093742255], Granted Authorities: [[OIDC_USER, SCOPE_https://www.googleapis.com/auth/userinfo.email, SCOPE_https://www.googleapis.com/auth/userinfo.profile, SCOPE_openid]], User Attributes: [{at_hash=QIn4N3UChPr1lEyVahXWIw, sub=107234087105093742255, email_verified=true, iss=https://accounts.google.com, given_name=Павел, nonce=rVB9z2VK3RkxPMY1aSpLXA1LTzfIhpKGnTKpjzpx7mE, picture=https://lh3.googleusercontent.com/a/ACg8ocJJoh9jonlTH61VWgvXCiXb0zCDjifGZZtZ30sCErS3N5ntDw=s96-c, aud=[909915657042-l07l5jl8r3v54r15k12hp7vev9dor6r7.apps.googleusercontent.com], azp=909915657042-l07l5jl8r3v54r15k12hp7vev9dor6r7.apps.googleusercontent.com, name=Павел Королев, exp=2025-04-18T08:25:26Z, family_name=Королев, iat=2025-04-18T07:25:26Z, email=passapdom@gmail.com}], Credentials=[PROTECTED], Authenticated=true, Details=WebAuthenticationDetails [RemoteIpAddress=0:0:0:0:0:0:0:1, SessionId=C6EED896D010ABE78F09743AF572D3F2], Granted Authorities=[OIDC_USER, SCOPE_https://www.googleapis.com/auth/userinfo.email, SCOPE_https://www.googleapis.com/auth/userinfo.profile, SCOPE_openid]]]
2025-04-18 10:25:57 [http-nio-8080-exec-8] [DEBUG] o.s.s.w.a.i.FilterSecurityInterceptor - Authorized filter invocation [GET /images/placeholder.jpg] with attributes [permitAll]
2025-04-18 10:25:57 [http-nio-8080-exec-8] [DEBUG] o.s.security.web.FilterChainProxy - Secured GET /images/placeholder.jpg
2025-04-18 10:25:57 [http-nio-8080-exec-4] [DEBUG] o.s.security.web.FilterChainProxy - Securing GET /error
2025-04-18 10:25:57 [http-nio-8080-exec-4] [DEBUG] o.s.s.w.c.HttpSessionSecurityContextRepository - Retrieved SecurityContextImpl [Authentication=OAuth2AuthenticationToken [Principal=Name: [107234087105093742255], Granted Authorities: [[OIDC_USER, SCOPE_https://www.googleapis.com/auth/userinfo.email, SCOPE_https://www.googleapis.com/auth/userinfo.profile, SCOPE_openid]], User Attributes: [{at_hash=QIn4N3UChPr1lEyVahXWIw, sub=107234087105093742255, email_verified=true, iss=https://accounts.google.com, given_name=Павел, nonce=rVB9z2VK3RkxPMY1aSpLXA1LTzfIhpKGnTKpjzpx7mE, picture=https://lh3.googleusercontent.com/a/ACg8ocJJoh9jonlTH61VWgvXCiXb0zCDjifGZZtZ30sCErS3N5ntDw=s96-c, aud=[909915657042-l07l5jl8r3v54r15k12hp7vev9dor6r7.apps.googleusercontent.com], azp=909915657042-l07l5jl8r3v54r15k12hp7vev9dor6r7.apps.googleusercontent.com, name=Павел Королев, exp=2025-04-18T08:25:26Z, family_name=Королев, iat=2025-04-18T07:25:26Z, email=passapdom@gmail.com}], Credentials=[PROTECTED], Authenticated=true, Details=WebAuthenticationDetails [RemoteIpAddress=0:0:0:0:0:0:0:1, SessionId=C6EED896D010ABE78F09743AF572D3F2], Granted Authorities=[OIDC_USER, SCOPE_https://www.googleapis.com/auth/userinfo.email, SCOPE_https://www.googleapis.com/auth/userinfo.profile, SCOPE_openid]]]
2025-04-18 10:25:57 [http-nio-8080-exec-4] [DEBUG] o.s.s.w.a.i.FilterSecurityInterceptor - Authorized filter invocation [GET /error] with attributes [permitAll]
2025-04-18 10:25:57 [http-nio-8080-exec-4] [DEBUG] o.s.security.web.FilterChainProxy - Secured GET /error
2025-04-18 10:25:57 [http-nio-8080-exec-8] [DEBUG] o.s.security.web.FilterChainProxy - Securing GET /error
2025-04-18 10:25:57 [http-nio-8080-exec-8] [DEBUG] o.s.s.w.c.HttpSessionSecurityContextRepository - Retrieved SecurityContextImpl [Authentication=OAuth2AuthenticationToken [Principal=Name: [107234087105093742255], Granted Authorities: [[OIDC_USER, SCOPE_https://www.googleapis.com/auth/userinfo.email, SCOPE_https://www.googleapis.com/auth/userinfo.profile, SCOPE_openid]], User Attributes: [{at_hash=QIn4N3UChPr1lEyVahXWIw, sub=107234087105093742255, email_verified=true, iss=https://accounts.google.com, given_name=Павел, nonce=rVB9z2VK3RkxPMY1aSpLXA1LTzfIhpKGnTKpjzpx7mE, picture=https://lh3.googleusercontent.com/a/ACg8ocJJoh9jonlTH61VWgvXCiXb0zCDjifGZZtZ30sCErS3N5ntDw=s96-c, aud=[909915657042-l07l5jl8r3v54r15k12hp7vev9dor6r7.apps.googleusercontent.com], azp=909915657042-l07l5jl8r3v54r15k12hp7vev9dor6r7.apps.googleusercontent.com, name=Павел Королев, exp=2025-04-18T08:25:26Z, family_name=Королев, iat=2025-04-18T07:25:26Z, email=passapdom@gmail.com}], Credentials=[PROTECTED], Authenticated=true, Details=WebAuthenticationDetails [RemoteIpAddress=0:0:0:0:0:0:0:1, SessionId=C6EED896D010ABE78F09743AF572D3F2], Granted Authorities=[OIDC_USER, SCOPE_https://www.googleapis.com/auth/userinfo.email, SCOPE_https://www.googleapis.com/auth/userinfo.profile, SCOPE_openid]]]
2025-04-18 10:25:57 [http-nio-8080-exec-8] [DEBUG] o.s.s.w.a.i.FilterSecurityInterceptor - Authorized filter invocation [GET /error] with attributes [permitAll]
2025-04-18 10:25:57 [http-nio-8080-exec-8] [DEBUG] o.s.security.web.FilterChainProxy - Secured GET /error
2025-04-18 10:26:01 [http-nio-8080-exec-3] [DEBUG] o.s.security.web.FilterChainProxy - Securing GET /excursion/tour/7
2025-04-18 10:26:01 [http-nio-8080-exec-3] [DEBUG] o.s.s.w.c.HttpSessionSecurityContextRepository - Retrieved SecurityContextImpl [Authentication=OAuth2AuthenticationToken [Principal=Name: [107234087105093742255], Granted Authorities: [[OIDC_USER, SCOPE_https://www.googleapis.com/auth/userinfo.email, SCOPE_https://www.googleapis.com/auth/userinfo.profile, SCOPE_openid]], User Attributes: [{at_hash=QIn4N3UChPr1lEyVahXWIw, sub=107234087105093742255, email_verified=true, iss=https://accounts.google.com, given_name=Павел, nonce=rVB9z2VK3RkxPMY1aSpLXA1LTzfIhpKGnTKpjzpx7mE, picture=https://lh3.googleusercontent.com/a/ACg8ocJJoh9jonlTH61VWgvXCiXb0zCDjifGZZtZ30sCErS3N5ntDw=s96-c, aud=[909915657042-l07l5jl8r3v54r15k12hp7vev9dor6r7.apps.googleusercontent.com], azp=909915657042-l07l5jl8r3v54r15k12hp7vev9dor6r7.apps.googleusercontent.com, name=Павел Королев, exp=2025-04-18T08:25:26Z, family_name=Королев, iat=2025-04-18T07:25:26Z, email=passapdom@gmail.com}], Credentials=[PROTECTED], Authenticated=true, Details=WebAuthenticationDetails [RemoteIpAddress=0:0:0:0:0:0:0:1, SessionId=C6EED896D010ABE78F09743AF572D3F2], Granted Authorities=[OIDC_USER, SCOPE_https://www.googleapis.com/auth/userinfo.email, SCOPE_https://www.googleapis.com/auth/userinfo.profile, SCOPE_openid]]]
2025-04-18 10:26:01 [http-nio-8080-exec-3] [DEBUG] o.s.s.w.a.i.FilterSecurityInterceptor - Authorized filter invocation [GET /excursion/tour/7] with attributes [permitAll]
2025-04-18 10:26:01 [http-nio-8080-exec-3] [DEBUG] o.s.security.web.FilterChainProxy - Secured GET /excursion/tour/7
2025-04-18 10:26:01 [http-nio-8080-exec-3] [INFO] r.k.a.u.s.CheckAuthorizeService - checkAdmin is starting, principal: OAuth2AuthenticationToken [Principal=Name: [107234087105093742255], Granted Authorities: [[OIDC_USER, SCOPE_https://www.googleapis.com/auth/userinfo.email, SCOPE_https://www.googleapis.com/auth/userinfo.profile, SCOPE_openid]], User Attributes: [{at_hash=QIn4N3UChPr1lEyVahXWIw, sub=107234087105093742255, email_verified=true, iss=https://accounts.google.com, given_name=Павел, nonce=rVB9z2VK3RkxPMY1aSpLXA1LTzfIhpKGnTKpjzpx7mE, picture=https://lh3.googleusercontent.com/a/ACg8ocJJoh9jonlTH61VWgvXCiXb0zCDjifGZZtZ30sCErS3N5ntDw=s96-c, aud=[909915657042-l07l5jl8r3v54r15k12hp7vev9dor6r7.apps.googleusercontent.com], azp=909915657042-l07l5jl8r3v54r15k12hp7vev9dor6r7.apps.googleusercontent.com, name=Павел Королев, exp=2025-04-18T08:25:26Z, family_name=Королев, iat=2025-04-18T07:25:26Z, email=passapdom@gmail.com}], Credentials=[PROTECTED], Authenticated=true, Details=WebAuthenticationDetails [RemoteIpAddress=0:0:0:0:0:0:0:1, SessionId=C6EED896D010ABE78F09743AF572D3F2], Granted Authorities=[OIDC_USER, SCOPE_https://www.googleapis.com/auth/userinfo.email, SCOPE_https://www.googleapis.com/auth/userinfo.profile, SCOPE_openid]]
2025-04-18 10:26:01 [http-nio-8080-exec-3] [INFO] r.k.a.u.s.CheckAuthorizeService - checkAdmin: principal != null
2025-04-18 10:26:01 [http-nio-8080-exec-3] [INFO] r.k.a.u.s.CheckAuthorizeService - Principal is OAuth2AuthenticationToken
2025-04-18 10:26:01 [http-nio-8080-exec-3] [INFO] r.k.a.u.s.CheckAuthorizeService - Checking admin rights for email: passapdom@gmail.com
2025-04-18 10:26:01 [http-nio-8080-exec-3] [INFO] r.k.a.u.s.CheckAuthorizeService - User roles: [ADMIN]
2025-04-18 10:26:01 [http-nio-8080-exec-8] [DEBUG] o.s.security.web.FilterChainProxy - Securing GET /img/logo_alliance.png
2025-04-18 10:26:01 [http-nio-8080-exec-8] [DEBUG] o.s.s.w.c.HttpSessionSecurityContextRepository - Retrieved SecurityContextImpl [Authentication=OAuth2AuthenticationToken [Principal=Name: [107234087105093742255], Granted Authorities: [[OIDC_USER, SCOPE_https://www.googleapis.com/auth/userinfo.email, SCOPE_https://www.googleapis.com/auth/userinfo.profile, SCOPE_openid]], User Attributes: [{at_hash=QIn4N3UChPr1lEyVahXWIw, sub=107234087105093742255, email_verified=true, iss=https://accounts.google.com, given_name=Павел, nonce=rVB9z2VK3RkxPMY1aSpLXA1LTzfIhpKGnTKpjzpx7mE, picture=https://lh3.googleusercontent.com/a/ACg8ocJJoh9jonlTH61VWgvXCiXb0zCDjifGZZtZ30sCErS3N5ntDw=s96-c, aud=[909915657042-l07l5jl8r3v54r15k12hp7vev9dor6r7.apps.googleusercontent.com], azp=909915657042-l07l5jl8r3v54r15k12hp7vev9dor6r7.apps.googleusercontent.com, name=Павел Королев, exp=2025-04-18T08:25:26Z, family_name=Королев, iat=2025-04-18T07:25:26Z, email=passapdom@gmail.com}], Credentials=[PROTECTED], Authenticated=true, Details=WebAuthenticationDetails [RemoteIpAddress=0:0:0:0:0:0:0:1, SessionId=C6EED896D010ABE78F09743AF572D3F2], Granted Authorities=[OIDC_USER, SCOPE_https://www.googleapis.com/auth/userinfo.email, SCOPE_https://www.googleapis.com/auth/userinfo.profile, SCOPE_openid]]]
2025-04-18 10:26:01 [http-nio-8080-exec-8] [DEBUG] o.s.s.w.a.i.FilterSecurityInterceptor - Authorized filter invocation [GET /img/logo_alliance.png] with attributes [permitAll]
2025-04-18 10:26:01 [http-nio-8080-exec-8] [DEBUG] o.s.security.web.FilterChainProxy - Secured GET /img/logo_alliance.png
2025-04-18 10:26:01 [http-nio-8080-exec-4] [DEBUG] o.s.security.web.FilterChainProxy - Securing GET /css/styles.css
2025-04-18 10:26:01 [http-nio-8080-exec-6] [DEBUG] o.s.security.web.FilterChainProxy - Securing GET /images/tour/70efb4f2-568c-40d0-b39f-55ed0ccbc07e_00-Козельск.jpg
2025-04-18 10:26:01 [http-nio-8080-exec-4] [DEBUG] o.s.s.w.c.HttpSessionSecurityContextRepository - Retrieved SecurityContextImpl [Authentication=OAuth2AuthenticationToken [Principal=Name: [107234087105093742255], Granted Authorities: [[OIDC_USER, SCOPE_https://www.googleapis.com/auth/userinfo.email, SCOPE_https://www.googleapis.com/auth/userinfo.profile, SCOPE_openid]], User Attributes: [{at_hash=QIn4N3UChPr1lEyVahXWIw, sub=107234087105093742255, email_verified=true, iss=https://accounts.google.com, given_name=Павел, nonce=rVB9z2VK3RkxPMY1aSpLXA1LTzfIhpKGnTKpjzpx7mE, picture=https://lh3.googleusercontent.com/a/ACg8ocJJoh9jonlTH61VWgvXCiXb0zCDjifGZZtZ30sCErS3N5ntDw=s96-c, aud=[909915657042-l07l5jl8r3v54r15k12hp7vev9dor6r7.apps.googleusercontent.com], azp=909915657042-l07l5jl8r3v54r15k12hp7vev9dor6r7.apps.googleusercontent.com, name=Павел Королев, exp=2025-04-18T08:25:26Z, family_name=Королев, iat=2025-04-18T07:25:26Z, email=passapdom@gmail.com}], Credentials=[PROTECTED], Authenticated=true, Details=WebAuthenticationDetails [RemoteIpAddress=0:0:0:0:0:0:0:1, SessionId=C6EED896D010ABE78F09743AF572D3F2], Granted Authorities=[OIDC_USER, SCOPE_https://www.googleapis.com/auth/userinfo.email, SCOPE_https://www.googleapis.com/auth/userinfo.profile, SCOPE_openid]]]
2025-04-18 10:26:01 [http-nio-8080-exec-6] [DEBUG] o.s.s.w.c.HttpSessionSecurityContextRepository - Retrieved SecurityContextImpl [Authentication=OAuth2AuthenticationToken [Principal=Name: [107234087105093742255], Granted Authorities: [[OIDC_USER, SCOPE_https://www.googleapis.com/auth/userinfo.email, SCOPE_https://www.googleapis.com/auth/userinfo.profile, SCOPE_openid]], User Attributes: [{at_hash=QIn4N3UChPr1lEyVahXWIw, sub=107234087105093742255, email_verified=true, iss=https://accounts.google.com, given_name=Павел, nonce=rVB9z2VK3RkxPMY1aSpLXA1LTzfIhpKGnTKpjzpx7mE, picture=https://lh3.googleusercontent.com/a/ACg8ocJJoh9jonlTH61VWgvXCiXb0zCDjifGZZtZ30sCErS3N5ntDw=s96-c, aud=[909915657042-l07l5jl8r3v54r15k12hp7vev9dor6r7.apps.googleusercontent.com], azp=909915657042-l07l5jl8r3v54r15k12hp7vev9dor6r7.apps.googleusercontent.com, name=Павел Королев, exp=2025-04-18T08:25:26Z, family_name=Королев, iat=2025-04-18T07:25:26Z, email=passapdom@gmail.com}], Credentials=[PROTECTED], Authenticated=true, Details=WebAuthenticationDetails [RemoteIpAddress=0:0:0:0:0:0:0:1, SessionId=C6EED896D010ABE78F09743AF572D3F2], Granted Authorities=[OIDC_USER, SCOPE_https://www.googleapis.com/auth/userinfo.email, SCOPE_https://www.googleapis.com/auth/userinfo.profile, SCOPE_openid]]]
2025-04-18 10:26:01 [http-nio-8080-exec-6] [DEBUG] o.s.s.w.a.i.FilterSecurityInterceptor - Authorized filter invocation [GET /images/tour/70efb4f2-568c-40d0-b39f-55ed0ccbc07e_00-Козельск.jpg] with attributes [permitAll]
2025-04-18 10:26:01 [http-nio-8080-exec-4] [DEBUG] o.s.s.w.a.i.FilterSecurityInterceptor - Authorized filter invocation [GET /css/styles.css] with attributes [permitAll]
2025-04-18 10:26:01 [http-nio-8080-exec-6] [DEBUG] o.s.security.web.FilterChainProxy - Secured GET /images/tour/70efb4f2-568c-40d0-b39f-55ed0ccbc07e_00-Козельск.jpg
2025-04-18 10:26:01 [http-nio-8080-exec-4] [DEBUG] o.s.security.web.FilterChainProxy - Secured GET /css/styles.css
2025-04-18 10:26:01 [http-nio-8080-exec-5] [DEBUG] o.s.security.web.FilterChainProxy - Securing GET /images/tour/414b0294-d609-404f-b29e-bce0b3a8dd2d_2.jpg
2025-04-18 10:26:01 [http-nio-8080-exec-10] [DEBUG] o.s.security.web.FilterChainProxy - Securing GET /images/tour/ab411480-0960-49e0-851d-d9a6ee643bbf_photo_2024-12-23_22-18-02.jpg
2025-04-18 10:26:01 [http-nio-8080-exec-1] [DEBUG] o.s.security.web.FilterChainProxy - Securing GET /images/tour/2fda8126-ebe8-4ae8-8cc0-41fba6cc8428_photo_2024-12-23_22-18-01.jpg
2025-04-18 10:26:01 [http-nio-8080-exec-9] [DEBUG] o.s.security.web.FilterChainProxy - Securing GET /images/tour/9a82b164-22ad-4d36-b819-c6f0b357f20e_01.jpg
2025-04-18 10:26:01 [http-nio-8080-exec-10] [DEBUG] o.s.s.w.c.HttpSessionSecurityContextRepository - Retrieved SecurityContextImpl [Authentication=OAuth2AuthenticationToken [Principal=Name: [107234087105093742255], Granted Authorities: [[OIDC_USER, SCOPE_https://www.googleapis.com/auth/userinfo.email, SCOPE_https://www.googleapis.com/auth/userinfo.profile, SCOPE_openid]], User Attributes: [{at_hash=QIn4N3UChPr1lEyVahXWIw, sub=107234087105093742255, email_verified=true, iss=https://accounts.google.com, given_name=Павел, nonce=rVB9z2VK3RkxPMY1aSpLXA1LTzfIhpKGnTKpjzpx7mE, picture=https://lh3.googleusercontent.com/a/ACg8ocJJoh9jonlTH61VWgvXCiXb0zCDjifGZZtZ30sCErS3N5ntDw=s96-c, aud=[909915657042-l07l5jl8r3v54r15k12hp7vev9dor6r7.apps.googleusercontent.com], azp=909915657042-l07l5jl8r3v54r15k12hp7vev9dor6r7.apps.googleusercontent.com, name=Павел Королев, exp=2025-04-18T08:25:26Z, family_name=Королев, iat=2025-04-18T07:25:26Z, email=passapdom@gmail.com}], Credentials=[PROTECTED], Authenticated=true, Details=WebAuthenticationDetails [RemoteIpAddress=0:0:0:0:0:0:0:1, SessionId=C6EED896D010ABE78F09743AF572D3F2], Granted Authorities=[OIDC_USER, SCOPE_https://www.googleapis.com/auth/userinfo.email, SCOPE_https://www.googleapis.com/auth/userinfo.profile, SCOPE_openid]]]
2025-04-18 10:26:01 [http-nio-8080-exec-5] [DEBUG] o.s.s.w.c.HttpSessionSecurityContextRepository - Retrieved SecurityContextImpl [Authentication=OAuth2AuthenticationToken [Principal=Name: [107234087105093742255], Granted Authorities: [[OIDC_USER, SCOPE_https://www.googleapis.com/auth/userinfo.email, SCOPE_https://www.googleapis.com/auth/userinfo.profile, SCOPE_openid]], User Attributes: [{at_hash=QIn4N3UChPr1lEyVahXWIw, sub=107234087105093742255, email_verified=true, iss=https://accounts.google.com, given_name=Павел, nonce=rVB9z2VK3RkxPMY1aSpLXA1LTzfIhpKGnTKpjzpx7mE, picture=https://lh3.googleusercontent.com/a/ACg8ocJJoh9jonlTH61VWgvXCiXb0zCDjifGZZtZ30sCErS3N5ntDw=s96-c, aud=[909915657042-l07l5jl8r3v54r15k12hp7vev9dor6r7.apps.googleusercontent.com], azp=909915657042-l07l5jl8r3v54r15k12hp7vev9dor6r7.apps.googleusercontent.com, name=Павел Королев, exp=2025-04-18T08:25:26Z, family_name=Королев, iat=2025-04-18T07:25:26Z, email=passapdom@gmail.com}], Credentials=[PROTECTED], Authenticated=true, Details=WebAuthenticationDetails [RemoteIpAddress=0:0:0:0:0:0:0:1, SessionId=C6EED896D010ABE78F09743AF572D3F2], Granted Authorities=[OIDC_USER, SCOPE_https://www.googleapis.com/auth/userinfo.email, SCOPE_https://www.googleapis.com/auth/userinfo.profile, SCOPE_openid]]]
2025-04-18 10:26:01 [http-nio-8080-exec-5] [DEBUG] o.s.s.w.a.i.FilterSecurityInterceptor - Authorized filter invocation [GET /images/tour/414b0294-d609-404f-b29e-bce0b3a8dd2d_2.jpg] with attributes [permitAll]
2025-04-18 10:26:01 [http-nio-8080-exec-10] [DEBUG] o.s.s.w.a.i.FilterSecurityInterceptor - Authorized filter invocation [GET /images/tour/ab411480-0960-49e0-851d-d9a6ee643bbf_photo_2024-12-23_22-18-02.jpg] with attributes [permitAll]
2025-04-18 10:26:01 [http-nio-8080-exec-1] [DEBUG] o.s.s.w.c.HttpSessionSecurityContextRepository - Retrieved SecurityContextImpl [Authentication=OAuth2AuthenticationToken [Principal=Name: [107234087105093742255], Granted Authorities: [[OIDC_USER, SCOPE_https://www.googleapis.com/auth/userinfo.email, SCOPE_https://www.googleapis.com/auth/userinfo.profile, SCOPE_openid]], User Attributes: [{at_hash=QIn4N3UChPr1lEyVahXWIw, sub=107234087105093742255, email_verified=true, iss=https://accounts.google.com, given_name=Павел, nonce=rVB9z2VK3RkxPMY1aSpLXA1LTzfIhpKGnTKpjzpx7mE, picture=https://lh3.googleusercontent.com/a/ACg8ocJJoh9jonlTH61VWgvXCiXb0zCDjifGZZtZ30sCErS3N5ntDw=s96-c, aud=[909915657042-l07l5jl8r3v54r15k12hp7vev9dor6r7.apps.googleusercontent.com], azp=909915657042-l07l5jl8r3v54r15k12hp7vev9dor6r7.apps.googleusercontent.com, name=Павел Королев, exp=2025-04-18T08:25:26Z, family_name=Королев, iat=2025-04-18T07:25:26Z, email=passapdom@gmail.com}], Credentials=[PROTECTED], Authenticated=true, Details=WebAuthenticationDetails [RemoteIpAddress=0:0:0:0:0:0:0:1, SessionId=C6EED896D010ABE78F09743AF572D3F2], Granted Authorities=[OIDC_USER, SCOPE_https://www.googleapis.com/auth/userinfo.email, SCOPE_https://www.googleapis.com/auth/userinfo.profile, SCOPE_openid]]]
2025-04-18 10:26:01 [http-nio-8080-exec-1] [DEBUG] o.s.s.w.a.i.FilterSecurityInterceptor - Authorized filter invocation [GET /images/tour/2fda8126-ebe8-4ae8-8cc0-41fba6cc8428_photo_2024-12-23_22-18-01.jpg] with attributes [permitAll]
2025-04-18 10:26:01 [http-nio-8080-exec-9] [DEBUG] o.s.s.w.c.HttpSessionSecurityContextRepository - Retrieved SecurityContextImpl [Authentication=OAuth2AuthenticationToken [Principal=Name: [107234087105093742255], Granted Authorities: [[OIDC_USER, SCOPE_https://www.googleapis.com/auth/userinfo.email, SCOPE_https://www.googleapis.com/auth/userinfo.profile, SCOPE_openid]], User Attributes: [{at_hash=QIn4N3UChPr1lEyVahXWIw, sub=107234087105093742255, email_verified=true, iss=https://accounts.google.com, given_name=Павел, nonce=rVB9z2VK3RkxPMY1aSpLXA1LTzfIhpKGnTKpjzpx7mE, picture=https://lh3.googleusercontent.com/a/ACg8ocJJoh9jonlTH61VWgvXCiXb0zCDjifGZZtZ30sCErS3N5ntDw=s96-c, aud=[909915657042-l07l5jl8r3v54r15k12hp7vev9dor6r7.apps.googleusercontent.com], azp=909915657042-l07l5jl8r3v54r15k12hp7vev9dor6r7.apps.googleusercontent.com, name=Павел Королев, exp=2025-04-18T08:25:26Z, family_name=Королев, iat=2025-04-18T07:25:26Z, email=passapdom@gmail.com}], Credentials=[PROTECTED], Authenticated=true, Details=WebAuthenticationDetails [RemoteIpAddress=0:0:0:0:0:0:0:1, SessionId=C6EED896D010ABE78F09743AF572D3F2], Granted Authorities=[OIDC_USER, SCOPE_https://www.googleapis.com/auth/userinfo.email, SCOPE_https://www.googleapis.com/auth/userinfo.profile, SCOPE_openid]]]
2025-04-18 10:26:01 [http-nio-8080-exec-5] [DEBUG] o.s.security.web.FilterChainProxy - Secured GET /images/tour/414b0294-d609-404f-b29e-bce0b3a8dd2d_2.jpg
2025-04-18 10:26:01 [http-nio-8080-exec-10] [DEBUG] o.s.security.web.FilterChainProxy - Secured GET /images/tour/ab411480-0960-49e0-851d-d9a6ee643bbf_photo_2024-12-23_22-18-02.jpg
2025-04-18 10:26:01 [http-nio-8080-exec-9] [DEBUG] o.s.s.w.a.i.FilterSecurityInterceptor - Authorized filter invocation [GET /images/tour/9a82b164-22ad-4d36-b819-c6f0b357f20e_01.jpg] with attributes [permitAll]
2025-04-18 10:26:01 [http-nio-8080-exec-1] [DEBUG] o.s.security.web.FilterChainProxy - Secured GET /images/tour/2fda8126-ebe8-4ae8-8cc0-41fba6cc8428_photo_2024-12-23_22-18-01.jpg
2025-04-18 10:26:01 [http-nio-8080-exec-9] [DEBUG] o.s.security.web.FilterChainProxy - Secured GET /images/tour/9a82b164-22ad-4d36-b819-c6f0b357f20e_01.jpg
2025-04-18 10:26:02 [http-nio-8080-exec-7] [DEBUG] o.s.security.web.FilterChainProxy - Securing GET /excursion/booking/7
2025-04-18 10:26:02 [http-nio-8080-exec-7] [DEBUG] o.s.s.w.c.HttpSessionSecurityContextRepository - Retrieved SecurityContextImpl [Authentication=OAuth2AuthenticationToken [Principal=Name: [107234087105093742255], Granted Authorities: [[OIDC_USER, SCOPE_https://www.googleapis.com/auth/userinfo.email, SCOPE_https://www.googleapis.com/auth/userinfo.profile, SCOPE_openid]], User Attributes: [{at_hash=QIn4N3UChPr1lEyVahXWIw, sub=107234087105093742255, email_verified=true, iss=https://accounts.google.com, given_name=Павел, nonce=rVB9z2VK3RkxPMY1aSpLXA1LTzfIhpKGnTKpjzpx7mE, picture=https://lh3.googleusercontent.com/a/ACg8ocJJoh9jonlTH61VWgvXCiXb0zCDjifGZZtZ30sCErS3N5ntDw=s96-c, aud=[909915657042-l07l5jl8r3v54r15k12hp7vev9dor6r7.apps.googleusercontent.com], azp=909915657042-l07l5jl8r3v54r15k12hp7vev9dor6r7.apps.googleusercontent.com, name=Павел Королев, exp=2025-04-18T08:25:26Z, family_name=Королев, iat=2025-04-18T07:25:26Z, email=passapdom@gmail.com}], Credentials=[PROTECTED], Authenticated=true, Details=WebAuthenticationDetails [RemoteIpAddress=0:0:0:0:0:0:0:1, SessionId=C6EED896D010ABE78F09743AF572D3F2], Granted Authorities=[OIDC_USER, SCOPE_https://www.googleapis.com/auth/userinfo.email, SCOPE_https://www.googleapis.com/auth/userinfo.profile, SCOPE_openid]]]
2025-04-18 10:26:02 [http-nio-8080-exec-7] [DEBUG] o.s.s.w.a.i.FilterSecurityInterceptor - Authorized filter invocation [GET /excursion/booking/7] with attributes [permitAll]
2025-04-18 10:26:02 [http-nio-8080-exec-7] [DEBUG] o.s.security.web.FilterChainProxy - Secured GET /excursion/booking/7
2025-04-18 10:26:02 [http-nio-8080-exec-2] [DEBUG] o.s.security.web.FilterChainProxy - Securing GET /img/logo_alliance.png
2025-04-18 10:26:02 [http-nio-8080-exec-2] [DEBUG] o.s.s.w.c.HttpSessionSecurityContextRepository - Retrieved SecurityContextImpl [Authentication=OAuth2AuthenticationToken [Principal=Name: [107234087105093742255], Granted Authorities: [[OIDC_USER, SCOPE_https://www.googleapis.com/auth/userinfo.email, SCOPE_https://www.googleapis.com/auth/userinfo.profile, SCOPE_openid]], User Attributes: [{at_hash=QIn4N3UChPr1lEyVahXWIw, sub=107234087105093742255, email_verified=true, iss=https://accounts.google.com, given_name=Павел, nonce=rVB9z2VK3RkxPMY1aSpLXA1LTzfIhpKGnTKpjzpx7mE, picture=https://lh3.googleusercontent.com/a/ACg8ocJJoh9jonlTH61VWgvXCiXb0zCDjifGZZtZ30sCErS3N5ntDw=s96-c, aud=[909915657042-l07l5jl8r3v54r15k12hp7vev9dor6r7.apps.googleusercontent.com], azp=909915657042-l07l5jl8r3v54r15k12hp7vev9dor6r7.apps.googleusercontent.com, name=Павел Королев, exp=2025-04-18T08:25:26Z, family_name=Королев, iat=2025-04-18T07:25:26Z, email=passapdom@gmail.com}], Credentials=[PROTECTED], Authenticated=true, Details=WebAuthenticationDetails [RemoteIpAddress=0:0:0:0:0:0:0:1, SessionId=C6EED896D010ABE78F09743AF572D3F2], Granted Authorities=[OIDC_USER, SCOPE_https://www.googleapis.com/auth/userinfo.email, SCOPE_https://www.googleapis.com/auth/userinfo.profile, SCOPE_openid]]]
2025-04-18 10:26:02 [http-nio-8080-exec-2] [DEBUG] o.s.s.w.a.i.FilterSecurityInterceptor - Authorized filter invocation [GET /img/logo_alliance.png] with attributes [permitAll]
2025-04-18 10:26:02 [http-nio-8080-exec-2] [DEBUG] o.s.security.web.FilterChainProxy - Secured GET /img/logo_alliance.png
2025-04-18 10:26:06 [http-nio-8080-exec-3] [DEBUG] o.s.security.web.FilterChainProxy - Securing GET /excursion/tour/9
2025-04-18 10:26:06 [http-nio-8080-exec-3] [DEBUG] o.s.s.w.c.HttpSessionSecurityContextRepository - Retrieved SecurityContextImpl [Authentication=OAuth2AuthenticationToken [Principal=Name: [107234087105093742255], Granted Authorities: [[OIDC_USER, SCOPE_https://www.googleapis.com/auth/userinfo.email, SCOPE_https://www.googleapis.com/auth/userinfo.profile, SCOPE_openid]], User Attributes: [{at_hash=QIn4N3UChPr1lEyVahXWIw, sub=107234087105093742255, email_verified=true, iss=https://accounts.google.com, given_name=Павел, nonce=rVB9z2VK3RkxPMY1aSpLXA1LTzfIhpKGnTKpjzpx7mE, picture=https://lh3.googleusercontent.com/a/ACg8ocJJoh9jonlTH61VWgvXCiXb0zCDjifGZZtZ30sCErS3N5ntDw=s96-c, aud=[909915657042-l07l5jl8r3v54r15k12hp7vev9dor6r7.apps.googleusercontent.com], azp=909915657042-l07l5jl8r3v54r15k12hp7vev9dor6r7.apps.googleusercontent.com, name=Павел Королев, exp=2025-04-18T08:25:26Z, family_name=Королев, iat=2025-04-18T07:25:26Z, email=passapdom@gmail.com}], Credentials=[PROTECTED], Authenticated=true, Details=WebAuthenticationDetails [RemoteIpAddress=0:0:0:0:0:0:0:1, SessionId=C6EED896D010ABE78F09743AF572D3F2], Granted Authorities=[OIDC_USER, SCOPE_https://www.googleapis.com/auth/userinfo.email, SCOPE_https://www.googleapis.com/auth/userinfo.profile, SCOPE_openid]]]
2025-04-18 10:26:06 [http-nio-8080-exec-3] [DEBUG] o.s.s.w.a.i.FilterSecurityInterceptor - Authorized filter invocation [GET /excursion/tour/9] with attributes [permitAll]
2025-04-18 10:26:06 [http-nio-8080-exec-3] [DEBUG] o.s.security.web.FilterChainProxy - Secured GET /excursion/tour/9
2025-04-18 10:26:06 [http-nio-8080-exec-3] [INFO] r.k.a.u.s.CheckAuthorizeService - checkAdmin is starting, principal: OAuth2AuthenticationToken [Principal=Name: [107234087105093742255], Granted Authorities: [[OIDC_USER, SCOPE_https://www.googleapis.com/auth/userinfo.email, SCOPE_https://www.googleapis.com/auth/userinfo.profile, SCOPE_openid]], User Attributes: [{at_hash=QIn4N3UChPr1lEyVahXWIw, sub=107234087105093742255, email_verified=true, iss=https://accounts.google.com, given_name=Павел, nonce=rVB9z2VK3RkxPMY1aSpLXA1LTzfIhpKGnTKpjzpx7mE, picture=https://lh3.googleusercontent.com/a/ACg8ocJJoh9jonlTH61VWgvXCiXb0zCDjifGZZtZ30sCErS3N5ntDw=s96-c, aud=[909915657042-l07l5jl8r3v54r15k12hp7vev9dor6r7.apps.googleusercontent.com], azp=909915657042-l07l5jl8r3v54r15k12hp7vev9dor6r7.apps.googleusercontent.com, name=Павел Королев, exp=2025-04-18T08:25:26Z, family_name=Королев, iat=2025-04-18T07:25:26Z, email=passapdom@gmail.com}], Credentials=[PROTECTED], Authenticated=true, Details=WebAuthenticationDetails [RemoteIpAddress=0:0:0:0:0:0:0:1, SessionId=C6EED896D010ABE78F09743AF572D3F2], Granted Authorities=[OIDC_USER, SCOPE_https://www.googleapis.com/auth/userinfo.email, SCOPE_https://www.googleapis.com/auth/userinfo.profile, SCOPE_openid]]
2025-04-18 10:26:06 [http-nio-8080-exec-3] [INFO] r.k.a.u.s.CheckAuthorizeService - checkAdmin: principal != null
2025-04-18 10:26:06 [http-nio-8080-exec-3] [INFO] r.k.a.u.s.CheckAuthorizeService - Principal is OAuth2AuthenticationToken
2025-04-18 10:26:06 [http-nio-8080-exec-3] [INFO] r.k.a.u.s.CheckAuthorizeService - Checking admin rights for email: passapdom@gmail.com
2025-04-18 10:26:06 [http-nio-8080-exec-3] [INFO] r.k.a.u.s.CheckAuthorizeService - User roles: [ADMIN]
2025-04-18 10:26:06 [http-nio-8080-exec-8] [DEBUG] o.s.security.web.FilterChainProxy - Securing GET /css/styles.css
2025-04-18 10:26:06 [http-nio-8080-exec-8] [DEBUG] o.s.s.w.c.HttpSessionSecurityContextRepository - Retrieved SecurityContextImpl [Authentication=OAuth2AuthenticationToken [Principal=Name: [107234087105093742255], Granted Authorities: [[OIDC_USER, SCOPE_https://www.googleapis.com/auth/userinfo.email, SCOPE_https://www.googleapis.com/auth/userinfo.profile, SCOPE_openid]], User Attributes: [{at_hash=QIn4N3UChPr1lEyVahXWIw, sub=107234087105093742255, email_verified=true, iss=https://accounts.google.com, given_name=Павел, nonce=rVB9z2VK3RkxPMY1aSpLXA1LTzfIhpKGnTKpjzpx7mE, picture=https://lh3.googleusercontent.com/a/ACg8ocJJoh9jonlTH61VWgvXCiXb0zCDjifGZZtZ30sCErS3N5ntDw=s96-c, aud=[909915657042-l07l5jl8r3v54r15k12hp7vev9dor6r7.apps.googleusercontent.com], azp=909915657042-l07l5jl8r3v54r15k12hp7vev9dor6r7.apps.googleusercontent.com, name=Павел Королев, exp=2025-04-18T08:25:26Z, family_name=Королев, iat=2025-04-18T07:25:26Z, email=passapdom@gmail.com}], Credentials=[PROTECTED], Authenticated=true, Details=WebAuthenticationDetails [RemoteIpAddress=0:0:0:0:0:0:0:1, SessionId=C6EED896D010ABE78F09743AF572D3F2], Granted Authorities=[OIDC_USER, SCOPE_https://www.googleapis.com/auth/userinfo.email, SCOPE_https://www.googleapis.com/auth/userinfo.profile, SCOPE_openid]]]
2025-04-18 10:26:06 [http-nio-8080-exec-8] [DEBUG] o.s.s.w.a.i.FilterSecurityInterceptor - Authorized filter invocation [GET /css/styles.css] with attributes [permitAll]
2025-04-18 10:26:06 [http-nio-8080-exec-8] [DEBUG] o.s.security.web.FilterChainProxy - Secured GET /css/styles.css
2025-04-18 10:26:06 [http-nio-8080-exec-4] [DEBUG] o.s.security.web.FilterChainProxy - Securing GET /img/logo_alliance.png
2025-04-18 10:26:06 [http-nio-8080-exec-6] [DEBUG] o.s.security.web.FilterChainProxy - Securing GET /images/tour/77da970b-1e81-439d-a952-267262094a8c_kozelsk.jpg
2025-04-18 10:26:06 [http-nio-8080-exec-4] [DEBUG] o.s.s.w.c.HttpSessionSecurityContextRepository - Retrieved SecurityContextImpl [Authentication=OAuth2AuthenticationToken [Principal=Name: [107234087105093742255], Granted Authorities: [[OIDC_USER, SCOPE_https://www.googleapis.com/auth/userinfo.email, SCOPE_https://www.googleapis.com/auth/userinfo.profile, SCOPE_openid]], User Attributes: [{at_hash=QIn4N3UChPr1lEyVahXWIw, sub=107234087105093742255, email_verified=true, iss=https://accounts.google.com, given_name=Павел, nonce=rVB9z2VK3RkxPMY1aSpLXA1LTzfIhpKGnTKpjzpx7mE, picture=https://lh3.googleusercontent.com/a/ACg8ocJJoh9jonlTH61VWgvXCiXb0zCDjifGZZtZ30sCErS3N5ntDw=s96-c, aud=[909915657042-l07l5jl8r3v54r15k12hp7vev9dor6r7.apps.googleusercontent.com], azp=909915657042-l07l5jl8r3v54r15k12hp7vev9dor6r7.apps.googleusercontent.com, name=Павел Королев, exp=2025-04-18T08:25:26Z, family_name=Королев, iat=2025-04-18T07:25:26Z, email=passapdom@gmail.com}], Credentials=[PROTECTED], Authenticated=true, Details=WebAuthenticationDetails [RemoteIpAddress=0:0:0:0:0:0:0:1, SessionId=C6EED896D010ABE78F09743AF572D3F2], Granted Authorities=[OIDC_USER, SCOPE_https://www.googleapis.com/auth/userinfo.email, SCOPE_https://www.googleapis.com/auth/userinfo.profile, SCOPE_openid]]]
2025-04-18 10:26:06 [http-nio-8080-exec-6] [DEBUG] o.s.s.w.c.HttpSessionSecurityContextRepository - Retrieved SecurityContextImpl [Authentication=OAuth2AuthenticationToken [Principal=Name: [107234087105093742255], Granted Authorities: [[OIDC_USER, SCOPE_https://www.googleapis.com/auth/userinfo.email, SCOPE_https://www.googleapis.com/auth/userinfo.profile, SCOPE_openid]], User Attributes: [{at_hash=QIn4N3UChPr1lEyVahXWIw, sub=107234087105093742255, email_verified=true, iss=https://accounts.google.com, given_name=Павел, nonce=rVB9z2VK3RkxPMY1aSpLXA1LTzfIhpKGnTKpjzpx7mE, picture=https://lh3.googleusercontent.com/a/ACg8ocJJoh9jonlTH61VWgvXCiXb0zCDjifGZZtZ30sCErS3N5ntDw=s96-c, aud=[909915657042-l07l5jl8r3v54r15k12hp7vev9dor6r7.apps.googleusercontent.com], azp=909915657042-l07l5jl8r3v54r15k12hp7vev9dor6r7.apps.googleusercontent.com, name=Павел Королев, exp=2025-04-18T08:25:26Z, family_name=Королев, iat=2025-04-18T07:25:26Z, email=passapdom@gmail.com}], Credentials=[PROTECTED], Authenticated=true, Details=WebAuthenticationDetails [RemoteIpAddress=0:0:0:0:0:0:0:1, SessionId=C6EED896D010ABE78F09743AF572D3F2], Granted Authorities=[OIDC_USER, SCOPE_https://www.googleapis.com/auth/userinfo.email, SCOPE_https://www.googleapis.com/auth/userinfo.profile, SCOPE_openid]]]
2025-04-18 10:26:06 [http-nio-8080-exec-4] [DEBUG] o.s.s.w.a.i.FilterSecurityInterceptor - Authorized filter invocation [GET /img/logo_alliance.png] with attributes [permitAll]
2025-04-18 10:26:06 [http-nio-8080-exec-6] [DEBUG] o.s.s.w.a.i.FilterSecurityInterceptor - Authorized filter invocation [GET /images/tour/77da970b-1e81-439d-a952-267262094a8c_kozelsk.jpg] with attributes [permitAll]
2025-04-18 10:26:06 [http-nio-8080-exec-4] [DEBUG] o.s.security.web.FilterChainProxy - Secured GET /img/logo_alliance.png
2025-04-18 10:26:06 [http-nio-8080-exec-6] [DEBUG] o.s.security.web.FilterChainProxy - Secured GET /images/tour/77da970b-1e81-439d-a952-267262094a8c_kozelsk.jpg
2025-04-18 10:26:06 [http-nio-8080-exec-10] [DEBUG] o.s.security.web.FilterChainProxy - Securing GET /images/tour/b144cd56-998b-4eec-9a5b-c31f14445037_12-park-tri-bogatyrya_1586958675.jpg
2025-04-18 10:26:06 [http-nio-8080-exec-5] [DEBUG] o.s.security.web.FilterChainProxy - Securing GET /images/tour/0901dc7b-8835-4ba3-9ce8-31ea540d5f7d_photo_2024-12-23_22-17-54.jpg
2025-04-18 10:26:06 [http-nio-8080-exec-10] [DEBUG] o.s.s.w.c.HttpSessionSecurityContextRepository - Retrieved SecurityContextImpl [Authentication=OAuth2AuthenticationToken [Principal=Name: [107234087105093742255], Granted Authorities: [[OIDC_USER, SCOPE_https://www.googleapis.com/auth/userinfo.email, SCOPE_https://www.googleapis.com/auth/userinfo.profile, SCOPE_openid]], User Attributes: [{at_hash=QIn4N3UChPr1lEyVahXWIw, sub=107234087105093742255, email_verified=true, iss=https://accounts.google.com, given_name=Павел, nonce=rVB9z2VK3RkxPMY1aSpLXA1LTzfIhpKGnTKpjzpx7mE, picture=https://lh3.googleusercontent.com/a/ACg8ocJJoh9jonlTH61VWgvXCiXb0zCDjifGZZtZ30sCErS3N5ntDw=s96-c, aud=[909915657042-l07l5jl8r3v54r15k12hp7vev9dor6r7.apps.googleusercontent.com], azp=909915657042-l07l5jl8r3v54r15k12hp7vev9dor6r7.apps.googleusercontent.com, name=Павел Королев, exp=2025-04-18T08:25:26Z, family_name=Королев, iat=2025-04-18T07:25:26Z, email=passapdom@gmail.com}], Credentials=[PROTECTED], Authenticated=true, Details=WebAuthenticationDetails [RemoteIpAddress=0:0:0:0:0:0:0:1, SessionId=C6EED896D010ABE78F09743AF572D3F2], Granted Authorities=[OIDC_USER, SCOPE_https://www.googleapis.com/auth/userinfo.email, SCOPE_https://www.googleapis.com/auth/userinfo.profile, SCOPE_openid]]]
2025-04-18 10:26:06 [http-nio-8080-exec-10] [DEBUG] o.s.s.w.a.i.FilterSecurityInterceptor - Authorized filter invocation [GET /images/tour/b144cd56-998b-4eec-9a5b-c31f14445037_12-park-tri-bogatyrya_1586958675.jpg] with attributes [permitAll]
2025-04-18 10:26:06 [http-nio-8080-exec-10] [DEBUG] o.s.security.web.FilterChainProxy - Secured GET /images/tour/b144cd56-998b-4eec-9a5b-c31f14445037_12-park-tri-bogatyrya_1586958675.jpg
2025-04-18 10:26:06 [http-nio-8080-exec-5] [DEBUG] o.s.s.w.c.HttpSessionSecurityContextRepository - Retrieved SecurityContextImpl [Authentication=OAuth2AuthenticationToken [Principal=Name: [107234087105093742255], Granted Authorities: [[OIDC_USER, SCOPE_https://www.googleapis.com/auth/userinfo.email, SCOPE_https://www.googleapis.com/auth/userinfo.profile, SCOPE_openid]], User Attributes: [{at_hash=QIn4N3UChPr1lEyVahXWIw, sub=107234087105093742255, email_verified=true, iss=https://accounts.google.com, given_name=Павел, nonce=rVB9z2VK3RkxPMY1aSpLXA1LTzfIhpKGnTKpjzpx7mE, picture=https://lh3.googleusercontent.com/a/ACg8ocJJoh9jonlTH61VWgvXCiXb0zCDjifGZZtZ30sCErS3N5ntDw=s96-c, aud=[909915657042-l07l5jl8r3v54r15k12hp7vev9dor6r7.apps.googleusercontent.com], azp=909915657042-l07l5jl8r3v54r15k12hp7vev9dor6r7.apps.googleusercontent.com, name=Павел Королев, exp=2025-04-18T08:25:26Z, family_name=Королев, iat=2025-04-18T07:25:26Z, email=passapdom@gmail.com}], Credentials=[PROTECTED], Authenticated=true, Details=WebAuthenticationDetails [RemoteIpAddress=0:0:0:0:0:0:0:1, SessionId=C6EED896D010ABE78F09743AF572D3F2], Granted Authorities=[OIDC_USER, SCOPE_https://www.googleapis.com/auth/userinfo.email, SCOPE_https://www.googleapis.com/auth/userinfo.profile, SCOPE_openid]]]
2025-04-18 10:26:06 [http-nio-8080-exec-5] [DEBUG] o.s.s.w.a.i.FilterSecurityInterceptor - Authorized filter invocation [GET /images/tour/0901dc7b-8835-4ba3-9ce8-31ea540d5f7d_photo_2024-12-23_22-17-54.jpg] with attributes [permitAll]
2025-04-18 10:26:06 [http-nio-8080-exec-5] [DEBUG] o.s.security.web.FilterChainProxy - Secured GET /images/tour/0901dc7b-8835-4ba3-9ce8-31ea540d5f7d_photo_2024-12-23_22-17-54.jpg
2025-04-18 10:26:08 [http-nio-8080-exec-9] [DEBUG] o.s.security.web.FilterChainProxy - Securing GET /excursion/tour/7
2025-04-18 10:26:08 [http-nio-8080-exec-9] [DEBUG] o.s.s.w.c.HttpSessionSecurityContextRepository - Retrieved SecurityContextImpl [Authentication=OAuth2AuthenticationToken [Principal=Name: [107234087105093742255], Granted Authorities: [[OIDC_USER, SCOPE_https://www.googleapis.com/auth/userinfo.email, SCOPE_https://www.googleapis.com/auth/userinfo.profile, SCOPE_openid]], User Attributes: [{at_hash=QIn4N3UChPr1lEyVahXWIw, sub=107234087105093742255, email_verified=true, iss=https://accounts.google.com, given_name=Павел, nonce=rVB9z2VK3RkxPMY1aSpLXA1LTzfIhpKGnTKpjzpx7mE, picture=https://lh3.googleusercontent.com/a/ACg8ocJJoh9jonlTH61VWgvXCiXb0zCDjifGZZtZ30sCErS3N5ntDw=s96-c, aud=[909915657042-l07l5jl8r3v54r15k12hp7vev9dor6r7.apps.googleusercontent.com], azp=909915657042-l07l5jl8r3v54r15k12hp7vev9dor6r7.apps.googleusercontent.com, name=Павел Королев, exp=2025-04-18T08:25:26Z, family_name=Королев, iat=2025-04-18T07:25:26Z, email=passapdom@gmail.com}], Credentials=[PROTECTED], Authenticated=true, Details=WebAuthenticationDetails [RemoteIpAddress=0:0:0:0:0:0:0:1, SessionId=C6EED896D010ABE78F09743AF572D3F2], Granted Authorities=[OIDC_USER, SCOPE_https://www.googleapis.com/auth/userinfo.email, SCOPE_https://www.googleapis.com/auth/userinfo.profile, SCOPE_openid]]]
2025-04-18 10:26:08 [http-nio-8080-exec-9] [DEBUG] o.s.s.w.a.i.FilterSecurityInterceptor - Authorized filter invocation [GET /excursion/tour/7] with attributes [permitAll]
2025-04-18 10:26:08 [http-nio-8080-exec-9] [DEBUG] o.s.security.web.FilterChainProxy - Secured GET /excursion/tour/7
2025-04-18 10:26:08 [http-nio-8080-exec-9] [INFO] r.k.a.u.s.CheckAuthorizeService - checkAdmin is starting, principal: OAuth2AuthenticationToken [Principal=Name: [107234087105093742255], Granted Authorities: [[OIDC_USER, SCOPE_https://www.googleapis.com/auth/userinfo.email, SCOPE_https://www.googleapis.com/auth/userinfo.profile, SCOPE_openid]], User Attributes: [{at_hash=QIn4N3UChPr1lEyVahXWIw, sub=107234087105093742255, email_verified=true, iss=https://accounts.google.com, given_name=Павел, nonce=rVB9z2VK3RkxPMY1aSpLXA1LTzfIhpKGnTKpjzpx7mE, picture=https://lh3.googleusercontent.com/a/ACg8ocJJoh9jonlTH61VWgvXCiXb0zCDjifGZZtZ30sCErS3N5ntDw=s96-c, aud=[909915657042-l07l5jl8r3v54r15k12hp7vev9dor6r7.apps.googleusercontent.com], azp=909915657042-l07l5jl8r3v54r15k12hp7vev9dor6r7.apps.googleusercontent.com, name=Павел Королев, exp=2025-04-18T08:25:26Z, family_name=Королев, iat=2025-04-18T07:25:26Z, email=passapdom@gmail.com}], Credentials=[PROTECTED], Authenticated=true, Details=WebAuthenticationDetails [RemoteIpAddress=0:0:0:0:0:0:0:1, SessionId=C6EED896D010ABE78F09743AF572D3F2], Granted Authorities=[OIDC_USER, SCOPE_https://www.googleapis.com/auth/userinfo.email, SCOPE_https://www.googleapis.com/auth/userinfo.profile, SCOPE_openid]]
2025-04-18 10:26:08 [http-nio-8080-exec-9] [INFO] r.k.a.u.s.CheckAuthorizeService - checkAdmin: principal != null
2025-04-18 10:26:08 [http-nio-8080-exec-9] [INFO] r.k.a.u.s.CheckAuthorizeService - Principal is OAuth2AuthenticationToken
2025-04-18 10:26:08 [http-nio-8080-exec-9] [INFO] r.k.a.u.s.CheckAuthorizeService - Checking admin rights for email: passapdom@gmail.com
2025-04-18 10:26:08 [http-nio-8080-exec-9] [INFO] r.k.a.u.s.CheckAuthorizeService - User roles: [ADMIN]
2025-04-18 10:26:08 [http-nio-8080-exec-1] [DEBUG] o.s.security.web.FilterChainProxy - Securing GET /css/styles.css
2025-04-18 10:26:08 [http-nio-8080-exec-1] [DEBUG] o.s.s.w.c.HttpSessionSecurityContextRepository - Retrieved SecurityContextImpl [Authentication=OAuth2AuthenticationToken [Principal=Name: [107234087105093742255], Granted Authorities: [[OIDC_USER, SCOPE_https://www.googleapis.com/auth/userinfo.email, SCOPE_https://www.googleapis.com/auth/userinfo.profile, SCOPE_openid]], User Attributes: [{at_hash=QIn4N3UChPr1lEyVahXWIw, sub=107234087105093742255, email_verified=true, iss=https://accounts.google.com, given_name=Павел, nonce=rVB9z2VK3RkxPMY1aSpLXA1LTzfIhpKGnTKpjzpx7mE, picture=https://lh3.googleusercontent.com/a/ACg8ocJJoh9jonlTH61VWgvXCiXb0zCDjifGZZtZ30sCErS3N5ntDw=s96-c, aud=[909915657042-l07l5jl8r3v54r15k12hp7vev9dor6r7.apps.googleusercontent.com], azp=909915657042-l07l5jl8r3v54r15k12hp7vev9dor6r7.apps.googleusercontent.com, name=Павел Королев, exp=2025-04-18T08:25:26Z, family_name=Королев, iat=2025-04-18T07:25:26Z, email=passapdom@gmail.com}], Credentials=[PROTECTED], Authenticated=true, Details=WebAuthenticationDetails [RemoteIpAddress=0:0:0:0:0:0:0:1, SessionId=C6EED896D010ABE78F09743AF572D3F2], Granted Authorities=[OIDC_USER, SCOPE_https://www.googleapis.com/auth/userinfo.email, SCOPE_https://www.googleapis.com/auth/userinfo.profile, SCOPE_openid]]]
2025-04-18 10:26:08 [http-nio-8080-exec-1] [DEBUG] o.s.s.w.a.i.FilterSecurityInterceptor - Authorized filter invocation [GET /css/styles.css] with attributes [permitAll]
2025-04-18 10:26:08 [http-nio-8080-exec-1] [DEBUG] o.s.security.web.FilterChainProxy - Secured GET /css/styles.css
2025-04-18 10:26:08 [http-nio-8080-exec-7] [DEBUG] o.s.security.web.FilterChainProxy - Securing GET /img/logo_alliance.png
2025-04-18 10:26:08 [http-nio-8080-exec-7] [DEBUG] o.s.s.w.c.HttpSessionSecurityContextRepository - Retrieved SecurityContextImpl [Authentication=OAuth2AuthenticationToken [Principal=Name: [107234087105093742255], Granted Authorities: [[OIDC_USER, SCOPE_https://www.googleapis.com/auth/userinfo.email, SCOPE_https://www.googleapis.com/auth/userinfo.profile, SCOPE_openid]], User Attributes: [{at_hash=QIn4N3UChPr1lEyVahXWIw, sub=107234087105093742255, email_verified=true, iss=https://accounts.google.com, given_name=Павел, nonce=rVB9z2VK3RkxPMY1aSpLXA1LTzfIhpKGnTKpjzpx7mE, picture=https://lh3.googleusercontent.com/a/ACg8ocJJoh9jonlTH61VWgvXCiXb0zCDjifGZZtZ30sCErS3N5ntDw=s96-c, aud=[909915657042-l07l5jl8r3v54r15k12hp7vev9dor6r7.apps.googleusercontent.com], azp=909915657042-l07l5jl8r3v54r15k12hp7vev9dor6r7.apps.googleusercontent.com, name=Павел Королев, exp=2025-04-18T08:25:26Z, family_name=Королев, iat=2025-04-18T07:25:26Z, email=passapdom@gmail.com}], Credentials=[PROTECTED], Authenticated=true, Details=WebAuthenticationDetails [RemoteIpAddress=0:0:0:0:0:0:0:1, SessionId=C6EED896D010ABE78F09743AF572D3F2], Granted Authorities=[OIDC_USER, SCOPE_https://www.googleapis.com/auth/userinfo.email, SCOPE_https://www.googleapis.com/auth/userinfo.profile, SCOPE_openid]]]
2025-04-18 10:26:08 [http-nio-8080-exec-7] [DEBUG] o.s.s.w.a.i.FilterSecurityInterceptor - Authorized filter invocation [GET /img/logo_alliance.png] with attributes [permitAll]
2025-04-18 10:26:08 [http-nio-8080-exec-7] [DEBUG] o.s.security.web.FilterChainProxy - Secured GET /img/logo_alliance.png
2025-04-18 10:26:08 [http-nio-8080-exec-2] [DEBUG] o.s.security.web.FilterChainProxy - Securing GET /images/tour/70efb4f2-568c-40d0-b39f-55ed0ccbc07e_00-Козельск.jpg
2025-04-18 10:26:08 [http-nio-8080-exec-2] [DEBUG] o.s.s.w.c.HttpSessionSecurityContextRepository - Retrieved SecurityContextImpl [Authentication=OAuth2AuthenticationToken [Principal=Name: [107234087105093742255], Granted Authorities: [[OIDC_USER, SCOPE_https://www.googleapis.com/auth/userinfo.email, SCOPE_https://www.googleapis.com/auth/userinfo.profile, SCOPE_openid]], User Attributes: [{at_hash=QIn4N3UChPr1lEyVahXWIw, sub=107234087105093742255, email_verified=true, iss=https://accounts.google.com, given_name=Павел, nonce=rVB9z2VK3RkxPMY1aSpLXA1LTzfIhpKGnTKpjzpx7mE, picture=https://lh3.googleusercontent.com/a/ACg8ocJJoh9jonlTH61VWgvXCiXb0zCDjifGZZtZ30sCErS3N5ntDw=s96-c, aud=[909915657042-l07l5jl8r3v54r15k12hp7vev9dor6r7.apps.googleusercontent.com], azp=909915657042-l07l5jl8r3v54r15k12hp7vev9dor6r7.apps.googleusercontent.com, name=Павел Королев, exp=2025-04-18T08:25:26Z, family_name=Королев, iat=2025-04-18T07:25:26Z, email=passapdom@gmail.com}], Credentials=[PROTECTED], Authenticated=true, Details=WebAuthenticationDetails [RemoteIpAddress=0:0:0:0:0:0:0:1, SessionId=C6EED896D010ABE78F09743AF572D3F2], Granted Authorities=[OIDC_USER, SCOPE_https://www.googleapis.com/auth/userinfo.email, SCOPE_https://www.googleapis.com/auth/userinfo.profile, SCOPE_openid]]]
2025-04-18 10:26:08 [http-nio-8080-exec-2] [DEBUG] o.s.s.w.a.i.FilterSecurityInterceptor - Authorized filter invocation [GET /images/tour/70efb4f2-568c-40d0-b39f-55ed0ccbc07e_00-Козельск.jpg] with attributes [permitAll]
2025-04-18 10:26:08 [http-nio-8080-exec-2] [DEBUG] o.s.security.web.FilterChainProxy - Secured GET /images/tour/70efb4f2-568c-40d0-b39f-55ed0ccbc07e_00-Козельск.jpg
2025-04-18 10:26:08 [http-nio-8080-exec-3] [DEBUG] o.s.security.web.FilterChainProxy - Securing GET /images/tour/9a82b164-22ad-4d36-b819-c6f0b357f20e_01.jpg
2025-04-18 10:26:08 [http-nio-8080-exec-4] [DEBUG] o.s.security.web.FilterChainProxy - Securing GET /images/tour/414b0294-d609-404f-b29e-bce0b3a8dd2d_2.jpg
2025-04-18 10:26:08 [http-nio-8080-exec-6] [DEBUG] o.s.security.web.FilterChainProxy - Securing GET /images/tour/ab411480-0960-49e0-851d-d9a6ee643bbf_photo_2024-12-23_22-18-02.jpg
2025-04-18 10:26:08 [http-nio-8080-exec-8] [DEBUG] o.s.security.web.FilterChainProxy - Securing GET /images/tour/2fda8126-ebe8-4ae8-8cc0-41fba6cc8428_photo_2024-12-23_22-18-01.jpg
2025-04-18 10:26:08 [http-nio-8080-exec-4] [DEBUG] o.s.s.w.c.HttpSessionSecurityContextRepository - Retrieved SecurityContextImpl [Authentication=OAuth2AuthenticationToken [Principal=Name: [107234087105093742255], Granted Authorities: [[OIDC_USER, SCOPE_https://www.googleapis.com/auth/userinfo.email, SCOPE_https://www.googleapis.com/auth/userinfo.profile, SCOPE_openid]], User Attributes: [{at_hash=QIn4N3UChPr1lEyVahXWIw, sub=107234087105093742255, email_verified=true, iss=https://accounts.google.com, given_name=Павел, nonce=rVB9z2VK3RkxPMY1aSpLXA1LTzfIhpKGnTKpjzpx7mE, picture=https://lh3.googleusercontent.com/a/ACg8ocJJoh9jonlTH61VWgvXCiXb0zCDjifGZZtZ30sCErS3N5ntDw=s96-c, aud=[909915657042-l07l5jl8r3v54r15k12hp7vev9dor6r7.apps.googleusercontent.com], azp=909915657042-l07l5jl8r3v54r15k12hp7vev9dor6r7.apps.googleusercontent.com, name=Павел Королев, exp=2025-04-18T08:25:26Z, family_name=Королев, iat=2025-04-18T07:25:26Z, email=passapdom@gmail.com}], Credentials=[PROTECTED], Authenticated=true, Details=WebAuthenticationDetails [RemoteIpAddress=0:0:0:0:0:0:0:1, SessionId=C6EED896D010ABE78F09743AF572D3F2], Granted Authorities=[OIDC_USER, SCOPE_https://www.googleapis.com/auth/userinfo.email, SCOPE_https://www.googleapis.com/auth/userinfo.profile, SCOPE_openid]]]
2025-04-18 10:26:08 [http-nio-8080-exec-3] [DEBUG] o.s.s.w.c.HttpSessionSecurityContextRepository - Retrieved SecurityContextImpl [Authentication=OAuth2AuthenticationToken [Principal=Name: [107234087105093742255], Granted Authorities: [[OIDC_USER, SCOPE_https://www.googleapis.com/auth/userinfo.email, SCOPE_https://www.googleapis.com/auth/userinfo.profile, SCOPE_openid]], User Attributes: [{at_hash=QIn4N3UChPr1lEyVahXWIw, sub=107234087105093742255, email_verified=true, iss=https://accounts.google.com, given_name=Павел, nonce=rVB9z2VK3RkxPMY1aSpLXA1LTzfIhpKGnTKpjzpx7mE, picture=https://lh3.googleusercontent.com/a/ACg8ocJJoh9jonlTH61VWgvXCiXb0zCDjifGZZtZ30sCErS3N5ntDw=s96-c, aud=[909915657042-l07l5jl8r3v54r15k12hp7vev9dor6r7.apps.googleusercontent.com], azp=909915657042-l07l5jl8r3v54r15k12hp7vev9dor6r7.apps.googleusercontent.com, name=Павел Королев, exp=2025-04-18T08:25:26Z, family_name=Королев, iat=2025-04-18T07:25:26Z, email=passapdom@gmail.com}], Credentials=[PROTECTED], Authenticated=true, Details=WebAuthenticationDetails [RemoteIpAddress=0:0:0:0:0:0:0:1, SessionId=C6EED896D010ABE78F09743AF572D3F2], Granted Authorities=[OIDC_USER, SCOPE_https://www.googleapis.com/auth/userinfo.email, SCOPE_https://www.googleapis.com/auth/userinfo.profile, SCOPE_openid]]]
2025-04-18 10:26:08 [http-nio-8080-exec-4] [DEBUG] o.s.s.w.a.i.FilterSecurityInterceptor - Authorized filter invocation [GET /images/tour/414b0294-d609-404f-b29e-bce0b3a8dd2d_2.jpg] with attributes [permitAll]
2025-04-18 10:26:08 [http-nio-8080-exec-4] [DEBUG] o.s.security.web.FilterChainProxy - Secured GET /images/tour/414b0294-d609-404f-b29e-bce0b3a8dd2d_2.jpg
2025-04-18 10:26:08 [http-nio-8080-exec-6] [DEBUG] o.s.s.w.c.HttpSessionSecurityContextRepository - Retrieved SecurityContextImpl [Authentication=OAuth2AuthenticationToken [Principal=Name: [107234087105093742255], Granted Authorities: [[OIDC_USER, SCOPE_https://www.googleapis.com/auth/userinfo.email, SCOPE_https://www.googleapis.com/auth/userinfo.profile, SCOPE_openid]], User Attributes: [{at_hash=QIn4N3UChPr1lEyVahXWIw, sub=107234087105093742255, email_verified=true, iss=https://accounts.google.com, given_name=Павел, nonce=rVB9z2VK3RkxPMY1aSpLXA1LTzfIhpKGnTKpjzpx7mE, picture=https://lh3.googleusercontent.com/a/ACg8ocJJoh9jonlTH61VWgvXCiXb0zCDjifGZZtZ30sCErS3N5ntDw=s96-c, aud=[909915657042-l07l5jl8r3v54r15k12hp7vev9dor6r7.apps.googleusercontent.com], azp=909915657042-l07l5jl8r3v54r15k12hp7vev9dor6r7.apps.googleusercontent.com, name=Павел Королев, exp=2025-04-18T08:25:26Z, family_name=Королев, iat=2025-04-18T07:25:26Z, email=passapdom@gmail.com}], Credentials=[PROTECTED], Authenticated=true, Details=WebAuthenticationDetails [RemoteIpAddress=0:0:0:0:0:0:0:1, SessionId=C6EED896D010ABE78F09743AF572D3F2], Granted Authorities=[OIDC_USER, SCOPE_https://www.googleapis.com/auth/userinfo.email, SCOPE_https://www.googleapis.com/auth/userinfo.profile, SCOPE_openid]]]
2025-04-18 10:26:08 [http-nio-8080-exec-8] [DEBUG] o.s.s.w.c.HttpSessionSecurityContextRepository - Retrieved SecurityContextImpl [Authentication=OAuth2AuthenticationToken [Principal=Name: [107234087105093742255], Granted Authorities: [[OIDC_USER, SCOPE_https://www.googleapis.com/auth/userinfo.email, SCOPE_https://www.googleapis.com/auth/userinfo.profile, SCOPE_openid]], User Attributes: [{at_hash=QIn4N3UChPr1lEyVahXWIw, sub=107234087105093742255, email_verified=true, iss=https://accounts.google.com, given_name=Павел, nonce=rVB9z2VK3RkxPMY1aSpLXA1LTzfIhpKGnTKpjzpx7mE, picture=https://lh3.googleusercontent.com/a/ACg8ocJJoh9jonlTH61VWgvXCiXb0zCDjifGZZtZ30sCErS3N5ntDw=s96-c, aud=[909915657042-l07l5jl8r3v54r15k12hp7vev9dor6r7.apps.googleusercontent.com], azp=909915657042-l07l5jl8r3v54r15k12hp7vev9dor6r7.apps.googleusercontent.com, name=Павел Королев, exp=2025-04-18T08:25:26Z, family_name=Королев, iat=2025-04-18T07:25:26Z, email=passapdom@gmail.com}], Credentials=[PROTECTED], Authenticated=true, Details=WebAuthenticationDetails [RemoteIpAddress=0:0:0:0:0:0:0:1, SessionId=C6EED896D010ABE78F09743AF572D3F2], Granted Authorities=[OIDC_USER, SCOPE_https://www.googleapis.com/auth/userinfo.email, SCOPE_https://www.googleapis.com/auth/userinfo.profile, SCOPE_openid]]]
2025-04-18 10:26:08 [http-nio-8080-exec-6] [DEBUG] o.s.s.w.a.i.FilterSecurityInterceptor - Authorized filter invocation [GET /images/tour/ab411480-0960-49e0-851d-d9a6ee643bbf_photo_2024-12-23_22-18-02.jpg] with attributes [permitAll]
2025-04-18 10:26:08 [http-nio-8080-exec-3] [DEBUG] o.s.s.w.a.i.FilterSecurityInterceptor - Authorized filter invocation [GET /images/tour/9a82b164-22ad-4d36-b819-c6f0b357f20e_01.jpg] with attributes [permitAll]
2025-04-18 10:26:08 [http-nio-8080-exec-6] [DEBUG] o.s.security.web.FilterChainProxy - Secured GET /images/tour/ab411480-0960-49e0-851d-d9a6ee643bbf_photo_2024-12-23_22-18-02.jpg
2025-04-18 10:26:08 [http-nio-8080-exec-3] [DEBUG] o.s.security.web.FilterChainProxy - Secured GET /images/tour/9a82b164-22ad-4d36-b819-c6f0b357f20e_01.jpg
2025-04-18 10:26:08 [http-nio-8080-exec-8] [DEBUG] o.s.s.w.a.i.FilterSecurityInterceptor - Authorized filter invocation [GET /images/tour/2fda8126-ebe8-4ae8-8cc0-41fba6cc8428_photo_2024-12-23_22-18-01.jpg] with attributes [permitAll]
2025-04-18 10:26:08 [http-nio-8080-exec-8] [DEBUG] o.s.security.web.FilterChainProxy - Secured GET /images/tour/2fda8126-ebe8-4ae8-8cc0-41fba6cc8428_photo_2024-12-23_22-18-01.jpg
2025-04-18 10:26:10 [http-nio-8080-exec-5] [DEBUG] o.s.security.web.FilterChainProxy - Securing GET /excursion/booking/7
2025-04-18 10:26:10 [http-nio-8080-exec-5] [DEBUG] o.s.s.w.c.HttpSessionSecurityContextRepository - Retrieved SecurityContextImpl [Authentication=OAuth2AuthenticationToken [Principal=Name: [107234087105093742255], Granted Authorities: [[OIDC_USER, SCOPE_https://www.googleapis.com/auth/userinfo.email, SCOPE_https://www.googleapis.com/auth/userinfo.profile, SCOPE_openid]], User Attributes: [{at_hash=QIn4N3UChPr1lEyVahXWIw, sub=107234087105093742255, email_verified=true, iss=https://accounts.google.com, given_name=Павел, nonce=rVB9z2VK3RkxPMY1aSpLXA1LTzfIhpKGnTKpjzpx7mE, picture=https://lh3.googleusercontent.com/a/ACg8ocJJoh9jonlTH61VWgvXCiXb0zCDjifGZZtZ30sCErS3N5ntDw=s96-c, aud=[909915657042-l07l5jl8r3v54r15k12hp7vev9dor6r7.apps.googleusercontent.com], azp=909915657042-l07l5jl8r3v54r15k12hp7vev9dor6r7.apps.googleusercontent.com, name=Павел Королев, exp=2025-04-18T08:25:26Z, family_name=Королев, iat=2025-04-18T07:25:26Z, email=passapdom@gmail.com}], Credentials=[PROTECTED], Authenticated=true, Details=WebAuthenticationDetails [RemoteIpAddress=0:0:0:0:0:0:0:1, SessionId=C6EED896D010ABE78F09743AF572D3F2], Granted Authorities=[OIDC_USER, SCOPE_https://www.googleapis.com/auth/userinfo.email, SCOPE_https://www.googleapis.com/auth/userinfo.profile, SCOPE_openid]]]
2025-04-18 10:26:10 [http-nio-8080-exec-5] [DEBUG] o.s.s.w.a.i.FilterSecurityInterceptor - Authorized filter invocation [GET /excursion/booking/7] with attributes [permitAll]
2025-04-18 10:26:10 [http-nio-8080-exec-5] [DEBUG] o.s.security.web.FilterChainProxy - Secured GET /excursion/booking/7
2025-04-18 10:26:10 [http-nio-8080-exec-10] [DEBUG] o.s.security.web.FilterChainProxy - Securing GET /img/logo_alliance.png
2025-04-18 10:26:10 [http-nio-8080-exec-10] [DEBUG] o.s.s.w.c.HttpSessionSecurityContextRepository - Retrieved SecurityContextImpl [Authentication=OAuth2AuthenticationToken [Principal=Name: [107234087105093742255], Granted Authorities: [[OIDC_USER, SCOPE_https://www.googleapis.com/auth/userinfo.email, SCOPE_https://www.googleapis.com/auth/userinfo.profile, SCOPE_openid]], User Attributes: [{at_hash=QIn4N3UChPr1lEyVahXWIw, sub=107234087105093742255, email_verified=true, iss=https://accounts.google.com, given_name=Павел, nonce=rVB9z2VK3RkxPMY1aSpLXA1LTzfIhpKGnTKpjzpx7mE, picture=https://lh3.googleusercontent.com/a/ACg8ocJJoh9jonlTH61VWgvXCiXb0zCDjifGZZtZ30sCErS3N5ntDw=s96-c, aud=[909915657042-l07l5jl8r3v54r15k12hp7vev9dor6r7.apps.googleusercontent.com], azp=909915657042-l07l5jl8r3v54r15k12hp7vev9dor6r7.apps.googleusercontent.com, name=Павел Королев, exp=2025-04-18T08:25:26Z, family_name=Королев, iat=2025-04-18T07:25:26Z, email=passapdom@gmail.com}], Credentials=[PROTECTED], Authenticated=true, Details=WebAuthenticationDetails [RemoteIpAddress=0:0:0:0:0:0:0:1, SessionId=C6EED896D010ABE78F09743AF572D3F2], Granted Authorities=[OIDC_USER, SCOPE_https://www.googleapis.com/auth/userinfo.email, SCOPE_https://www.googleapis.com/auth/userinfo.profile, SCOPE_openid]]]
2025-04-18 10:26:10 [http-nio-8080-exec-10] [DEBUG] o.s.s.w.a.i.FilterSecurityInterceptor - Authorized filter invocation [GET /img/logo_alliance.png] with attributes [permitAll]
2025-04-18 10:26:10 [http-nio-8080-exec-10] [DEBUG] o.s.security.web.FilterChainProxy - Secured GET /img/logo_alliance.png
2025-04-18 10:26:16 [http-nio-8080-exec-9] [DEBUG] o.s.security.web.FilterChainProxy - Securing GET /excursion/booking/7?date=2025-04-19
2025-04-18 10:26:16 [http-nio-8080-exec-9] [DEBUG] o.s.s.w.c.HttpSessionSecurityContextRepository - Retrieved SecurityContextImpl [Authentication=OAuth2AuthenticationToken [Principal=Name: [107234087105093742255], Granted Authorities: [[OIDC_USER, SCOPE_https://www.googleapis.com/auth/userinfo.email, SCOPE_https://www.googleapis.com/auth/userinfo.profile, SCOPE_openid]], User Attributes: [{at_hash=QIn4N3UChPr1lEyVahXWIw, sub=107234087105093742255, email_verified=true, iss=https://accounts.google.com, given_name=Павел, nonce=rVB9z2VK3RkxPMY1aSpLXA1LTzfIhpKGnTKpjzpx7mE, picture=https://lh3.googleusercontent.com/a/ACg8ocJJoh9jonlTH61VWgvXCiXb0zCDjifGZZtZ30sCErS3N5ntDw=s96-c, aud=[909915657042-l07l5jl8r3v54r15k12hp7vev9dor6r7.apps.googleusercontent.com], azp=909915657042-l07l5jl8r3v54r15k12hp7vev9dor6r7.apps.googleusercontent.com, name=Павел Королев, exp=2025-04-18T08:25:26Z, family_name=Королев, iat=2025-04-18T07:25:26Z, email=passapdom@gmail.com}], Credentials=[PROTECTED], Authenticated=true, Details=WebAuthenticationDetails [RemoteIpAddress=0:0:0:0:0:0:0:1, SessionId=C6EED896D010ABE78F09743AF572D3F2], Granted Authorities=[OIDC_USER, SCOPE_https://www.googleapis.com/auth/userinfo.email, SCOPE_https://www.googleapis.com/auth/userinfo.profile, SCOPE_openid]]]
2025-04-18 10:26:16 [http-nio-8080-exec-9] [DEBUG] o.s.s.w.a.i.FilterSecurityInterceptor - Authorized filter invocation [GET /excursion/booking/7?date=2025-04-19] with attributes [permitAll]
2025-04-18 10:26:16 [http-nio-8080-exec-9] [DEBUG] o.s.security.web.FilterChainProxy - Secured GET /excursion/booking/7?date=2025-04-19
2025-04-18 10:26:16 [http-nio-8080-exec-1] [DEBUG] o.s.security.web.FilterChainProxy - Securing GET /img/logo_alliance.png
2025-04-18 10:26:16 [http-nio-8080-exec-1] [DEBUG] o.s.s.w.c.HttpSessionSecurityContextRepository - Retrieved SecurityContextImpl [Authentication=OAuth2AuthenticationToken [Principal=Name: [107234087105093742255], Granted Authorities: [[OIDC_USER, SCOPE_https://www.googleapis.com/auth/userinfo.email, SCOPE_https://www.googleapis.com/auth/userinfo.profile, SCOPE_openid]], User Attributes: [{at_hash=QIn4N3UChPr1lEyVahXWIw, sub=107234087105093742255, email_verified=true, iss=https://accounts.google.com, given_name=Павел, nonce=rVB9z2VK3RkxPMY1aSpLXA1LTzfIhpKGnTKpjzpx7mE, picture=https://lh3.googleusercontent.com/a/ACg8ocJJoh9jonlTH61VWgvXCiXb0zCDjifGZZtZ30sCErS3N5ntDw=s96-c, aud=[909915657042-l07l5jl8r3v54r15k12hp7vev9dor6r7.apps.googleusercontent.com], azp=909915657042-l07l5jl8r3v54r15k12hp7vev9dor6r7.apps.googleusercontent.com, name=Павел Королев, exp=2025-04-18T08:25:26Z, family_name=Королев, iat=2025-04-18T07:25:26Z, email=passapdom@gmail.com}], Credentials=[PROTECTED], Authenticated=true, Details=WebAuthenticationDetails [RemoteIpAddress=0:0:0:0:0:0:0:1, SessionId=C6EED896D010ABE78F09743AF572D3F2], Granted Authorities=[OIDC_USER, SCOPE_https://www.googleapis.com/auth/userinfo.email, SCOPE_https://www.googleapis.com/auth/userinfo.profile, SCOPE_openid]]]
2025-04-18 10:26:16 [http-nio-8080-exec-1] [DEBUG] o.s.s.w.a.i.FilterSecurityInterceptor - Authorized filter invocation [GET /img/logo_alliance.png] with attributes [permitAll]
2025-04-18 10:26:16 [http-nio-8080-exec-1] [DEBUG] o.s.security.web.FilterChainProxy - Secured GET /img/logo_alliance.png
2025-04-18 10:27:32 [http-nio-8080-exec-4] [DEBUG] o.s.security.web.FilterChainProxy - Securing POST /excursion/booking/7
2025-04-18 10:27:32 [http-nio-8080-exec-4] [DEBUG] o.s.s.w.c.HttpSessionSecurityContextRepository - Retrieved SecurityContextImpl [Authentication=OAuth2AuthenticationToken [Principal=Name: [107234087105093742255], Granted Authorities: [[OIDC_USER, SCOPE_https://www.googleapis.com/auth/userinfo.email, SCOPE_https://www.googleapis.com/auth/userinfo.profile, SCOPE_openid]], User Attributes: [{at_hash=QIn4N3UChPr1lEyVahXWIw, sub=107234087105093742255, email_verified=true, iss=https://accounts.google.com, given_name=Павел, nonce=rVB9z2VK3RkxPMY1aSpLXA1LTzfIhpKGnTKpjzpx7mE, picture=https://lh3.googleusercontent.com/a/ACg8ocJJoh9jonlTH61VWgvXCiXb0zCDjifGZZtZ30sCErS3N5ntDw=s96-c, aud=[909915657042-l07l5jl8r3v54r15k12hp7vev9dor6r7.apps.googleusercontent.com], azp=909915657042-l07l5jl8r3v54r15k12hp7vev9dor6r7.apps.googleusercontent.com, name=Павел Королев, exp=2025-04-18T08:25:26Z, family_name=Королев, iat=2025-04-18T07:25:26Z, email=passapdom@gmail.com}], Credentials=[PROTECTED], Authenticated=true, Details=WebAuthenticationDetails [RemoteIpAddress=0:0:0:0:0:0:0:1, SessionId=C6EED896D010ABE78F09743AF572D3F2], Granted Authorities=[OIDC_USER, SCOPE_https://www.googleapis.com/auth/userinfo.email, SCOPE_https://www.googleapis.com/auth/userinfo.profile, SCOPE_openid]]]
2025-04-18 10:27:32 [http-nio-8080-exec-4] [DEBUG] o.s.s.w.a.i.FilterSecurityInterceptor - Authorized filter invocation [POST /excursion/booking/7] with attributes [permitAll]
2025-04-18 10:27:32 [http-nio-8080-exec-4] [DEBUG] o.s.security.web.FilterChainProxy - Secured POST /excursion/booking/7
2025-04-18 10:27:32 [http-nio-8080-exec-3] [DEBUG] o.s.security.web.FilterChainProxy - Securing GET /excursion/tour/7
2025-04-18 10:27:32 [http-nio-8080-exec-3] [DEBUG] o.s.s.w.c.HttpSessionSecurityContextRepository - Retrieved SecurityContextImpl [Authentication=OAuth2AuthenticationToken [Principal=Name: [107234087105093742255], Granted Authorities: [[OIDC_USER, SCOPE_https://www.googleapis.com/auth/userinfo.email, SCOPE_https://www.googleapis.com/auth/userinfo.profile, SCOPE_openid]], User Attributes: [{at_hash=QIn4N3UChPr1lEyVahXWIw, sub=107234087105093742255, email_verified=true, iss=https://accounts.google.com, given_name=Павел, nonce=rVB9z2VK3RkxPMY1aSpLXA1LTzfIhpKGnTKpjzpx7mE, picture=https://lh3.googleusercontent.com/a/ACg8ocJJoh9jonlTH61VWgvXCiXb0zCDjifGZZtZ30sCErS3N5ntDw=s96-c, aud=[909915657042-l07l5jl8r3v54r15k12hp7vev9dor6r7.apps.googleusercontent.com], azp=909915657042-l07l5jl8r3v54r15k12hp7vev9dor6r7.apps.googleusercontent.com, name=Павел Королев, exp=2025-04-18T08:25:26Z, family_name=Королев, iat=2025-04-18T07:25:26Z, email=passapdom@gmail.com}], Credentials=[PROTECTED], Authenticated=true, Details=WebAuthenticationDetails [RemoteIpAddress=0:0:0:0:0:0:0:1, SessionId=C6EED896D010ABE78F09743AF572D3F2], Granted Authorities=[OIDC_USER, SCOPE_https://www.googleapis.com/auth/userinfo.email, SCOPE_https://www.googleapis.com/auth/userinfo.profile, SCOPE_openid]]]
2025-04-18 10:27:32 [http-nio-8080-exec-3] [DEBUG] o.s.s.w.a.i.FilterSecurityInterceptor - Authorized filter invocation [GET /excursion/tour/7] with attributes [permitAll]
2025-04-18 10:27:32 [http-nio-8080-exec-3] [DEBUG] o.s.security.web.FilterChainProxy - Secured GET /excursion/tour/7
2025-04-18 10:27:32 [http-nio-8080-exec-3] [INFO] r.k.a.u.s.CheckAuthorizeService - checkAdmin is starting, principal: OAuth2AuthenticationToken [Principal=Name: [107234087105093742255], Granted Authorities: [[OIDC_USER, SCOPE_https://www.googleapis.com/auth/userinfo.email, SCOPE_https://www.googleapis.com/auth/userinfo.profile, SCOPE_openid]], User Attributes: [{at_hash=QIn4N3UChPr1lEyVahXWIw, sub=107234087105093742255, email_verified=true, iss=https://accounts.google.com, given_name=Павел, nonce=rVB9z2VK3RkxPMY1aSpLXA1LTzfIhpKGnTKpjzpx7mE, picture=https://lh3.googleusercontent.com/a/ACg8ocJJoh9jonlTH61VWgvXCiXb0zCDjifGZZtZ30sCErS3N5ntDw=s96-c, aud=[909915657042-l07l5jl8r3v54r15k12hp7vev9dor6r7.apps.googleusercontent.com], azp=909915657042-l07l5jl8r3v54r15k12hp7vev9dor6r7.apps.googleusercontent.com, name=Павел Королев, exp=2025-04-18T08:25:26Z, family_name=Королев, iat=2025-04-18T07:25:26Z, email=passapdom@gmail.com}], Credentials=[PROTECTED], Authenticated=true, Details=WebAuthenticationDetails [RemoteIpAddress=0:0:0:0:0:0:0:1, SessionId=C6EED896D010ABE78F09743AF572D3F2], Granted Authorities=[OIDC_USER, SCOPE_https://www.googleapis.com/auth/userinfo.email, SCOPE_https://www.googleapis.com/auth/userinfo.profile, SCOPE_openid]]
2025-04-18 10:27:32 [http-nio-8080-exec-3] [INFO] r.k.a.u.s.CheckAuthorizeService - checkAdmin: principal != null
2025-04-18 10:27:32 [http-nio-8080-exec-3] [INFO] r.k.a.u.s.CheckAuthorizeService - Principal is OAuth2AuthenticationToken
2025-04-18 10:27:32 [http-nio-8080-exec-3] [INFO] r.k.a.u.s.CheckAuthorizeService - Checking admin rights for email: passapdom@gmail.com
2025-04-18 10:27:32 [http-nio-8080-exec-3] [INFO] r.k.a.u.s.CheckAuthorizeService - User roles: [ADMIN]
2025-04-18 10:27:32 [http-nio-8080-exec-5] [DEBUG] o.s.security.web.FilterChainProxy - Securing GET /css/styles.css
2025-04-18 10:27:32 [http-nio-8080-exec-5] [DEBUG] o.s.s.w.c.HttpSessionSecurityContextRepository - Retrieved SecurityContextImpl [Authentication=OAuth2AuthenticationToken [Principal=Name: [107234087105093742255], Granted Authorities: [[OIDC_USER, SCOPE_https://www.googleapis.com/auth/userinfo.email, SCOPE_https://www.googleapis.com/auth/userinfo.profile, SCOPE_openid]], User Attributes: [{at_hash=QIn4N3UChPr1lEyVahXWIw, sub=107234087105093742255, email_verified=true, iss=https://accounts.google.com, given_name=Павел, nonce=rVB9z2VK3RkxPMY1aSpLXA1LTzfIhpKGnTKpjzpx7mE, picture=https://lh3.googleusercontent.com/a/ACg8ocJJoh9jonlTH61VWgvXCiXb0zCDjifGZZtZ30sCErS3N5ntDw=s96-c, aud=[909915657042-l07l5jl8r3v54r15k12hp7vev9dor6r7.apps.googleusercontent.com], azp=909915657042-l07l5jl8r3v54r15k12hp7vev9dor6r7.apps.googleusercontent.com, name=Павел Королев, exp=2025-04-18T08:25:26Z, family_name=Королев, iat=2025-04-18T07:25:26Z, email=passapdom@gmail.com}], Credentials=[PROTECTED], Authenticated=true, Details=WebAuthenticationDetails [RemoteIpAddress=0:0:0:0:0:0:0:1, SessionId=C6EED896D010ABE78F09743AF572D3F2], Granted Authorities=[OIDC_USER, SCOPE_https://www.googleapis.com/auth/userinfo.email, SCOPE_https://www.googleapis.com/auth/userinfo.profile, SCOPE_openid]]]
2025-04-18 10:27:32 [http-nio-8080-exec-5] [DEBUG] o.s.s.w.a.i.FilterSecurityInterceptor - Authorized filter invocation [GET /css/styles.css] with attributes [permitAll]
2025-04-18 10:27:32 [http-nio-8080-exec-5] [DEBUG] o.s.security.web.FilterChainProxy - Secured GET /css/styles.css
2025-04-18 10:27:32 [http-nio-8080-exec-10] [DEBUG] o.s.security.web.FilterChainProxy - Securing GET /img/logo_alliance.png
2025-04-18 10:27:32 [http-nio-8080-exec-9] [DEBUG] o.s.security.web.FilterChainProxy - Securing GET /images/tour/70efb4f2-568c-40d0-b39f-55ed0ccbc07e_00-Козельск.jpg
2025-04-18 10:27:32 [http-nio-8080-exec-10] [DEBUG] o.s.s.w.c.HttpSessionSecurityContextRepository - Retrieved SecurityContextImpl [Authentication=OAuth2AuthenticationToken [Principal=Name: [107234087105093742255], Granted Authorities: [[OIDC_USER, SCOPE_https://www.googleapis.com/auth/userinfo.email, SCOPE_https://www.googleapis.com/auth/userinfo.profile, SCOPE_openid]], User Attributes: [{at_hash=QIn4N3UChPr1lEyVahXWIw, sub=107234087105093742255, email_verified=true, iss=https://accounts.google.com, given_name=Павел, nonce=rVB9z2VK3RkxPMY1aSpLXA1LTzfIhpKGnTKpjzpx7mE, picture=https://lh3.googleusercontent.com/a/ACg8ocJJoh9jonlTH61VWgvXCiXb0zCDjifGZZtZ30sCErS3N5ntDw=s96-c, aud=[909915657042-l07l5jl8r3v54r15k12hp7vev9dor6r7.apps.googleusercontent.com], azp=909915657042-l07l5jl8r3v54r15k12hp7vev9dor6r7.apps.googleusercontent.com, name=Павел Королев, exp=2025-04-18T08:25:26Z, family_name=Королев, iat=2025-04-18T07:25:26Z, email=passapdom@gmail.com}], Credentials=[PROTECTED], Authenticated=true, Details=WebAuthenticationDetails [RemoteIpAddress=0:0:0:0:0:0:0:1, SessionId=C6EED896D010ABE78F09743AF572D3F2], Granted Authorities=[OIDC_USER, SCOPE_https://www.googleapis.com/auth/userinfo.email, SCOPE_https://www.googleapis.com/auth/userinfo.profile, SCOPE_openid]]]
2025-04-18 10:27:32 [http-nio-8080-exec-9] [DEBUG] o.s.s.w.c.HttpSessionSecurityContextRepository - Retrieved SecurityContextImpl [Authentication=OAuth2AuthenticationToken [Principal=Name: [107234087105093742255], Granted Authorities: [[OIDC_USER, SCOPE_https://www.googleapis.com/auth/userinfo.email, SCOPE_https://www.googleapis.com/auth/userinfo.profile, SCOPE_openid]], User Attributes: [{at_hash=QIn4N3UChPr1lEyVahXWIw, sub=107234087105093742255, email_verified=true, iss=https://accounts.google.com, given_name=Павел, nonce=rVB9z2VK3RkxPMY1aSpLXA1LTzfIhpKGnTKpjzpx7mE, picture=https://lh3.googleusercontent.com/a/ACg8ocJJoh9jonlTH61VWgvXCiXb0zCDjifGZZtZ30sCErS3N5ntDw=s96-c, aud=[909915657042-l07l5jl8r3v54r15k12hp7vev9dor6r7.apps.googleusercontent.com], azp=909915657042-l07l5jl8r3v54r15k12hp7vev9dor6r7.apps.googleusercontent.com, name=Павел Королев, exp=2025-04-18T08:25:26Z, family_name=Королев, iat=2025-04-18T07:25:26Z, email=passapdom@gmail.com}], Credentials=[PROTECTED], Authenticated=true, Details=WebAuthenticationDetails [RemoteIpAddress=0:0:0:0:0:0:0:1, SessionId=C6EED896D010ABE78F09743AF572D3F2], Granted Authorities=[OIDC_USER, SCOPE_https://www.googleapis.com/auth/userinfo.email, SCOPE_https://www.googleapis.com/auth/userinfo.profile, SCOPE_openid]]]
2025-04-18 10:27:32 [http-nio-8080-exec-10] [DEBUG] o.s.s.w.a.i.FilterSecurityInterceptor - Authorized filter invocation [GET /img/logo_alliance.png] with attributes [permitAll]
2025-04-18 10:27:32 [http-nio-8080-exec-9] [DEBUG] o.s.s.w.a.i.FilterSecurityInterceptor - Authorized filter invocation [GET /images/tour/70efb4f2-568c-40d0-b39f-55ed0ccbc07e_00-Козельск.jpg] with attributes [permitAll]
2025-04-18 10:27:32 [http-nio-8080-exec-9] [DEBUG] o.s.security.web.FilterChainProxy - Secured GET /images/tour/70efb4f2-568c-40d0-b39f-55ed0ccbc07e_00-Козельск.jpg
2025-04-18 10:27:32 [http-nio-8080-exec-10] [DEBUG] o.s.security.web.FilterChainProxy - Secured GET /img/logo_alliance.png
2025-04-18 10:27:32 [http-nio-8080-exec-2] [DEBUG] o.s.security.web.FilterChainProxy - Securing GET /images/tour/2fda8126-ebe8-4ae8-8cc0-41fba6cc8428_photo_2024-12-23_22-18-01.jpg
2025-04-18 10:27:32 [http-nio-8080-exec-7] [DEBUG] o.s.security.web.FilterChainProxy - Securing GET /images/tour/ab411480-0960-49e0-851d-d9a6ee643bbf_photo_2024-12-23_22-18-02.jpg
2025-04-18 10:27:32 [http-nio-8080-exec-6] [DEBUG] o.s.security.web.FilterChainProxy - Securing GET /images/tour/414b0294-d609-404f-b29e-bce0b3a8dd2d_2.jpg
2025-04-18 10:27:32 [http-nio-8080-exec-1] [DEBUG] o.s.security.web.FilterChainProxy - Securing GET /images/tour/9a82b164-22ad-4d36-b819-c6f0b357f20e_01.jpg
2025-04-18 10:27:32 [http-nio-8080-exec-6] [DEBUG] o.s.s.w.c.HttpSessionSecurityContextRepository - Retrieved SecurityContextImpl [Authentication=OAuth2AuthenticationToken [Principal=Name: [107234087105093742255], Granted Authorities: [[OIDC_USER, SCOPE_https://www.googleapis.com/auth/userinfo.email, SCOPE_https://www.googleapis.com/auth/userinfo.profile, SCOPE_openid]], User Attributes: [{at_hash=QIn4N3UChPr1lEyVahXWIw, sub=107234087105093742255, email_verified=true, iss=https://accounts.google.com, given_name=Павел, nonce=rVB9z2VK3RkxPMY1aSpLXA1LTzfIhpKGnTKpjzpx7mE, picture=https://lh3.googleusercontent.com/a/ACg8ocJJoh9jonlTH61VWgvXCiXb0zCDjifGZZtZ30sCErS3N5ntDw=s96-c, aud=[909915657042-l07l5jl8r3v54r15k12hp7vev9dor6r7.apps.googleusercontent.com], azp=909915657042-l07l5jl8r3v54r15k12hp7vev9dor6r7.apps.googleusercontent.com, name=Павел Королев, exp=2025-04-18T08:25:26Z, family_name=Королев, iat=2025-04-18T07:25:26Z, email=passapdom@gmail.com}], Credentials=[PROTECTED], Authenticated=true, Details=WebAuthenticationDetails [RemoteIpAddress=0:0:0:0:0:0:0:1, SessionId=C6EED896D010ABE78F09743AF572D3F2], Granted Authorities=[OIDC_USER, SCOPE_https://www.googleapis.com/auth/userinfo.email, SCOPE_https://www.googleapis.com/auth/userinfo.profile, SCOPE_openid]]]
2025-04-18 10:27:32 [http-nio-8080-exec-1] [DEBUG] o.s.s.w.c.HttpSessionSecurityContextRepository - Retrieved SecurityContextImpl [Authentication=OAuth2AuthenticationToken [Principal=Name: [107234087105093742255], Granted Authorities: [[OIDC_USER, SCOPE_https://www.googleapis.com/auth/userinfo.email, SCOPE_https://www.googleapis.com/auth/userinfo.profile, SCOPE_openid]], User Attributes: [{at_hash=QIn4N3UChPr1lEyVahXWIw, sub=107234087105093742255, email_verified=true, iss=https://accounts.google.com, given_name=Павел, nonce=rVB9z2VK3RkxPMY1aSpLXA1LTzfIhpKGnTKpjzpx7mE, picture=https://lh3.googleusercontent.com/a/ACg8ocJJoh9jonlTH61VWgvXCiXb0zCDjifGZZtZ30sCErS3N5ntDw=s96-c, aud=[909915657042-l07l5jl8r3v54r15k12hp7vev9dor6r7.apps.googleusercontent.com], azp=909915657042-l07l5jl8r3v54r15k12hp7vev9dor6r7.apps.googleusercontent.com, name=Павел Королев, exp=2025-04-18T08:25:26Z, family_name=Королев, iat=2025-04-18T07:25:26Z, email=passapdom@gmail.com}], Credentials=[PROTECTED], Authenticated=true, Details=WebAuthenticationDetails [RemoteIpAddress=0:0:0:0:0:0:0:1, SessionId=C6EED896D010ABE78F09743AF572D3F2], Granted Authorities=[OIDC_USER, SCOPE_https://www.googleapis.com/auth/userinfo.email, SCOPE_https://www.googleapis.com/auth/userinfo.profile, SCOPE_openid]]]
2025-04-18 10:27:32 [http-nio-8080-exec-2] [DEBUG] o.s.s.w.c.HttpSessionSecurityContextRepository - Retrieved SecurityContextImpl [Authentication=OAuth2AuthenticationToken [Principal=Name: [107234087105093742255], Granted Authorities: [[OIDC_USER, SCOPE_https://www.googleapis.com/auth/userinfo.email, SCOPE_https://www.googleapis.com/auth/userinfo.profile, SCOPE_openid]], User Attributes: [{at_hash=QIn4N3UChPr1lEyVahXWIw, sub=107234087105093742255, email_verified=true, iss=https://accounts.google.com, given_name=Павел, nonce=rVB9z2VK3RkxPMY1aSpLXA1LTzfIhpKGnTKpjzpx7mE, picture=https://lh3.googleusercontent.com/a/ACg8ocJJoh9jonlTH61VWgvXCiXb0zCDjifGZZtZ30sCErS3N5ntDw=s96-c, aud=[909915657042-l07l5jl8r3v54r15k12hp7vev9dor6r7.apps.googleusercontent.com], azp=909915657042-l07l5jl8r3v54r15k12hp7vev9dor6r7.apps.googleusercontent.com, name=Павел Королев, exp=2025-04-18T08:25:26Z, family_name=Королев, iat=2025-04-18T07:25:26Z, email=passapdom@gmail.com}], Credentials=[PROTECTED], Authenticated=true, Details=WebAuthenticationDetails [RemoteIpAddress=0:0:0:0:0:0:0:1, SessionId=C6EED896D010ABE78F09743AF572D3F2], Granted Authorities=[OIDC_USER, SCOPE_https://www.googleapis.com/auth/userinfo.email, SCOPE_https://www.googleapis.com/auth/userinfo.profile, SCOPE_openid]]]
2025-04-18 10:27:32 [http-nio-8080-exec-7] [DEBUG] o.s.s.w.c.HttpSessionSecurityContextRepository - Retrieved SecurityContextImpl [Authentication=OAuth2AuthenticationToken [Principal=Name: [107234087105093742255], Granted Authorities: [[OIDC_USER, SCOPE_https://www.googleapis.com/auth/userinfo.email, SCOPE_https://www.googleapis.com/auth/userinfo.profile, SCOPE_openid]], User Attributes: [{at_hash=QIn4N3UChPr1lEyVahXWIw, sub=107234087105093742255, email_verified=true, iss=https://accounts.google.com, given_name=Павел, nonce=rVB9z2VK3RkxPMY1aSpLXA1LTzfIhpKGnTKpjzpx7mE, picture=https://lh3.googleusercontent.com/a/ACg8ocJJoh9jonlTH61VWgvXCiXb0zCDjifGZZtZ30sCErS3N5ntDw=s96-c, aud=[909915657042-l07l5jl8r3v54r15k12hp7vev9dor6r7.apps.googleusercontent.com], azp=909915657042-l07l5jl8r3v54r15k12hp7vev9dor6r7.apps.googleusercontent.com, name=Павел Королев, exp=2025-04-18T08:25:26Z, family_name=Королев, iat=2025-04-18T07:25:26Z, email=passapdom@gmail.com}], Credentials=[PROTECTED], Authenticated=true, Details=WebAuthenticationDetails [RemoteIpAddress=0:0:0:0:0:0:0:1, SessionId=C6EED896D010ABE78F09743AF572D3F2], Granted Authorities=[OIDC_USER, SCOPE_https://www.googleapis.com/auth/userinfo.email, SCOPE_https://www.googleapis.com/auth/userinfo.profile, SCOPE_openid]]]
2025-04-18 10:27:32 [http-nio-8080-exec-2] [DEBUG] o.s.s.w.a.i.FilterSecurityInterceptor - Authorized filter invocation [GET /images/tour/2fda8126-ebe8-4ae8-8cc0-41fba6cc8428_photo_2024-12-23_22-18-01.jpg] with attributes [permitAll]
2025-04-18 10:27:32 [http-nio-8080-exec-7] [DEBUG] o.s.s.w.a.i.FilterSecurityInterceptor - Authorized filter invocation [GET /images/tour/ab411480-0960-49e0-851d-d9a6ee643bbf_photo_2024-12-23_22-18-02.jpg] with attributes [permitAll]
2025-04-18 10:27:32 [http-nio-8080-exec-6] [DEBUG] o.s.s.w.a.i.FilterSecurityInterceptor - Authorized filter invocation [GET /images/tour/414b0294-d609-404f-b29e-bce0b3a8dd2d_2.jpg] with attributes [permitAll]
2025-04-18 10:27:32 [http-nio-8080-exec-1] [DEBUG] o.s.s.w.a.i.FilterSecurityInterceptor - Authorized filter invocation [GET /images/tour/9a82b164-22ad-4d36-b819-c6f0b357f20e_01.jpg] with attributes [permitAll]
2025-04-18 10:27:32 [http-nio-8080-exec-2] [DEBUG] o.s.security.web.FilterChainProxy - Secured GET /images/tour/2fda8126-ebe8-4ae8-8cc0-41fba6cc8428_photo_2024-12-23_22-18-01.jpg
2025-04-18 10:27:32 [http-nio-8080-exec-7] [DEBUG] o.s.security.web.FilterChainProxy - Secured GET /images/tour/ab411480-0960-49e0-851d-d9a6ee643bbf_photo_2024-12-23_22-18-02.jpg
2025-04-18 10:27:32 [http-nio-8080-exec-6] [DEBUG] o.s.security.web.FilterChainProxy - Secured GET /images/tour/414b0294-d609-404f-b29e-bce0b3a8dd2d_2.jpg
2025-04-18 10:27:32 [http-nio-8080-exec-1] [DEBUG] o.s.security.web.FilterChainProxy - Secured GET /images/tour/9a82b164-22ad-4d36-b819-c6f0b357f20e_01.jpg
2025-04-18 10:27:34 [http-nio-8080-exec-8] [DEBUG] o.s.security.web.FilterChainProxy - Securing GET /realty
2025-04-18 10:27:34 [http-nio-8080-exec-8] [DEBUG] o.s.s.w.c.HttpSessionSecurityContextRepository - Retrieved SecurityContextImpl [Authentication=OAuth2AuthenticationToken [Principal=Name: [107234087105093742255], Granted Authorities: [[OIDC_USER, SCOPE_https://www.googleapis.com/auth/userinfo.email, SCOPE_https://www.googleapis.com/auth/userinfo.profile, SCOPE_openid]], User Attributes: [{at_hash=QIn4N3UChPr1lEyVahXWIw, sub=107234087105093742255, email_verified=true, iss=https://accounts.google.com, given_name=Павел, nonce=rVB9z2VK3RkxPMY1aSpLXA1LTzfIhpKGnTKpjzpx7mE, picture=https://lh3.googleusercontent.com/a/ACg8ocJJoh9jonlTH61VWgvXCiXb0zCDjifGZZtZ30sCErS3N5ntDw=s96-c, aud=[909915657042-l07l5jl8r3v54r15k12hp7vev9dor6r7.apps.googleusercontent.com], azp=909915657042-l07l5jl8r3v54r15k12hp7vev9dor6r7.apps.googleusercontent.com, name=Павел Королев, exp=2025-04-18T08:25:26Z, family_name=Королев, iat=2025-04-18T07:25:26Z, email=passapdom@gmail.com}], Credentials=[PROTECTED], Authenticated=true, Details=WebAuthenticationDetails [RemoteIpAddress=0:0:0:0:0:0:0:1, SessionId=C6EED896D010ABE78F09743AF572D3F2], Granted Authorities=[OIDC_USER, SCOPE_https://www.googleapis.com/auth/userinfo.email, SCOPE_https://www.googleapis.com/auth/userinfo.profile, SCOPE_openid]]]
2025-04-18 10:27:34 [http-nio-8080-exec-8] [DEBUG] o.s.s.w.a.i.FilterSecurityInterceptor - Authorized filter invocation [GET /realty] with attributes [permitAll]
2025-04-18 10:27:34 [http-nio-8080-exec-8] [DEBUG] o.s.security.web.FilterChainProxy - Secured GET /realty
2025-04-18 10:27:34 [http-nio-8080-exec-8] [INFO] r.k.a.u.s.CheckAuthorizeService - checkAdmin is starting, principal: OAuth2AuthenticationToken [Principal=Name: [107234087105093742255], Granted Authorities: [[OIDC_USER, SCOPE_https://www.googleapis.com/auth/userinfo.email, SCOPE_https://www.googleapis.com/auth/userinfo.profile, SCOPE_openid]], User Attributes: [{at_hash=QIn4N3UChPr1lEyVahXWIw, sub=107234087105093742255, email_verified=true, iss=https://accounts.google.com, given_name=Павел, nonce=rVB9z2VK3RkxPMY1aSpLXA1LTzfIhpKGnTKpjzpx7mE, picture=https://lh3.googleusercontent.com/a/ACg8ocJJoh9jonlTH61VWgvXCiXb0zCDjifGZZtZ30sCErS3N5ntDw=s96-c, aud=[909915657042-l07l5jl8r3v54r15k12hp7vev9dor6r7.apps.googleusercontent.com], azp=909915657042-l07l5jl8r3v54r15k12hp7vev9dor6r7.apps.googleusercontent.com, name=Павел Королев, exp=2025-04-18T08:25:26Z, family_name=Королев, iat=2025-04-18T07:25:26Z, email=passapdom@gmail.com}], Credentials=[PROTECTED], Authenticated=true, Details=WebAuthenticationDetails [RemoteIpAddress=0:0:0:0:0:0:0:1, SessionId=C6EED896D010ABE78F09743AF572D3F2], Granted Authorities=[OIDC_USER, SCOPE_https://www.googleapis.com/auth/userinfo.email, SCOPE_https://www.googleapis.com/auth/userinfo.profile, SCOPE_openid]]
2025-04-18 10:27:34 [http-nio-8080-exec-8] [INFO] r.k.a.u.s.CheckAuthorizeService - checkAdmin: principal != null
2025-04-18 10:27:34 [http-nio-8080-exec-8] [INFO] r.k.a.u.s.CheckAuthorizeService - Principal is OAuth2AuthenticationToken
2025-04-18 10:27:34 [http-nio-8080-exec-8] [INFO] r.k.a.u.s.CheckAuthorizeService - Checking admin rights for email: passapdom@gmail.com
2025-04-18 10:27:34 [http-nio-8080-exec-8] [INFO] r.k.a.u.s.CheckAuthorizeService - User roles: [ADMIN]
2025-04-18 10:27:34 [http-nio-8080-exec-4] [DEBUG] o.s.security.web.FilterChainProxy - Securing GET /css/styles.css
2025-04-18 10:27:34 [http-nio-8080-exec-4] [DEBUG] o.s.s.w.c.HttpSessionSecurityContextRepository - Retrieved SecurityContextImpl [Authentication=OAuth2AuthenticationToken [Principal=Name: [107234087105093742255], Granted Authorities: [[OIDC_USER, SCOPE_https://www.googleapis.com/auth/userinfo.email, SCOPE_https://www.googleapis.com/auth/userinfo.profile, SCOPE_openid]], User Attributes: [{at_hash=QIn4N3UChPr1lEyVahXWIw, sub=107234087105093742255, email_verified=true, iss=https://accounts.google.com, given_name=Павел, nonce=rVB9z2VK3RkxPMY1aSpLXA1LTzfIhpKGnTKpjzpx7mE, picture=https://lh3.googleusercontent.com/a/ACg8ocJJoh9jonlTH61VWgvXCiXb0zCDjifGZZtZ30sCErS3N5ntDw=s96-c, aud=[909915657042-l07l5jl8r3v54r15k12hp7vev9dor6r7.apps.googleusercontent.com], azp=909915657042-l07l5jl8r3v54r15k12hp7vev9dor6r7.apps.googleusercontent.com, name=Павел Королев, exp=2025-04-18T08:25:26Z, family_name=Королев, iat=2025-04-18T07:25:26Z, email=passapdom@gmail.com}], Credentials=[PROTECTED], Authenticated=true, Details=WebAuthenticationDetails [RemoteIpAddress=0:0:0:0:0:0:0:1, SessionId=C6EED896D010ABE78F09743AF572D3F2], Granted Authorities=[OIDC_USER, SCOPE_https://www.googleapis.com/auth/userinfo.email, SCOPE_https://www.googleapis.com/auth/userinfo.profile, SCOPE_openid]]]
2025-04-18 10:27:34 [http-nio-8080-exec-4] [DEBUG] o.s.s.w.a.i.FilterSecurityInterceptor - Authorized filter invocation [GET /css/styles.css] with attributes [permitAll]
2025-04-18 10:27:34 [http-nio-8080-exec-4] [DEBUG] o.s.security.web.FilterChainProxy - Secured GET /css/styles.css
2025-04-18 10:27:34 [http-nio-8080-exec-3] [DEBUG] o.s.security.web.FilterChainProxy - Securing GET /img/logo_alliance.png
2025-04-18 10:27:34 [http-nio-8080-exec-3] [DEBUG] o.s.s.w.c.HttpSessionSecurityContextRepository - Retrieved SecurityContextImpl [Authentication=OAuth2AuthenticationToken [Principal=Name: [107234087105093742255], Granted Authorities: [[OIDC_USER, SCOPE_https://www.googleapis.com/auth/userinfo.email, SCOPE_https://www.googleapis.com/auth/userinfo.profile, SCOPE_openid]], User Attributes: [{at_hash=QIn4N3UChPr1lEyVahXWIw, sub=107234087105093742255, email_verified=true, iss=https://accounts.google.com, given_name=Павел, nonce=rVB9z2VK3RkxPMY1aSpLXA1LTzfIhpKGnTKpjzpx7mE, picture=https://lh3.googleusercontent.com/a/ACg8ocJJoh9jonlTH61VWgvXCiXb0zCDjifGZZtZ30sCErS3N5ntDw=s96-c, aud=[909915657042-l07l5jl8r3v54r15k12hp7vev9dor6r7.apps.googleusercontent.com], azp=909915657042-l07l5jl8r3v54r15k12hp7vev9dor6r7.apps.googleusercontent.com, name=Павел Королев, exp=2025-04-18T08:25:26Z, family_name=Королев, iat=2025-04-18T07:25:26Z, email=passapdom@gmail.com}], Credentials=[PROTECTED], Authenticated=true, Details=WebAuthenticationDetails [RemoteIpAddress=0:0:0:0:0:0:0:1, SessionId=C6EED896D010ABE78F09743AF572D3F2], Granted Authorities=[OIDC_USER, SCOPE_https://www.googleapis.com/auth/userinfo.email, SCOPE_https://www.googleapis.com/auth/userinfo.profile, SCOPE_openid]]]
2025-04-18 10:27:34 [http-nio-8080-exec-3] [DEBUG] o.s.s.w.a.i.FilterSecurityInterceptor - Authorized filter invocation [GET /img/logo_alliance.png] with attributes [permitAll]
2025-04-18 10:27:34 [http-nio-8080-exec-3] [DEBUG] o.s.security.web.FilterChainProxy - Secured GET /img/logo_alliance.png
2025-04-18 10:27:35 [http-nio-8080-exec-5] [DEBUG] o.s.security.web.FilterChainProxy - Securing GET /img/agency.jpg
2025-04-18 10:27:35 [http-nio-8080-exec-10] [DEBUG] o.s.security.web.FilterChainProxy - Securing GET /images/advertisementSale/d4315efc-c703-4501-a94b-81ff7ce200a0_photo_2024-12-23_22-17-59.jpg
2025-04-18 10:27:35 [http-nio-8080-exec-5] [DEBUG] o.s.s.w.c.HttpSessionSecurityContextRepository - Retrieved SecurityContextImpl [Authentication=OAuth2AuthenticationToken [Principal=Name: [107234087105093742255], Granted Authorities: [[OIDC_USER, SCOPE_https://www.googleapis.com/auth/userinfo.email, SCOPE_https://www.googleapis.com/auth/userinfo.profile, SCOPE_openid]], User Attributes: [{at_hash=QIn4N3UChPr1lEyVahXWIw, sub=107234087105093742255, email_verified=true, iss=https://accounts.google.com, given_name=Павел, nonce=rVB9z2VK3RkxPMY1aSpLXA1LTzfIhpKGnTKpjzpx7mE, picture=https://lh3.googleusercontent.com/a/ACg8ocJJoh9jonlTH61VWgvXCiXb0zCDjifGZZtZ30sCErS3N5ntDw=s96-c, aud=[909915657042-l07l5jl8r3v54r15k12hp7vev9dor6r7.apps.googleusercontent.com], azp=909915657042-l07l5jl8r3v54r15k12hp7vev9dor6r7.apps.googleusercontent.com, name=Павел Королев, exp=2025-04-18T08:25:26Z, family_name=Королев, iat=2025-04-18T07:25:26Z, email=passapdom@gmail.com}], Credentials=[PROTECTED], Authenticated=true, Details=WebAuthenticationDetails [RemoteIpAddress=0:0:0:0:0:0:0:1, SessionId=C6EED896D010ABE78F09743AF572D3F2], Granted Authorities=[OIDC_USER, SCOPE_https://www.googleapis.com/auth/userinfo.email, SCOPE_https://www.googleapis.com/auth/userinfo.profile, SCOPE_openid]]]
2025-04-18 10:27:35 [http-nio-8080-exec-10] [DEBUG] o.s.s.w.c.HttpSessionSecurityContextRepository - Retrieved SecurityContextImpl [Authentication=OAuth2AuthenticationToken [Principal=Name: [107234087105093742255], Granted Authorities: [[OIDC_USER, SCOPE_https://www.googleapis.com/auth/userinfo.email, SCOPE_https://www.googleapis.com/auth/userinfo.profile, SCOPE_openid]], User Attributes: [{at_hash=QIn4N3UChPr1lEyVahXWIw, sub=107234087105093742255, email_verified=true, iss=https://accounts.google.com, given_name=Павел, nonce=rVB9z2VK3RkxPMY1aSpLXA1LTzfIhpKGnTKpjzpx7mE, picture=https://lh3.googleusercontent.com/a/ACg8ocJJoh9jonlTH61VWgvXCiXb0zCDjifGZZtZ30sCErS3N5ntDw=s96-c, aud=[909915657042-l07l5jl8r3v54r15k12hp7vev9dor6r7.apps.googleusercontent.com], azp=909915657042-l07l5jl8r3v54r15k12hp7vev9dor6r7.apps.googleusercontent.com, name=Павел Королев, exp=2025-04-18T08:25:26Z, family_name=Королев, iat=2025-04-18T07:25:26Z, email=passapdom@gmail.com}], Credentials=[PROTECTED], Authenticated=true, Details=WebAuthenticationDetails [RemoteIpAddress=0:0:0:0:0:0:0:1, SessionId=C6EED896D010ABE78F09743AF572D3F2], Granted Authorities=[OIDC_USER, SCOPE_https://www.googleapis.com/auth/userinfo.email, SCOPE_https://www.googleapis.com/auth/userinfo.profile, SCOPE_openid]]]
2025-04-18 10:27:35 [http-nio-8080-exec-5] [DEBUG] o.s.s.w.a.i.FilterSecurityInterceptor - Authorized filter invocation [GET /img/agency.jpg] with attributes [permitAll]
2025-04-18 10:27:35 [http-nio-8080-exec-7] [DEBUG] o.s.security.web.FilterChainProxy - Securing GET /images/placeholder.jpg
2025-04-18 10:27:35 [http-nio-8080-exec-5] [DEBUG] o.s.security.web.FilterChainProxy - Secured GET /img/agency.jpg
2025-04-18 10:27:35 [http-nio-8080-exec-10] [DEBUG] o.s.s.w.a.i.FilterSecurityInterceptor - Authorized filter invocation [GET /images/advertisementSale/d4315efc-c703-4501-a94b-81ff7ce200a0_photo_2024-12-23_22-17-59.jpg] with attributes [permitAll]
2025-04-18 10:27:35 [http-nio-8080-exec-10] [DEBUG] o.s.security.web.FilterChainProxy - Secured GET /images/advertisementSale/d4315efc-c703-4501-a94b-81ff7ce200a0_photo_2024-12-23_22-17-59.jpg
2025-04-18 10:27:35 [http-nio-8080-exec-9] [DEBUG] o.s.security.web.FilterChainProxy - Securing GET /images/advertisementSale/f59acdf2-baf6-4bc0-b36b-35e41bacd18b_photo_2024-12-23_22-17-54.jpg
2025-04-18 10:27:35 [http-nio-8080-exec-6] [DEBUG] o.s.security.web.FilterChainProxy - Securing GET /images/advertisementSale/199952c8-f50d-4f4d-bedc-5c44f013ee64_Снимок экрана (6).png
2025-04-18 10:27:35 [http-nio-8080-exec-2] [DEBUG] o.s.security.web.FilterChainProxy - Securing GET /images/advertisementSale/0dab0807-9cf3-481e-9749-99e44f837125_photo_2024-12-23_22-18-04.jpg
2025-04-18 10:27:35 [http-nio-8080-exec-7] [DEBUG] o.s.s.w.c.HttpSessionSecurityContextRepository - Retrieved SecurityContextImpl [Authentication=OAuth2AuthenticationToken [Principal=Name: [107234087105093742255], Granted Authorities: [[OIDC_USER, SCOPE_https://www.googleapis.com/auth/userinfo.email, SCOPE_https://www.googleapis.com/auth/userinfo.profile, SCOPE_openid]], User Attributes: [{at_hash=QIn4N3UChPr1lEyVahXWIw, sub=107234087105093742255, email_verified=true, iss=https://accounts.google.com, given_name=Павел, nonce=rVB9z2VK3RkxPMY1aSpLXA1LTzfIhpKGnTKpjzpx7mE, picture=https://lh3.googleusercontent.com/a/ACg8ocJJoh9jonlTH61VWgvXCiXb0zCDjifGZZtZ30sCErS3N5ntDw=s96-c, aud=[909915657042-l07l5jl8r3v54r15k12hp7vev9dor6r7.apps.googleusercontent.com], azp=909915657042-l07l5jl8r3v54r15k12hp7vev9dor6r7.apps.googleusercontent.com, name=Павел Королев, exp=2025-04-18T08:25:26Z, family_name=Королев, iat=2025-04-18T07:25:26Z, email=passapdom@gmail.com}], Credentials=[PROTECTED], Authenticated=true, Details=WebAuthenticationDetails [RemoteIpAddress=0:0:0:0:0:0:0:1, SessionId=C6EED896D010ABE78F09743AF572D3F2], Granted Authorities=[OIDC_USER, SCOPE_https://www.googleapis.com/auth/userinfo.email, SCOPE_https://www.googleapis.com/auth/userinfo.profile, SCOPE_openid]]]
2025-04-18 10:27:35 [http-nio-8080-exec-6] [DEBUG] o.s.s.w.c.HttpSessionSecurityContextRepository - Retrieved SecurityContextImpl [Authentication=OAuth2AuthenticationToken [Principal=Name: [107234087105093742255], Granted Authorities: [[OIDC_USER, SCOPE_https://www.googleapis.com/auth/userinfo.email, SCOPE_https://www.googleapis.com/auth/userinfo.profile, SCOPE_openid]], User Attributes: [{at_hash=QIn4N3UChPr1lEyVahXWIw, sub=107234087105093742255, email_verified=true, iss=https://accounts.google.com, given_name=Павел, nonce=rVB9z2VK3RkxPMY1aSpLXA1LTzfIhpKGnTKpjzpx7mE, picture=https://lh3.googleusercontent.com/a/ACg8ocJJoh9jonlTH61VWgvXCiXb0zCDjifGZZtZ30sCErS3N5ntDw=s96-c, aud=[909915657042-l07l5jl8r3v54r15k12hp7vev9dor6r7.apps.googleusercontent.com], azp=909915657042-l07l5jl8r3v54r15k12hp7vev9dor6r7.apps.googleusercontent.com, name=Павел Королев, exp=2025-04-18T08:25:26Z, family_name=Королев, iat=2025-04-18T07:25:26Z, email=passapdom@gmail.com}], Credentials=[PROTECTED], Authenticated=true, Details=WebAuthenticationDetails [RemoteIpAddress=0:0:0:0:0:0:0:1, SessionId=C6EED896D010ABE78F09743AF572D3F2], Granted Authorities=[OIDC_USER, SCOPE_https://www.googleapis.com/auth/userinfo.email, SCOPE_https://www.googleapis.com/auth/userinfo.profile, SCOPE_openid]]]
2025-04-18 10:27:35 [http-nio-8080-exec-7] [DEBUG] o.s.s.w.a.i.FilterSecurityInterceptor - Authorized filter invocation [GET /images/placeholder.jpg] with attributes [permitAll]
2025-04-18 10:27:35 [http-nio-8080-exec-2] [DEBUG] o.s.s.w.c.HttpSessionSecurityContextRepository - Retrieved SecurityContextImpl [Authentication=OAuth2AuthenticationToken [Principal=Name: [107234087105093742255], Granted Authorities: [[OIDC_USER, SCOPE_https://www.googleapis.com/auth/userinfo.email, SCOPE_https://www.googleapis.com/auth/userinfo.profile, SCOPE_openid]], User Attributes: [{at_hash=QIn4N3UChPr1lEyVahXWIw, sub=107234087105093742255, email_verified=true, iss=https://accounts.google.com, given_name=Павел, nonce=rVB9z2VK3RkxPMY1aSpLXA1LTzfIhpKGnTKpjzpx7mE, picture=https://lh3.googleusercontent.com/a/ACg8ocJJoh9jonlTH61VWgvXCiXb0zCDjifGZZtZ30sCErS3N5ntDw=s96-c, aud=[909915657042-l07l5jl8r3v54r15k12hp7vev9dor6r7.apps.googleusercontent.com], azp=909915657042-l07l5jl8r3v54r15k12hp7vev9dor6r7.apps.googleusercontent.com, name=Павел Королев, exp=2025-04-18T08:25:26Z, family_name=Королев, iat=2025-04-18T07:25:26Z, email=passapdom@gmail.com}], Credentials=[PROTECTED], Authenticated=true, Details=WebAuthenticationDetails [RemoteIpAddress=0:0:0:0:0:0:0:1, SessionId=C6EED896D010ABE78F09743AF572D3F2], Granted Authorities=[OIDC_USER, SCOPE_https://www.googleapis.com/auth/userinfo.email, SCOPE_https://www.googleapis.com/auth/userinfo.profile, SCOPE_openid]]]
2025-04-18 10:27:35 [http-nio-8080-exec-6] [DEBUG] o.s.s.w.a.i.FilterSecurityInterceptor - Authorized filter invocation [GET /images/advertisementSale/199952c8-f50d-4f4d-bedc-5c44f013ee64_Снимок экрана (6).png] with attributes [permitAll]
2025-04-18 10:27:35 [http-nio-8080-exec-7] [DEBUG] o.s.security.web.FilterChainProxy - Secured GET /images/placeholder.jpg
2025-04-18 10:27:35 [http-nio-8080-exec-2] [DEBUG] o.s.s.w.a.i.FilterSecurityInterceptor - Authorized filter invocation [GET /images/advertisementSale/0dab0807-9cf3-481e-9749-99e44f837125_photo_2024-12-23_22-18-04.jpg] with attributes [permitAll]
2025-04-18 10:27:35 [http-nio-8080-exec-9] [DEBUG] o.s.s.w.c.HttpSessionSecurityContextRepository - Retrieved SecurityContextImpl [Authentication=OAuth2AuthenticationToken [Principal=Name: [107234087105093742255], Granted Authorities: [[OIDC_USER, SCOPE_https://www.googleapis.com/auth/userinfo.email, SCOPE_https://www.googleapis.com/auth/userinfo.profile, SCOPE_openid]], User Attributes: [{at_hash=QIn4N3UChPr1lEyVahXWIw, sub=107234087105093742255, email_verified=true, iss=https://accounts.google.com, given_name=Павел, nonce=rVB9z2VK3RkxPMY1aSpLXA1LTzfIhpKGnTKpjzpx7mE, picture=https://lh3.googleusercontent.com/a/ACg8ocJJoh9jonlTH61VWgvXCiXb0zCDjifGZZtZ30sCErS3N5ntDw=s96-c, aud=[909915657042-l07l5jl8r3v54r15k12hp7vev9dor6r7.apps.googleusercontent.com], azp=909915657042-l07l5jl8r3v54r15k12hp7vev9dor6r7.apps.googleusercontent.com, name=Павел Королев, exp=2025-04-18T08:25:26Z, family_name=Королев, iat=2025-04-18T07:25:26Z, email=passapdom@gmail.com}], Credentials=[PROTECTED], Authenticated=true, Details=WebAuthenticationDetails [RemoteIpAddress=0:0:0:0:0:0:0:1, SessionId=C6EED896D010ABE78F09743AF572D3F2], Granted Authorities=[OIDC_USER, SCOPE_https://www.googleapis.com/auth/userinfo.email, SCOPE_https://www.googleapis.com/auth/userinfo.profile, SCOPE_openid]]]
2025-04-18 10:27:35 [http-nio-8080-exec-6] [DEBUG] o.s.security.web.FilterChainProxy - Secured GET /images/advertisementSale/199952c8-f50d-4f4d-bedc-5c44f013ee64_Снимок экрана (6).png
2025-04-18 10:27:35 [http-nio-8080-exec-2] [DEBUG] o.s.security.web.FilterChainProxy - Secured GET /images/advertisementSale/0dab0807-9cf3-481e-9749-99e44f837125_photo_2024-12-23_22-18-04.jpg
2025-04-18 10:27:35 [http-nio-8080-exec-9] [DEBUG] o.s.s.w.a.i.FilterSecurityInterceptor - Authorized filter invocation [GET /images/advertisementSale/f59acdf2-baf6-4bc0-b36b-35e41bacd18b_photo_2024-12-23_22-17-54.jpg] with attributes [permitAll]
2025-04-18 10:27:35 [http-nio-8080-exec-9] [DEBUG] o.s.security.web.FilterChainProxy - Secured GET /images/advertisementSale/f59acdf2-baf6-4bc0-b36b-35e41bacd18b_photo_2024-12-23_22-17-54.jpg
2025-04-18 10:27:35 [http-nio-8080-exec-7] [DEBUG] o.s.security.web.FilterChainProxy - Securing GET /error
2025-04-18 10:27:35 [http-nio-8080-exec-7] [DEBUG] o.s.s.w.c.HttpSessionSecurityContextRepository - Retrieved SecurityContextImpl [Authentication=OAuth2AuthenticationToken [Principal=Name: [107234087105093742255], Granted Authorities: [[OIDC_USER, SCOPE_https://www.googleapis.com/auth/userinfo.email, SCOPE_https://www.googleapis.com/auth/userinfo.profile, SCOPE_openid]], User Attributes: [{at_hash=QIn4N3UChPr1lEyVahXWIw, sub=107234087105093742255, email_verified=true, iss=https://accounts.google.com, given_name=Павел, nonce=rVB9z2VK3RkxPMY1aSpLXA1LTzfIhpKGnTKpjzpx7mE, picture=https://lh3.googleusercontent.com/a/ACg8ocJJoh9jonlTH61VWgvXCiXb0zCDjifGZZtZ30sCErS3N5ntDw=s96-c, aud=[909915657042-l07l5jl8r3v54r15k12hp7vev9dor6r7.apps.googleusercontent.com], azp=909915657042-l07l5jl8r3v54r15k12hp7vev9dor6r7.apps.googleusercontent.com, name=Павел Королев, exp=2025-04-18T08:25:26Z, family_name=Королев, iat=2025-04-18T07:25:26Z, email=passapdom@gmail.com}], Credentials=[PROTECTED], Authenticated=true, Details=WebAuthenticationDetails [RemoteIpAddress=0:0:0:0:0:0:0:1, SessionId=C6EED896D010ABE78F09743AF572D3F2], Granted Authorities=[OIDC_USER, SCOPE_https://www.googleapis.com/auth/userinfo.email, SCOPE_https://www.googleapis.com/auth/userinfo.profile, SCOPE_openid]]]
2025-04-18 10:27:35 [http-nio-8080-exec-7] [DEBUG] o.s.s.w.a.i.FilterSecurityInterceptor - Authorized filter invocation [GET /error] with attributes [permitAll]
2025-04-18 10:27:35 [http-nio-8080-exec-7] [DEBUG] o.s.security.web.FilterChainProxy - Secured GET /error
2025-04-18 10:27:35 [http-nio-8080-exec-4] [DEBUG] o.s.security.web.FilterChainProxy - Securing GET /images/advertisementSale/76d213ca-dba5-4b57-88f5-b6b4129f212e_photo_2024-12-23_22-17-54.jpg
2025-04-18 10:27:35 [http-nio-8080-exec-3] [DEBUG] o.s.security.web.FilterChainProxy - Securing GET /images/advertisementSale/f11f04c5-71bc-4048-ad70-323ba1188611_Снимок экрана (2).png
2025-04-18 10:27:35 [http-nio-8080-exec-1] [DEBUG] o.s.security.web.FilterChainProxy - Securing GET /images/advertisementSale/8712f027-90a6-4f31-aeed-9b8fbd323086_Снимок экрана (8).png
2025-04-18 10:27:35 [http-nio-8080-exec-1] [DEBUG] o.s.s.w.c.HttpSessionSecurityContextRepository - Retrieved SecurityContextImpl [Authentication=OAuth2AuthenticationToken [Principal=Name: [107234087105093742255], Granted Authorities: [[OIDC_USER, SCOPE_https://www.googleapis.com/auth/userinfo.email, SCOPE_https://www.googleapis.com/auth/userinfo.profile, SCOPE_openid]], User Attributes: [{at_hash=QIn4N3UChPr1lEyVahXWIw, sub=107234087105093742255, email_verified=true, iss=https://accounts.google.com, given_name=Павел, nonce=rVB9z2VK3RkxPMY1aSpLXA1LTzfIhpKGnTKpjzpx7mE, picture=https://lh3.googleusercontent.com/a/ACg8ocJJoh9jonlTH61VWgvXCiXb0zCDjifGZZtZ30sCErS3N5ntDw=s96-c, aud=[909915657042-l07l5jl8r3v54r15k12hp7vev9dor6r7.apps.googleusercontent.com], azp=909915657042-l07l5jl8r3v54r15k12hp7vev9dor6r7.apps.googleusercontent.com, name=Павел Королев, exp=2025-04-18T08:25:26Z, family_name=Королев, iat=2025-04-18T07:25:26Z, email=passapdom@gmail.com}], Credentials=[PROTECTED], Authenticated=true, Details=WebAuthenticationDetails [RemoteIpAddress=0:0:0:0:0:0:0:1, SessionId=C6EED896D010ABE78F09743AF572D3F2], Granted Authorities=[OIDC_USER, SCOPE_https://www.googleapis.com/auth/userinfo.email, SCOPE_https://www.googleapis.com/auth/userinfo.profile, SCOPE_openid]]]
2025-04-18 10:27:35 [http-nio-8080-exec-4] [DEBUG] o.s.s.w.c.HttpSessionSecurityContextRepository - Retrieved SecurityContextImpl [Authentication=OAuth2AuthenticationToken [Principal=Name: [107234087105093742255], Granted Authorities: [[OIDC_USER, SCOPE_https://www.googleapis.com/auth/userinfo.email, SCOPE_https://www.googleapis.com/auth/userinfo.profile, SCOPE_openid]], User Attributes: [{at_hash=QIn4N3UChPr1lEyVahXWIw, sub=107234087105093742255, email_verified=true, iss=https://accounts.google.com, given_name=Павел, nonce=rVB9z2VK3RkxPMY1aSpLXA1LTzfIhpKGnTKpjzpx7mE, picture=https://lh3.googleusercontent.com/a/ACg8ocJJoh9jonlTH61VWgvXCiXb0zCDjifGZZtZ30sCErS3N5ntDw=s96-c, aud=[909915657042-l07l5jl8r3v54r15k12hp7vev9dor6r7.apps.googleusercontent.com], azp=909915657042-l07l5jl8r3v54r15k12hp7vev9dor6r7.apps.googleusercontent.com, name=Павел Королев, exp=2025-04-18T08:25:26Z, family_name=Королев, iat=2025-04-18T07:25:26Z, email=passapdom@gmail.com}], Credentials=[PROTECTED], Authenticated=true, Details=WebAuthenticationDetails [RemoteIpAddress=0:0:0:0:0:0:0:1, SessionId=C6EED896D010ABE78F09743AF572D3F2], Granted Authorities=[OIDC_USER, SCOPE_https://www.googleapis.com/auth/userinfo.email, SCOPE_https://www.googleapis.com/auth/userinfo.profile, SCOPE_openid]]]
2025-04-18 10:27:35 [http-nio-8080-exec-4] [DEBUG] o.s.s.w.a.i.FilterSecurityInterceptor - Authorized filter invocation [GET /images/advertisementSale/76d213ca-dba5-4b57-88f5-b6b4129f212e_photo_2024-12-23_22-17-54.jpg] with attributes [permitAll]
2025-04-18 10:27:35 [http-nio-8080-exec-4] [DEBUG] o.s.security.web.FilterChainProxy - Secured GET /images/advertisementSale/76d213ca-dba5-4b57-88f5-b6b4129f212e_photo_2024-12-23_22-17-54.jpg
2025-04-18 10:27:35 [http-nio-8080-exec-1] [DEBUG] o.s.s.w.a.i.FilterSecurityInterceptor - Authorized filter invocation [GET /images/advertisementSale/8712f027-90a6-4f31-aeed-9b8fbd323086_Снимок экрана (8).png] with attributes [permitAll]
2025-04-18 10:27:35 [http-nio-8080-exec-8] [DEBUG] o.s.security.web.FilterChainProxy - Securing GET /images/advertisementSale/0673bdb4-3423-44e8-8636-a66497d7ab52_photo_2024-12-23_22-18-01.jpg
2025-04-18 10:27:35 [http-nio-8080-exec-1] [DEBUG] o.s.security.web.FilterChainProxy - Secured GET /images/advertisementSale/8712f027-90a6-4f31-aeed-9b8fbd323086_Снимок экрана (8).png
2025-04-18 10:27:35 [http-nio-8080-exec-3] [DEBUG] o.s.s.w.c.HttpSessionSecurityContextRepository - Retrieved SecurityContextImpl [Authentication=OAuth2AuthenticationToken [Principal=Name: [107234087105093742255], Granted Authorities: [[OIDC_USER, SCOPE_https://www.googleapis.com/auth/userinfo.email, SCOPE_https://www.googleapis.com/auth/userinfo.profile, SCOPE_openid]], User Attributes: [{at_hash=QIn4N3UChPr1lEyVahXWIw, sub=107234087105093742255, email_verified=true, iss=https://accounts.google.com, given_name=Павел, nonce=rVB9z2VK3RkxPMY1aSpLXA1LTzfIhpKGnTKpjzpx7mE, picture=https://lh3.googleusercontent.com/a/ACg8ocJJoh9jonlTH61VWgvXCiXb0zCDjifGZZtZ30sCErS3N5ntDw=s96-c, aud=[909915657042-l07l5jl8r3v54r15k12hp7vev9dor6r7.apps.googleusercontent.com], azp=909915657042-l07l5jl8r3v54r15k12hp7vev9dor6r7.apps.googleusercontent.com, name=Павел Королев, exp=2025-04-18T08:25:26Z, family_name=Королев, iat=2025-04-18T07:25:26Z, email=passapdom@gmail.com}], Credentials=[PROTECTED], Authenticated=true, Details=WebAuthenticationDetails [RemoteIpAddress=0:0:0:0:0:0:0:1, SessionId=C6EED896D010ABE78F09743AF572D3F2], Granted Authorities=[OIDC_USER, SCOPE_https://www.googleapis.com/auth/userinfo.email, SCOPE_https://www.googleapis.com/auth/userinfo.profile, SCOPE_openid]]]
2025-04-18 10:27:35 [http-nio-8080-exec-3] [DEBUG] o.s.s.w.a.i.FilterSecurityInterceptor - Authorized filter invocation [GET /images/advertisementSale/f11f04c5-71bc-4048-ad70-323ba1188611_Снимок экрана (2).png] with attributes [permitAll]
2025-04-18 10:27:35 [http-nio-8080-exec-8] [DEBUG] o.s.s.w.c.HttpSessionSecurityContextRepository - Retrieved SecurityContextImpl [Authentication=OAuth2AuthenticationToken [Principal=Name: [107234087105093742255], Granted Authorities: [[OIDC_USER, SCOPE_https://www.googleapis.com/auth/userinfo.email, SCOPE_https://www.googleapis.com/auth/userinfo.profile, SCOPE_openid]], User Attributes: [{at_hash=QIn4N3UChPr1lEyVahXWIw, sub=107234087105093742255, email_verified=true, iss=https://accounts.google.com, given_name=Павел, nonce=rVB9z2VK3RkxPMY1aSpLXA1LTzfIhpKGnTKpjzpx7mE, picture=https://lh3.googleusercontent.com/a/ACg8ocJJoh9jonlTH61VWgvXCiXb0zCDjifGZZtZ30sCErS3N5ntDw=s96-c, aud=[909915657042-l07l5jl8r3v54r15k12hp7vev9dor6r7.apps.googleusercontent.com], azp=909915657042-l07l5jl8r3v54r15k12hp7vev9dor6r7.apps.googleusercontent.com, name=Павел Королев, exp=2025-04-18T08:25:26Z, family_name=Королев, iat=2025-04-18T07:25:26Z, email=passapdom@gmail.com}], Credentials=[PROTECTED], Authenticated=true, Details=WebAuthenticationDetails [RemoteIpAddress=0:0:0:0:0:0:0:1, SessionId=C6EED896D010ABE78F09743AF572D3F2], Granted Authorities=[OIDC_USER, SCOPE_https://www.googleapis.com/auth/userinfo.email, SCOPE_https://www.googleapis.com/auth/userinfo.profile, SCOPE_openid]]]
2025-04-18 10:27:35 [http-nio-8080-exec-3] [DEBUG] o.s.security.web.FilterChainProxy - Secured GET /images/advertisementSale/f11f04c5-71bc-4048-ad70-323ba1188611_Снимок экрана (2).png
2025-04-18 10:27:35 [http-nio-8080-exec-8] [DEBUG] o.s.s.w.a.i.FilterSecurityInterceptor - Authorized filter invocation [GET /images/advertisementSale/0673bdb4-3423-44e8-8636-a66497d7ab52_photo_2024-12-23_22-18-01.jpg] with attributes [permitAll]
2025-04-18 10:27:35 [http-nio-8080-exec-8] [DEBUG] o.s.security.web.FilterChainProxy - Secured GET /images/advertisementSale/0673bdb4-3423-44e8-8636-a66497d7ab52_photo_2024-12-23_22-18-01.jpg
2025-04-18 10:27:35 [http-nio-8080-exec-5] [DEBUG] o.s.security.web.FilterChainProxy - Securing GET /images/advertisementSale/770d16f9-e061-46fc-94e4-17e8e3e3588a_photo_2024-12-23_22-18-11.jpg
2025-04-18 10:27:35 [http-nio-8080-exec-9] [DEBUG] o.s.security.web.FilterChainProxy - Securing GET /images/advertisementSale/15c13dfd-2da8-4565-ae8d-d9857bb9f550_photo_2024-12-23_22-17-54.jpg
2025-04-18 10:27:35 [http-nio-8080-exec-5] [DEBUG] o.s.s.w.c.HttpSessionSecurityContextRepository - Retrieved SecurityContextImpl [Authentication=OAuth2AuthenticationToken [Principal=Name: [107234087105093742255], Granted Authorities: [[OIDC_USER, SCOPE_https://www.googleapis.com/auth/userinfo.email, SCOPE_https://www.googleapis.com/auth/userinfo.profile, SCOPE_openid]], User Attributes: [{at_hash=QIn4N3UChPr1lEyVahXWIw, sub=107234087105093742255, email_verified=true, iss=https://accounts.google.com, given_name=Павел, nonce=rVB9z2VK3RkxPMY1aSpLXA1LTzfIhpKGnTKpjzpx7mE, picture=https://lh3.googleusercontent.com/a/ACg8ocJJoh9jonlTH61VWgvXCiXb0zCDjifGZZtZ30sCErS3N5ntDw=s96-c, aud=[909915657042-l07l5jl8r3v54r15k12hp7vev9dor6r7.apps.googleusercontent.com], azp=909915657042-l07l5jl8r3v54r15k12hp7vev9dor6r7.apps.googleusercontent.com, name=Павел Королев, exp=2025-04-18T08:25:26Z, family_name=Королев, iat=2025-04-18T07:25:26Z, email=passapdom@gmail.com}], Credentials=[PROTECTED], Authenticated=true, Details=WebAuthenticationDetails [RemoteIpAddress=0:0:0:0:0:0:0:1, SessionId=C6EED896D010ABE78F09743AF572D3F2], Granted Authorities=[OIDC_USER, SCOPE_https://www.googleapis.com/auth/userinfo.email, SCOPE_https://www.googleapis.com/auth/userinfo.profile, SCOPE_openid]]]
2025-04-18 10:27:35 [http-nio-8080-exec-5] [DEBUG] o.s.s.w.a.i.FilterSecurityInterceptor - Authorized filter invocation [GET /images/advertisementSale/770d16f9-e061-46fc-94e4-17e8e3e3588a_photo_2024-12-23_22-18-11.jpg] with attributes [permitAll]
2025-04-18 10:27:35 [http-nio-8080-exec-9] [DEBUG] o.s.s.w.c.HttpSessionSecurityContextRepository - Retrieved SecurityContextImpl [Authentication=OAuth2AuthenticationToken [Principal=Name: [107234087105093742255], Granted Authorities: [[OIDC_USER, SCOPE_https://www.googleapis.com/auth/userinfo.email, SCOPE_https://www.googleapis.com/auth/userinfo.profile, SCOPE_openid]], User Attributes: [{at_hash=QIn4N3UChPr1lEyVahXWIw, sub=107234087105093742255, email_verified=true, iss=https://accounts.google.com, given_name=Павел, nonce=rVB9z2VK3RkxPMY1aSpLXA1LTzfIhpKGnTKpjzpx7mE, picture=https://lh3.googleusercontent.com/a/ACg8ocJJoh9jonlTH61VWgvXCiXb0zCDjifGZZtZ30sCErS3N5ntDw=s96-c, aud=[909915657042-l07l5jl8r3v54r15k12hp7vev9dor6r7.apps.googleusercontent.com], azp=909915657042-l07l5jl8r3v54r15k12hp7vev9dor6r7.apps.googleusercontent.com, name=Павел Королев, exp=2025-04-18T08:25:26Z, family_name=Королев, iat=2025-04-18T07:25:26Z, email=passapdom@gmail.com}], Credentials=[PROTECTED], Authenticated=true, Details=WebAuthenticationDetails [RemoteIpAddress=0:0:0:0:0:0:0:1, SessionId=C6EED896D010ABE78F09743AF572D3F2], Granted Authorities=[OIDC_USER, SCOPE_https://www.googleapis.com/auth/userinfo.email, SCOPE_https://www.googleapis.com/auth/userinfo.profile, SCOPE_openid]]]
2025-04-18 10:27:35 [http-nio-8080-exec-5] [DEBUG] o.s.security.web.FilterChainProxy - Secured GET /images/advertisementSale/770d16f9-e061-46fc-94e4-17e8e3e3588a_photo_2024-12-23_22-18-11.jpg
2025-04-18 10:27:35 [http-nio-8080-exec-9] [DEBUG] o.s.s.w.a.i.FilterSecurityInterceptor - Authorized filter invocation [GET /images/advertisementSale/15c13dfd-2da8-4565-ae8d-d9857bb9f550_photo_2024-12-23_22-17-54.jpg] with attributes [permitAll]
2025-04-18 10:27:35 [http-nio-8080-exec-9] [DEBUG] o.s.security.web.FilterChainProxy - Secured GET /images/advertisementSale/15c13dfd-2da8-4565-ae8d-d9857bb9f550_photo_2024-12-23_22-17-54.jpg
2025-04-18 10:27:35 [http-nio-8080-exec-2] [DEBUG] o.s.security.web.FilterChainProxy - Securing GET /images/advertisementSale/2703da27-c848-4e9d-a261-4d33ee79f79c_photo_2024-12-23_22-17-59.jpg
2025-04-18 10:27:35 [http-nio-8080-exec-10] [DEBUG] o.s.security.web.FilterChainProxy - Securing GET /images/advertisementSale/6d439031-8c11-4cfd-9007-7047bd94ec62_photo_2024-12-23_22-18-10.jpg
2025-04-18 10:27:35 [http-nio-8080-exec-6] [DEBUG] o.s.security.web.FilterChainProxy - Securing GET /images/advertisementSale/e63bba72-f8b1-4ec8-b621-657fbcd7b1e3_kozelsk.jpg
2025-04-18 10:27:35 [http-nio-8080-exec-10] [DEBUG] o.s.s.w.c.HttpSessionSecurityContextRepository - Retrieved SecurityContextImpl [Authentication=OAuth2AuthenticationToken [Principal=Name: [107234087105093742255], Granted Authorities: [[OIDC_USER, SCOPE_https://www.googleapis.com/auth/userinfo.email, SCOPE_https://www.googleapis.com/auth/userinfo.profile, SCOPE_openid]], User Attributes: [{at_hash=QIn4N3UChPr1lEyVahXWIw, sub=107234087105093742255, email_verified=true, iss=https://accounts.google.com, given_name=Павел, nonce=rVB9z2VK3RkxPMY1aSpLXA1LTzfIhpKGnTKpjzpx7mE, picture=https://lh3.googleusercontent.com/a/ACg8ocJJoh9jonlTH61VWgvXCiXb0zCDjifGZZtZ30sCErS3N5ntDw=s96-c, aud=[909915657042-l07l5jl8r3v54r15k12hp7vev9dor6r7.apps.googleusercontent.com], azp=909915657042-l07l5jl8r3v54r15k12hp7vev9dor6r7.apps.googleusercontent.com, name=Павел Королев, exp=2025-04-18T08:25:26Z, family_name=Королев, iat=2025-04-18T07:25:26Z, email=passapdom@gmail.com}], Credentials=[PROTECTED], Authenticated=true, Details=WebAuthenticationDetails [RemoteIpAddress=0:0:0:0:0:0:0:1, SessionId=C6EED896D010ABE78F09743AF572D3F2], Granted Authorities=[OIDC_USER, SCOPE_https://www.googleapis.com/auth/userinfo.email, SCOPE_https://www.googleapis.com/auth/userinfo.profile, SCOPE_openid]]]
2025-04-18 10:27:35 [http-nio-8080-exec-10] [DEBUG] o.s.s.w.a.i.FilterSecurityInterceptor - Authorized filter invocation [GET /images/advertisementSale/6d439031-8c11-4cfd-9007-7047bd94ec62_photo_2024-12-23_22-18-10.jpg] with attributes [permitAll]
2025-04-18 10:27:35 [http-nio-8080-exec-10] [DEBUG] o.s.security.web.FilterChainProxy - Secured GET /images/advertisementSale/6d439031-8c11-4cfd-9007-7047bd94ec62_photo_2024-12-23_22-18-10.jpg
2025-04-18 10:27:35 [http-nio-8080-exec-6] [DEBUG] o.s.s.w.c.HttpSessionSecurityContextRepository - Retrieved SecurityContextImpl [Authentication=OAuth2AuthenticationToken [Principal=Name: [107234087105093742255], Granted Authorities: [[OIDC_USER, SCOPE_https://www.googleapis.com/auth/userinfo.email, SCOPE_https://www.googleapis.com/auth/userinfo.profile, SCOPE_openid]], User Attributes: [{at_hash=QIn4N3UChPr1lEyVahXWIw, sub=107234087105093742255, email_verified=true, iss=https://accounts.google.com, given_name=Павел, nonce=rVB9z2VK3RkxPMY1aSpLXA1LTzfIhpKGnTKpjzpx7mE, picture=https://lh3.googleusercontent.com/a/ACg8ocJJoh9jonlTH61VWgvXCiXb0zCDjifGZZtZ30sCErS3N5ntDw=s96-c, aud=[909915657042-l07l5jl8r3v54r15k12hp7vev9dor6r7.apps.googleusercontent.com], azp=909915657042-l07l5jl8r3v54r15k12hp7vev9dor6r7.apps.googleusercontent.com, name=Павел Королев, exp=2025-04-18T08:25:26Z, family_name=Королев, iat=2025-04-18T07:25:26Z, email=passapdom@gmail.com}], Credentials=[PROTECTED], Authenticated=true, Details=WebAuthenticationDetails [RemoteIpAddress=0:0:0:0:0:0:0:1, SessionId=C6EED896D010ABE78F09743AF572D3F2], Granted Authorities=[OIDC_USER, SCOPE_https://www.googleapis.com/auth/userinfo.email, SCOPE_https://www.googleapis.com/auth/userinfo.profile, SCOPE_openid]]]
2025-04-18 10:27:35 [http-nio-8080-exec-2] [DEBUG] o.s.s.w.c.HttpSessionSecurityContextRepository - Retrieved SecurityContextImpl [Authentication=OAuth2AuthenticationToken [Principal=Name: [107234087105093742255], Granted Authorities: [[OIDC_USER, SCOPE_https://www.googleapis.com/auth/userinfo.email, SCOPE_https://www.googleapis.com/auth/userinfo.profile, SCOPE_openid]], User Attributes: [{at_hash=QIn4N3UChPr1lEyVahXWIw, sub=107234087105093742255, email_verified=true, iss=https://accounts.google.com, given_name=Павел, nonce=rVB9z2VK3RkxPMY1aSpLXA1LTzfIhpKGnTKpjzpx7mE, picture=https://lh3.googleusercontent.com/a/ACg8ocJJoh9jonlTH61VWgvXCiXb0zCDjifGZZtZ30sCErS3N5ntDw=s96-c, aud=[909915657042-l07l5jl8r3v54r15k12hp7vev9dor6r7.apps.googleusercontent.com], azp=909915657042-l07l5jl8r3v54r15k12hp7vev9dor6r7.apps.googleusercontent.com, name=Павел Королев, exp=2025-04-18T08:25:26Z, family_name=Королев, iat=2025-04-18T07:25:26Z, email=passapdom@gmail.com}], Credentials=[PROTECTED], Authenticated=true, Details=WebAuthenticationDetails [RemoteIpAddress=0:0:0:0:0:0:0:1, SessionId=C6EED896D010ABE78F09743AF572D3F2], Granted Authorities=[OIDC_USER, SCOPE_https://www.googleapis.com/auth/userinfo.email, SCOPE_https://www.googleapis.com/auth/userinfo.profile, SCOPE_openid]]]
2025-04-18 10:27:35 [http-nio-8080-exec-6] [DEBUG] o.s.s.w.a.i.FilterSecurityInterceptor - Authorized filter invocation [GET /images/advertisementSale/e63bba72-f8b1-4ec8-b621-657fbcd7b1e3_kozelsk.jpg] with attributes [permitAll]
2025-04-18 10:27:35 [http-nio-8080-exec-2] [DEBUG] o.s.s.w.a.i.FilterSecurityInterceptor - Authorized filter invocation [GET /images/advertisementSale/2703da27-c848-4e9d-a261-4d33ee79f79c_photo_2024-12-23_22-17-59.jpg] with attributes [permitAll]
2025-04-18 10:27:35 [http-nio-8080-exec-6] [DEBUG] o.s.security.web.FilterChainProxy - Secured GET /images/advertisementSale/e63bba72-f8b1-4ec8-b621-657fbcd7b1e3_kozelsk.jpg
2025-04-18 10:27:35 [http-nio-8080-exec-2] [DEBUG] o.s.security.web.FilterChainProxy - Secured GET /images/advertisementSale/2703da27-c848-4e9d-a261-4d33ee79f79c_photo_2024-12-23_22-17-59.jpg
2025-04-18 10:27:35 [http-nio-8080-exec-7] [DEBUG] o.s.security.web.FilterChainProxy - Securing GET /images/advertisementRent/809047fb-7261-497f-b19e-b208d4480210_photo_2024-12-23_22-17-57.jpg
2025-04-18 10:27:35 [http-nio-8080-exec-7] [DEBUG] o.s.s.w.c.HttpSessionSecurityContextRepository - Retrieved SecurityContextImpl [Authentication=OAuth2AuthenticationToken [Principal=Name: [107234087105093742255], Granted Authorities: [[OIDC_USER, SCOPE_https://www.googleapis.com/auth/userinfo.email, SCOPE_https://www.googleapis.com/auth/userinfo.profile, SCOPE_openid]], User Attributes: [{at_hash=QIn4N3UChPr1lEyVahXWIw, sub=107234087105093742255, email_verified=true, iss=https://accounts.google.com, given_name=Павел, nonce=rVB9z2VK3RkxPMY1aSpLXA1LTzfIhpKGnTKpjzpx7mE, picture=https://lh3.googleusercontent.com/a/ACg8ocJJoh9jonlTH61VWgvXCiXb0zCDjifGZZtZ30sCErS3N5ntDw=s96-c, aud=[909915657042-l07l5jl8r3v54r15k12hp7vev9dor6r7.apps.googleusercontent.com], azp=909915657042-l07l5jl8r3v54r15k12hp7vev9dor6r7.apps.googleusercontent.com, name=Павел Королев, exp=2025-04-18T08:25:26Z, family_name=Королев, iat=2025-04-18T07:25:26Z, email=passapdom@gmail.com}], Credentials=[PROTECTED], Authenticated=true, Details=WebAuthenticationDetails [RemoteIpAddress=0:0:0:0:0:0:0:1, SessionId=C6EED896D010ABE78F09743AF572D3F2], Granted Authorities=[OIDC_USER, SCOPE_https://www.googleapis.com/auth/userinfo.email, SCOPE_https://www.googleapis.com/auth/userinfo.profile, SCOPE_openid]]]
2025-04-18 10:27:35 [http-nio-8080-exec-7] [DEBUG] o.s.s.w.a.i.FilterSecurityInterceptor - Authorized filter invocation [GET /images/advertisementRent/809047fb-7261-497f-b19e-b208d4480210_photo_2024-12-23_22-17-57.jpg] with attributes [permitAll]
2025-04-18 10:27:35 [http-nio-8080-exec-7] [DEBUG] o.s.security.web.FilterChainProxy - Secured GET /images/advertisementRent/809047fb-7261-497f-b19e-b208d4480210_photo_2024-12-23_22-17-57.jpg
2025-04-18 10:27:35 [http-nio-8080-exec-8] [DEBUG] o.s.security.web.FilterChainProxy - Securing GET /images/advertisementRent/da667149-470d-4844-94d9-c5a37db0ed63_photo_2024-12-23_22-18-05.jpg
2025-04-18 10:27:35 [http-nio-8080-exec-4] [DEBUG] o.s.security.web.FilterChainProxy - Securing GET /images/advertisementRent/b02c42b7-b608-4169-93f2-7ad28d186517_photo_2024-12-23_22-18-01.jpg
2025-04-18 10:27:35 [http-nio-8080-exec-4] [DEBUG] o.s.s.w.c.HttpSessionSecurityContextRepository - Retrieved SecurityContextImpl [Authentication=OAuth2AuthenticationToken [Principal=Name: [107234087105093742255], Granted Authorities: [[OIDC_USER, SCOPE_https://www.googleapis.com/auth/userinfo.email, SCOPE_https://www.googleapis.com/auth/userinfo.profile, SCOPE_openid]], User Attributes: [{at_hash=QIn4N3UChPr1lEyVahXWIw, sub=107234087105093742255, email_verified=true, iss=https://accounts.google.com, given_name=Павел, nonce=rVB9z2VK3RkxPMY1aSpLXA1LTzfIhpKGnTKpjzpx7mE, picture=https://lh3.googleusercontent.com/a/ACg8ocJJoh9jonlTH61VWgvXCiXb0zCDjifGZZtZ30sCErS3N5ntDw=s96-c, aud=[909915657042-l07l5jl8r3v54r15k12hp7vev9dor6r7.apps.googleusercontent.com], azp=909915657042-l07l5jl8r3v54r15k12hp7vev9dor6r7.apps.googleusercontent.com, name=Павел Королев, exp=2025-04-18T08:25:26Z, family_name=Королев, iat=2025-04-18T07:25:26Z, email=passapdom@gmail.com}], Credentials=[PROTECTED], Authenticated=true, Details=WebAuthenticationDetails [RemoteIpAddress=0:0:0:0:0:0:0:1, SessionId=C6EED896D010ABE78F09743AF572D3F2], Granted Authorities=[OIDC_USER, SCOPE_https://www.googleapis.com/auth/userinfo.email, SCOPE_https://www.googleapis.com/auth/userinfo.profile, SCOPE_openid]]]
2025-04-18 10:27:35 [http-nio-8080-exec-8] [DEBUG] o.s.s.w.c.HttpSessionSecurityContextRepository - Retrieved SecurityContextImpl [Authentication=OAuth2AuthenticationToken [Principal=Name: [107234087105093742255], Granted Authorities: [[OIDC_USER, SCOPE_https://www.googleapis.com/auth/userinfo.email, SCOPE_https://www.googleapis.com/auth/userinfo.profile, SCOPE_openid]], User Attributes: [{at_hash=QIn4N3UChPr1lEyVahXWIw, sub=107234087105093742255, email_verified=true, iss=https://accounts.google.com, given_name=Павел, nonce=rVB9z2VK3RkxPMY1aSpLXA1LTzfIhpKGnTKpjzpx7mE, picture=https://lh3.googleusercontent.com/a/ACg8ocJJoh9jonlTH61VWgvXCiXb0zCDjifGZZtZ30sCErS3N5ntDw=s96-c, aud=[909915657042-l07l5jl8r3v54r15k12hp7vev9dor6r7.apps.googleusercontent.com], azp=909915657042-l07l5jl8r3v54r15k12hp7vev9dor6r7.apps.googleusercontent.com, name=Павел Королев, exp=2025-04-18T08:25:26Z, family_name=Королев, iat=2025-04-18T07:25:26Z, email=passapdom@gmail.com}], Credentials=[PROTECTED], Authenticated=true, Details=WebAuthenticationDetails [RemoteIpAddress=0:0:0:0:0:0:0:1, SessionId=C6EED896D010ABE78F09743AF572D3F2], Granted Authorities=[OIDC_USER, SCOPE_https://www.googleapis.com/auth/userinfo.email, SCOPE_https://www.googleapis.com/auth/userinfo.profile, SCOPE_openid]]]
2025-04-18 10:27:35 [http-nio-8080-exec-4] [DEBUG] o.s.s.w.a.i.FilterSecurityInterceptor - Authorized filter invocation [GET /images/advertisementRent/b02c42b7-b608-4169-93f2-7ad28d186517_photo_2024-12-23_22-18-01.jpg] with attributes [permitAll]
2025-04-18 10:27:35 [http-nio-8080-exec-8] [DEBUG] o.s.s.w.a.i.FilterSecurityInterceptor - Authorized filter invocation [GET /images/advertisementRent/da667149-470d-4844-94d9-c5a37db0ed63_photo_2024-12-23_22-18-05.jpg] with attributes [permitAll]
2025-04-18 10:27:35 [http-nio-8080-exec-8] [DEBUG] o.s.security.web.FilterChainProxy - Secured GET /images/advertisementRent/da667149-470d-4844-94d9-c5a37db0ed63_photo_2024-12-23_22-18-05.jpg
2025-04-18 10:27:35 [http-nio-8080-exec-4] [DEBUG] o.s.security.web.FilterChainProxy - Secured GET /images/advertisementRent/b02c42b7-b608-4169-93f2-7ad28d186517_photo_2024-12-23_22-18-01.jpg
2025-04-18 10:27:35 [http-nio-8080-exec-1] [DEBUG] o.s.security.web.FilterChainProxy - Securing GET /images/advertisementRent/0a1031cd-43b5-4402-87eb-04fa80f00918_photo_2024-12-23_22-18-03.jpg
2025-04-18 10:27:35 [http-nio-8080-exec-1] [DEBUG] o.s.s.w.c.HttpSessionSecurityContextRepository - Retrieved SecurityContextImpl [Authentication=OAuth2AuthenticationToken [Principal=Name: [107234087105093742255], Granted Authorities: [[OIDC_USER, SCOPE_https://www.googleapis.com/auth/userinfo.email, SCOPE_https://www.googleapis.com/auth/userinfo.profile, SCOPE_openid]], User Attributes: [{at_hash=QIn4N3UChPr1lEyVahXWIw, sub=107234087105093742255, email_verified=true, iss=https://accounts.google.com, given_name=Павел, nonce=rVB9z2VK3RkxPMY1aSpLXA1LTzfIhpKGnTKpjzpx7mE, picture=https://lh3.googleusercontent.com/a/ACg8ocJJoh9jonlTH61VWgvXCiXb0zCDjifGZZtZ30sCErS3N5ntDw=s96-c, aud=[909915657042-l07l5jl8r3v54r15k12hp7vev9dor6r7.apps.googleusercontent.com], azp=909915657042-l07l5jl8r3v54r15k12hp7vev9dor6r7.apps.googleusercontent.com, name=Павел Королев, exp=2025-04-18T08:25:26Z, family_name=Королев, iat=2025-04-18T07:25:26Z, email=passapdom@gmail.com}], Credentials=[PROTECTED], Authenticated=true, Details=WebAuthenticationDetails [RemoteIpAddress=0:0:0:0:0:0:0:1, SessionId=C6EED896D010ABE78F09743AF572D3F2], Granted Authorities=[OIDC_USER, SCOPE_https://www.googleapis.com/auth/userinfo.email, SCOPE_https://www.googleapis.com/auth/userinfo.profile, SCOPE_openid]]]
2025-04-18 10:27:35 [http-nio-8080-exec-1] [DEBUG] o.s.s.w.a.i.FilterSecurityInterceptor - Authorized filter invocation [GET /images/advertisementRent/0a1031cd-43b5-4402-87eb-04fa80f00918_photo_2024-12-23_22-18-03.jpg] with attributes [permitAll]
2025-04-18 10:27:35 [http-nio-8080-exec-1] [DEBUG] o.s.security.web.FilterChainProxy - Secured GET /images/advertisementRent/0a1031cd-43b5-4402-87eb-04fa80f00918_photo_2024-12-23_22-18-03.jpg
2025-04-18 10:27:37 [http-nio-8080-exec-3] [DEBUG] o.s.security.web.FilterChainProxy - Securing GET /admin-panel?
2025-04-18 10:27:37 [http-nio-8080-exec-3] [DEBUG] o.s.s.w.c.HttpSessionSecurityContextRepository - Retrieved SecurityContextImpl [Authentication=OAuth2AuthenticationToken [Principal=Name: [107234087105093742255], Granted Authorities: [[OIDC_USER, SCOPE_https://www.googleapis.com/auth/userinfo.email, SCOPE_https://www.googleapis.com/auth/userinfo.profile, SCOPE_openid]], User Attributes: [{at_hash=QIn4N3UChPr1lEyVahXWIw, sub=107234087105093742255, email_verified=true, iss=https://accounts.google.com, given_name=Павел, nonce=rVB9z2VK3RkxPMY1aSpLXA1LTzfIhpKGnTKpjzpx7mE, picture=https://lh3.googleusercontent.com/a/ACg8ocJJoh9jonlTH61VWgvXCiXb0zCDjifGZZtZ30sCErS3N5ntDw=s96-c, aud=[909915657042-l07l5jl8r3v54r15k12hp7vev9dor6r7.apps.googleusercontent.com], azp=909915657042-l07l5jl8r3v54r15k12hp7vev9dor6r7.apps.googleusercontent.com, name=Павел Королев, exp=2025-04-18T08:25:26Z, family_name=Королев, iat=2025-04-18T07:25:26Z, email=passapdom@gmail.com}], Credentials=[PROTECTED], Authenticated=true, Details=WebAuthenticationDetails [RemoteIpAddress=0:0:0:0:0:0:0:1, SessionId=C6EED896D010ABE78F09743AF572D3F2], Granted Authorities=[OIDC_USER, SCOPE_https://www.googleapis.com/auth/userinfo.email, SCOPE_https://www.googleapis.com/auth/userinfo.profile, SCOPE_openid]]]
2025-04-18 10:27:37 [http-nio-8080-exec-3] [DEBUG] o.s.s.w.a.i.FilterSecurityInterceptor - Authorized filter invocation [GET /admin-panel?] with attributes [permitAll]
2025-04-18 10:27:37 [http-nio-8080-exec-3] [DEBUG] o.s.security.web.FilterChainProxy - Secured GET /admin-panel?
2025-04-18 10:27:37 [http-nio-8080-exec-3] [DEBUG] o.s.s.a.m.AuthorizationManagerBeforeMethodInterceptor - Authorizing method invocation ReflectiveMethodInvocation: public java.lang.String ru.kozelsk.alliance.controllers.admin.AdminController.adminPanel(); target is of class [ru.kozelsk.alliance.controllers.admin.AdminController]
2025-04-18 10:27:37 [http-nio-8080-exec-3] [INFO] r.k.a.u.s.CheckAuthorizeService - checkAdmin2: principal != null
2025-04-18 10:27:37 [http-nio-8080-exec-3] [INFO] r.k.a.u.s.CheckAuthorizeService - Principal2 is Oauth2User
2025-04-18 10:27:37 [http-nio-8080-exec-3] [INFO] r.k.a.u.s.CheckAuthorizeService - Checking admin2 rights for email: passapdom@gmail.com
2025-04-18 10:27:37 [http-nio-8080-exec-3] [INFO] r.k.a.u.s.CheckAuthorizeService - User roles2: [ADMIN]
2025-04-18 10:27:37 [http-nio-8080-exec-3] [DEBUG] o.s.s.a.m.AuthorizationManagerBeforeMethodInterceptor - Authorized method invocation ReflectiveMethodInvocation: public java.lang.String ru.kozelsk.alliance.controllers.admin.AdminController.adminPanel(); target is of class [ru.kozelsk.alliance.controllers.admin.AdminController]
2025-04-18 10:30:11 [http-nio-8080-exec-8] [DEBUG] o.s.security.web.FilterChainProxy - Securing GET /admin/booking
2025-04-18 10:30:11 [http-nio-8080-exec-8] [DEBUG] o.s.s.w.c.HttpSessionSecurityContextRepository - Retrieved SecurityContextImpl [Authentication=OAuth2AuthenticationToken [Principal=Name: [107234087105093742255], Granted Authorities: [[OIDC_USER, SCOPE_https://www.googleapis.com/auth/userinfo.email, SCOPE_https://www.googleapis.com/auth/userinfo.profile, SCOPE_openid]], User Attributes: [{at_hash=QIn4N3UChPr1lEyVahXWIw, sub=107234087105093742255, email_verified=true, iss=https://accounts.google.com, given_name=Павел, nonce=rVB9z2VK3RkxPMY1aSpLXA1LTzfIhpKGnTKpjzpx7mE, picture=https://lh3.googleusercontent.com/a/ACg8ocJJoh9jonlTH61VWgvXCiXb0zCDjifGZZtZ30sCErS3N5ntDw=s96-c, aud=[909915657042-l07l5jl8r3v54r15k12hp7vev9dor6r7.apps.googleusercontent.com], azp=909915657042-l07l5jl8r3v54r15k12hp7vev9dor6r7.apps.googleusercontent.com, name=Павел Королев, exp=2025-04-18T08:25:26Z, family_name=Королев, iat=2025-04-18T07:25:26Z, email=passapdom@gmail.com}], Credentials=[PROTECTED], Authenticated=true, Details=WebAuthenticationDetails [RemoteIpAddress=0:0:0:0:0:0:0:1, SessionId=C6EED896D010ABE78F09743AF572D3F2], Granted Authorities=[OIDC_USER, SCOPE_https://www.googleapis.com/auth/userinfo.email, SCOPE_https://www.googleapis.com/auth/userinfo.profile, SCOPE_openid]]]
2025-04-18 10:30:11 [http-nio-8080-exec-8] [DEBUG] o.s.s.w.a.i.FilterSecurityInterceptor - Authorized filter invocation [GET /admin/booking] with attributes [permitAll]
2025-04-18 10:30:11 [http-nio-8080-exec-8] [DEBUG] o.s.security.web.FilterChainProxy - Secured GET /admin/booking
2025-04-18 10:30:11 [http-nio-8080-exec-8] [DEBUG] o.s.s.a.m.AuthorizationManagerBeforeMethodInterceptor - Authorizing method invocation ReflectiveMethodInvocation: public java.lang.String ru.kozelsk.alliance.controllers.admin.booking.BookingAdminController.allBookings(org.springframework.ui.Model); target is of class [ru.kozelsk.alliance.controllers.admin.booking.BookingAdminController]
2025-04-18 10:30:11 [http-nio-8080-exec-8] [INFO] r.k.a.u.s.CheckAuthorizeService - checkAdmin2: principal != null
2025-04-18 10:30:11 [http-nio-8080-exec-8] [INFO] r.k.a.u.s.CheckAuthorizeService - Principal2 is Oauth2User
2025-04-18 10:30:11 [http-nio-8080-exec-8] [INFO] r.k.a.u.s.CheckAuthorizeService - Checking admin2 rights for email: passapdom@gmail.com
2025-04-18 10:30:11 [http-nio-8080-exec-8] [INFO] r.k.a.u.s.CheckAuthorizeService - User roles2: [ADMIN]
2025-04-18 10:30:11 [http-nio-8080-exec-8] [DEBUG] o.s.s.a.m.AuthorizationManagerBeforeMethodInterceptor - Authorized method invocation ReflectiveMethodInvocation: public java.lang.String ru.kozelsk.alliance.controllers.admin.booking.BookingAdminController.allBookings(org.springframework.ui.Model); target is of class [ru.kozelsk.alliance.controllers.admin.booking.BookingAdminController]
2025-04-18 10:30:11 [http-nio-8080-exec-4] [DEBUG] o.s.security.web.FilterChainProxy - Securing GET /img/logo_alliance.png
2025-04-18 10:30:11 [http-nio-8080-exec-4] [DEBUG] o.s.s.w.c.HttpSessionSecurityContextRepository - Retrieved SecurityContextImpl [Authentication=OAuth2AuthenticationToken [Principal=Name: [107234087105093742255], Granted Authorities: [[OIDC_USER, SCOPE_https://www.googleapis.com/auth/userinfo.email, SCOPE_https://www.googleapis.com/auth/userinfo.profile, SCOPE_openid]], User Attributes: [{at_hash=QIn4N3UChPr1lEyVahXWIw, sub=107234087105093742255, email_verified=true, iss=https://accounts.google.com, given_name=Павел, nonce=rVB9z2VK3RkxPMY1aSpLXA1LTzfIhpKGnTKpjzpx7mE, picture=https://lh3.googleusercontent.com/a/ACg8ocJJoh9jonlTH61VWgvXCiXb0zCDjifGZZtZ30sCErS3N5ntDw=s96-c, aud=[909915657042-l07l5jl8r3v54r15k12hp7vev9dor6r7.apps.googleusercontent.com], azp=909915657042-l07l5jl8r3v54r15k12hp7vev9dor6r7.apps.googleusercontent.com, name=Павел Королев, exp=2025-04-18T08:25:26Z, family_name=Королев, iat=2025-04-18T07:25:26Z, email=passapdom@gmail.com}], Credentials=[PROTECTED], Authenticated=true, Details=WebAuthenticationDetails [RemoteIpAddress=0:0:0:0:0:0:0:1, SessionId=C6EED896D010ABE78F09743AF572D3F2], Granted Authorities=[OIDC_USER, SCOPE_https://www.googleapis.com/auth/userinfo.email, SCOPE_https://www.googleapis.com/auth/userinfo.profile, SCOPE_openid]]]
2025-04-18 10:30:11 [http-nio-8080-exec-4] [DEBUG] o.s.s.w.a.i.FilterSecurityInterceptor - Authorized filter invocation [GET /img/logo_alliance.png] with attributes [permitAll]
2025-04-18 10:30:11 [http-nio-8080-exec-4] [DEBUG] o.s.security.web.FilterChainProxy - Secured GET /img/logo_alliance.png
2025-04-18 10:30:22 [http-nio-8080-exec-1] [DEBUG] o.s.security.web.FilterChainProxy - Securing POST /admin/booking/35/changeActive
2025-04-18 10:30:22 [http-nio-8080-exec-1] [DEBUG] o.s.s.w.c.HttpSessionSecurityContextRepository - Retrieved SecurityContextImpl [Authentication=OAuth2AuthenticationToken [Principal=Name: [107234087105093742255], Granted Authorities: [[OIDC_USER, SCOPE_https://www.googleapis.com/auth/userinfo.email, SCOPE_https://www.googleapis.com/auth/userinfo.profile, SCOPE_openid]], User Attributes: [{at_hash=QIn4N3UChPr1lEyVahXWIw, sub=107234087105093742255, email_verified=true, iss=https://accounts.google.com, given_name=Павел, nonce=rVB9z2VK3RkxPMY1aSpLXA1LTzfIhpKGnTKpjzpx7mE, picture=https://lh3.googleusercontent.com/a/ACg8ocJJoh9jonlTH61VWgvXCiXb0zCDjifGZZtZ30sCErS3N5ntDw=s96-c, aud=[909915657042-l07l5jl8r3v54r15k12hp7vev9dor6r7.apps.googleusercontent.com], azp=909915657042-l07l5jl8r3v54r15k12hp7vev9dor6r7.apps.googleusercontent.com, name=Павел Королев, exp=2025-04-18T08:25:26Z, family_name=Королев, iat=2025-04-18T07:25:26Z, email=passapdom@gmail.com}], Credentials=[PROTECTED], Authenticated=true, Details=WebAuthenticationDetails [RemoteIpAddress=0:0:0:0:0:0:0:1, SessionId=C6EED896D010ABE78F09743AF572D3F2], Granted Authorities=[OIDC_USER, SCOPE_https://www.googleapis.com/auth/userinfo.email, SCOPE_https://www.googleapis.com/auth/userinfo.profile, SCOPE_openid]]]
2025-04-18 10:30:22 [http-nio-8080-exec-1] [DEBUG] o.s.s.w.a.i.FilterSecurityInterceptor - Authorized filter invocation [POST /admin/booking/35/changeActive] with attributes [permitAll]
2025-04-18 10:30:22 [http-nio-8080-exec-1] [DEBUG] o.s.security.web.FilterChainProxy - Secured POST /admin/booking/35/changeActive
2025-04-18 10:30:22 [http-nio-8080-exec-1] [DEBUG] o.s.s.a.m.AuthorizationManagerBeforeMethodInterceptor - Authorizing method invocation ReflectiveMethodInvocation: public org.springframework.http.ResponseEntity ru.kozelsk.alliance.controllers.admin.booking.BookingAdminRestController.changeActive(int); target is of class [ru.kozelsk.alliance.controllers.admin.booking.BookingAdminRestController]
2025-04-18 10:30:22 [http-nio-8080-exec-1] [INFO] r.k.a.u.s.CheckAuthorizeService - checkAdmin2: principal != null
2025-04-18 10:30:22 [http-nio-8080-exec-1] [INFO] r.k.a.u.s.CheckAuthorizeService - Principal2 is Oauth2User
2025-04-18 10:30:22 [http-nio-8080-exec-1] [INFO] r.k.a.u.s.CheckAuthorizeService - Checking admin2 rights for email: passapdom@gmail.com
2025-04-18 10:30:22 [http-nio-8080-exec-1] [INFO] r.k.a.u.s.CheckAuthorizeService - User roles2: [ADMIN]
2025-04-18 10:30:22 [http-nio-8080-exec-1] [DEBUG] o.s.s.a.m.AuthorizationManagerBeforeMethodInterceptor - Authorized method invocation ReflectiveMethodInvocation: public org.springframework.http.ResponseEntity ru.kozelsk.alliance.controllers.admin.booking.BookingAdminRestController.changeActive(int); target is of class [ru.kozelsk.alliance.controllers.admin.booking.BookingAdminRestController]
2025-04-18 10:30:22 [http-nio-8080-exec-3] [DEBUG] o.s.security.web.FilterChainProxy - Securing GET /admin/booking
2025-04-18 10:30:22 [http-nio-8080-exec-3] [DEBUG] o.s.s.w.c.HttpSessionSecurityContextRepository - Retrieved SecurityContextImpl [Authentication=OAuth2AuthenticationToken [Principal=Name: [107234087105093742255], Granted Authorities: [[OIDC_USER, SCOPE_https://www.googleapis.com/auth/userinfo.email, SCOPE_https://www.googleapis.com/auth/userinfo.profile, SCOPE_openid]], User Attributes: [{at_hash=QIn4N3UChPr1lEyVahXWIw, sub=107234087105093742255, email_verified=true, iss=https://accounts.google.com, given_name=Павел, nonce=rVB9z2VK3RkxPMY1aSpLXA1LTzfIhpKGnTKpjzpx7mE, picture=https://lh3.googleusercontent.com/a/ACg8ocJJoh9jonlTH61VWgvXCiXb0zCDjifGZZtZ30sCErS3N5ntDw=s96-c, aud=[909915657042-l07l5jl8r3v54r15k12hp7vev9dor6r7.apps.googleusercontent.com], azp=909915657042-l07l5jl8r3v54r15k12hp7vev9dor6r7.apps.googleusercontent.com, name=Павел Королев, exp=2025-04-18T08:25:26Z, family_name=Королев, iat=2025-04-18T07:25:26Z, email=passapdom@gmail.com}], Credentials=[PROTECTED], Authenticated=true, Details=WebAuthenticationDetails [RemoteIpAddress=0:0:0:0:0:0:0:1, SessionId=C6EED896D010ABE78F09743AF572D3F2], Granted Authorities=[OIDC_USER, SCOPE_https://www.googleapis.com/auth/userinfo.email, SCOPE_https://www.googleapis.com/auth/userinfo.profile, SCOPE_openid]]]
2025-04-18 10:30:22 [http-nio-8080-exec-3] [DEBUG] o.s.s.w.a.i.FilterSecurityInterceptor - Authorized filter invocation [GET /admin/booking] with attributes [permitAll]
2025-04-18 10:30:22 [http-nio-8080-exec-3] [DEBUG] o.s.security.web.FilterChainProxy - Secured GET /admin/booking
2025-04-18 10:30:22 [http-nio-8080-exec-3] [DEBUG] o.s.s.a.m.AuthorizationManagerBeforeMethodInterceptor - Authorizing method invocation ReflectiveMethodInvocation: public java.lang.String ru.kozelsk.alliance.controllers.admin.booking.BookingAdminController.allBookings(org.springframework.ui.Model); target is of class [ru.kozelsk.alliance.controllers.admin.booking.BookingAdminController]
2025-04-18 10:30:22 [http-nio-8080-exec-3] [INFO] r.k.a.u.s.CheckAuthorizeService - checkAdmin2: principal != null
2025-04-18 10:30:22 [http-nio-8080-exec-3] [INFO] r.k.a.u.s.CheckAuthorizeService - Principal2 is Oauth2User
2025-04-18 10:30:22 [http-nio-8080-exec-3] [INFO] r.k.a.u.s.CheckAuthorizeService - Checking admin2 rights for email: passapdom@gmail.com
2025-04-18 10:30:22 [http-nio-8080-exec-3] [INFO] r.k.a.u.s.CheckAuthorizeService - User roles2: [ADMIN]
2025-04-18 10:30:22 [http-nio-8080-exec-3] [DEBUG] o.s.s.a.m.AuthorizationManagerBeforeMethodInterceptor - Authorized method invocation ReflectiveMethodInvocation: public java.lang.String ru.kozelsk.alliance.controllers.admin.booking.BookingAdminController.allBookings(org.springframework.ui.Model); target is of class [ru.kozelsk.alliance.controllers.admin.booking.BookingAdminController]
2025-04-18 10:30:22 [http-nio-8080-exec-2] [DEBUG] o.s.security.web.FilterChainProxy - Securing GET /img/logo_alliance.png
2025-04-18 10:30:22 [http-nio-8080-exec-2] [DEBUG] o.s.s.w.c.HttpSessionSecurityContextRepository - Retrieved SecurityContextImpl [Authentication=OAuth2AuthenticationToken [Principal=Name: [107234087105093742255], Granted Authorities: [[OIDC_USER, SCOPE_https://www.googleapis.com/auth/userinfo.email, SCOPE_https://www.googleapis.com/auth/userinfo.profile, SCOPE_openid]], User Attributes: [{at_hash=QIn4N3UChPr1lEyVahXWIw, sub=107234087105093742255, email_verified=true, iss=https://accounts.google.com, given_name=Павел, nonce=rVB9z2VK3RkxPMY1aSpLXA1LTzfIhpKGnTKpjzpx7mE, picture=https://lh3.googleusercontent.com/a/ACg8ocJJoh9jonlTH61VWgvXCiXb0zCDjifGZZtZ30sCErS3N5ntDw=s96-c, aud=[909915657042-l07l5jl8r3v54r15k12hp7vev9dor6r7.apps.googleusercontent.com], azp=909915657042-l07l5jl8r3v54r15k12hp7vev9dor6r7.apps.googleusercontent.com, name=Павел Королев, exp=2025-04-18T08:25:26Z, family_name=Королев, iat=2025-04-18T07:25:26Z, email=passapdom@gmail.com}], Credentials=[PROTECTED], Authenticated=true, Details=WebAuthenticationDetails [RemoteIpAddress=0:0:0:0:0:0:0:1, SessionId=C6EED896D010ABE78F09743AF572D3F2], Granted Authorities=[OIDC_USER, SCOPE_https://www.googleapis.com/auth/userinfo.email, SCOPE_https://www.googleapis.com/auth/userinfo.profile, SCOPE_openid]]]
2025-04-18 10:30:22 [http-nio-8080-exec-2] [DEBUG] o.s.s.w.a.i.FilterSecurityInterceptor - Authorized filter invocation [GET /img/logo_alliance.png] with attributes [permitAll]
2025-04-18 10:30:22 [http-nio-8080-exec-2] [DEBUG] o.s.security.web.FilterChainProxy - Secured GET /img/logo_alliance.png
2025-04-18 10:30:28 [http-nio-8080-exec-5] [DEBUG] o.s.security.web.FilterChainProxy - Securing GET /excursion
2025-04-18 10:30:28 [http-nio-8080-exec-5] [DEBUG] o.s.s.w.c.HttpSessionSecurityContextRepository - Retrieved SecurityContextImpl [Authentication=OAuth2AuthenticationToken [Principal=Name: [107234087105093742255], Granted Authorities: [[OIDC_USER, SCOPE_https://www.googleapis.com/auth/userinfo.email, SCOPE_https://www.googleapis.com/auth/userinfo.profile, SCOPE_openid]], User Attributes: [{at_hash=QIn4N3UChPr1lEyVahXWIw, sub=107234087105093742255, email_verified=true, iss=https://accounts.google.com, given_name=Павел, nonce=rVB9z2VK3RkxPMY1aSpLXA1LTzfIhpKGnTKpjzpx7mE, picture=https://lh3.googleusercontent.com/a/ACg8ocJJoh9jonlTH61VWgvXCiXb0zCDjifGZZtZ30sCErS3N5ntDw=s96-c, aud=[909915657042-l07l5jl8r3v54r15k12hp7vev9dor6r7.apps.googleusercontent.com], azp=909915657042-l07l5jl8r3v54r15k12hp7vev9dor6r7.apps.googleusercontent.com, name=Павел Королев, exp=2025-04-18T08:25:26Z, family_name=Королев, iat=2025-04-18T07:25:26Z, email=passapdom@gmail.com}], Credentials=[PROTECTED], Authenticated=true, Details=WebAuthenticationDetails [RemoteIpAddress=0:0:0:0:0:0:0:1, SessionId=C6EED896D010ABE78F09743AF572D3F2], Granted Authorities=[OIDC_USER, SCOPE_https://www.googleapis.com/auth/userinfo.email, SCOPE_https://www.googleapis.com/auth/userinfo.profile, SCOPE_openid]]]
2025-04-18 10:30:28 [http-nio-8080-exec-5] [DEBUG] o.s.s.w.a.i.FilterSecurityInterceptor - Authorized filter invocation [GET /excursion] with attributes [permitAll]
2025-04-18 10:30:28 [http-nio-8080-exec-5] [DEBUG] o.s.security.web.FilterChainProxy - Secured GET /excursion
2025-04-18 10:30:28 [http-nio-8080-exec-5] [INFO] r.k.a.u.s.CheckAuthorizeService - checkAdmin is starting, principal: OAuth2AuthenticationToken [Principal=Name: [107234087105093742255], Granted Authorities: [[OIDC_USER, SCOPE_https://www.googleapis.com/auth/userinfo.email, SCOPE_https://www.googleapis.com/auth/userinfo.profile, SCOPE_openid]], User Attributes: [{at_hash=QIn4N3UChPr1lEyVahXWIw, sub=107234087105093742255, email_verified=true, iss=https://accounts.google.com, given_name=Павел, nonce=rVB9z2VK3RkxPMY1aSpLXA1LTzfIhpKGnTKpjzpx7mE, picture=https://lh3.googleusercontent.com/a/ACg8ocJJoh9jonlTH61VWgvXCiXb0zCDjifGZZtZ30sCErS3N5ntDw=s96-c, aud=[909915657042-l07l5jl8r3v54r15k12hp7vev9dor6r7.apps.googleusercontent.com], azp=909915657042-l07l5jl8r3v54r15k12hp7vev9dor6r7.apps.googleusercontent.com, name=Павел Королев, exp=2025-04-18T08:25:26Z, family_name=Королев, iat=2025-04-18T07:25:26Z, email=passapdom@gmail.com}], Credentials=[PROTECTED], Authenticated=true, Details=WebAuthenticationDetails [RemoteIpAddress=0:0:0:0:0:0:0:1, SessionId=C6EED896D010ABE78F09743AF572D3F2], Granted Authorities=[OIDC_USER, SCOPE_https://www.googleapis.com/auth/userinfo.email, SCOPE_https://www.googleapis.com/auth/userinfo.profile, SCOPE_openid]]
2025-04-18 10:30:28 [http-nio-8080-exec-5] [INFO] r.k.a.u.s.CheckAuthorizeService - checkAdmin: principal != null
2025-04-18 10:30:28 [http-nio-8080-exec-5] [INFO] r.k.a.u.s.CheckAuthorizeService - Principal is OAuth2AuthenticationToken
2025-04-18 10:30:28 [http-nio-8080-exec-5] [INFO] r.k.a.u.s.CheckAuthorizeService - Checking admin rights for email: passapdom@gmail.com
2025-04-18 10:30:28 [http-nio-8080-exec-5] [INFO] r.k.a.u.s.CheckAuthorizeService - User roles: [ADMIN]
2025-04-18 10:30:28 [http-nio-8080-exec-10] [DEBUG] o.s.security.web.FilterChainProxy - Securing GET /css/styles.css
2025-04-18 10:30:28 [http-nio-8080-exec-10] [DEBUG] o.s.s.w.c.HttpSessionSecurityContextRepository - Retrieved SecurityContextImpl [Authentication=OAuth2AuthenticationToken [Principal=Name: [107234087105093742255], Granted Authorities: [[OIDC_USER, SCOPE_https://www.googleapis.com/auth/userinfo.email, SCOPE_https://www.googleapis.com/auth/userinfo.profile, SCOPE_openid]], User Attributes: [{at_hash=QIn4N3UChPr1lEyVahXWIw, sub=107234087105093742255, email_verified=true, iss=https://accounts.google.com, given_name=Павел, nonce=rVB9z2VK3RkxPMY1aSpLXA1LTzfIhpKGnTKpjzpx7mE, picture=https://lh3.googleusercontent.com/a/ACg8ocJJoh9jonlTH61VWgvXCiXb0zCDjifGZZtZ30sCErS3N5ntDw=s96-c, aud=[909915657042-l07l5jl8r3v54r15k12hp7vev9dor6r7.apps.googleusercontent.com], azp=909915657042-l07l5jl8r3v54r15k12hp7vev9dor6r7.apps.googleusercontent.com, name=Павел Королев, exp=2025-04-18T08:25:26Z, family_name=Королев, iat=2025-04-18T07:25:26Z, email=passapdom@gmail.com}], Credentials=[PROTECTED], Authenticated=true, Details=WebAuthenticationDetails [RemoteIpAddress=0:0:0:0:0:0:0:1, SessionId=C6EED896D010ABE78F09743AF572D3F2], Granted Authorities=[OIDC_USER, SCOPE_https://www.googleapis.com/auth/userinfo.email, SCOPE_https://www.googleapis.com/auth/userinfo.profile, SCOPE_openid]]]
2025-04-18 10:30:28 [http-nio-8080-exec-10] [DEBUG] o.s.s.w.a.i.FilterSecurityInterceptor - Authorized filter invocation [GET /css/styles.css] with attributes [permitAll]
2025-04-18 10:30:28 [http-nio-8080-exec-10] [DEBUG] o.s.security.web.FilterChainProxy - Secured GET /css/styles.css
2025-04-18 10:30:28 [http-nio-8080-exec-9] [DEBUG] o.s.security.web.FilterChainProxy - Securing GET /img/logo_alliance.png
2025-04-18 10:30:28 [http-nio-8080-exec-9] [DEBUG] o.s.s.w.c.HttpSessionSecurityContextRepository - Retrieved SecurityContextImpl [Authentication=OAuth2AuthenticationToken [Principal=Name: [107234087105093742255], Granted Authorities: [[OIDC_USER, SCOPE_https://www.googleapis.com/auth/userinfo.email, SCOPE_https://www.googleapis.com/auth/userinfo.profile, SCOPE_openid]], User Attributes: [{at_hash=QIn4N3UChPr1lEyVahXWIw, sub=107234087105093742255, email_verified=true, iss=https://accounts.google.com, given_name=Павел, nonce=rVB9z2VK3RkxPMY1aSpLXA1LTzfIhpKGnTKpjzpx7mE, picture=https://lh3.googleusercontent.com/a/ACg8ocJJoh9jonlTH61VWgvXCiXb0zCDjifGZZtZ30sCErS3N5ntDw=s96-c, aud=[909915657042-l07l5jl8r3v54r15k12hp7vev9dor6r7.apps.googleusercontent.com], azp=909915657042-l07l5jl8r3v54r15k12hp7vev9dor6r7.apps.googleusercontent.com, name=Павел Королев, exp=2025-04-18T08:25:26Z, family_name=Королев, iat=2025-04-18T07:25:26Z, email=passapdom@gmail.com}], Credentials=[PROTECTED], Authenticated=true, Details=WebAuthenticationDetails [RemoteIpAddress=0:0:0:0:0:0:0:1, SessionId=C6EED896D010ABE78F09743AF572D3F2], Granted Authorities=[OIDC_USER, SCOPE_https://www.googleapis.com/auth/userinfo.email, SCOPE_https://www.googleapis.com/auth/userinfo.profile, SCOPE_openid]]]
2025-04-18 10:30:28 [http-nio-8080-exec-9] [DEBUG] o.s.s.w.a.i.FilterSecurityInterceptor - Authorized filter invocation [GET /img/logo_alliance.png] with attributes [permitAll]
2025-04-18 10:30:28 [http-nio-8080-exec-9] [DEBUG] o.s.security.web.FilterChainProxy - Secured GET /img/logo_alliance.png
2025-04-18 10:30:28 [http-nio-8080-exec-7] [DEBUG] o.s.security.web.FilterChainProxy - Securing GET /img/tour-agency.jpg
2025-04-18 10:30:28 [http-nio-8080-exec-6] [DEBUG] o.s.security.web.FilterChainProxy - Securing GET /images/tour/70efb4f2-568c-40d0-b39f-55ed0ccbc07e_00-Козельск.jpg
2025-04-18 10:30:28 [http-nio-8080-exec-8] [DEBUG] o.s.security.web.FilterChainProxy - Securing GET /images/placeholder.jpg
2025-04-18 10:30:28 [http-nio-8080-exec-4] [DEBUG] o.s.security.web.FilterChainProxy - Securing GET /images/tour/77da970b-1e81-439d-a952-267262094a8c_kozelsk.jpg
2025-04-18 10:30:28 [http-nio-8080-exec-7] [DEBUG] o.s.s.w.c.HttpSessionSecurityContextRepository - Retrieved SecurityContextImpl [Authentication=OAuth2AuthenticationToken [Principal=Name: [107234087105093742255], Granted Authorities: [[OIDC_USER, SCOPE_https://www.googleapis.com/auth/userinfo.email, SCOPE_https://www.googleapis.com/auth/userinfo.profile, SCOPE_openid]], User Attributes: [{at_hash=QIn4N3UChPr1lEyVahXWIw, sub=107234087105093742255, email_verified=true, iss=https://accounts.google.com, given_name=Павел, nonce=rVB9z2VK3RkxPMY1aSpLXA1LTzfIhpKGnTKpjzpx7mE, picture=https://lh3.googleusercontent.com/a/ACg8ocJJoh9jonlTH61VWgvXCiXb0zCDjifGZZtZ30sCErS3N5ntDw=s96-c, aud=[909915657042-l07l5jl8r3v54r15k12hp7vev9dor6r7.apps.googleusercontent.com], azp=909915657042-l07l5jl8r3v54r15k12hp7vev9dor6r7.apps.googleusercontent.com, name=Павел Королев, exp=2025-04-18T08:25:26Z, family_name=Королев, iat=2025-04-18T07:25:26Z, email=passapdom@gmail.com}], Credentials=[PROTECTED], Authenticated=true, Details=WebAuthenticationDetails [RemoteIpAddress=0:0:0:0:0:0:0:1, SessionId=C6EED896D010ABE78F09743AF572D3F2], Granted Authorities=[OIDC_USER, SCOPE_https://www.googleapis.com/auth/userinfo.email, SCOPE_https://www.googleapis.com/auth/userinfo.profile, SCOPE_openid]]]
2025-04-18 10:30:28 [http-nio-8080-exec-4] [DEBUG] o.s.s.w.c.HttpSessionSecurityContextRepository - Retrieved SecurityContextImpl [Authentication=OAuth2AuthenticationToken [Principal=Name: [107234087105093742255], Granted Authorities: [[OIDC_USER, SCOPE_https://www.googleapis.com/auth/userinfo.email, SCOPE_https://www.googleapis.com/auth/userinfo.profile, SCOPE_openid]], User Attributes: [{at_hash=QIn4N3UChPr1lEyVahXWIw, sub=107234087105093742255, email_verified=true, iss=https://accounts.google.com, given_name=Павел, nonce=rVB9z2VK3RkxPMY1aSpLXA1LTzfIhpKGnTKpjzpx7mE, picture=https://lh3.googleusercontent.com/a/ACg8ocJJoh9jonlTH61VWgvXCiXb0zCDjifGZZtZ30sCErS3N5ntDw=s96-c, aud=[909915657042-l07l5jl8r3v54r15k12hp7vev9dor6r7.apps.googleusercontent.com], azp=909915657042-l07l5jl8r3v54r15k12hp7vev9dor6r7.apps.googleusercontent.com, name=Павел Королев, exp=2025-04-18T08:25:26Z, family_name=Королев, iat=2025-04-18T07:25:26Z, email=passapdom@gmail.com}], Credentials=[PROTECTED], Authenticated=true, Details=WebAuthenticationDetails [RemoteIpAddress=0:0:0:0:0:0:0:1, SessionId=C6EED896D010ABE78F09743AF572D3F2], Granted Authorities=[OIDC_USER, SCOPE_https://www.googleapis.com/auth/userinfo.email, SCOPE_https://www.googleapis.com/auth/userinfo.profile, SCOPE_openid]]]
2025-04-18 10:30:28 [http-nio-8080-exec-6] [DEBUG] o.s.s.w.c.HttpSessionSecurityContextRepository - Retrieved SecurityContextImpl [Authentication=OAuth2AuthenticationToken [Principal=Name: [107234087105093742255], Granted Authorities: [[OIDC_USER, SCOPE_https://www.googleapis.com/auth/userinfo.email, SCOPE_https://www.googleapis.com/auth/userinfo.profile, SCOPE_openid]], User Attributes: [{at_hash=QIn4N3UChPr1lEyVahXWIw, sub=107234087105093742255, email_verified=true, iss=https://accounts.google.com, given_name=Павел, nonce=rVB9z2VK3RkxPMY1aSpLXA1LTzfIhpKGnTKpjzpx7mE, picture=https://lh3.googleusercontent.com/a/ACg8ocJJoh9jonlTH61VWgvXCiXb0zCDjifGZZtZ30sCErS3N5ntDw=s96-c, aud=[909915657042-l07l5jl8r3v54r15k12hp7vev9dor6r7.apps.googleusercontent.com], azp=909915657042-l07l5jl8r3v54r15k12hp7vev9dor6r7.apps.googleusercontent.com, name=Павел Королев, exp=2025-04-18T08:25:26Z, family_name=Королев, iat=2025-04-18T07:25:26Z, email=passapdom@gmail.com}], Credentials=[PROTECTED], Authenticated=true, Details=WebAuthenticationDetails [RemoteIpAddress=0:0:0:0:0:0:0:1, SessionId=C6EED896D010ABE78F09743AF572D3F2], Granted Authorities=[OIDC_USER, SCOPE_https://www.googleapis.com/auth/userinfo.email, SCOPE_https://www.googleapis.com/auth/userinfo.profile, SCOPE_openid]]]
2025-04-18 10:30:28 [http-nio-8080-exec-8] [DEBUG] o.s.s.w.c.HttpSessionSecurityContextRepository - Retrieved SecurityContextImpl [Authentication=OAuth2AuthenticationToken [Principal=Name: [107234087105093742255], Granted Authorities: [[OIDC_USER, SCOPE_https://www.googleapis.com/auth/userinfo.email, SCOPE_https://www.googleapis.com/auth/userinfo.profile, SCOPE_openid]], User Attributes: [{at_hash=QIn4N3UChPr1lEyVahXWIw, sub=107234087105093742255, email_verified=true, iss=https://accounts.google.com, given_name=Павел, nonce=rVB9z2VK3RkxPMY1aSpLXA1LTzfIhpKGnTKpjzpx7mE, picture=https://lh3.googleusercontent.com/a/ACg8ocJJoh9jonlTH61VWgvXCiXb0zCDjifGZZtZ30sCErS3N5ntDw=s96-c, aud=[909915657042-l07l5jl8r3v54r15k12hp7vev9dor6r7.apps.googleusercontent.com], azp=909915657042-l07l5jl8r3v54r15k12hp7vev9dor6r7.apps.googleusercontent.com, name=Павел Королев, exp=2025-04-18T08:25:26Z, family_name=Королев, iat=2025-04-18T07:25:26Z, email=passapdom@gmail.com}], Credentials=[PROTECTED], Authenticated=true, Details=WebAuthenticationDetails [RemoteIpAddress=0:0:0:0:0:0:0:1, SessionId=C6EED896D010ABE78F09743AF572D3F2], Granted Authorities=[OIDC_USER, SCOPE_https://www.googleapis.com/auth/userinfo.email, SCOPE_https://www.googleapis.com/auth/userinfo.profile, SCOPE_openid]]]
2025-04-18 10:30:28 [http-nio-8080-exec-4] [DEBUG] o.s.s.w.a.i.FilterSecurityInterceptor - Authorized filter invocation [GET /images/tour/77da970b-1e81-439d-a952-267262094a8c_kozelsk.jpg] with attributes [permitAll]
2025-04-18 10:30:28 [http-nio-8080-exec-7] [DEBUG] o.s.s.w.a.i.FilterSecurityInterceptor - Authorized filter invocation [GET /img/tour-agency.jpg] with attributes [permitAll]
2025-04-18 10:30:28 [http-nio-8080-exec-6] [DEBUG] o.s.s.w.a.i.FilterSecurityInterceptor - Authorized filter invocation [GET /images/tour/70efb4f2-568c-40d0-b39f-55ed0ccbc07e_00-Козельск.jpg] with attributes [permitAll]
2025-04-18 10:30:28 [http-nio-8080-exec-8] [DEBUG] o.s.s.w.a.i.FilterSecurityInterceptor - Authorized filter invocation [GET /images/placeholder.jpg] with attributes [permitAll]
2025-04-18 10:30:28 [http-nio-8080-exec-4] [DEBUG] o.s.security.web.FilterChainProxy - Secured GET /images/tour/77da970b-1e81-439d-a952-267262094a8c_kozelsk.jpg
2025-04-18 10:30:28 [http-nio-8080-exec-7] [DEBUG] o.s.security.web.FilterChainProxy - Secured GET /img/tour-agency.jpg
2025-04-18 10:30:28 [http-nio-8080-exec-8] [DEBUG] o.s.security.web.FilterChainProxy - Secured GET /images/placeholder.jpg
2025-04-18 10:30:28 [http-nio-8080-exec-6] [DEBUG] o.s.security.web.FilterChainProxy - Secured GET /images/tour/70efb4f2-568c-40d0-b39f-55ed0ccbc07e_00-Козельск.jpg
2025-04-18 10:30:28 [http-nio-8080-exec-8] [DEBUG] o.s.security.web.FilterChainProxy - Securing GET /error
2025-04-18 10:30:28 [http-nio-8080-exec-7] [DEBUG] o.s.security.web.FilterChainProxy - Securing GET /error
2025-04-18 10:30:28 [http-nio-8080-exec-7] [DEBUG] o.s.s.w.c.HttpSessionSecurityContextRepository - Retrieved SecurityContextImpl [Authentication=OAuth2AuthenticationToken [Principal=Name: [107234087105093742255], Granted Authorities: [[OIDC_USER, SCOPE_https://www.googleapis.com/auth/userinfo.email, SCOPE_https://www.googleapis.com/auth/userinfo.profile, SCOPE_openid]], User Attributes: [{at_hash=QIn4N3UChPr1lEyVahXWIw, sub=107234087105093742255, email_verified=true, iss=https://accounts.google.com, given_name=Павел, nonce=rVB9z2VK3RkxPMY1aSpLXA1LTzfIhpKGnTKpjzpx7mE, picture=https://lh3.googleusercontent.com/a/ACg8ocJJoh9jonlTH61VWgvXCiXb0zCDjifGZZtZ30sCErS3N5ntDw=s96-c, aud=[909915657042-l07l5jl8r3v54r15k12hp7vev9dor6r7.apps.googleusercontent.com], azp=909915657042-l07l5jl8r3v54r15k12hp7vev9dor6r7.apps.googleusercontent.com, name=Павел Королев, exp=2025-04-18T08:25:26Z, family_name=Королев, iat=2025-04-18T07:25:26Z, email=passapdom@gmail.com}], Credentials=[PROTECTED], Authenticated=true, Details=WebAuthenticationDetails [RemoteIpAddress=0:0:0:0:0:0:0:1, SessionId=C6EED896D010ABE78F09743AF572D3F2], Granted Authorities=[OIDC_USER, SCOPE_https://www.googleapis.com/auth/userinfo.email, SCOPE_https://www.googleapis.com/auth/userinfo.profile, SCOPE_openid]]]
2025-04-18 10:30:28 [http-nio-8080-exec-8] [DEBUG] o.s.s.w.c.HttpSessionSecurityContextRepository - Retrieved SecurityContextImpl [Authentication=OAuth2AuthenticationToken [Principal=Name: [107234087105093742255], Granted Authorities: [[OIDC_USER, SCOPE_https://www.googleapis.com/auth/userinfo.email, SCOPE_https://www.googleapis.com/auth/userinfo.profile, SCOPE_openid]], User Attributes: [{at_hash=QIn4N3UChPr1lEyVahXWIw, sub=107234087105093742255, email_verified=true, iss=https://accounts.google.com, given_name=Павел, nonce=rVB9z2VK3RkxPMY1aSpLXA1LTzfIhpKGnTKpjzpx7mE, picture=https://lh3.googleusercontent.com/a/ACg8ocJJoh9jonlTH61VWgvXCiXb0zCDjifGZZtZ30sCErS3N5ntDw=s96-c, aud=[909915657042-l07l5jl8r3v54r15k12hp7vev9dor6r7.apps.googleusercontent.com], azp=909915657042-l07l5jl8r3v54r15k12hp7vev9dor6r7.apps.googleusercontent.com, name=Павел Королев, exp=2025-04-18T08:25:26Z, family_name=Королев, iat=2025-04-18T07:25:26Z, email=passapdom@gmail.com}], Credentials=[PROTECTED], Authenticated=true, Details=WebAuthenticationDetails [RemoteIpAddress=0:0:0:0:0:0:0:1, SessionId=C6EED896D010ABE78F09743AF572D3F2], Granted Authorities=[OIDC_USER, SCOPE_https://www.googleapis.com/auth/userinfo.email, SCOPE_https://www.googleapis.com/auth/userinfo.profile, SCOPE_openid]]]
2025-04-18 10:30:28 [http-nio-8080-exec-8] [DEBUG] o.s.s.w.a.i.FilterSecurityInterceptor - Authorized filter invocation [GET /error] with attributes [permitAll]
2025-04-18 10:30:28 [http-nio-8080-exec-7] [DEBUG] o.s.s.w.a.i.FilterSecurityInterceptor - Authorized filter invocation [GET /error] with attributes [permitAll]
2025-04-18 10:30:28 [http-nio-8080-exec-8] [DEBUG] o.s.security.web.FilterChainProxy - Secured GET /error
2025-04-18 10:30:28 [http-nio-8080-exec-7] [DEBUG] o.s.security.web.FilterChainProxy - Secured GET /error
2025-04-18 10:30:30 [http-nio-8080-exec-1] [DEBUG] o.s.security.web.FilterChainProxy - Securing GET /excursion/tour/8
2025-04-18 10:30:30 [http-nio-8080-exec-1] [DEBUG] o.s.s.w.c.HttpSessionSecurityContextRepository - Retrieved SecurityContextImpl [Authentication=OAuth2AuthenticationToken [Principal=Name: [107234087105093742255], Granted Authorities: [[OIDC_USER, SCOPE_https://www.googleapis.com/auth/userinfo.email, SCOPE_https://www.googleapis.com/auth/userinfo.profile, SCOPE_openid]], User Attributes: [{at_hash=QIn4N3UChPr1lEyVahXWIw, sub=107234087105093742255, email_verified=true, iss=https://accounts.google.com, given_name=Павел, nonce=rVB9z2VK3RkxPMY1aSpLXA1LTzfIhpKGnTKpjzpx7mE, picture=https://lh3.googleusercontent.com/a/ACg8ocJJoh9jonlTH61VWgvXCiXb0zCDjifGZZtZ30sCErS3N5ntDw=s96-c, aud=[909915657042-l07l5jl8r3v54r15k12hp7vev9dor6r7.apps.googleusercontent.com], azp=909915657042-l07l5jl8r3v54r15k12hp7vev9dor6r7.apps.googleusercontent.com, name=Павел Королев, exp=2025-04-18T08:25:26Z, family_name=Королев, iat=2025-04-18T07:25:26Z, email=passapdom@gmail.com}], Credentials=[PROTECTED], Authenticated=true, Details=WebAuthenticationDetails [RemoteIpAddress=0:0:0:0:0:0:0:1, SessionId=C6EED896D010ABE78F09743AF572D3F2], Granted Authorities=[OIDC_USER, SCOPE_https://www.googleapis.com/auth/userinfo.email, SCOPE_https://www.googleapis.com/auth/userinfo.profile, SCOPE_openid]]]
2025-04-18 10:30:30 [http-nio-8080-exec-1] [DEBUG] o.s.s.w.a.i.FilterSecurityInterceptor - Authorized filter invocation [GET /excursion/tour/8] with attributes [permitAll]
2025-04-18 10:30:30 [http-nio-8080-exec-1] [DEBUG] o.s.security.web.FilterChainProxy - Secured GET /excursion/tour/8
2025-04-18 10:30:30 [http-nio-8080-exec-1] [INFO] r.k.a.u.s.CheckAuthorizeService - checkAdmin is starting, principal: OAuth2AuthenticationToken [Principal=Name: [107234087105093742255], Granted Authorities: [[OIDC_USER, SCOPE_https://www.googleapis.com/auth/userinfo.email, SCOPE_https://www.googleapis.com/auth/userinfo.profile, SCOPE_openid]], User Attributes: [{at_hash=QIn4N3UChPr1lEyVahXWIw, sub=107234087105093742255, email_verified=true, iss=https://accounts.google.com, given_name=Павел, nonce=rVB9z2VK3RkxPMY1aSpLXA1LTzfIhpKGnTKpjzpx7mE, picture=https://lh3.googleusercontent.com/a/ACg8ocJJoh9jonlTH61VWgvXCiXb0zCDjifGZZtZ30sCErS3N5ntDw=s96-c, aud=[909915657042-l07l5jl8r3v54r15k12hp7vev9dor6r7.apps.googleusercontent.com], azp=909915657042-l07l5jl8r3v54r15k12hp7vev9dor6r7.apps.googleusercontent.com, name=Павел Королев, exp=2025-04-18T08:25:26Z, family_name=Королев, iat=2025-04-18T07:25:26Z, email=passapdom@gmail.com}], Credentials=[PROTECTED], Authenticated=true, Details=WebAuthenticationDetails [RemoteIpAddress=0:0:0:0:0:0:0:1, SessionId=C6EED896D010ABE78F09743AF572D3F2], Granted Authorities=[OIDC_USER, SCOPE_https://www.googleapis.com/auth/userinfo.email, SCOPE_https://www.googleapis.com/auth/userinfo.profile, SCOPE_openid]]
2025-04-18 10:30:30 [http-nio-8080-exec-1] [INFO] r.k.a.u.s.CheckAuthorizeService - checkAdmin: principal != null
2025-04-18 10:30:30 [http-nio-8080-exec-1] [INFO] r.k.a.u.s.CheckAuthorizeService - Principal is OAuth2AuthenticationToken
2025-04-18 10:30:30 [http-nio-8080-exec-1] [INFO] r.k.a.u.s.CheckAuthorizeService - Checking admin rights for email: passapdom@gmail.com
2025-04-18 10:30:30 [http-nio-8080-exec-1] [INFO] r.k.a.u.s.CheckAuthorizeService - User roles: [ADMIN]
2025-04-18 10:30:30 [http-nio-8080-exec-3] [DEBUG] o.s.security.web.FilterChainProxy - Securing GET /css/styles.css
2025-04-18 10:30:30 [http-nio-8080-exec-3] [DEBUG] o.s.s.w.c.HttpSessionSecurityContextRepository - Retrieved SecurityContextImpl [Authentication=OAuth2AuthenticationToken [Principal=Name: [107234087105093742255], Granted Authorities: [[OIDC_USER, SCOPE_https://www.googleapis.com/auth/userinfo.email, SCOPE_https://www.googleapis.com/auth/userinfo.profile, SCOPE_openid]], User Attributes: [{at_hash=QIn4N3UChPr1lEyVahXWIw, sub=107234087105093742255, email_verified=true, iss=https://accounts.google.com, given_name=Павел, nonce=rVB9z2VK3RkxPMY1aSpLXA1LTzfIhpKGnTKpjzpx7mE, picture=https://lh3.googleusercontent.com/a/ACg8ocJJoh9jonlTH61VWgvXCiXb0zCDjifGZZtZ30sCErS3N5ntDw=s96-c, aud=[909915657042-l07l5jl8r3v54r15k12hp7vev9dor6r7.apps.googleusercontent.com], azp=909915657042-l07l5jl8r3v54r15k12hp7vev9dor6r7.apps.googleusercontent.com, name=Павел Королев, exp=2025-04-18T08:25:26Z, family_name=Королев, iat=2025-04-18T07:25:26Z, email=passapdom@gmail.com}], Credentials=[PROTECTED], Authenticated=true, Details=WebAuthenticationDetails [RemoteIpAddress=0:0:0:0:0:0:0:1, SessionId=C6EED896D010ABE78F09743AF572D3F2], Granted Authorities=[OIDC_USER, SCOPE_https://www.googleapis.com/auth/userinfo.email, SCOPE_https://www.googleapis.com/auth/userinfo.profile, SCOPE_openid]]]
2025-04-18 10:30:30 [http-nio-8080-exec-3] [DEBUG] o.s.s.w.a.i.FilterSecurityInterceptor - Authorized filter invocation [GET /css/styles.css] with attributes [permitAll]
2025-04-18 10:30:30 [http-nio-8080-exec-3] [DEBUG] o.s.security.web.FilterChainProxy - Secured GET /css/styles.css
2025-04-18 10:30:30 [http-nio-8080-exec-2] [DEBUG] o.s.security.web.FilterChainProxy - Securing GET /img/logo_alliance.png
2025-04-18 10:30:30 [http-nio-8080-exec-2] [DEBUG] o.s.s.w.c.HttpSessionSecurityContextRepository - Retrieved SecurityContextImpl [Authentication=OAuth2AuthenticationToken [Principal=Name: [107234087105093742255], Granted Authorities: [[OIDC_USER, SCOPE_https://www.googleapis.com/auth/userinfo.email, SCOPE_https://www.googleapis.com/auth/userinfo.profile, SCOPE_openid]], User Attributes: [{at_hash=QIn4N3UChPr1lEyVahXWIw, sub=107234087105093742255, email_verified=true, iss=https://accounts.google.com, given_name=Павел, nonce=rVB9z2VK3RkxPMY1aSpLXA1LTzfIhpKGnTKpjzpx7mE, picture=https://lh3.googleusercontent.com/a/ACg8ocJJoh9jonlTH61VWgvXCiXb0zCDjifGZZtZ30sCErS3N5ntDw=s96-c, aud=[909915657042-l07l5jl8r3v54r15k12hp7vev9dor6r7.apps.googleusercontent.com], azp=909915657042-l07l5jl8r3v54r15k12hp7vev9dor6r7.apps.googleusercontent.com, name=Павел Королев, exp=2025-04-18T08:25:26Z, family_name=Королев, iat=2025-04-18T07:25:26Z, email=passapdom@gmail.com}], Credentials=[PROTECTED], Authenticated=true, Details=WebAuthenticationDetails [RemoteIpAddress=0:0:0:0:0:0:0:1, SessionId=C6EED896D010ABE78F09743AF572D3F2], Granted Authorities=[OIDC_USER, SCOPE_https://www.googleapis.com/auth/userinfo.email, SCOPE_https://www.googleapis.com/auth/userinfo.profile, SCOPE_openid]]]
2025-04-18 10:30:30 [http-nio-8080-exec-2] [DEBUG] o.s.s.w.a.i.FilterSecurityInterceptor - Authorized filter invocation [GET /img/logo_alliance.png] with attributes [permitAll]
2025-04-18 10:30:30 [http-nio-8080-exec-2] [DEBUG] o.s.security.web.FilterChainProxy - Secured GET /img/logo_alliance.png
2025-04-18 10:30:32 [http-nio-8080-exec-5] [DEBUG] o.s.security.web.FilterChainProxy - Securing GET /excursion/tour/7
2025-04-18 10:30:32 [http-nio-8080-exec-5] [DEBUG] o.s.s.w.c.HttpSessionSecurityContextRepository - Retrieved SecurityContextImpl [Authentication=OAuth2AuthenticationToken [Principal=Name: [107234087105093742255], Granted Authorities: [[OIDC_USER, SCOPE_https://www.googleapis.com/auth/userinfo.email, SCOPE_https://www.googleapis.com/auth/userinfo.profile, SCOPE_openid]], User Attributes: [{at_hash=QIn4N3UChPr1lEyVahXWIw, sub=107234087105093742255, email_verified=true, iss=https://accounts.google.com, given_name=Павел, nonce=rVB9z2VK3RkxPMY1aSpLXA1LTzfIhpKGnTKpjzpx7mE, picture=https://lh3.googleusercontent.com/a/ACg8ocJJoh9jonlTH61VWgvXCiXb0zCDjifGZZtZ30sCErS3N5ntDw=s96-c, aud=[909915657042-l07l5jl8r3v54r15k12hp7vev9dor6r7.apps.googleusercontent.com], azp=909915657042-l07l5jl8r3v54r15k12hp7vev9dor6r7.apps.googleusercontent.com, name=Павел Королев, exp=2025-04-18T08:25:26Z, family_name=Королев, iat=2025-04-18T07:25:26Z, email=passapdom@gmail.com}], Credentials=[PROTECTED], Authenticated=true, Details=WebAuthenticationDetails [RemoteIpAddress=0:0:0:0:0:0:0:1, SessionId=C6EED896D010ABE78F09743AF572D3F2], Granted Authorities=[OIDC_USER, SCOPE_https://www.googleapis.com/auth/userinfo.email, SCOPE_https://www.googleapis.com/auth/userinfo.profile, SCOPE_openid]]]
2025-04-18 10:30:32 [http-nio-8080-exec-5] [DEBUG] o.s.s.w.a.i.FilterSecurityInterceptor - Authorized filter invocation [GET /excursion/tour/7] with attributes [permitAll]
2025-04-18 10:30:32 [http-nio-8080-exec-5] [DEBUG] o.s.security.web.FilterChainProxy - Secured GET /excursion/tour/7
2025-04-18 10:30:32 [http-nio-8080-exec-5] [INFO] r.k.a.u.s.CheckAuthorizeService - checkAdmin is starting, principal: OAuth2AuthenticationToken [Principal=Name: [107234087105093742255], Granted Authorities: [[OIDC_USER, SCOPE_https://www.googleapis.com/auth/userinfo.email, SCOPE_https://www.googleapis.com/auth/userinfo.profile, SCOPE_openid]], User Attributes: [{at_hash=QIn4N3UChPr1lEyVahXWIw, sub=107234087105093742255, email_verified=true, iss=https://accounts.google.com, given_name=Павел, nonce=rVB9z2VK3RkxPMY1aSpLXA1LTzfIhpKGnTKpjzpx7mE, picture=https://lh3.googleusercontent.com/a/ACg8ocJJoh9jonlTH61VWgvXCiXb0zCDjifGZZtZ30sCErS3N5ntDw=s96-c, aud=[909915657042-l07l5jl8r3v54r15k12hp7vev9dor6r7.apps.googleusercontent.com], azp=909915657042-l07l5jl8r3v54r15k12hp7vev9dor6r7.apps.googleusercontent.com, name=Павел Королев, exp=2025-04-18T08:25:26Z, family_name=Королев, iat=2025-04-18T07:25:26Z, email=passapdom@gmail.com}], Credentials=[PROTECTED], Authenticated=true, Details=WebAuthenticationDetails [RemoteIpAddress=0:0:0:0:0:0:0:1, SessionId=C6EED896D010ABE78F09743AF572D3F2], Granted Authorities=[OIDC_USER, SCOPE_https://www.googleapis.com/auth/userinfo.email, SCOPE_https://www.googleapis.com/auth/userinfo.profile, SCOPE_openid]]
2025-04-18 10:30:32 [http-nio-8080-exec-5] [INFO] r.k.a.u.s.CheckAuthorizeService - checkAdmin: principal != null
2025-04-18 10:30:32 [http-nio-8080-exec-5] [INFO] r.k.a.u.s.CheckAuthorizeService - Principal is OAuth2AuthenticationToken
2025-04-18 10:30:32 [http-nio-8080-exec-5] [INFO] r.k.a.u.s.CheckAuthorizeService - Checking admin rights for email: passapdom@gmail.com
2025-04-18 10:30:32 [http-nio-8080-exec-5] [INFO] r.k.a.u.s.CheckAuthorizeService - User roles: [ADMIN]
2025-04-18 10:30:32 [http-nio-8080-exec-10] [DEBUG] o.s.security.web.FilterChainProxy - Securing GET /css/styles.css
2025-04-18 10:30:32 [http-nio-8080-exec-10] [DEBUG] o.s.s.w.c.HttpSessionSecurityContextRepository - Retrieved SecurityContextImpl [Authentication=OAuth2AuthenticationToken [Principal=Name: [107234087105093742255], Granted Authorities: [[OIDC_USER, SCOPE_https://www.googleapis.com/auth/userinfo.email, SCOPE_https://www.googleapis.com/auth/userinfo.profile, SCOPE_openid]], User Attributes: [{at_hash=QIn4N3UChPr1lEyVahXWIw, sub=107234087105093742255, email_verified=true, iss=https://accounts.google.com, given_name=Павел, nonce=rVB9z2VK3RkxPMY1aSpLXA1LTzfIhpKGnTKpjzpx7mE, picture=https://lh3.googleusercontent.com/a/ACg8ocJJoh9jonlTH61VWgvXCiXb0zCDjifGZZtZ30sCErS3N5ntDw=s96-c, aud=[909915657042-l07l5jl8r3v54r15k12hp7vev9dor6r7.apps.googleusercontent.com], azp=909915657042-l07l5jl8r3v54r15k12hp7vev9dor6r7.apps.googleusercontent.com, name=Павел Королев, exp=2025-04-18T08:25:26Z, family_name=Королев, iat=2025-04-18T07:25:26Z, email=passapdom@gmail.com}], Credentials=[PROTECTED], Authenticated=true, Details=WebAuthenticationDetails [RemoteIpAddress=0:0:0:0:0:0:0:1, SessionId=C6EED896D010ABE78F09743AF572D3F2], Granted Authorities=[OIDC_USER, SCOPE_https://www.googleapis.com/auth/userinfo.email, SCOPE_https://www.googleapis.com/auth/userinfo.profile, SCOPE_openid]]]
2025-04-18 10:30:32 [http-nio-8080-exec-10] [DEBUG] o.s.s.w.a.i.FilterSecurityInterceptor - Authorized filter invocation [GET /css/styles.css] with attributes [permitAll]
2025-04-18 10:30:32 [http-nio-8080-exec-10] [DEBUG] o.s.security.web.FilterChainProxy - Secured GET /css/styles.css
2025-04-18 10:30:32 [http-nio-8080-exec-9] [DEBUG] o.s.security.web.FilterChainProxy - Securing GET /img/logo_alliance.png
2025-04-18 10:30:32 [http-nio-8080-exec-4] [DEBUG] o.s.security.web.FilterChainProxy - Securing GET /images/tour/70efb4f2-568c-40d0-b39f-55ed0ccbc07e_00-Козельск.jpg
2025-04-18 10:30:32 [http-nio-8080-exec-4] [DEBUG] o.s.s.w.c.HttpSessionSecurityContextRepository - Retrieved SecurityContextImpl [Authentication=OAuth2AuthenticationToken [Principal=Name: [107234087105093742255], Granted Authorities: [[OIDC_USER, SCOPE_https://www.googleapis.com/auth/userinfo.email, SCOPE_https://www.googleapis.com/auth/userinfo.profile, SCOPE_openid]], User Attributes: [{at_hash=QIn4N3UChPr1lEyVahXWIw, sub=107234087105093742255, email_verified=true, iss=https://accounts.google.com, given_name=Павел, nonce=rVB9z2VK3RkxPMY1aSpLXA1LTzfIhpKGnTKpjzpx7mE, picture=https://lh3.googleusercontent.com/a/ACg8ocJJoh9jonlTH61VWgvXCiXb0zCDjifGZZtZ30sCErS3N5ntDw=s96-c, aud=[909915657042-l07l5jl8r3v54r15k12hp7vev9dor6r7.apps.googleusercontent.com], azp=909915657042-l07l5jl8r3v54r15k12hp7vev9dor6r7.apps.googleusercontent.com, name=Павел Королев, exp=2025-04-18T08:25:26Z, family_name=Королев, iat=2025-04-18T07:25:26Z, email=passapdom@gmail.com}], Credentials=[PROTECTED], Authenticated=true, Details=WebAuthenticationDetails [RemoteIpAddress=0:0:0:0:0:0:0:1, SessionId=C6EED896D010ABE78F09743AF572D3F2], Granted Authorities=[OIDC_USER, SCOPE_https://www.googleapis.com/auth/userinfo.email, SCOPE_https://www.googleapis.com/auth/userinfo.profile, SCOPE_openid]]]
2025-04-18 10:30:32 [http-nio-8080-exec-9] [DEBUG] o.s.s.w.c.HttpSessionSecurityContextRepository - Retrieved SecurityContextImpl [Authentication=OAuth2AuthenticationToken [Principal=Name: [107234087105093742255], Granted Authorities: [[OIDC_USER, SCOPE_https://www.googleapis.com/auth/userinfo.email, SCOPE_https://www.googleapis.com/auth/userinfo.profile, SCOPE_openid]], User Attributes: [{at_hash=QIn4N3UChPr1lEyVahXWIw, sub=107234087105093742255, email_verified=true, iss=https://accounts.google.com, given_name=Павел, nonce=rVB9z2VK3RkxPMY1aSpLXA1LTzfIhpKGnTKpjzpx7mE, picture=https://lh3.googleusercontent.com/a/ACg8ocJJoh9jonlTH61VWgvXCiXb0zCDjifGZZtZ30sCErS3N5ntDw=s96-c, aud=[909915657042-l07l5jl8r3v54r15k12hp7vev9dor6r7.apps.googleusercontent.com], azp=909915657042-l07l5jl8r3v54r15k12hp7vev9dor6r7.apps.googleusercontent.com, name=Павел Королев, exp=2025-04-18T08:25:26Z, family_name=Королев, iat=2025-04-18T07:25:26Z, email=passapdom@gmail.com}], Credentials=[PROTECTED], Authenticated=true, Details=WebAuthenticationDetails [RemoteIpAddress=0:0:0:0:0:0:0:1, SessionId=C6EED896D010ABE78F09743AF572D3F2], Granted Authorities=[OIDC_USER, SCOPE_https://www.googleapis.com/auth/userinfo.email, SCOPE_https://www.googleapis.com/auth/userinfo.profile, SCOPE_openid]]]
2025-04-18 10:30:32 [http-nio-8080-exec-9] [DEBUG] o.s.s.w.a.i.FilterSecurityInterceptor - Authorized filter invocation [GET /img/logo_alliance.png] with attributes [permitAll]
2025-04-18 10:30:32 [http-nio-8080-exec-4] [DEBUG] o.s.s.w.a.i.FilterSecurityInterceptor - Authorized filter invocation [GET /images/tour/70efb4f2-568c-40d0-b39f-55ed0ccbc07e_00-Козельск.jpg] with attributes [permitAll]
2025-04-18 10:30:32 [http-nio-8080-exec-4] [DEBUG] o.s.security.web.FilterChainProxy - Secured GET /images/tour/70efb4f2-568c-40d0-b39f-55ed0ccbc07e_00-Козельск.jpg
2025-04-18 10:30:32 [http-nio-8080-exec-9] [DEBUG] o.s.security.web.FilterChainProxy - Secured GET /img/logo_alliance.png
2025-04-18 10:30:32 [http-nio-8080-exec-6] [DEBUG] o.s.security.web.FilterChainProxy - Securing GET /images/tour/9a82b164-22ad-4d36-b819-c6f0b357f20e_01.jpg
2025-04-18 10:30:32 [http-nio-8080-exec-7] [DEBUG] o.s.security.web.FilterChainProxy - Securing GET /images/tour/ab411480-0960-49e0-851d-d9a6ee643bbf_photo_2024-12-23_22-18-02.jpg
2025-04-18 10:30:32 [http-nio-8080-exec-8] [DEBUG] o.s.security.web.FilterChainProxy - Securing GET /images/tour/2fda8126-ebe8-4ae8-8cc0-41fba6cc8428_photo_2024-12-23_22-18-01.jpg
2025-04-18 10:30:32 [http-nio-8080-exec-1] [DEBUG] o.s.security.web.FilterChainProxy - Securing GET /images/tour/414b0294-d609-404f-b29e-bce0b3a8dd2d_2.jpg
2025-04-18 10:30:32 [http-nio-8080-exec-8] [DEBUG] o.s.s.w.c.HttpSessionSecurityContextRepository - Retrieved SecurityContextImpl [Authentication=OAuth2AuthenticationToken [Principal=Name: [107234087105093742255], Granted Authorities: [[OIDC_USER, SCOPE_https://www.googleapis.com/auth/userinfo.email, SCOPE_https://www.googleapis.com/auth/userinfo.profile, SCOPE_openid]], User Attributes: [{at_hash=QIn4N3UChPr1lEyVahXWIw, sub=107234087105093742255, email_verified=true, iss=https://accounts.google.com, given_name=Павел, nonce=rVB9z2VK3RkxPMY1aSpLXA1LTzfIhpKGnTKpjzpx7mE, picture=https://lh3.googleusercontent.com/a/ACg8ocJJoh9jonlTH61VWgvXCiXb0zCDjifGZZtZ30sCErS3N5ntDw=s96-c, aud=[909915657042-l07l5jl8r3v54r15k12hp7vev9dor6r7.apps.googleusercontent.com], azp=909915657042-l07l5jl8r3v54r15k12hp7vev9dor6r7.apps.googleusercontent.com, name=Павел Королев, exp=2025-04-18T08:25:26Z, family_name=Королев, iat=2025-04-18T07:25:26Z, email=passapdom@gmail.com}], Credentials=[PROTECTED], Authenticated=true, Details=WebAuthenticationDetails [RemoteIpAddress=0:0:0:0:0:0:0:1, SessionId=C6EED896D010ABE78F09743AF572D3F2], Granted Authorities=[OIDC_USER, SCOPE_https://www.googleapis.com/auth/userinfo.email, SCOPE_https://www.googleapis.com/auth/userinfo.profile, SCOPE_openid]]]
2025-04-18 10:30:32 [http-nio-8080-exec-1] [DEBUG] o.s.s.w.c.HttpSessionSecurityContextRepository - Retrieved SecurityContextImpl [Authentication=OAuth2AuthenticationToken [Principal=Name: [107234087105093742255], Granted Authorities: [[OIDC_USER, SCOPE_https://www.googleapis.com/auth/userinfo.email, SCOPE_https://www.googleapis.com/auth/userinfo.profile, SCOPE_openid]], User Attributes: [{at_hash=QIn4N3UChPr1lEyVahXWIw, sub=107234087105093742255, email_verified=true, iss=https://accounts.google.com, given_name=Павел, nonce=rVB9z2VK3RkxPMY1aSpLXA1LTzfIhpKGnTKpjzpx7mE, picture=https://lh3.googleusercontent.com/a/ACg8ocJJoh9jonlTH61VWgvXCiXb0zCDjifGZZtZ30sCErS3N5ntDw=s96-c, aud=[909915657042-l07l5jl8r3v54r15k12hp7vev9dor6r7.apps.googleusercontent.com], azp=909915657042-l07l5jl8r3v54r15k12hp7vev9dor6r7.apps.googleusercontent.com, name=Павел Королев, exp=2025-04-18T08:25:26Z, family_name=Королев, iat=2025-04-18T07:25:26Z, email=passapdom@gmail.com}], Credentials=[PROTECTED], Authenticated=true, Details=WebAuthenticationDetails [RemoteIpAddress=0:0:0:0:0:0:0:1, SessionId=C6EED896D010ABE78F09743AF572D3F2], Granted Authorities=[OIDC_USER, SCOPE_https://www.googleapis.com/auth/userinfo.email, SCOPE_https://www.googleapis.com/auth/userinfo.profile, SCOPE_openid]]]
2025-04-18 10:30:32 [http-nio-8080-exec-7] [DEBUG] o.s.s.w.c.HttpSessionSecurityContextRepository - Retrieved SecurityContextImpl [Authentication=OAuth2AuthenticationToken [Principal=Name: [107234087105093742255], Granted Authorities: [[OIDC_USER, SCOPE_https://www.googleapis.com/auth/userinfo.email, SCOPE_https://www.googleapis.com/auth/userinfo.profile, SCOPE_openid]], User Attributes: [{at_hash=QIn4N3UChPr1lEyVahXWIw, sub=107234087105093742255, email_verified=true, iss=https://accounts.google.com, given_name=Павел, nonce=rVB9z2VK3RkxPMY1aSpLXA1LTzfIhpKGnTKpjzpx7mE, picture=https://lh3.googleusercontent.com/a/ACg8ocJJoh9jonlTH61VWgvXCiXb0zCDjifGZZtZ30sCErS3N5ntDw=s96-c, aud=[909915657042-l07l5jl8r3v54r15k12hp7vev9dor6r7.apps.googleusercontent.com], azp=909915657042-l07l5jl8r3v54r15k12hp7vev9dor6r7.apps.googleusercontent.com, name=Павел Королев, exp=2025-04-18T08:25:26Z, family_name=Королев, iat=2025-04-18T07:25:26Z, email=passapdom@gmail.com}], Credentials=[PROTECTED], Authenticated=true, Details=WebAuthenticationDetails [RemoteIpAddress=0:0:0:0:0:0:0:1, SessionId=C6EED896D010ABE78F09743AF572D3F2], Granted Authorities=[OIDC_USER, SCOPE_https://www.googleapis.com/auth/userinfo.email, SCOPE_https://www.googleapis.com/auth/userinfo.profile, SCOPE_openid]]]
2025-04-18 10:30:32 [http-nio-8080-exec-6] [DEBUG] o.s.s.w.c.HttpSessionSecurityContextRepository - Retrieved SecurityContextImpl [Authentication=OAuth2AuthenticationToken [Principal=Name: [107234087105093742255], Granted Authorities: [[OIDC_USER, SCOPE_https://www.googleapis.com/auth/userinfo.email, SCOPE_https://www.googleapis.com/auth/userinfo.profile, SCOPE_openid]], User Attributes: [{at_hash=QIn4N3UChPr1lEyVahXWIw, sub=107234087105093742255, email_verified=true, iss=https://accounts.google.com, given_name=Павел, nonce=rVB9z2VK3RkxPMY1aSpLXA1LTzfIhpKGnTKpjzpx7mE, picture=https://lh3.googleusercontent.com/a/ACg8ocJJoh9jonlTH61VWgvXCiXb0zCDjifGZZtZ30sCErS3N5ntDw=s96-c, aud=[909915657042-l07l5jl8r3v54r15k12hp7vev9dor6r7.apps.googleusercontent.com], azp=909915657042-l07l5jl8r3v54r15k12hp7vev9dor6r7.apps.googleusercontent.com, name=Павел Королев, exp=2025-04-18T08:25:26Z, family_name=Королев, iat=2025-04-18T07:25:26Z, email=passapdom@gmail.com}], Credentials=[PROTECTED], Authenticated=true, Details=WebAuthenticationDetails [RemoteIpAddress=0:0:0:0:0:0:0:1, SessionId=C6EED896D010ABE78F09743AF572D3F2], Granted Authorities=[OIDC_USER, SCOPE_https://www.googleapis.com/auth/userinfo.email, SCOPE_https://www.googleapis.com/auth/userinfo.profile, SCOPE_openid]]]
2025-04-18 10:30:32 [http-nio-8080-exec-8] [DEBUG] o.s.s.w.a.i.FilterSecurityInterceptor - Authorized filter invocation [GET /images/tour/2fda8126-ebe8-4ae8-8cc0-41fba6cc8428_photo_2024-12-23_22-18-01.jpg] with attributes [permitAll]
2025-04-18 10:30:32 [http-nio-8080-exec-6] [DEBUG] o.s.s.w.a.i.FilterSecurityInterceptor - Authorized filter invocation [GET /images/tour/9a82b164-22ad-4d36-b819-c6f0b357f20e_01.jpg] with attributes [permitAll]
2025-04-18 10:30:32 [http-nio-8080-exec-1] [DEBUG] o.s.s.w.a.i.FilterSecurityInterceptor - Authorized filter invocation [GET /images/tour/414b0294-d609-404f-b29e-bce0b3a8dd2d_2.jpg] with attributes [permitAll]
2025-04-18 10:30:32 [http-nio-8080-exec-7] [DEBUG] o.s.s.w.a.i.FilterSecurityInterceptor - Authorized filter invocation [GET /images/tour/ab411480-0960-49e0-851d-d9a6ee643bbf_photo_2024-12-23_22-18-02.jpg] with attributes [permitAll]
2025-04-18 10:30:32 [http-nio-8080-exec-6] [DEBUG] o.s.security.web.FilterChainProxy - Secured GET /images/tour/9a82b164-22ad-4d36-b819-c6f0b357f20e_01.jpg
2025-04-18 10:30:32 [http-nio-8080-exec-1] [DEBUG] o.s.security.web.FilterChainProxy - Secured GET /images/tour/414b0294-d609-404f-b29e-bce0b3a8dd2d_2.jpg
2025-04-18 10:30:32 [http-nio-8080-exec-8] [DEBUG] o.s.security.web.FilterChainProxy - Secured GET /images/tour/2fda8126-ebe8-4ae8-8cc0-41fba6cc8428_photo_2024-12-23_22-18-01.jpg
2025-04-18 10:30:32 [http-nio-8080-exec-7] [DEBUG] o.s.security.web.FilterChainProxy - Secured GET /images/tour/ab411480-0960-49e0-851d-d9a6ee643bbf_photo_2024-12-23_22-18-02.jpg
2025-04-18 10:35:10 [SpringApplicationShutdownHook] [INFO] o.s.o.j.LocalContainerEntityManagerFactoryBean - Closing JPA EntityManagerFactory for persistence unit 'default'
2025-04-18 10:35:10 [SpringApplicationShutdownHook] [INFO] com.zaxxer.hikari.HikariDataSource - HikariPool-1 - Shutdown initiated...
2025-04-18 10:35:10 [SpringApplicationShutdownHook] [INFO] com.zaxxer.hikari.HikariDataSource - HikariPool-1 - Shutdown completed.
2025-04-18 10:35:16 [background-preinit] [INFO] o.h.validator.internal.util.Version - HV000001: Hibernate Validator 8.0.1.Final
2025-04-18 10:35:16 [restartedMain] [INFO] r.k.alliance.AllianceApplication - Starting AllianceApplication using Java 23.0.1 with PID 22144 (C:\Users\Zver\Desktop\Projects\alliance\target\classes started by pavel in C:\Users\Zver\Desktop\Projects\alliance)
2025-04-18 10:35:16 [restartedMain] [INFO] r.k.alliance.AllianceApplication - No active profile set, falling back to 1 default profile: "default"
2025-04-18 10:35:16 [restartedMain] [INFO] o.s.b.d.e.DevToolsPropertyDefaultsPostProcessor - Devtools property defaults active! Set 'spring.devtools.add-properties' to 'false' to disable
2025-04-18 10:35:16 [restartedMain] [INFO] o.s.b.d.e.DevToolsPropertyDefaultsPostProcessor - For additional web related logging consider setting the 'logging.level.web' property to 'DEBUG'
2025-04-18 10:35:17 [restartedMain] [INFO] o.s.d.r.c.RepositoryConfigurationDelegate - Bootstrapping Spring Data JPA repositories in DEFAULT mode.
2025-04-18 10:35:17 [restartedMain] [INFO] o.s.d.r.c.RepositoryConfigurationDelegate - Finished Spring Data repository scanning in 103 ms. Found 11 JPA repository interfaces.
2025-04-18 10:35:18 [restartedMain] [INFO] o.s.b.w.e.tomcat.TomcatWebServer - Tomcat initialized with port 8080 (http)
2025-04-18 10:35:18 [restartedMain] [INFO] o.a.coyote.http11.Http11NioProtocol - Initializing ProtocolHandler ["http-nio-8080"]
2025-04-18 10:35:18 [restartedMain] [INFO] o.a.catalina.core.StandardService - Starting service [Tomcat]
2025-04-18 10:35:18 [restartedMain] [INFO] o.a.catalina.core.StandardEngine - Starting Servlet engine: [Apache Tomcat/10.1.31]
2025-04-18 10:35:18 [restartedMain] [INFO] o.a.c.c.C.[Tomcat].[localhost].[/] - Initializing Spring embedded WebApplicationContext
2025-04-18 10:35:18 [restartedMain] [INFO] o.s.b.w.s.c.ServletWebServerApplicationContext - Root WebApplicationContext: initialization completed in 2545 ms
2025-04-18 10:35:19 [restartedMain] [INFO] com.zaxxer.hikari.HikariDataSource - HikariPool-1 - Starting...
2025-04-18 10:35:19 [restartedMain] [INFO] com.zaxxer.hikari.pool.HikariPool - HikariPool-1 - Added connection org.postgresql.jdbc.PgConnection@18281693
2025-04-18 10:35:19 [restartedMain] [INFO] com.zaxxer.hikari.HikariDataSource - HikariPool-1 - Start completed.
2025-04-18 10:35:19 [restartedMain] [INFO] o.h.jpa.internal.util.LogHelper - HHH000204: Processing PersistenceUnitInfo [name: default]
2025-04-18 10:35:19 [restartedMain] [INFO] org.hibernate.Version - HHH000412: Hibernate ORM core version 6.5.3.Final
2025-04-18 10:35:19 [restartedMain] [INFO] o.h.c.i.RegionFactoryInitiator - HHH000026: Second-level cache disabled
2025-04-18 10:35:19 [restartedMain] [INFO] o.s.o.j.p.SpringPersistenceUnitInfo - No LoadTimeWeaver setup: ignoring JPA class transformer
2025-04-18 10:35:21 [restartedMain] [INFO] o.h.e.t.j.p.i.JtaPlatformInitiator - HHH000489: No JTA platform available (set 'hibernate.transaction.jta.platform' to enable JTA platform integration)
2025-04-18 10:35:21 [restartedMain] [INFO] o.s.o.j.LocalContainerEntityManagerFactoryBean - Initialized JPA EntityManagerFactory for persistence unit 'default'
2025-04-18 10:35:21 [restartedMain] [INFO] o.s.d.j.r.query.QueryEnhancerFactory - Hibernate is in classpath; If applicable, HQL parser will be used.
2025-04-18 10:35:23 [restartedMain] [WARN] o.s.b.a.o.j.JpaBaseConfiguration$JpaWebConfiguration - spring.jpa.open-in-view is enabled by default. Therefore, database queries may be performed during view rendering. Explicitly configure spring.jpa.open-in-view to disable this warning
2025-04-18 10:35:23 [restartedMain] [INFO] o.s.s.c.a.a.c.InitializeUserDetailsBeanManagerConfigurer$InitializeUserDetailsManagerConfigurer - Global AuthenticationManager configured with UserDetailsService bean with name myUserDetailsService
2025-04-18 10:35:23 [restartedMain] [INFO] o.s.b.a.e.web.EndpointLinksResolver - Exposing 1 endpoint beneath base path '/actuator'
2025-04-18 10:35:23 [restartedMain] [DEBUG] o.s.s.w.a.e.ExpressionBasedFilterInvocationSecurityMetadataSource - Adding web access control expression [permitAll] for ExactUrl [processUrl='/login?error']
2025-04-18 10:35:23 [restartedMain] [DEBUG] o.s.s.w.a.e.ExpressionBasedFilterInvocationSecurityMetadataSource - Adding web access control expression [permitAll] for ExactUrl [processUrl='/login']
2025-04-18 10:35:23 [restartedMain] [DEBUG] o.s.s.w.a.e.ExpressionBasedFilterInvocationSecurityMetadataSource - Adding web access control expression [permitAll] for ExactUrl [processUrl='/login']
2025-04-18 10:35:23 [restartedMain] [DEBUG] o.s.s.w.a.e.ExpressionBasedFilterInvocationSecurityMetadataSource - Adding web access control expression [permitAll] for Ant [pattern='/logout', POST]
2025-04-18 10:35:23 [restartedMain] [DEBUG] o.s.s.w.a.e.ExpressionBasedFilterInvocationSecurityMetadataSource - Adding web access control expression [permitAll] for ExactUrl [processUrl='/realty']
2025-04-18 10:35:23 [restartedMain] [DEBUG] o.s.s.w.a.e.ExpressionBasedFilterInvocationSecurityMetadataSource - Adding web access control expression [authenticated] for Deferred [Mvc [pattern='/realty/new'], Ant [pattern='/realty/new']]
2025-04-18 10:35:23 [restartedMain] [DEBUG] o.s.s.w.a.e.ExpressionBasedFilterInvocationSecurityMetadataSource - Adding web access control expression [authenticated] for Deferred [Mvc [pattern='/realty/edit/**'], Ant [pattern='/realty/edit/**']]
2025-04-18 10:35:23 [restartedMain] [DEBUG] o.s.s.w.a.e.ExpressionBasedFilterInvocationSecurityMetadataSource - Adding web access control expression [authenticated] for Deferred [Mvc [pattern='/realty/delete/**'], Ant [pattern='/realty/delete/**']]
2025-04-18 10:35:23 [restartedMain] [DEBUG] o.s.s.w.a.e.ExpressionBasedFilterInvocationSecurityMetadataSource - Adding web access control expression [permitAll] for any request
2025-04-18 10:35:23 [restartedMain] [DEBUG] o.s.s.web.DefaultSecurityFilterChain - Will secure any request with filters: DisableEncodeUrlFilter, WebAsyncManagerIntegrationFilter, SecurityContextHolderFilter, HeaderWriterFilter, CsrfFilter, LogoutFilter, OAuth2AuthorizationRequestRedirectFilter, OAuth2LoginAuthenticationFilter, UsernamePasswordAuthenticationFilter, ConcurrentSessionFilter, RequestCacheAwareFilter, SecurityContextHolderAwareRequestFilter, AnonymousAuthenticationFilter, SessionManagementFilter, ExceptionTranslationFilter, FilterSecurityInterceptor
2025-04-18 10:35:24 [restartedMain] [INFO] o.s.b.d.a.OptionalLiveReloadServer - LiveReload server is running on port 35729
2025-04-18 10:35:24 [restartedMain] [INFO] o.a.coyote.http11.Http11NioProtocol - Starting ProtocolHandler ["http-nio-8080"]
2025-04-18 10:35:24 [restartedMain] [INFO] o.s.b.w.e.tomcat.TomcatWebServer - Tomcat started on port 8080 (http) with context path '/'
2025-04-18 10:35:24 [restartedMain] [INFO] r.k.alliance.AllianceApplication - Started AllianceApplication in 9.017 seconds (process running for 10.971)
2025-04-18 10:35:24 [http-nio-8080-exec-1] [INFO] o.a.c.c.C.[Tomcat].[localhost].[/] - Initializing Spring DispatcherServlet 'dispatcherServlet'
2025-04-18 10:35:24 [http-nio-8080-exec-1] [INFO] o.s.web.servlet.DispatcherServlet - Initializing Servlet 'dispatcherServlet'
2025-04-18 10:35:24 [http-nio-8080-exec-1] [INFO] o.s.web.servlet.DispatcherServlet - Completed initialization in 2 ms
2025-04-18 10:35:24 [http-nio-8080-exec-1] [DEBUG] o.s.security.web.FilterChainProxy - Securing GET /excursion/tour/7
2025-04-18 10:35:24 [http-nio-8080-exec-1] [DEBUG] o.s.s.w.c.HttpSessionSecurityContextRepository - Retrieved SecurityContextImpl [Authentication=OAuth2AuthenticationToken [Principal=Name: [107234087105093742255], Granted Authorities: [[OIDC_USER, SCOPE_https://www.googleapis.com/auth/userinfo.email, SCOPE_https://www.googleapis.com/auth/userinfo.profile, SCOPE_openid]], User Attributes: [{at_hash=QIn4N3UChPr1lEyVahXWIw, sub=107234087105093742255, email_verified=true, iss=https://accounts.google.com, given_name=Павел, nonce=rVB9z2VK3RkxPMY1aSpLXA1LTzfIhpKGnTKpjzpx7mE, picture=https://lh3.googleusercontent.com/a/ACg8ocJJoh9jonlTH61VWgvXCiXb0zCDjifGZZtZ30sCErS3N5ntDw=s96-c, aud=[909915657042-l07l5jl8r3v54r15k12hp7vev9dor6r7.apps.googleusercontent.com], azp=909915657042-l07l5jl8r3v54r15k12hp7vev9dor6r7.apps.googleusercontent.com, name=Павел Королев, exp=2025-04-18T08:25:26Z, family_name=Королев, iat=2025-04-18T07:25:26Z, email=passapdom@gmail.com}], Credentials=[PROTECTED], Authenticated=true, Details=WebAuthenticationDetails [RemoteIpAddress=0:0:0:0:0:0:0:1, SessionId=C6EED896D010ABE78F09743AF572D3F2], Granted Authorities=[OIDC_USER, SCOPE_https://www.googleapis.com/auth/userinfo.email, SCOPE_https://www.googleapis.com/auth/userinfo.profile, SCOPE_openid]]]
2025-04-18 10:35:24 [http-nio-8080-exec-1] [DEBUG] o.s.s.w.a.i.FilterSecurityInterceptor - Authorized filter invocation [GET /excursion/tour/7] with attributes [permitAll]
2025-04-18 10:35:24 [http-nio-8080-exec-1] [DEBUG] o.s.security.web.FilterChainProxy - Secured GET /excursion/tour/7
2025-04-18 10:35:24 [http-nio-8080-exec-1] [INFO] r.k.a.u.s.CheckAuthorizeService - checkAdmin is starting, principal: OAuth2AuthenticationToken [Principal=Name: [107234087105093742255], Granted Authorities: [[OIDC_USER, SCOPE_https://www.googleapis.com/auth/userinfo.email, SCOPE_https://www.googleapis.com/auth/userinfo.profile, SCOPE_openid]], User Attributes: [{at_hash=QIn4N3UChPr1lEyVahXWIw, sub=107234087105093742255, email_verified=true, iss=https://accounts.google.com, given_name=Павел, nonce=rVB9z2VK3RkxPMY1aSpLXA1LTzfIhpKGnTKpjzpx7mE, picture=https://lh3.googleusercontent.com/a/ACg8ocJJoh9jonlTH61VWgvXCiXb0zCDjifGZZtZ30sCErS3N5ntDw=s96-c, aud=[909915657042-l07l5jl8r3v54r15k12hp7vev9dor6r7.apps.googleusercontent.com], azp=909915657042-l07l5jl8r3v54r15k12hp7vev9dor6r7.apps.googleusercontent.com, name=Павел Королев, exp=2025-04-18T08:25:26Z, family_name=Королев, iat=2025-04-18T07:25:26Z, email=passapdom@gmail.com}], Credentials=[PROTECTED], Authenticated=true, Details=WebAuthenticationDetails [RemoteIpAddress=0:0:0:0:0:0:0:1, SessionId=C6EED896D010ABE78F09743AF572D3F2], Granted Authorities=[OIDC_USER, SCOPE_https://www.googleapis.com/auth/userinfo.email, SCOPE_https://www.googleapis.com/auth/userinfo.profile, SCOPE_openid]]
2025-04-18 10:35:24 [http-nio-8080-exec-1] [INFO] r.k.a.u.s.CheckAuthorizeService - checkAdmin: principal != null
2025-04-18 10:35:24 [http-nio-8080-exec-1] [INFO] r.k.a.u.s.CheckAuthorizeService - Principal is OAuth2AuthenticationToken
2025-04-18 10:35:24 [http-nio-8080-exec-1] [INFO] r.k.a.u.s.CheckAuthorizeService - Checking admin rights for email: passapdom@gmail.com
2025-04-18 10:35:24 [http-nio-8080-exec-1] [INFO] r.k.a.u.s.CheckAuthorizeService - User roles: [ADMIN]
2025-04-18 10:35:25 [http-nio-8080-exec-2] [DEBUG] o.s.security.web.FilterChainProxy - Securing GET /css/styles.css
2025-04-18 10:35:25 [http-nio-8080-exec-2] [DEBUG] o.s.s.w.c.HttpSessionSecurityContextRepository - Retrieved SecurityContextImpl [Authentication=OAuth2AuthenticationToken [Principal=Name: [107234087105093742255], Granted Authorities: [[OIDC_USER, SCOPE_https://www.googleapis.com/auth/userinfo.email, SCOPE_https://www.googleapis.com/auth/userinfo.profile, SCOPE_openid]], User Attributes: [{at_hash=QIn4N3UChPr1lEyVahXWIw, sub=107234087105093742255, email_verified=true, iss=https://accounts.google.com, given_name=Павел, nonce=rVB9z2VK3RkxPMY1aSpLXA1LTzfIhpKGnTKpjzpx7mE, picture=https://lh3.googleusercontent.com/a/ACg8ocJJoh9jonlTH61VWgvXCiXb0zCDjifGZZtZ30sCErS3N5ntDw=s96-c, aud=[909915657042-l07l5jl8r3v54r15k12hp7vev9dor6r7.apps.googleusercontent.com], azp=909915657042-l07l5jl8r3v54r15k12hp7vev9dor6r7.apps.googleusercontent.com, name=Павел Королев, exp=2025-04-18T08:25:26Z, family_name=Королев, iat=2025-04-18T07:25:26Z, email=passapdom@gmail.com}], Credentials=[PROTECTED], Authenticated=true, Details=WebAuthenticationDetails [RemoteIpAddress=0:0:0:0:0:0:0:1, SessionId=C6EED896D010ABE78F09743AF572D3F2], Granted Authorities=[OIDC_USER, SCOPE_https://www.googleapis.com/auth/userinfo.email, SCOPE_https://www.googleapis.com/auth/userinfo.profile, SCOPE_openid]]]
2025-04-18 10:35:25 [http-nio-8080-exec-2] [DEBUG] o.s.s.w.a.i.FilterSecurityInterceptor - Authorized filter invocation [GET /css/styles.css] with attributes [permitAll]
2025-04-18 10:35:25 [http-nio-8080-exec-2] [DEBUG] o.s.security.web.FilterChainProxy - Secured GET /css/styles.css
2025-04-18 10:35:25 [http-nio-8080-exec-3] [DEBUG] o.s.security.web.FilterChainProxy - Securing GET /img/logo_alliance.png
2025-04-18 10:35:25 [http-nio-8080-exec-3] [DEBUG] o.s.s.w.c.HttpSessionSecurityContextRepository - Retrieved SecurityContextImpl [Authentication=OAuth2AuthenticationToken [Principal=Name: [107234087105093742255], Granted Authorities: [[OIDC_USER, SCOPE_https://www.googleapis.com/auth/userinfo.email, SCOPE_https://www.googleapis.com/auth/userinfo.profile, SCOPE_openid]], User Attributes: [{at_hash=QIn4N3UChPr1lEyVahXWIw, sub=107234087105093742255, email_verified=true, iss=https://accounts.google.com, given_name=Павел, nonce=rVB9z2VK3RkxPMY1aSpLXA1LTzfIhpKGnTKpjzpx7mE, picture=https://lh3.googleusercontent.com/a/ACg8ocJJoh9jonlTH61VWgvXCiXb0zCDjifGZZtZ30sCErS3N5ntDw=s96-c, aud=[909915657042-l07l5jl8r3v54r15k12hp7vev9dor6r7.apps.googleusercontent.com], azp=909915657042-l07l5jl8r3v54r15k12hp7vev9dor6r7.apps.googleusercontent.com, name=Павел Королев, exp=2025-04-18T08:25:26Z, family_name=Королев, iat=2025-04-18T07:25:26Z, email=passapdom@gmail.com}], Credentials=[PROTECTED], Authenticated=true, Details=WebAuthenticationDetails [RemoteIpAddress=0:0:0:0:0:0:0:1, SessionId=C6EED896D010ABE78F09743AF572D3F2], Granted Authorities=[OIDC_USER, SCOPE_https://www.googleapis.com/auth/userinfo.email, SCOPE_https://www.googleapis.com/auth/userinfo.profile, SCOPE_openid]]]
2025-04-18 10:35:25 [http-nio-8080-exec-3] [DEBUG] o.s.s.w.a.i.FilterSecurityInterceptor - Authorized filter invocation [GET /img/logo_alliance.png] with attributes [permitAll]
2025-04-18 10:35:25 [http-nio-8080-exec-3] [DEBUG] o.s.security.web.FilterChainProxy - Secured GET /img/logo_alliance.png
2025-04-18 10:35:25 [http-nio-8080-exec-5] [DEBUG] o.s.security.web.FilterChainProxy - Securing GET /images/tour/9a82b164-22ad-4d36-b819-c6f0b357f20e_01.jpg
2025-04-18 10:35:25 [http-nio-8080-exec-6] [DEBUG] o.s.security.web.FilterChainProxy - Securing GET /images/tour/2fda8126-ebe8-4ae8-8cc0-41fba6cc8428_photo_2024-12-23_22-18-01.jpg
2025-04-18 10:35:25 [http-nio-8080-exec-6] [DEBUG] o.s.s.w.c.HttpSessionSecurityContextRepository - Retrieved SecurityContextImpl [Authentication=OAuth2AuthenticationToken [Principal=Name: [107234087105093742255], Granted Authorities: [[OIDC_USER, SCOPE_https://www.googleapis.com/auth/userinfo.email, SCOPE_https://www.googleapis.com/auth/userinfo.profile, SCOPE_openid]], User Attributes: [{at_hash=QIn4N3UChPr1lEyVahXWIw, sub=107234087105093742255, email_verified=true, iss=https://accounts.google.com, given_name=Павел, nonce=rVB9z2VK3RkxPMY1aSpLXA1LTzfIhpKGnTKpjzpx7mE, picture=https://lh3.googleusercontent.com/a/ACg8ocJJoh9jonlTH61VWgvXCiXb0zCDjifGZZtZ30sCErS3N5ntDw=s96-c, aud=[909915657042-l07l5jl8r3v54r15k12hp7vev9dor6r7.apps.googleusercontent.com], azp=909915657042-l07l5jl8r3v54r15k12hp7vev9dor6r7.apps.googleusercontent.com, name=Павел Королев, exp=2025-04-18T08:25:26Z, family_name=Королев, iat=2025-04-18T07:25:26Z, email=passapdom@gmail.com}], Credentials=[PROTECTED], Authenticated=true, Details=WebAuthenticationDetails [RemoteIpAddress=0:0:0:0:0:0:0:1, SessionId=C6EED896D010ABE78F09743AF572D3F2], Granted Authorities=[OIDC_USER, SCOPE_https://www.googleapis.com/auth/userinfo.email, SCOPE_https://www.googleapis.com/auth/userinfo.profile, SCOPE_openid]]]
2025-04-18 10:35:25 [http-nio-8080-exec-8] [DEBUG] o.s.security.web.FilterChainProxy - Securing GET /images/tour/414b0294-d609-404f-b29e-bce0b3a8dd2d_2.jpg
2025-04-18 10:35:25 [http-nio-8080-exec-6] [DEBUG] o.s.s.w.a.i.FilterSecurityInterceptor - Authorized filter invocation [GET /images/tour/2fda8126-ebe8-4ae8-8cc0-41fba6cc8428_photo_2024-12-23_22-18-01.jpg] with attributes [permitAll]
2025-04-18 10:35:25 [http-nio-8080-exec-6] [DEBUG] o.s.security.web.FilterChainProxy - Secured GET /images/tour/2fda8126-ebe8-4ae8-8cc0-41fba6cc8428_photo_2024-12-23_22-18-01.jpg
2025-04-18 10:35:25 [http-nio-8080-exec-4] [DEBUG] o.s.security.web.FilterChainProxy - Securing GET /images/tour/70efb4f2-568c-40d0-b39f-55ed0ccbc07e_00-Козельск.jpg
2025-04-18 10:35:25 [http-nio-8080-exec-5] [DEBUG] o.s.s.w.c.HttpSessionSecurityContextRepository - Retrieved SecurityContextImpl [Authentication=OAuth2AuthenticationToken [Principal=Name: [107234087105093742255], Granted Authorities: [[OIDC_USER, SCOPE_https://www.googleapis.com/auth/userinfo.email, SCOPE_https://www.googleapis.com/auth/userinfo.profile, SCOPE_openid]], User Attributes: [{at_hash=QIn4N3UChPr1lEyVahXWIw, sub=107234087105093742255, email_verified=true, iss=https://accounts.google.com, given_name=Павел, nonce=rVB9z2VK3RkxPMY1aSpLXA1LTzfIhpKGnTKpjzpx7mE, picture=https://lh3.googleusercontent.com/a/ACg8ocJJoh9jonlTH61VWgvXCiXb0zCDjifGZZtZ30sCErS3N5ntDw=s96-c, aud=[909915657042-l07l5jl8r3v54r15k12hp7vev9dor6r7.apps.googleusercontent.com], azp=909915657042-l07l5jl8r3v54r15k12hp7vev9dor6r7.apps.googleusercontent.com, name=Павел Королев, exp=2025-04-18T08:25:26Z, family_name=Королев, iat=2025-04-18T07:25:26Z, email=passapdom@gmail.com}], Credentials=[PROTECTED], Authenticated=true, Details=WebAuthenticationDetails [RemoteIpAddress=0:0:0:0:0:0:0:1, SessionId=C6EED896D010ABE78F09743AF572D3F2], Granted Authorities=[OIDC_USER, SCOPE_https://www.googleapis.com/auth/userinfo.email, SCOPE_https://www.googleapis.com/auth/userinfo.profile, SCOPE_openid]]]
2025-04-18 10:35:25 [http-nio-8080-exec-7] [DEBUG] o.s.security.web.FilterChainProxy - Securing GET /images/tour/ab411480-0960-49e0-851d-d9a6ee643bbf_photo_2024-12-23_22-18-02.jpg
2025-04-18 10:35:25 [http-nio-8080-exec-5] [DEBUG] o.s.s.w.a.i.FilterSecurityInterceptor - Authorized filter invocation [GET /images/tour/9a82b164-22ad-4d36-b819-c6f0b357f20e_01.jpg] with attributes [permitAll]
2025-04-18 10:35:25 [http-nio-8080-exec-5] [DEBUG] o.s.security.web.FilterChainProxy - Secured GET /images/tour/9a82b164-22ad-4d36-b819-c6f0b357f20e_01.jpg
2025-04-18 10:35:25 [http-nio-8080-exec-8] [DEBUG] o.s.s.w.c.HttpSessionSecurityContextRepository - Retrieved SecurityContextImpl [Authentication=OAuth2AuthenticationToken [Principal=Name: [107234087105093742255], Granted Authorities: [[OIDC_USER, SCOPE_https://www.googleapis.com/auth/userinfo.email, SCOPE_https://www.googleapis.com/auth/userinfo.profile, SCOPE_openid]], User Attributes: [{at_hash=QIn4N3UChPr1lEyVahXWIw, sub=107234087105093742255, email_verified=true, iss=https://accounts.google.com, given_name=Павел, nonce=rVB9z2VK3RkxPMY1aSpLXA1LTzfIhpKGnTKpjzpx7mE, picture=https://lh3.googleusercontent.com/a/ACg8ocJJoh9jonlTH61VWgvXCiXb0zCDjifGZZtZ30sCErS3N5ntDw=s96-c, aud=[909915657042-l07l5jl8r3v54r15k12hp7vev9dor6r7.apps.googleusercontent.com], azp=909915657042-l07l5jl8r3v54r15k12hp7vev9dor6r7.apps.googleusercontent.com, name=Павел Королев, exp=2025-04-18T08:25:26Z, family_name=Королев, iat=2025-04-18T07:25:26Z, email=passapdom@gmail.com}], Credentials=[PROTECTED], Authenticated=true, Details=WebAuthenticationDetails [RemoteIpAddress=0:0:0:0:0:0:0:1, SessionId=C6EED896D010ABE78F09743AF572D3F2], Granted Authorities=[OIDC_USER, SCOPE_https://www.googleapis.com/auth/userinfo.email, SCOPE_https://www.googleapis.com/auth/userinfo.profile, SCOPE_openid]]]
2025-04-18 10:35:25 [http-nio-8080-exec-7] [DEBUG] o.s.s.w.c.HttpSessionSecurityContextRepository - Retrieved SecurityContextImpl [Authentication=OAuth2AuthenticationToken [Principal=Name: [107234087105093742255], Granted Authorities: [[OIDC_USER, SCOPE_https://www.googleapis.com/auth/userinfo.email, SCOPE_https://www.googleapis.com/auth/userinfo.profile, SCOPE_openid]], User Attributes: [{at_hash=QIn4N3UChPr1lEyVahXWIw, sub=107234087105093742255, email_verified=true, iss=https://accounts.google.com, given_name=Павел, nonce=rVB9z2VK3RkxPMY1aSpLXA1LTzfIhpKGnTKpjzpx7mE, picture=https://lh3.googleusercontent.com/a/ACg8ocJJoh9jonlTH61VWgvXCiXb0zCDjifGZZtZ30sCErS3N5ntDw=s96-c, aud=[909915657042-l07l5jl8r3v54r15k12hp7vev9dor6r7.apps.googleusercontent.com], azp=909915657042-l07l5jl8r3v54r15k12hp7vev9dor6r7.apps.googleusercontent.com, name=Павел Королев, exp=2025-04-18T08:25:26Z, family_name=Королев, iat=2025-04-18T07:25:26Z, email=passapdom@gmail.com}], Credentials=[PROTECTED], Authenticated=true, Details=WebAuthenticationDetails [RemoteIpAddress=0:0:0:0:0:0:0:1, SessionId=C6EED896D010ABE78F09743AF572D3F2], Granted Authorities=[OIDC_USER, SCOPE_https://www.googleapis.com/auth/userinfo.email, SCOPE_https://www.googleapis.com/auth/userinfo.profile, SCOPE_openid]]]
2025-04-18 10:35:25 [http-nio-8080-exec-7] [DEBUG] o.s.s.w.a.i.FilterSecurityInterceptor - Authorized filter invocation [GET /images/tour/ab411480-0960-49e0-851d-d9a6ee643bbf_photo_2024-12-23_22-18-02.jpg] with attributes [permitAll]
2025-04-18 10:35:25 [http-nio-8080-exec-7] [DEBUG] o.s.security.web.FilterChainProxy - Secured GET /images/tour/ab411480-0960-49e0-851d-d9a6ee643bbf_photo_2024-12-23_22-18-02.jpg
2025-04-18 10:35:25 [http-nio-8080-exec-8] [DEBUG] o.s.s.w.a.i.FilterSecurityInterceptor - Authorized filter invocation [GET /images/tour/414b0294-d609-404f-b29e-bce0b3a8dd2d_2.jpg] with attributes [permitAll]
2025-04-18 10:35:25 [http-nio-8080-exec-8] [DEBUG] o.s.security.web.FilterChainProxy - Secured GET /images/tour/414b0294-d609-404f-b29e-bce0b3a8dd2d_2.jpg
2025-04-18 10:35:25 [http-nio-8080-exec-4] [DEBUG] o.s.s.w.c.HttpSessionSecurityContextRepository - Retrieved SecurityContextImpl [Authentication=OAuth2AuthenticationToken [Principal=Name: [107234087105093742255], Granted Authorities: [[OIDC_USER, SCOPE_https://www.googleapis.com/auth/userinfo.email, SCOPE_https://www.googleapis.com/auth/userinfo.profile, SCOPE_openid]], User Attributes: [{at_hash=QIn4N3UChPr1lEyVahXWIw, sub=107234087105093742255, email_verified=true, iss=https://accounts.google.com, given_name=Павел, nonce=rVB9z2VK3RkxPMY1aSpLXA1LTzfIhpKGnTKpjzpx7mE, picture=https://lh3.googleusercontent.com/a/ACg8ocJJoh9jonlTH61VWgvXCiXb0zCDjifGZZtZ30sCErS3N5ntDw=s96-c, aud=[909915657042-l07l5jl8r3v54r15k12hp7vev9dor6r7.apps.googleusercontent.com], azp=909915657042-l07l5jl8r3v54r15k12hp7vev9dor6r7.apps.googleusercontent.com, name=Павел Королев, exp=2025-04-18T08:25:26Z, family_name=Королев, iat=2025-04-18T07:25:26Z, email=passapdom@gmail.com}], Credentials=[PROTECTED], Authenticated=true, Details=WebAuthenticationDetails [RemoteIpAddress=0:0:0:0:0:0:0:1, SessionId=C6EED896D010ABE78F09743AF572D3F2], Granted Authorities=[OIDC_USER, SCOPE_https://www.googleapis.com/auth/userinfo.email, SCOPE_https://www.googleapis.com/auth/userinfo.profile, SCOPE_openid]]]
2025-04-18 10:35:25 [http-nio-8080-exec-4] [DEBUG] o.s.s.w.a.i.FilterSecurityInterceptor - Authorized filter invocation [GET /images/tour/70efb4f2-568c-40d0-b39f-55ed0ccbc07e_00-Козельск.jpg] with attributes [permitAll]
2025-04-18 10:35:25 [http-nio-8080-exec-4] [DEBUG] o.s.security.web.FilterChainProxy - Secured GET /images/tour/70efb4f2-568c-40d0-b39f-55ed0ccbc07e_00-Козельск.jpg
2025-04-18 10:35:27 [http-nio-8080-exec-9] [DEBUG] o.s.security.web.FilterChainProxy - Securing GET /excursion
2025-04-18 10:35:27 [http-nio-8080-exec-9] [DEBUG] o.s.s.w.c.HttpSessionSecurityContextRepository - Retrieved SecurityContextImpl [Authentication=OAuth2AuthenticationToken [Principal=Name: [107234087105093742255], Granted Authorities: [[OIDC_USER, SCOPE_https://www.googleapis.com/auth/userinfo.email, SCOPE_https://www.googleapis.com/auth/userinfo.profile, SCOPE_openid]], User Attributes: [{at_hash=QIn4N3UChPr1lEyVahXWIw, sub=107234087105093742255, email_verified=true, iss=https://accounts.google.com, given_name=Павел, nonce=rVB9z2VK3RkxPMY1aSpLXA1LTzfIhpKGnTKpjzpx7mE, picture=https://lh3.googleusercontent.com/a/ACg8ocJJoh9jonlTH61VWgvXCiXb0zCDjifGZZtZ30sCErS3N5ntDw=s96-c, aud=[909915657042-l07l5jl8r3v54r15k12hp7vev9dor6r7.apps.googleusercontent.com], azp=909915657042-l07l5jl8r3v54r15k12hp7vev9dor6r7.apps.googleusercontent.com, name=Павел Королев, exp=2025-04-18T08:25:26Z, family_name=Королев, iat=2025-04-18T07:25:26Z, email=passapdom@gmail.com}], Credentials=[PROTECTED], Authenticated=true, Details=WebAuthenticationDetails [RemoteIpAddress=0:0:0:0:0:0:0:1, SessionId=C6EED896D010ABE78F09743AF572D3F2], Granted Authorities=[OIDC_USER, SCOPE_https://www.googleapis.com/auth/userinfo.email, SCOPE_https://www.googleapis.com/auth/userinfo.profile, SCOPE_openid]]]
2025-04-18 10:35:27 [http-nio-8080-exec-9] [DEBUG] o.s.s.w.a.i.FilterSecurityInterceptor - Authorized filter invocation [GET /excursion] with attributes [permitAll]
2025-04-18 10:35:27 [http-nio-8080-exec-9] [DEBUG] o.s.security.web.FilterChainProxy - Secured GET /excursion
2025-04-18 10:35:27 [http-nio-8080-exec-9] [INFO] r.k.a.u.s.CheckAuthorizeService - checkAdmin is starting, principal: OAuth2AuthenticationToken [Principal=Name: [107234087105093742255], Granted Authorities: [[OIDC_USER, SCOPE_https://www.googleapis.com/auth/userinfo.email, SCOPE_https://www.googleapis.com/auth/userinfo.profile, SCOPE_openid]], User Attributes: [{at_hash=QIn4N3UChPr1lEyVahXWIw, sub=107234087105093742255, email_verified=true, iss=https://accounts.google.com, given_name=Павел, nonce=rVB9z2VK3RkxPMY1aSpLXA1LTzfIhpKGnTKpjzpx7mE, picture=https://lh3.googleusercontent.com/a/ACg8ocJJoh9jonlTH61VWgvXCiXb0zCDjifGZZtZ30sCErS3N5ntDw=s96-c, aud=[909915657042-l07l5jl8r3v54r15k12hp7vev9dor6r7.apps.googleusercontent.com], azp=909915657042-l07l5jl8r3v54r15k12hp7vev9dor6r7.apps.googleusercontent.com, name=Павел Королев, exp=2025-04-18T08:25:26Z, family_name=Королев, iat=2025-04-18T07:25:26Z, email=passapdom@gmail.com}], Credentials=[PROTECTED], Authenticated=true, Details=WebAuthenticationDetails [RemoteIpAddress=0:0:0:0:0:0:0:1, SessionId=C6EED896D010ABE78F09743AF572D3F2], Granted Authorities=[OIDC_USER, SCOPE_https://www.googleapis.com/auth/userinfo.email, SCOPE_https://www.googleapis.com/auth/userinfo.profile, SCOPE_openid]]
2025-04-18 10:35:27 [http-nio-8080-exec-9] [INFO] r.k.a.u.s.CheckAuthorizeService - checkAdmin: principal != null
2025-04-18 10:35:27 [http-nio-8080-exec-9] [INFO] r.k.a.u.s.CheckAuthorizeService - Principal is OAuth2AuthenticationToken
2025-04-18 10:35:27 [http-nio-8080-exec-9] [INFO] r.k.a.u.s.CheckAuthorizeService - Checking admin rights for email: passapdom@gmail.com
2025-04-18 10:35:27 [http-nio-8080-exec-9] [INFO] r.k.a.u.s.CheckAuthorizeService - User roles: [ADMIN]
2025-04-18 10:35:27 [http-nio-8080-exec-10] [DEBUG] o.s.security.web.FilterChainProxy - Securing GET /css/styles.css
2025-04-18 10:35:27 [http-nio-8080-exec-10] [DEBUG] o.s.s.w.c.HttpSessionSecurityContextRepository - Retrieved SecurityContextImpl [Authentication=OAuth2AuthenticationToken [Principal=Name: [107234087105093742255], Granted Authorities: [[OIDC_USER, SCOPE_https://www.googleapis.com/auth/userinfo.email, SCOPE_https://www.googleapis.com/auth/userinfo.profile, SCOPE_openid]], User Attributes: [{at_hash=QIn4N3UChPr1lEyVahXWIw, sub=107234087105093742255, email_verified=true, iss=https://accounts.google.com, given_name=Павел, nonce=rVB9z2VK3RkxPMY1aSpLXA1LTzfIhpKGnTKpjzpx7mE, picture=https://lh3.googleusercontent.com/a/ACg8ocJJoh9jonlTH61VWgvXCiXb0zCDjifGZZtZ30sCErS3N5ntDw=s96-c, aud=[909915657042-l07l5jl8r3v54r15k12hp7vev9dor6r7.apps.googleusercontent.com], azp=909915657042-l07l5jl8r3v54r15k12hp7vev9dor6r7.apps.googleusercontent.com, name=Павел Королев, exp=2025-04-18T08:25:26Z, family_name=Королев, iat=2025-04-18T07:25:26Z, email=passapdom@gmail.com}], Credentials=[PROTECTED], Authenticated=true, Details=WebAuthenticationDetails [RemoteIpAddress=0:0:0:0:0:0:0:1, SessionId=C6EED896D010ABE78F09743AF572D3F2], Granted Authorities=[OIDC_USER, SCOPE_https://www.googleapis.com/auth/userinfo.email, SCOPE_https://www.googleapis.com/auth/userinfo.profile, SCOPE_openid]]]
2025-04-18 10:35:27 [http-nio-8080-exec-10] [DEBUG] o.s.s.w.a.i.FilterSecurityInterceptor - Authorized filter invocation [GET /css/styles.css] with attributes [permitAll]
2025-04-18 10:35:27 [http-nio-8080-exec-10] [DEBUG] o.s.security.web.FilterChainProxy - Secured GET /css/styles.css
2025-04-18 10:35:27 [http-nio-8080-exec-3] [DEBUG] o.s.security.web.FilterChainProxy - Securing GET /images/placeholder.jpg
2025-04-18 10:35:27 [http-nio-8080-exec-1] [DEBUG] o.s.security.web.FilterChainProxy - Securing GET /img/tour-agency.jpg
2025-04-18 10:35:27 [http-nio-8080-exec-2] [DEBUG] o.s.security.web.FilterChainProxy - Securing GET /images/tour/77da970b-1e81-439d-a952-267262094a8c_kozelsk.jpg
2025-04-18 10:35:27 [http-nio-8080-exec-3] [DEBUG] o.s.s.w.c.HttpSessionSecurityContextRepository - Retrieved SecurityContextImpl [Authentication=OAuth2AuthenticationToken [Principal=Name: [107234087105093742255], Granted Authorities: [[OIDC_USER, SCOPE_https://www.googleapis.com/auth/userinfo.email, SCOPE_https://www.googleapis.com/auth/userinfo.profile, SCOPE_openid]], User Attributes: [{at_hash=QIn4N3UChPr1lEyVahXWIw, sub=107234087105093742255, email_verified=true, iss=https://accounts.google.com, given_name=Павел, nonce=rVB9z2VK3RkxPMY1aSpLXA1LTzfIhpKGnTKpjzpx7mE, picture=https://lh3.googleusercontent.com/a/ACg8ocJJoh9jonlTH61VWgvXCiXb0zCDjifGZZtZ30sCErS3N5ntDw=s96-c, aud=[909915657042-l07l5jl8r3v54r15k12hp7vev9dor6r7.apps.googleusercontent.com], azp=909915657042-l07l5jl8r3v54r15k12hp7vev9dor6r7.apps.googleusercontent.com, name=Павел Королев, exp=2025-04-18T08:25:26Z, family_name=Королев, iat=2025-04-18T07:25:26Z, email=passapdom@gmail.com}], Credentials=[PROTECTED], Authenticated=true, Details=WebAuthenticationDetails [RemoteIpAddress=0:0:0:0:0:0:0:1, SessionId=C6EED896D010ABE78F09743AF572D3F2], Granted Authorities=[OIDC_USER, SCOPE_https://www.googleapis.com/auth/userinfo.email, SCOPE_https://www.googleapis.com/auth/userinfo.profile, SCOPE_openid]]]
2025-04-18 10:35:27 [http-nio-8080-exec-2] [DEBUG] o.s.s.w.c.HttpSessionSecurityContextRepository - Retrieved SecurityContextImpl [Authentication=OAuth2AuthenticationToken [Principal=Name: [107234087105093742255], Granted Authorities: [[OIDC_USER, SCOPE_https://www.googleapis.com/auth/userinfo.email, SCOPE_https://www.googleapis.com/auth/userinfo.profile, SCOPE_openid]], User Attributes: [{at_hash=QIn4N3UChPr1lEyVahXWIw, sub=107234087105093742255, email_verified=true, iss=https://accounts.google.com, given_name=Павел, nonce=rVB9z2VK3RkxPMY1aSpLXA1LTzfIhpKGnTKpjzpx7mE, picture=https://lh3.googleusercontent.com/a/ACg8ocJJoh9jonlTH61VWgvXCiXb0zCDjifGZZtZ30sCErS3N5ntDw=s96-c, aud=[909915657042-l07l5jl8r3v54r15k12hp7vev9dor6r7.apps.googleusercontent.com], azp=909915657042-l07l5jl8r3v54r15k12hp7vev9dor6r7.apps.googleusercontent.com, name=Павел Королев, exp=2025-04-18T08:25:26Z, family_name=Королев, iat=2025-04-18T07:25:26Z, email=passapdom@gmail.com}], Credentials=[PROTECTED], Authenticated=true, Details=WebAuthenticationDetails [RemoteIpAddress=0:0:0:0:0:0:0:1, SessionId=C6EED896D010ABE78F09743AF572D3F2], Granted Authorities=[OIDC_USER, SCOPE_https://www.googleapis.com/auth/userinfo.email, SCOPE_https://www.googleapis.com/auth/userinfo.profile, SCOPE_openid]]]
2025-04-18 10:35:27 [http-nio-8080-exec-1] [DEBUG] o.s.s.w.c.HttpSessionSecurityContextRepository - Retrieved SecurityContextImpl [Authentication=OAuth2AuthenticationToken [Principal=Name: [107234087105093742255], Granted Authorities: [[OIDC_USER, SCOPE_https://www.googleapis.com/auth/userinfo.email, SCOPE_https://www.googleapis.com/auth/userinfo.profile, SCOPE_openid]], User Attributes: [{at_hash=QIn4N3UChPr1lEyVahXWIw, sub=107234087105093742255, email_verified=true, iss=https://accounts.google.com, given_name=Павел, nonce=rVB9z2VK3RkxPMY1aSpLXA1LTzfIhpKGnTKpjzpx7mE, picture=https://lh3.googleusercontent.com/a/ACg8ocJJoh9jonlTH61VWgvXCiXb0zCDjifGZZtZ30sCErS3N5ntDw=s96-c, aud=[909915657042-l07l5jl8r3v54r15k12hp7vev9dor6r7.apps.googleusercontent.com], azp=909915657042-l07l5jl8r3v54r15k12hp7vev9dor6r7.apps.googleusercontent.com, name=Павел Королев, exp=2025-04-18T08:25:26Z, family_name=Королев, iat=2025-04-18T07:25:26Z, email=passapdom@gmail.com}], Credentials=[PROTECTED], Authenticated=true, Details=WebAuthenticationDetails [RemoteIpAddress=0:0:0:0:0:0:0:1, SessionId=C6EED896D010ABE78F09743AF572D3F2], Granted Authorities=[OIDC_USER, SCOPE_https://www.googleapis.com/auth/userinfo.email, SCOPE_https://www.googleapis.com/auth/userinfo.profile, SCOPE_openid]]]
2025-04-18 10:35:27 [http-nio-8080-exec-3] [DEBUG] o.s.s.w.a.i.FilterSecurityInterceptor - Authorized filter invocation [GET /images/placeholder.jpg] with attributes [permitAll]
2025-04-18 10:35:27 [http-nio-8080-exec-2] [DEBUG] o.s.s.w.a.i.FilterSecurityInterceptor - Authorized filter invocation [GET /images/tour/77da970b-1e81-439d-a952-267262094a8c_kozelsk.jpg] with attributes [permitAll]
2025-04-18 10:35:27 [http-nio-8080-exec-1] [DEBUG] o.s.s.w.a.i.FilterSecurityInterceptor - Authorized filter invocation [GET /img/tour-agency.jpg] with attributes [permitAll]
2025-04-18 10:35:27 [http-nio-8080-exec-3] [DEBUG] o.s.security.web.FilterChainProxy - Secured GET /images/placeholder.jpg
2025-04-18 10:35:27 [http-nio-8080-exec-2] [DEBUG] o.s.security.web.FilterChainProxy - Secured GET /images/tour/77da970b-1e81-439d-a952-267262094a8c_kozelsk.jpg
2025-04-18 10:35:27 [http-nio-8080-exec-1] [DEBUG] o.s.security.web.FilterChainProxy - Secured GET /img/tour-agency.jpg
2025-04-18 10:35:28 [http-nio-8080-exec-3] [DEBUG] o.s.security.web.FilterChainProxy - Securing GET /error
2025-04-18 10:35:28 [http-nio-8080-exec-1] [DEBUG] o.s.security.web.FilterChainProxy - Securing GET /error
2025-04-18 10:35:28 [http-nio-8080-exec-3] [DEBUG] o.s.s.w.c.HttpSessionSecurityContextRepository - Retrieved SecurityContextImpl [Authentication=OAuth2AuthenticationToken [Principal=Name: [107234087105093742255], Granted Authorities: [[OIDC_USER, SCOPE_https://www.googleapis.com/auth/userinfo.email, SCOPE_https://www.googleapis.com/auth/userinfo.profile, SCOPE_openid]], User Attributes: [{at_hash=QIn4N3UChPr1lEyVahXWIw, sub=107234087105093742255, email_verified=true, iss=https://accounts.google.com, given_name=Павел, nonce=rVB9z2VK3RkxPMY1aSpLXA1LTzfIhpKGnTKpjzpx7mE, picture=https://lh3.googleusercontent.com/a/ACg8ocJJoh9jonlTH61VWgvXCiXb0zCDjifGZZtZ30sCErS3N5ntDw=s96-c, aud=[909915657042-l07l5jl8r3v54r15k12hp7vev9dor6r7.apps.googleusercontent.com], azp=909915657042-l07l5jl8r3v54r15k12hp7vev9dor6r7.apps.googleusercontent.com, name=Павел Королев, exp=2025-04-18T08:25:26Z, family_name=Королев, iat=2025-04-18T07:25:26Z, email=passapdom@gmail.com}], Credentials=[PROTECTED], Authenticated=true, Details=WebAuthenticationDetails [RemoteIpAddress=0:0:0:0:0:0:0:1, SessionId=C6EED896D010ABE78F09743AF572D3F2], Granted Authorities=[OIDC_USER, SCOPE_https://www.googleapis.com/auth/userinfo.email, SCOPE_https://www.googleapis.com/auth/userinfo.profile, SCOPE_openid]]]
2025-04-18 10:35:28 [http-nio-8080-exec-1] [DEBUG] o.s.s.w.c.HttpSessionSecurityContextRepository - Retrieved SecurityContextImpl [Authentication=OAuth2AuthenticationToken [Principal=Name: [107234087105093742255], Granted Authorities: [[OIDC_USER, SCOPE_https://www.googleapis.com/auth/userinfo.email, SCOPE_https://www.googleapis.com/auth/userinfo.profile, SCOPE_openid]], User Attributes: [{at_hash=QIn4N3UChPr1lEyVahXWIw, sub=107234087105093742255, email_verified=true, iss=https://accounts.google.com, given_name=Павел, nonce=rVB9z2VK3RkxPMY1aSpLXA1LTzfIhpKGnTKpjzpx7mE, picture=https://lh3.googleusercontent.com/a/ACg8ocJJoh9jonlTH61VWgvXCiXb0zCDjifGZZtZ30sCErS3N5ntDw=s96-c, aud=[909915657042-l07l5jl8r3v54r15k12hp7vev9dor6r7.apps.googleusercontent.com], azp=909915657042-l07l5jl8r3v54r15k12hp7vev9dor6r7.apps.googleusercontent.com, name=Павел Королев, exp=2025-04-18T08:25:26Z, family_name=Королев, iat=2025-04-18T07:25:26Z, email=passapdom@gmail.com}], Credentials=[PROTECTED], Authenticated=true, Details=WebAuthenticationDetails [RemoteIpAddress=0:0:0:0:0:0:0:1, SessionId=C6EED896D010ABE78F09743AF572D3F2], Granted Authorities=[OIDC_USER, SCOPE_https://www.googleapis.com/auth/userinfo.email, SCOPE_https://www.googleapis.com/auth/userinfo.profile, SCOPE_openid]]]
2025-04-18 10:35:28 [http-nio-8080-exec-3] [DEBUG] o.s.s.w.a.i.FilterSecurityInterceptor - Authorized filter invocation [GET /error] with attributes [permitAll]
2025-04-18 10:35:28 [http-nio-8080-exec-1] [DEBUG] o.s.s.w.a.i.FilterSecurityInterceptor - Authorized filter invocation [GET /error] with attributes [permitAll]
2025-04-18 10:35:28 [http-nio-8080-exec-3] [DEBUG] o.s.security.web.FilterChainProxy - Secured GET /error
2025-04-18 10:35:28 [http-nio-8080-exec-1] [DEBUG] o.s.security.web.FilterChainProxy - Secured GET /error
2025-04-18 10:35:29 [http-nio-8080-exec-6] [DEBUG] o.s.security.web.FilterChainProxy - Securing GET /excursion/tour/9
2025-04-18 10:35:29 [http-nio-8080-exec-6] [DEBUG] o.s.s.w.c.HttpSessionSecurityContextRepository - Retrieved SecurityContextImpl [Authentication=OAuth2AuthenticationToken [Principal=Name: [107234087105093742255], Granted Authorities: [[OIDC_USER, SCOPE_https://www.googleapis.com/auth/userinfo.email, SCOPE_https://www.googleapis.com/auth/userinfo.profile, SCOPE_openid]], User Attributes: [{at_hash=QIn4N3UChPr1lEyVahXWIw, sub=107234087105093742255, email_verified=true, iss=https://accounts.google.com, given_name=Павел, nonce=rVB9z2VK3RkxPMY1aSpLXA1LTzfIhpKGnTKpjzpx7mE, picture=https://lh3.googleusercontent.com/a/ACg8ocJJoh9jonlTH61VWgvXCiXb0zCDjifGZZtZ30sCErS3N5ntDw=s96-c, aud=[909915657042-l07l5jl8r3v54r15k12hp7vev9dor6r7.apps.googleusercontent.com], azp=909915657042-l07l5jl8r3v54r15k12hp7vev9dor6r7.apps.googleusercontent.com, name=Павел Королев, exp=2025-04-18T08:25:26Z, family_name=Королев, iat=2025-04-18T07:25:26Z, email=passapdom@gmail.com}], Credentials=[PROTECTED], Authenticated=true, Details=WebAuthenticationDetails [RemoteIpAddress=0:0:0:0:0:0:0:1, SessionId=C6EED896D010ABE78F09743AF572D3F2], Granted Authorities=[OIDC_USER, SCOPE_https://www.googleapis.com/auth/userinfo.email, SCOPE_https://www.googleapis.com/auth/userinfo.profile, SCOPE_openid]]]
2025-04-18 10:35:29 [http-nio-8080-exec-6] [DEBUG] o.s.s.w.a.i.FilterSecurityInterceptor - Authorized filter invocation [GET /excursion/tour/9] with attributes [permitAll]
2025-04-18 10:35:29 [http-nio-8080-exec-6] [DEBUG] o.s.security.web.FilterChainProxy - Secured GET /excursion/tour/9
2025-04-18 10:35:29 [http-nio-8080-exec-6] [INFO] r.k.a.u.s.CheckAuthorizeService - checkAdmin is starting, principal: OAuth2AuthenticationToken [Principal=Name: [107234087105093742255], Granted Authorities: [[OIDC_USER, SCOPE_https://www.googleapis.com/auth/userinfo.email, SCOPE_https://www.googleapis.com/auth/userinfo.profile, SCOPE_openid]], User Attributes: [{at_hash=QIn4N3UChPr1lEyVahXWIw, sub=107234087105093742255, email_verified=true, iss=https://accounts.google.com, given_name=Павел, nonce=rVB9z2VK3RkxPMY1aSpLXA1LTzfIhpKGnTKpjzpx7mE, picture=https://lh3.googleusercontent.com/a/ACg8ocJJoh9jonlTH61VWgvXCiXb0zCDjifGZZtZ30sCErS3N5ntDw=s96-c, aud=[909915657042-l07l5jl8r3v54r15k12hp7vev9dor6r7.apps.googleusercontent.com], azp=909915657042-l07l5jl8r3v54r15k12hp7vev9dor6r7.apps.googleusercontent.com, name=Павел Королев, exp=2025-04-18T08:25:26Z, family_name=Королев, iat=2025-04-18T07:25:26Z, email=passapdom@gmail.com}], Credentials=[PROTECTED], Authenticated=true, Details=WebAuthenticationDetails [RemoteIpAddress=0:0:0:0:0:0:0:1, SessionId=C6EED896D010ABE78F09743AF572D3F2], Granted Authorities=[OIDC_USER, SCOPE_https://www.googleapis.com/auth/userinfo.email, SCOPE_https://www.googleapis.com/auth/userinfo.profile, SCOPE_openid]]
2025-04-18 10:35:29 [http-nio-8080-exec-6] [INFO] r.k.a.u.s.CheckAuthorizeService - checkAdmin: principal != null
2025-04-18 10:35:29 [http-nio-8080-exec-6] [INFO] r.k.a.u.s.CheckAuthorizeService - Principal is OAuth2AuthenticationToken
2025-04-18 10:35:29 [http-nio-8080-exec-6] [INFO] r.k.a.u.s.CheckAuthorizeService - Checking admin rights for email: passapdom@gmail.com
2025-04-18 10:35:29 [http-nio-8080-exec-6] [INFO] r.k.a.u.s.CheckAuthorizeService - User roles: [ADMIN]
2025-04-18 10:35:29 [http-nio-8080-exec-5] [DEBUG] o.s.security.web.FilterChainProxy - Securing GET /css/styles.css
2025-04-18 10:35:29 [http-nio-8080-exec-5] [DEBUG] o.s.s.w.c.HttpSessionSecurityContextRepository - Retrieved SecurityContextImpl [Authentication=OAuth2AuthenticationToken [Principal=Name: [107234087105093742255], Granted Authorities: [[OIDC_USER, SCOPE_https://www.googleapis.com/auth/userinfo.email, SCOPE_https://www.googleapis.com/auth/userinfo.profile, SCOPE_openid]], User Attributes: [{at_hash=QIn4N3UChPr1lEyVahXWIw, sub=107234087105093742255, email_verified=true, iss=https://accounts.google.com, given_name=Павел, nonce=rVB9z2VK3RkxPMY1aSpLXA1LTzfIhpKGnTKpjzpx7mE, picture=https://lh3.googleusercontent.com/a/ACg8ocJJoh9jonlTH61VWgvXCiXb0zCDjifGZZtZ30sCErS3N5ntDw=s96-c, aud=[909915657042-l07l5jl8r3v54r15k12hp7vev9dor6r7.apps.googleusercontent.com], azp=909915657042-l07l5jl8r3v54r15k12hp7vev9dor6r7.apps.googleusercontent.com, name=Павел Королев, exp=2025-04-18T08:25:26Z, family_name=Королев, iat=2025-04-18T07:25:26Z, email=passapdom@gmail.com}], Credentials=[PROTECTED], Authenticated=true, Details=WebAuthenticationDetails [RemoteIpAddress=0:0:0:0:0:0:0:1, SessionId=C6EED896D010ABE78F09743AF572D3F2], Granted Authorities=[OIDC_USER, SCOPE_https://www.googleapis.com/auth/userinfo.email, SCOPE_https://www.googleapis.com/auth/userinfo.profile, SCOPE_openid]]]
2025-04-18 10:35:29 [http-nio-8080-exec-5] [DEBUG] o.s.s.w.a.i.FilterSecurityInterceptor - Authorized filter invocation [GET /css/styles.css] with attributes [permitAll]
2025-04-18 10:35:29 [http-nio-8080-exec-5] [DEBUG] o.s.security.web.FilterChainProxy - Secured GET /css/styles.css
2025-04-18 10:35:29 [http-nio-8080-exec-7] [DEBUG] o.s.security.web.FilterChainProxy - Securing GET /img/logo_alliance.png
2025-04-18 10:35:29 [http-nio-8080-exec-8] [DEBUG] o.s.security.web.FilterChainProxy - Securing GET /images/tour/77da970b-1e81-439d-a952-267262094a8c_kozelsk.jpg
2025-04-18 10:35:29 [http-nio-8080-exec-8] [DEBUG] o.s.s.w.c.HttpSessionSecurityContextRepository - Retrieved SecurityContextImpl [Authentication=OAuth2AuthenticationToken [Principal=Name: [107234087105093742255], Granted Authorities: [[OIDC_USER, SCOPE_https://www.googleapis.com/auth/userinfo.email, SCOPE_https://www.googleapis.com/auth/userinfo.profile, SCOPE_openid]], User Attributes: [{at_hash=QIn4N3UChPr1lEyVahXWIw, sub=107234087105093742255, email_verified=true, iss=https://accounts.google.com, given_name=Павел, nonce=rVB9z2VK3RkxPMY1aSpLXA1LTzfIhpKGnTKpjzpx7mE, picture=https://lh3.googleusercontent.com/a/ACg8ocJJoh9jonlTH61VWgvXCiXb0zCDjifGZZtZ30sCErS3N5ntDw=s96-c, aud=[909915657042-l07l5jl8r3v54r15k12hp7vev9dor6r7.apps.googleusercontent.com], azp=909915657042-l07l5jl8r3v54r15k12hp7vev9dor6r7.apps.googleusercontent.com, name=Павел Королев, exp=2025-04-18T08:25:26Z, family_name=Королев, iat=2025-04-18T07:25:26Z, email=passapdom@gmail.com}], Credentials=[PROTECTED], Authenticated=true, Details=WebAuthenticationDetails [RemoteIpAddress=0:0:0:0:0:0:0:1, SessionId=C6EED896D010ABE78F09743AF572D3F2], Granted Authorities=[OIDC_USER, SCOPE_https://www.googleapis.com/auth/userinfo.email, SCOPE_https://www.googleapis.com/auth/userinfo.profile, SCOPE_openid]]]
2025-04-18 10:35:29 [http-nio-8080-exec-7] [DEBUG] o.s.s.w.c.HttpSessionSecurityContextRepository - Retrieved SecurityContextImpl [Authentication=OAuth2AuthenticationToken [Principal=Name: [107234087105093742255], Granted Authorities: [[OIDC_USER, SCOPE_https://www.googleapis.com/auth/userinfo.email, SCOPE_https://www.googleapis.com/auth/userinfo.profile, SCOPE_openid]], User Attributes: [{at_hash=QIn4N3UChPr1lEyVahXWIw, sub=107234087105093742255, email_verified=true, iss=https://accounts.google.com, given_name=Павел, nonce=rVB9z2VK3RkxPMY1aSpLXA1LTzfIhpKGnTKpjzpx7mE, picture=https://lh3.googleusercontent.com/a/ACg8ocJJoh9jonlTH61VWgvXCiXb0zCDjifGZZtZ30sCErS3N5ntDw=s96-c, aud=[909915657042-l07l5jl8r3v54r15k12hp7vev9dor6r7.apps.googleusercontent.com], azp=909915657042-l07l5jl8r3v54r15k12hp7vev9dor6r7.apps.googleusercontent.com, name=Павел Королев, exp=2025-04-18T08:25:26Z, family_name=Королев, iat=2025-04-18T07:25:26Z, email=passapdom@gmail.com}], Credentials=[PROTECTED], Authenticated=true, Details=WebAuthenticationDetails [RemoteIpAddress=0:0:0:0:0:0:0:1, SessionId=C6EED896D010ABE78F09743AF572D3F2], Granted Authorities=[OIDC_USER, SCOPE_https://www.googleapis.com/auth/userinfo.email, SCOPE_https://www.googleapis.com/auth/userinfo.profile, SCOPE_openid]]]
2025-04-18 10:35:29 [http-nio-8080-exec-8] [DEBUG] o.s.s.w.a.i.FilterSecurityInterceptor - Authorized filter invocation [GET /images/tour/77da970b-1e81-439d-a952-267262094a8c_kozelsk.jpg] with attributes [permitAll]
2025-04-18 10:35:29 [http-nio-8080-exec-7] [DEBUG] o.s.s.w.a.i.FilterSecurityInterceptor - Authorized filter invocation [GET /img/logo_alliance.png] with attributes [permitAll]
2025-04-18 10:35:29 [http-nio-8080-exec-8] [DEBUG] o.s.security.web.FilterChainProxy - Secured GET /images/tour/77da970b-1e81-439d-a952-267262094a8c_kozelsk.jpg
2025-04-18 10:35:29 [http-nio-8080-exec-7] [DEBUG] o.s.security.web.FilterChainProxy - Secured GET /img/logo_alliance.png
2025-04-18 10:35:29 [http-nio-8080-exec-10] [DEBUG] o.s.security.web.FilterChainProxy - Securing GET /images/tour/b144cd56-998b-4eec-9a5b-c31f14445037_12-park-tri-bogatyrya_1586958675.jpg
2025-04-18 10:35:29 [http-nio-8080-exec-4] [DEBUG] o.s.security.web.FilterChainProxy - Securing GET /images/tour/0901dc7b-8835-4ba3-9ce8-31ea540d5f7d_photo_2024-12-23_22-17-54.jpg
2025-04-18 10:35:29 [http-nio-8080-exec-4] [DEBUG] o.s.s.w.c.HttpSessionSecurityContextRepository - Retrieved SecurityContextImpl [Authentication=OAuth2AuthenticationToken [Principal=Name: [107234087105093742255], Granted Authorities: [[OIDC_USER, SCOPE_https://www.googleapis.com/auth/userinfo.email, SCOPE_https://www.googleapis.com/auth/userinfo.profile, SCOPE_openid]], User Attributes: [{at_hash=QIn4N3UChPr1lEyVahXWIw, sub=107234087105093742255, email_verified=true, iss=https://accounts.google.com, given_name=Павел, nonce=rVB9z2VK3RkxPMY1aSpLXA1LTzfIhpKGnTKpjzpx7mE, picture=https://lh3.googleusercontent.com/a/ACg8ocJJoh9jonlTH61VWgvXCiXb0zCDjifGZZtZ30sCErS3N5ntDw=s96-c, aud=[909915657042-l07l5jl8r3v54r15k12hp7vev9dor6r7.apps.googleusercontent.com], azp=909915657042-l07l5jl8r3v54r15k12hp7vev9dor6r7.apps.googleusercontent.com, name=Павел Королев, exp=2025-04-18T08:25:26Z, family_name=Королев, iat=2025-04-18T07:25:26Z, email=passapdom@gmail.com}], Credentials=[PROTECTED], Authenticated=true, Details=WebAuthenticationDetails [RemoteIpAddress=0:0:0:0:0:0:0:1, SessionId=C6EED896D010ABE78F09743AF572D3F2], Granted Authorities=[OIDC_USER, SCOPE_https://www.googleapis.com/auth/userinfo.email, SCOPE_https://www.googleapis.com/auth/userinfo.profile, SCOPE_openid]]]
2025-04-18 10:35:29 [http-nio-8080-exec-10] [DEBUG] o.s.s.w.c.HttpSessionSecurityContextRepository - Retrieved SecurityContextImpl [Authentication=OAuth2AuthenticationToken [Principal=Name: [107234087105093742255], Granted Authorities: [[OIDC_USER, SCOPE_https://www.googleapis.com/auth/userinfo.email, SCOPE_https://www.googleapis.com/auth/userinfo.profile, SCOPE_openid]], User Attributes: [{at_hash=QIn4N3UChPr1lEyVahXWIw, sub=107234087105093742255, email_verified=true, iss=https://accounts.google.com, given_name=Павел, nonce=rVB9z2VK3RkxPMY1aSpLXA1LTzfIhpKGnTKpjzpx7mE, picture=https://lh3.googleusercontent.com/a/ACg8ocJJoh9jonlTH61VWgvXCiXb0zCDjifGZZtZ30sCErS3N5ntDw=s96-c, aud=[909915657042-l07l5jl8r3v54r15k12hp7vev9dor6r7.apps.googleusercontent.com], azp=909915657042-l07l5jl8r3v54r15k12hp7vev9dor6r7.apps.googleusercontent.com, name=Павел Королев, exp=2025-04-18T08:25:26Z, family_name=Королев, iat=2025-04-18T07:25:26Z, email=passapdom@gmail.com}], Credentials=[PROTECTED], Authenticated=true, Details=WebAuthenticationDetails [RemoteIpAddress=0:0:0:0:0:0:0:1, SessionId=C6EED896D010ABE78F09743AF572D3F2], Granted Authorities=[OIDC_USER, SCOPE_https://www.googleapis.com/auth/userinfo.email, SCOPE_https://www.googleapis.com/auth/userinfo.profile, SCOPE_openid]]]
2025-04-18 10:35:29 [http-nio-8080-exec-4] [DEBUG] o.s.s.w.a.i.FilterSecurityInterceptor - Authorized filter invocation [GET /images/tour/0901dc7b-8835-4ba3-9ce8-31ea540d5f7d_photo_2024-12-23_22-17-54.jpg] with attributes [permitAll]
2025-04-18 10:35:29 [http-nio-8080-exec-10] [DEBUG] o.s.s.w.a.i.FilterSecurityInterceptor - Authorized filter invocation [GET /images/tour/b144cd56-998b-4eec-9a5b-c31f14445037_12-park-tri-bogatyrya_1586958675.jpg] with attributes [permitAll]
2025-04-18 10:35:29 [http-nio-8080-exec-4] [DEBUG] o.s.security.web.FilterChainProxy - Secured GET /images/tour/0901dc7b-8835-4ba3-9ce8-31ea540d5f7d_photo_2024-12-23_22-17-54.jpg
2025-04-18 10:35:29 [http-nio-8080-exec-10] [DEBUG] o.s.security.web.FilterChainProxy - Secured GET /images/tour/b144cd56-998b-4eec-9a5b-c31f14445037_12-park-tri-bogatyrya_1586958675.jpg
2025-04-18 10:35:30 [http-nio-8080-exec-9] [DEBUG] o.s.security.web.FilterChainProxy - Securing GET /excursion/tour/8
2025-04-18 10:35:30 [http-nio-8080-exec-9] [DEBUG] o.s.s.w.c.HttpSessionSecurityContextRepository - Retrieved SecurityContextImpl [Authentication=OAuth2AuthenticationToken [Principal=Name: [107234087105093742255], Granted Authorities: [[OIDC_USER, SCOPE_https://www.googleapis.com/auth/userinfo.email, SCOPE_https://www.googleapis.com/auth/userinfo.profile, SCOPE_openid]], User Attributes: [{at_hash=QIn4N3UChPr1lEyVahXWIw, sub=107234087105093742255, email_verified=true, iss=https://accounts.google.com, given_name=Павел, nonce=rVB9z2VK3RkxPMY1aSpLXA1LTzfIhpKGnTKpjzpx7mE, picture=https://lh3.googleusercontent.com/a/ACg8ocJJoh9jonlTH61VWgvXCiXb0zCDjifGZZtZ30sCErS3N5ntDw=s96-c, aud=[909915657042-l07l5jl8r3v54r15k12hp7vev9dor6r7.apps.googleusercontent.com], azp=909915657042-l07l5jl8r3v54r15k12hp7vev9dor6r7.apps.googleusercontent.com, name=Павел Королев, exp=2025-04-18T08:25:26Z, family_name=Королев, iat=2025-04-18T07:25:26Z, email=passapdom@gmail.com}], Credentials=[PROTECTED], Authenticated=true, Details=WebAuthenticationDetails [RemoteIpAddress=0:0:0:0:0:0:0:1, SessionId=C6EED896D010ABE78F09743AF572D3F2], Granted Authorities=[OIDC_USER, SCOPE_https://www.googleapis.com/auth/userinfo.email, SCOPE_https://www.googleapis.com/auth/userinfo.profile, SCOPE_openid]]]
2025-04-18 10:35:30 [http-nio-8080-exec-9] [DEBUG] o.s.s.w.a.i.FilterSecurityInterceptor - Authorized filter invocation [GET /excursion/tour/8] with attributes [permitAll]
2025-04-18 10:35:30 [http-nio-8080-exec-9] [DEBUG] o.s.security.web.FilterChainProxy - Secured GET /excursion/tour/8
2025-04-18 10:35:30 [http-nio-8080-exec-9] [INFO] r.k.a.u.s.CheckAuthorizeService - checkAdmin is starting, principal: OAuth2AuthenticationToken [Principal=Name: [107234087105093742255], Granted Authorities: [[OIDC_USER, SCOPE_https://www.googleapis.com/auth/userinfo.email, SCOPE_https://www.googleapis.com/auth/userinfo.profile, SCOPE_openid]], User Attributes: [{at_hash=QIn4N3UChPr1lEyVahXWIw, sub=107234087105093742255, email_verified=true, iss=https://accounts.google.com, given_name=Павел, nonce=rVB9z2VK3RkxPMY1aSpLXA1LTzfIhpKGnTKpjzpx7mE, picture=https://lh3.googleusercontent.com/a/ACg8ocJJoh9jonlTH61VWgvXCiXb0zCDjifGZZtZ30sCErS3N5ntDw=s96-c, aud=[909915657042-l07l5jl8r3v54r15k12hp7vev9dor6r7.apps.googleusercontent.com], azp=909915657042-l07l5jl8r3v54r15k12hp7vev9dor6r7.apps.googleusercontent.com, name=Павел Королев, exp=2025-04-18T08:25:26Z, family_name=Королев, iat=2025-04-18T07:25:26Z, email=passapdom@gmail.com}], Credentials=[PROTECTED], Authenticated=true, Details=WebAuthenticationDetails [RemoteIpAddress=0:0:0:0:0:0:0:1, SessionId=C6EED896D010ABE78F09743AF572D3F2], Granted Authorities=[OIDC_USER, SCOPE_https://www.googleapis.com/auth/userinfo.email, SCOPE_https://www.googleapis.com/auth/userinfo.profile, SCOPE_openid]]
2025-04-18 10:35:30 [http-nio-8080-exec-9] [INFO] r.k.a.u.s.CheckAuthorizeService - checkAdmin: principal != null
2025-04-18 10:35:30 [http-nio-8080-exec-9] [INFO] r.k.a.u.s.CheckAuthorizeService - Principal is OAuth2AuthenticationToken
2025-04-18 10:35:30 [http-nio-8080-exec-9] [INFO] r.k.a.u.s.CheckAuthorizeService - Checking admin rights for email: passapdom@gmail.com
2025-04-18 10:35:30 [http-nio-8080-exec-9] [INFO] r.k.a.u.s.CheckAuthorizeService - User roles: [ADMIN]
2025-04-18 10:35:30 [http-nio-8080-exec-2] [DEBUG] o.s.security.web.FilterChainProxy - Securing GET /css/styles.css
2025-04-18 10:35:30 [http-nio-8080-exec-2] [DEBUG] o.s.s.w.c.HttpSessionSecurityContextRepository - Retrieved SecurityContextImpl [Authentication=OAuth2AuthenticationToken [Principal=Name: [107234087105093742255], Granted Authorities: [[OIDC_USER, SCOPE_https://www.googleapis.com/auth/userinfo.email, SCOPE_https://www.googleapis.com/auth/userinfo.profile, SCOPE_openid]], User Attributes: [{at_hash=QIn4N3UChPr1lEyVahXWIw, sub=107234087105093742255, email_verified=true, iss=https://accounts.google.com, given_name=Павел, nonce=rVB9z2VK3RkxPMY1aSpLXA1LTzfIhpKGnTKpjzpx7mE, picture=https://lh3.googleusercontent.com/a/ACg8ocJJoh9jonlTH61VWgvXCiXb0zCDjifGZZtZ30sCErS3N5ntDw=s96-c, aud=[909915657042-l07l5jl8r3v54r15k12hp7vev9dor6r7.apps.googleusercontent.com], azp=909915657042-l07l5jl8r3v54r15k12hp7vev9dor6r7.apps.googleusercontent.com, name=Павел Королев, exp=2025-04-18T08:25:26Z, family_name=Королев, iat=2025-04-18T07:25:26Z, email=passapdom@gmail.com}], Credentials=[PROTECTED], Authenticated=true, Details=WebAuthenticationDetails [RemoteIpAddress=0:0:0:0:0:0:0:1, SessionId=C6EED896D010ABE78F09743AF572D3F2], Granted Authorities=[OIDC_USER, SCOPE_https://www.googleapis.com/auth/userinfo.email, SCOPE_https://www.googleapis.com/auth/userinfo.profile, SCOPE_openid]]]
2025-04-18 10:35:30 [http-nio-8080-exec-2] [DEBUG] o.s.s.w.a.i.FilterSecurityInterceptor - Authorized filter invocation [GET /css/styles.css] with attributes [permitAll]
2025-04-18 10:35:30 [http-nio-8080-exec-2] [DEBUG] o.s.security.web.FilterChainProxy - Secured GET /css/styles.css
2025-04-18 10:35:30 [http-nio-8080-exec-3] [DEBUG] o.s.security.web.FilterChainProxy - Securing GET /img/logo_alliance.png
2025-04-18 10:35:30 [http-nio-8080-exec-3] [DEBUG] o.s.s.w.c.HttpSessionSecurityContextRepository - Retrieved SecurityContextImpl [Authentication=OAuth2AuthenticationToken [Principal=Name: [107234087105093742255], Granted Authorities: [[OIDC_USER, SCOPE_https://www.googleapis.com/auth/userinfo.email, SCOPE_https://www.googleapis.com/auth/userinfo.profile, SCOPE_openid]], User Attributes: [{at_hash=QIn4N3UChPr1lEyVahXWIw, sub=107234087105093742255, email_verified=true, iss=https://accounts.google.com, given_name=Павел, nonce=rVB9z2VK3RkxPMY1aSpLXA1LTzfIhpKGnTKpjzpx7mE, picture=https://lh3.googleusercontent.com/a/ACg8ocJJoh9jonlTH61VWgvXCiXb0zCDjifGZZtZ30sCErS3N5ntDw=s96-c, aud=[909915657042-l07l5jl8r3v54r15k12hp7vev9dor6r7.apps.googleusercontent.com], azp=909915657042-l07l5jl8r3v54r15k12hp7vev9dor6r7.apps.googleusercontent.com, name=Павел Королев, exp=2025-04-18T08:25:26Z, family_name=Королев, iat=2025-04-18T07:25:26Z, email=passapdom@gmail.com}], Credentials=[PROTECTED], Authenticated=true, Details=WebAuthenticationDetails [RemoteIpAddress=0:0:0:0:0:0:0:1, SessionId=C6EED896D010ABE78F09743AF572D3F2], Granted Authorities=[OIDC_USER, SCOPE_https://www.googleapis.com/auth/userinfo.email, SCOPE_https://www.googleapis.com/auth/userinfo.profile, SCOPE_openid]]]
2025-04-18 10:35:30 [http-nio-8080-exec-3] [DEBUG] o.s.s.w.a.i.FilterSecurityInterceptor - Authorized filter invocation [GET /img/logo_alliance.png] with attributes [permitAll]
2025-04-18 10:35:30 [http-nio-8080-exec-3] [DEBUG] o.s.security.web.FilterChainProxy - Secured GET /img/logo_alliance.png
2025-04-18 10:35:32 [http-nio-8080-exec-1] [DEBUG] o.s.security.web.FilterChainProxy - Securing GET /excursion/tour/10
2025-04-18 10:35:32 [http-nio-8080-exec-1] [DEBUG] o.s.s.w.c.HttpSessionSecurityContextRepository - Retrieved SecurityContextImpl [Authentication=OAuth2AuthenticationToken [Principal=Name: [107234087105093742255], Granted Authorities: [[OIDC_USER, SCOPE_https://www.googleapis.com/auth/userinfo.email, SCOPE_https://www.googleapis.com/auth/userinfo.profile, SCOPE_openid]], User Attributes: [{at_hash=QIn4N3UChPr1lEyVahXWIw, sub=107234087105093742255, email_verified=true, iss=https://accounts.google.com, given_name=Павел, nonce=rVB9z2VK3RkxPMY1aSpLXA1LTzfIhpKGnTKpjzpx7mE, picture=https://lh3.googleusercontent.com/a/ACg8ocJJoh9jonlTH61VWgvXCiXb0zCDjifGZZtZ30sCErS3N5ntDw=s96-c, aud=[909915657042-l07l5jl8r3v54r15k12hp7vev9dor6r7.apps.googleusercontent.com], azp=909915657042-l07l5jl8r3v54r15k12hp7vev9dor6r7.apps.googleusercontent.com, name=Павел Королев, exp=2025-04-18T08:25:26Z, family_name=Королев, iat=2025-04-18T07:25:26Z, email=passapdom@gmail.com}], Credentials=[PROTECTED], Authenticated=true, Details=WebAuthenticationDetails [RemoteIpAddress=0:0:0:0:0:0:0:1, SessionId=C6EED896D010ABE78F09743AF572D3F2], Granted Authorities=[OIDC_USER, SCOPE_https://www.googleapis.com/auth/userinfo.email, SCOPE_https://www.googleapis.com/auth/userinfo.profile, SCOPE_openid]]]
2025-04-18 10:35:32 [http-nio-8080-exec-1] [DEBUG] o.s.s.w.a.i.FilterSecurityInterceptor - Authorized filter invocation [GET /excursion/tour/10] with attributes [permitAll]
2025-04-18 10:35:32 [http-nio-8080-exec-1] [DEBUG] o.s.security.web.FilterChainProxy - Secured GET /excursion/tour/10
2025-04-18 10:35:32 [http-nio-8080-exec-1] [INFO] r.k.a.u.s.CheckAuthorizeService - checkAdmin is starting, principal: OAuth2AuthenticationToken [Principal=Name: [107234087105093742255], Granted Authorities: [[OIDC_USER, SCOPE_https://www.googleapis.com/auth/userinfo.email, SCOPE_https://www.googleapis.com/auth/userinfo.profile, SCOPE_openid]], User Attributes: [{at_hash=QIn4N3UChPr1lEyVahXWIw, sub=107234087105093742255, email_verified=true, iss=https://accounts.google.com, given_name=Павел, nonce=rVB9z2VK3RkxPMY1aSpLXA1LTzfIhpKGnTKpjzpx7mE, picture=https://lh3.googleusercontent.com/a/ACg8ocJJoh9jonlTH61VWgvXCiXb0zCDjifGZZtZ30sCErS3N5ntDw=s96-c, aud=[909915657042-l07l5jl8r3v54r15k12hp7vev9dor6r7.apps.googleusercontent.com], azp=909915657042-l07l5jl8r3v54r15k12hp7vev9dor6r7.apps.googleusercontent.com, name=Павел Королев, exp=2025-04-18T08:25:26Z, family_name=Королев, iat=2025-04-18T07:25:26Z, email=passapdom@gmail.com}], Credentials=[PROTECTED], Authenticated=true, Details=WebAuthenticationDetails [RemoteIpAddress=0:0:0:0:0:0:0:1, SessionId=C6EED896D010ABE78F09743AF572D3F2], Granted Authorities=[OIDC_USER, SCOPE_https://www.googleapis.com/auth/userinfo.email, SCOPE_https://www.googleapis.com/auth/userinfo.profile, SCOPE_openid]]
2025-04-18 10:35:32 [http-nio-8080-exec-1] [INFO] r.k.a.u.s.CheckAuthorizeService - checkAdmin: principal != null
2025-04-18 10:35:32 [http-nio-8080-exec-1] [INFO] r.k.a.u.s.CheckAuthorizeService - Principal is OAuth2AuthenticationToken
2025-04-18 10:35:32 [http-nio-8080-exec-1] [INFO] r.k.a.u.s.CheckAuthorizeService - Checking admin rights for email: passapdom@gmail.com
2025-04-18 10:35:32 [http-nio-8080-exec-1] [INFO] r.k.a.u.s.CheckAuthorizeService - User roles: [ADMIN]
2025-04-18 10:35:32 [http-nio-8080-exec-6] [DEBUG] o.s.security.web.FilterChainProxy - Securing GET /css/styles.css
2025-04-18 10:35:32 [http-nio-8080-exec-6] [DEBUG] o.s.s.w.c.HttpSessionSecurityContextRepository - Retrieved SecurityContextImpl [Authentication=OAuth2AuthenticationToken [Principal=Name: [107234087105093742255], Granted Authorities: [[OIDC_USER, SCOPE_https://www.googleapis.com/auth/userinfo.email, SCOPE_https://www.googleapis.com/auth/userinfo.profile, SCOPE_openid]], User Attributes: [{at_hash=QIn4N3UChPr1lEyVahXWIw, sub=107234087105093742255, email_verified=true, iss=https://accounts.google.com, given_name=Павел, nonce=rVB9z2VK3RkxPMY1aSpLXA1LTzfIhpKGnTKpjzpx7mE, picture=https://lh3.googleusercontent.com/a/ACg8ocJJoh9jonlTH61VWgvXCiXb0zCDjifGZZtZ30sCErS3N5ntDw=s96-c, aud=[909915657042-l07l5jl8r3v54r15k12hp7vev9dor6r7.apps.googleusercontent.com], azp=909915657042-l07l5jl8r3v54r15k12hp7vev9dor6r7.apps.googleusercontent.com, name=Павел Королев, exp=2025-04-18T08:25:26Z, family_name=Королев, iat=2025-04-18T07:25:26Z, email=passapdom@gmail.com}], Credentials=[PROTECTED], Authenticated=true, Details=WebAuthenticationDetails [RemoteIpAddress=0:0:0:0:0:0:0:1, SessionId=C6EED896D010ABE78F09743AF572D3F2], Granted Authorities=[OIDC_USER, SCOPE_https://www.googleapis.com/auth/userinfo.email, SCOPE_https://www.googleapis.com/auth/userinfo.profile, SCOPE_openid]]]
2025-04-18 10:35:32 [http-nio-8080-exec-6] [DEBUG] o.s.s.w.a.i.FilterSecurityInterceptor - Authorized filter invocation [GET /css/styles.css] with attributes [permitAll]
2025-04-18 10:35:32 [http-nio-8080-exec-6] [DEBUG] o.s.security.web.FilterChainProxy - Secured GET /css/styles.css
2025-04-18 10:35:32 [http-nio-8080-exec-5] [DEBUG] o.s.security.web.FilterChainProxy - Securing GET /img/logo_alliance.png
2025-04-18 10:35:32 [http-nio-8080-exec-5] [DEBUG] o.s.s.w.c.HttpSessionSecurityContextRepository - Retrieved SecurityContextImpl [Authentication=OAuth2AuthenticationToken [Principal=Name: [107234087105093742255], Granted Authorities: [[OIDC_USER, SCOPE_https://www.googleapis.com/auth/userinfo.email, SCOPE_https://www.googleapis.com/auth/userinfo.profile, SCOPE_openid]], User Attributes: [{at_hash=QIn4N3UChPr1lEyVahXWIw, sub=107234087105093742255, email_verified=true, iss=https://accounts.google.com, given_name=Павел, nonce=rVB9z2VK3RkxPMY1aSpLXA1LTzfIhpKGnTKpjzpx7mE, picture=https://lh3.googleusercontent.com/a/ACg8ocJJoh9jonlTH61VWgvXCiXb0zCDjifGZZtZ30sCErS3N5ntDw=s96-c, aud=[909915657042-l07l5jl8r3v54r15k12hp7vev9dor6r7.apps.googleusercontent.com], azp=909915657042-l07l5jl8r3v54r15k12hp7vev9dor6r7.apps.googleusercontent.com, name=Павел Королев, exp=2025-04-18T08:25:26Z, family_name=Королев, iat=2025-04-18T07:25:26Z, email=passapdom@gmail.com}], Credentials=[PROTECTED], Authenticated=true, Details=WebAuthenticationDetails [RemoteIpAddress=0:0:0:0:0:0:0:1, SessionId=C6EED896D010ABE78F09743AF572D3F2], Granted Authorities=[OIDC_USER, SCOPE_https://www.googleapis.com/auth/userinfo.email, SCOPE_https://www.googleapis.com/auth/userinfo.profile, SCOPE_openid]]]
2025-04-18 10:35:32 [http-nio-8080-exec-5] [DEBUG] o.s.s.w.a.i.FilterSecurityInterceptor - Authorized filter invocation [GET /img/logo_alliance.png] with attributes [permitAll]
2025-04-18 10:35:32 [http-nio-8080-exec-5] [DEBUG] o.s.security.web.FilterChainProxy - Secured GET /img/logo_alliance.png
2025-04-18 10:35:36 [http-nio-8080-exec-7] [DEBUG] o.s.security.web.FilterChainProxy - Securing GET /realty
2025-04-18 10:35:36 [http-nio-8080-exec-7] [DEBUG] o.s.s.w.c.HttpSessionSecurityContextRepository - Retrieved SecurityContextImpl [Authentication=OAuth2AuthenticationToken [Principal=Name: [107234087105093742255], Granted Authorities: [[OIDC_USER, SCOPE_https://www.googleapis.com/auth/userinfo.email, SCOPE_https://www.googleapis.com/auth/userinfo.profile, SCOPE_openid]], User Attributes: [{at_hash=QIn4N3UChPr1lEyVahXWIw, sub=107234087105093742255, email_verified=true, iss=https://accounts.google.com, given_name=Павел, nonce=rVB9z2VK3RkxPMY1aSpLXA1LTzfIhpKGnTKpjzpx7mE, picture=https://lh3.googleusercontent.com/a/ACg8ocJJoh9jonlTH61VWgvXCiXb0zCDjifGZZtZ30sCErS3N5ntDw=s96-c, aud=[909915657042-l07l5jl8r3v54r15k12hp7vev9dor6r7.apps.googleusercontent.com], azp=909915657042-l07l5jl8r3v54r15k12hp7vev9dor6r7.apps.googleusercontent.com, name=Павел Королев, exp=2025-04-18T08:25:26Z, family_name=Королев, iat=2025-04-18T07:25:26Z, email=passapdom@gmail.com}], Credentials=[PROTECTED], Authenticated=true, Details=WebAuthenticationDetails [RemoteIpAddress=0:0:0:0:0:0:0:1, SessionId=C6EED896D010ABE78F09743AF572D3F2], Granted Authorities=[OIDC_USER, SCOPE_https://www.googleapis.com/auth/userinfo.email, SCOPE_https://www.googleapis.com/auth/userinfo.profile, SCOPE_openid]]]
2025-04-18 10:35:36 [http-nio-8080-exec-7] [DEBUG] o.s.s.w.a.i.FilterSecurityInterceptor - Authorized filter invocation [GET /realty] with attributes [permitAll]
2025-04-18 10:35:36 [http-nio-8080-exec-7] [DEBUG] o.s.security.web.FilterChainProxy - Secured GET /realty
2025-04-18 10:35:36 [http-nio-8080-exec-7] [INFO] r.k.a.u.s.CheckAuthorizeService - checkAdmin is starting, principal: OAuth2AuthenticationToken [Principal=Name: [107234087105093742255], Granted Authorities: [[OIDC_USER, SCOPE_https://www.googleapis.com/auth/userinfo.email, SCOPE_https://www.googleapis.com/auth/userinfo.profile, SCOPE_openid]], User Attributes: [{at_hash=QIn4N3UChPr1lEyVahXWIw, sub=107234087105093742255, email_verified=true, iss=https://accounts.google.com, given_name=Павел, nonce=rVB9z2VK3RkxPMY1aSpLXA1LTzfIhpKGnTKpjzpx7mE, picture=https://lh3.googleusercontent.com/a/ACg8ocJJoh9jonlTH61VWgvXCiXb0zCDjifGZZtZ30sCErS3N5ntDw=s96-c, aud=[909915657042-l07l5jl8r3v54r15k12hp7vev9dor6r7.apps.googleusercontent.com], azp=909915657042-l07l5jl8r3v54r15k12hp7vev9dor6r7.apps.googleusercontent.com, name=Павел Королев, exp=2025-04-18T08:25:26Z, family_name=Королев, iat=2025-04-18T07:25:26Z, email=passapdom@gmail.com}], Credentials=[PROTECTED], Authenticated=true, Details=WebAuthenticationDetails [RemoteIpAddress=0:0:0:0:0:0:0:1, SessionId=C6EED896D010ABE78F09743AF572D3F2], Granted Authorities=[OIDC_USER, SCOPE_https://www.googleapis.com/auth/userinfo.email, SCOPE_https://www.googleapis.com/auth/userinfo.profile, SCOPE_openid]]
2025-04-18 10:35:36 [http-nio-8080-exec-7] [INFO] r.k.a.u.s.CheckAuthorizeService - checkAdmin: principal != null
2025-04-18 10:35:36 [http-nio-8080-exec-7] [INFO] r.k.a.u.s.CheckAuthorizeService - Principal is OAuth2AuthenticationToken
2025-04-18 10:35:36 [http-nio-8080-exec-7] [INFO] r.k.a.u.s.CheckAuthorizeService - Checking admin rights for email: passapdom@gmail.com
2025-04-18 10:35:36 [http-nio-8080-exec-7] [INFO] r.k.a.u.s.CheckAuthorizeService - User roles: [ADMIN]
2025-04-18 10:35:36 [http-nio-8080-exec-8] [DEBUG] o.s.security.web.FilterChainProxy - Securing GET /css/styles.css
2025-04-18 10:35:36 [http-nio-8080-exec-4] [DEBUG] o.s.security.web.FilterChainProxy - Securing GET /img/logo_alliance.png
2025-04-18 10:35:36 [http-nio-8080-exec-8] [DEBUG] o.s.s.w.c.HttpSessionSecurityContextRepository - Retrieved SecurityContextImpl [Authentication=OAuth2AuthenticationToken [Principal=Name: [107234087105093742255], Granted Authorities: [[OIDC_USER, SCOPE_https://www.googleapis.com/auth/userinfo.email, SCOPE_https://www.googleapis.com/auth/userinfo.profile, SCOPE_openid]], User Attributes: [{at_hash=QIn4N3UChPr1lEyVahXWIw, sub=107234087105093742255, email_verified=true, iss=https://accounts.google.com, given_name=Павел, nonce=rVB9z2VK3RkxPMY1aSpLXA1LTzfIhpKGnTKpjzpx7mE, picture=https://lh3.googleusercontent.com/a/ACg8ocJJoh9jonlTH61VWgvXCiXb0zCDjifGZZtZ30sCErS3N5ntDw=s96-c, aud=[909915657042-l07l5jl8r3v54r15k12hp7vev9dor6r7.apps.googleusercontent.com], azp=909915657042-l07l5jl8r3v54r15k12hp7vev9dor6r7.apps.googleusercontent.com, name=Павел Королев, exp=2025-04-18T08:25:26Z, family_name=Королев, iat=2025-04-18T07:25:26Z, email=passapdom@gmail.com}], Credentials=[PROTECTED], Authenticated=true, Details=WebAuthenticationDetails [RemoteIpAddress=0:0:0:0:0:0:0:1, SessionId=C6EED896D010ABE78F09743AF572D3F2], Granted Authorities=[OIDC_USER, SCOPE_https://www.googleapis.com/auth/userinfo.email, SCOPE_https://www.googleapis.com/auth/userinfo.profile, SCOPE_openid]]]
2025-04-18 10:35:36 [http-nio-8080-exec-4] [DEBUG] o.s.s.w.c.HttpSessionSecurityContextRepository - Retrieved SecurityContextImpl [Authentication=OAuth2AuthenticationToken [Principal=Name: [107234087105093742255], Granted Authorities: [[OIDC_USER, SCOPE_https://www.googleapis.com/auth/userinfo.email, SCOPE_https://www.googleapis.com/auth/userinfo.profile, SCOPE_openid]], User Attributes: [{at_hash=QIn4N3UChPr1lEyVahXWIw, sub=107234087105093742255, email_verified=true, iss=https://accounts.google.com, given_name=Павел, nonce=rVB9z2VK3RkxPMY1aSpLXA1LTzfIhpKGnTKpjzpx7mE, picture=https://lh3.googleusercontent.com/a/ACg8ocJJoh9jonlTH61VWgvXCiXb0zCDjifGZZtZ30sCErS3N5ntDw=s96-c, aud=[909915657042-l07l5jl8r3v54r15k12hp7vev9dor6r7.apps.googleusercontent.com], azp=909915657042-l07l5jl8r3v54r15k12hp7vev9dor6r7.apps.googleusercontent.com, name=Павел Королев, exp=2025-04-18T08:25:26Z, family_name=Королев, iat=2025-04-18T07:25:26Z, email=passapdom@gmail.com}], Credentials=[PROTECTED], Authenticated=true, Details=WebAuthenticationDetails [RemoteIpAddress=0:0:0:0:0:0:0:1, SessionId=C6EED896D010ABE78F09743AF572D3F2], Granted Authorities=[OIDC_USER, SCOPE_https://www.googleapis.com/auth/userinfo.email, SCOPE_https://www.googleapis.com/auth/userinfo.profile, SCOPE_openid]]]
2025-04-18 10:35:36 [http-nio-8080-exec-8] [DEBUG] o.s.s.w.a.i.FilterSecurityInterceptor - Authorized filter invocation [GET /css/styles.css] with attributes [permitAll]
2025-04-18 10:35:36 [http-nio-8080-exec-4] [DEBUG] o.s.s.w.a.i.FilterSecurityInterceptor - Authorized filter invocation [GET /img/logo_alliance.png] with attributes [permitAll]
2025-04-18 10:35:36 [http-nio-8080-exec-8] [DEBUG] o.s.security.web.FilterChainProxy - Secured GET /css/styles.css
2025-04-18 10:35:36 [http-nio-8080-exec-4] [DEBUG] o.s.security.web.FilterChainProxy - Secured GET /img/logo_alliance.png
2025-04-18 10:35:36 [http-nio-8080-exec-3] [DEBUG] o.s.security.web.FilterChainProxy - Securing GET /images/placeholder.jpg
2025-04-18 10:35:36 [http-nio-8080-exec-10] [DEBUG] o.s.security.web.FilterChainProxy - Securing GET /img/agency.jpg
2025-04-18 10:35:36 [http-nio-8080-exec-9] [DEBUG] o.s.security.web.FilterChainProxy - Securing GET /images/advertisementSale/d4315efc-c703-4501-a94b-81ff7ce200a0_photo_2024-12-23_22-17-59.jpg
2025-04-18 10:35:36 [http-nio-8080-exec-2] [DEBUG] o.s.security.web.FilterChainProxy - Securing GET /images/advertisementSale/f59acdf2-baf6-4bc0-b36b-35e41bacd18b_photo_2024-12-23_22-17-54.jpg
2025-04-18 10:35:36 [http-nio-8080-exec-3] [DEBUG] o.s.s.w.c.HttpSessionSecurityContextRepository - Retrieved SecurityContextImpl [Authentication=OAuth2AuthenticationToken [Principal=Name: [107234087105093742255], Granted Authorities: [[OIDC_USER, SCOPE_https://www.googleapis.com/auth/userinfo.email, SCOPE_https://www.googleapis.com/auth/userinfo.profile, SCOPE_openid]], User Attributes: [{at_hash=QIn4N3UChPr1lEyVahXWIw, sub=107234087105093742255, email_verified=true, iss=https://accounts.google.com, given_name=Павел, nonce=rVB9z2VK3RkxPMY1aSpLXA1LTzfIhpKGnTKpjzpx7mE, picture=https://lh3.googleusercontent.com/a/ACg8ocJJoh9jonlTH61VWgvXCiXb0zCDjifGZZtZ30sCErS3N5ntDw=s96-c, aud=[909915657042-l07l5jl8r3v54r15k12hp7vev9dor6r7.apps.googleusercontent.com], azp=909915657042-l07l5jl8r3v54r15k12hp7vev9dor6r7.apps.googleusercontent.com, name=Павел Королев, exp=2025-04-18T08:25:26Z, family_name=Королев, iat=2025-04-18T07:25:26Z, email=passapdom@gmail.com}], Credentials=[PROTECTED], Authenticated=true, Details=WebAuthenticationDetails [RemoteIpAddress=0:0:0:0:0:0:0:1, SessionId=C6EED896D010ABE78F09743AF572D3F2], Granted Authorities=[OIDC_USER, SCOPE_https://www.googleapis.com/auth/userinfo.email, SCOPE_https://www.googleapis.com/auth/userinfo.profile, SCOPE_openid]]]
2025-04-18 10:35:36 [http-nio-8080-exec-2] [DEBUG] o.s.s.w.c.HttpSessionSecurityContextRepository - Retrieved SecurityContextImpl [Authentication=OAuth2AuthenticationToken [Principal=Name: [107234087105093742255], Granted Authorities: [[OIDC_USER, SCOPE_https://www.googleapis.com/auth/userinfo.email, SCOPE_https://www.googleapis.com/auth/userinfo.profile, SCOPE_openid]], User Attributes: [{at_hash=QIn4N3UChPr1lEyVahXWIw, sub=107234087105093742255, email_verified=true, iss=https://accounts.google.com, given_name=Павел, nonce=rVB9z2VK3RkxPMY1aSpLXA1LTzfIhpKGnTKpjzpx7mE, picture=https://lh3.googleusercontent.com/a/ACg8ocJJoh9jonlTH61VWgvXCiXb0zCDjifGZZtZ30sCErS3N5ntDw=s96-c, aud=[909915657042-l07l5jl8r3v54r15k12hp7vev9dor6r7.apps.googleusercontent.com], azp=909915657042-l07l5jl8r3v54r15k12hp7vev9dor6r7.apps.googleusercontent.com, name=Павел Королев, exp=2025-04-18T08:25:26Z, family_name=Королев, iat=2025-04-18T07:25:26Z, email=passapdom@gmail.com}], Credentials=[PROTECTED], Authenticated=true, Details=WebAuthenticationDetails [RemoteIpAddress=0:0:0:0:0:0:0:1, SessionId=C6EED896D010ABE78F09743AF572D3F2], Granted Authorities=[OIDC_USER, SCOPE_https://www.googleapis.com/auth/userinfo.email, SCOPE_https://www.googleapis.com/auth/userinfo.profile, SCOPE_openid]]]
2025-04-18 10:35:36 [http-nio-8080-exec-2] [DEBUG] o.s.s.w.a.i.FilterSecurityInterceptor - Authorized filter invocation [GET /images/advertisementSale/f59acdf2-baf6-4bc0-b36b-35e41bacd18b_photo_2024-12-23_22-17-54.jpg] with attributes [permitAll]
2025-04-18 10:35:36 [http-nio-8080-exec-3] [DEBUG] o.s.s.w.a.i.FilterSecurityInterceptor - Authorized filter invocation [GET /images/placeholder.jpg] with attributes [permitAll]
2025-04-18 10:35:36 [http-nio-8080-exec-10] [DEBUG] o.s.s.w.c.HttpSessionSecurityContextRepository - Retrieved SecurityContextImpl [Authentication=OAuth2AuthenticationToken [Principal=Name: [107234087105093742255], Granted Authorities: [[OIDC_USER, SCOPE_https://www.googleapis.com/auth/userinfo.email, SCOPE_https://www.googleapis.com/auth/userinfo.profile, SCOPE_openid]], User Attributes: [{at_hash=QIn4N3UChPr1lEyVahXWIw, sub=107234087105093742255, email_verified=true, iss=https://accounts.google.com, given_name=Павел, nonce=rVB9z2VK3RkxPMY1aSpLXA1LTzfIhpKGnTKpjzpx7mE, picture=https://lh3.googleusercontent.com/a/ACg8ocJJoh9jonlTH61VWgvXCiXb0zCDjifGZZtZ30sCErS3N5ntDw=s96-c, aud=[909915657042-l07l5jl8r3v54r15k12hp7vev9dor6r7.apps.googleusercontent.com], azp=909915657042-l07l5jl8r3v54r15k12hp7vev9dor6r7.apps.googleusercontent.com, name=Павел Королев, exp=2025-04-18T08:25:26Z, family_name=Королев, iat=2025-04-18T07:25:26Z, email=passapdom@gmail.com}], Credentials=[PROTECTED], Authenticated=true, Details=WebAuthenticationDetails [RemoteIpAddress=0:0:0:0:0:0:0:1, SessionId=C6EED896D010ABE78F09743AF572D3F2], Granted Authorities=[OIDC_USER, SCOPE_https://www.googleapis.com/auth/userinfo.email, SCOPE_https://www.googleapis.com/auth/userinfo.profile, SCOPE_openid]]]
2025-04-18 10:35:36 [http-nio-8080-exec-3] [DEBUG] o.s.security.web.FilterChainProxy - Secured GET /images/placeholder.jpg
2025-04-18 10:35:36 [http-nio-8080-exec-9] [DEBUG] o.s.s.w.c.HttpSessionSecurityContextRepository - Retrieved SecurityContextImpl [Authentication=OAuth2AuthenticationToken [Principal=Name: [107234087105093742255], Granted Authorities: [[OIDC_USER, SCOPE_https://www.googleapis.com/auth/userinfo.email, SCOPE_https://www.googleapis.com/auth/userinfo.profile, SCOPE_openid]], User Attributes: [{at_hash=QIn4N3UChPr1lEyVahXWIw, sub=107234087105093742255, email_verified=true, iss=https://accounts.google.com, given_name=Павел, nonce=rVB9z2VK3RkxPMY1aSpLXA1LTzfIhpKGnTKpjzpx7mE, picture=https://lh3.googleusercontent.com/a/ACg8ocJJoh9jonlTH61VWgvXCiXb0zCDjifGZZtZ30sCErS3N5ntDw=s96-c, aud=[909915657042-l07l5jl8r3v54r15k12hp7vev9dor6r7.apps.googleusercontent.com], azp=909915657042-l07l5jl8r3v54r15k12hp7vev9dor6r7.apps.googleusercontent.com, name=Павел Королев, exp=2025-04-18T08:25:26Z, family_name=Королев, iat=2025-04-18T07:25:26Z, email=passapdom@gmail.com}], Credentials=[PROTECTED], Authenticated=true, Details=WebAuthenticationDetails [RemoteIpAddress=0:0:0:0:0:0:0:1, SessionId=C6EED896D010ABE78F09743AF572D3F2], Granted Authorities=[OIDC_USER, SCOPE_https://www.googleapis.com/auth/userinfo.email, SCOPE_https://www.googleapis.com/auth/userinfo.profile, SCOPE_openid]]]
2025-04-18 10:35:36 [http-nio-8080-exec-9] [DEBUG] o.s.s.w.a.i.FilterSecurityInterceptor - Authorized filter invocation [GET /images/advertisementSale/d4315efc-c703-4501-a94b-81ff7ce200a0_photo_2024-12-23_22-17-59.jpg] with attributes [permitAll]
2025-04-18 10:35:36 [http-nio-8080-exec-1] [DEBUG] o.s.security.web.FilterChainProxy - Securing GET /images/advertisementSale/199952c8-f50d-4f4d-bedc-5c44f013ee64_Снимок экрана (6).png
2025-04-18 10:35:36 [http-nio-8080-exec-2] [DEBUG] o.s.security.web.FilterChainProxy - Secured GET /images/advertisementSale/f59acdf2-baf6-4bc0-b36b-35e41bacd18b_photo_2024-12-23_22-17-54.jpg
2025-04-18 10:35:36 [http-nio-8080-exec-10] [DEBUG] o.s.s.w.a.i.FilterSecurityInterceptor - Authorized filter invocation [GET /img/agency.jpg] with attributes [permitAll]
2025-04-18 10:35:36 [http-nio-8080-exec-9] [DEBUG] o.s.security.web.FilterChainProxy - Secured GET /images/advertisementSale/d4315efc-c703-4501-a94b-81ff7ce200a0_photo_2024-12-23_22-17-59.jpg
2025-04-18 10:35:36 [http-nio-8080-exec-10] [DEBUG] o.s.security.web.FilterChainProxy - Secured GET /img/agency.jpg
2025-04-18 10:35:36 [http-nio-8080-exec-1] [DEBUG] o.s.s.w.c.HttpSessionSecurityContextRepository - Retrieved SecurityContextImpl [Authentication=OAuth2AuthenticationToken [Principal=Name: [107234087105093742255], Granted Authorities: [[OIDC_USER, SCOPE_https://www.googleapis.com/auth/userinfo.email, SCOPE_https://www.googleapis.com/auth/userinfo.profile, SCOPE_openid]], User Attributes: [{at_hash=QIn4N3UChPr1lEyVahXWIw, sub=107234087105093742255, email_verified=true, iss=https://accounts.google.com, given_name=Павел, nonce=rVB9z2VK3RkxPMY1aSpLXA1LTzfIhpKGnTKpjzpx7mE, picture=https://lh3.googleusercontent.com/a/ACg8ocJJoh9jonlTH61VWgvXCiXb0zCDjifGZZtZ30sCErS3N5ntDw=s96-c, aud=[909915657042-l07l5jl8r3v54r15k12hp7vev9dor6r7.apps.googleusercontent.com], azp=909915657042-l07l5jl8r3v54r15k12hp7vev9dor6r7.apps.googleusercontent.com, name=Павел Королев, exp=2025-04-18T08:25:26Z, family_name=Королев, iat=2025-04-18T07:25:26Z, email=passapdom@gmail.com}], Credentials=[PROTECTED], Authenticated=true, Details=WebAuthenticationDetails [RemoteIpAddress=0:0:0:0:0:0:0:1, SessionId=C6EED896D010ABE78F09743AF572D3F2], Granted Authorities=[OIDC_USER, SCOPE_https://www.googleapis.com/auth/userinfo.email, SCOPE_https://www.googleapis.com/auth/userinfo.profile, SCOPE_openid]]]
2025-04-18 10:35:36 [http-nio-8080-exec-1] [DEBUG] o.s.s.w.a.i.FilterSecurityInterceptor - Authorized filter invocation [GET /images/advertisementSale/199952c8-f50d-4f4d-bedc-5c44f013ee64_Снимок экрана (6).png] with attributes [permitAll]
2025-04-18 10:35:36 [http-nio-8080-exec-1] [DEBUG] o.s.security.web.FilterChainProxy - Secured GET /images/advertisementSale/199952c8-f50d-4f4d-bedc-5c44f013ee64_Снимок экрана (6).png
2025-04-18 10:35:36 [http-nio-8080-exec-6] [DEBUG] o.s.security.web.FilterChainProxy - Securing GET /images/advertisementSale/0dab0807-9cf3-481e-9749-99e44f837125_photo_2024-12-23_22-18-04.jpg
2025-04-18 10:35:36 [http-nio-8080-exec-3] [DEBUG] o.s.security.web.FilterChainProxy - Securing GET /error
2025-04-18 10:35:36 [http-nio-8080-exec-6] [DEBUG] o.s.s.w.c.HttpSessionSecurityContextRepository - Retrieved SecurityContextImpl [Authentication=OAuth2AuthenticationToken [Principal=Name: [107234087105093742255], Granted Authorities: [[OIDC_USER, SCOPE_https://www.googleapis.com/auth/userinfo.email, SCOPE_https://www.googleapis.com/auth/userinfo.profile, SCOPE_openid]], User Attributes: [{at_hash=QIn4N3UChPr1lEyVahXWIw, sub=107234087105093742255, email_verified=true, iss=https://accounts.google.com, given_name=Павел, nonce=rVB9z2VK3RkxPMY1aSpLXA1LTzfIhpKGnTKpjzpx7mE, picture=https://lh3.googleusercontent.com/a/ACg8ocJJoh9jonlTH61VWgvXCiXb0zCDjifGZZtZ30sCErS3N5ntDw=s96-c, aud=[909915657042-l07l5jl8r3v54r15k12hp7vev9dor6r7.apps.googleusercontent.com], azp=909915657042-l07l5jl8r3v54r15k12hp7vev9dor6r7.apps.googleusercontent.com, name=Павел Королев, exp=2025-04-18T08:25:26Z, family_name=Королев, iat=2025-04-18T07:25:26Z, email=passapdom@gmail.com}], Credentials=[PROTECTED], Authenticated=true, Details=WebAuthenticationDetails [RemoteIpAddress=0:0:0:0:0:0:0:1, SessionId=C6EED896D010ABE78F09743AF572D3F2], Granted Authorities=[OIDC_USER, SCOPE_https://www.googleapis.com/auth/userinfo.email, SCOPE_https://www.googleapis.com/auth/userinfo.profile, SCOPE_openid]]]
2025-04-18 10:35:36 [http-nio-8080-exec-3] [DEBUG] o.s.s.w.c.HttpSessionSecurityContextRepository - Retrieved SecurityContextImpl [Authentication=OAuth2AuthenticationToken [Principal=Name: [107234087105093742255], Granted Authorities: [[OIDC_USER, SCOPE_https://www.googleapis.com/auth/userinfo.email, SCOPE_https://www.googleapis.com/auth/userinfo.profile, SCOPE_openid]], User Attributes: [{at_hash=QIn4N3UChPr1lEyVahXWIw, sub=107234087105093742255, email_verified=true, iss=https://accounts.google.com, given_name=Павел, nonce=rVB9z2VK3RkxPMY1aSpLXA1LTzfIhpKGnTKpjzpx7mE, picture=https://lh3.googleusercontent.com/a/ACg8ocJJoh9jonlTH61VWgvXCiXb0zCDjifGZZtZ30sCErS3N5ntDw=s96-c, aud=[909915657042-l07l5jl8r3v54r15k12hp7vev9dor6r7.apps.googleusercontent.com], azp=909915657042-l07l5jl8r3v54r15k12hp7vev9dor6r7.apps.googleusercontent.com, name=Павел Королев, exp=2025-04-18T08:25:26Z, family_name=Королев, iat=2025-04-18T07:25:26Z, email=passapdom@gmail.com}], Credentials=[PROTECTED], Authenticated=true, Details=WebAuthenticationDetails [RemoteIpAddress=0:0:0:0:0:0:0:1, SessionId=C6EED896D010ABE78F09743AF572D3F2], Granted Authorities=[OIDC_USER, SCOPE_https://www.googleapis.com/auth/userinfo.email, SCOPE_https://www.googleapis.com/auth/userinfo.profile, SCOPE_openid]]]
2025-04-18 10:35:36 [http-nio-8080-exec-6] [DEBUG] o.s.s.w.a.i.FilterSecurityInterceptor - Authorized filter invocation [GET /images/advertisementSale/0dab0807-9cf3-481e-9749-99e44f837125_photo_2024-12-23_22-18-04.jpg] with attributes [permitAll]
2025-04-18 10:35:36 [http-nio-8080-exec-5] [DEBUG] o.s.security.web.FilterChainProxy - Securing GET /images/advertisementSale/8712f027-90a6-4f31-aeed-9b8fbd323086_Снимок экрана (8).png
2025-04-18 10:35:36 [http-nio-8080-exec-6] [DEBUG] o.s.security.web.FilterChainProxy - Secured GET /images/advertisementSale/0dab0807-9cf3-481e-9749-99e44f837125_photo_2024-12-23_22-18-04.jpg
2025-04-18 10:35:36 [http-nio-8080-exec-3] [DEBUG] o.s.s.w.a.i.FilterSecurityInterceptor - Authorized filter invocation [GET /error] with attributes [permitAll]
2025-04-18 10:35:36 [http-nio-8080-exec-8] [DEBUG] o.s.security.web.FilterChainProxy - Securing GET /images/advertisementSale/76d213ca-dba5-4b57-88f5-b6b4129f212e_photo_2024-12-23_22-17-54.jpg
2025-04-18 10:35:36 [http-nio-8080-exec-3] [DEBUG] o.s.security.web.FilterChainProxy - Secured GET /error
2025-04-18 10:35:36 [http-nio-8080-exec-8] [DEBUG] o.s.s.w.c.HttpSessionSecurityContextRepository - Retrieved SecurityContextImpl [Authentication=OAuth2AuthenticationToken [Principal=Name: [107234087105093742255], Granted Authorities: [[OIDC_USER, SCOPE_https://www.googleapis.com/auth/userinfo.email, SCOPE_https://www.googleapis.com/auth/userinfo.profile, SCOPE_openid]], User Attributes: [{at_hash=QIn4N3UChPr1lEyVahXWIw, sub=107234087105093742255, email_verified=true, iss=https://accounts.google.com, given_name=Павел, nonce=rVB9z2VK3RkxPMY1aSpLXA1LTzfIhpKGnTKpjzpx7mE, picture=https://lh3.googleusercontent.com/a/ACg8ocJJoh9jonlTH61VWgvXCiXb0zCDjifGZZtZ30sCErS3N5ntDw=s96-c, aud=[909915657042-l07l5jl8r3v54r15k12hp7vev9dor6r7.apps.googleusercontent.com], azp=909915657042-l07l5jl8r3v54r15k12hp7vev9dor6r7.apps.googleusercontent.com, name=Павел Королев, exp=2025-04-18T08:25:26Z, family_name=Королев, iat=2025-04-18T07:25:26Z, email=passapdom@gmail.com}], Credentials=[PROTECTED], Authenticated=true, Details=WebAuthenticationDetails [RemoteIpAddress=0:0:0:0:0:0:0:1, SessionId=C6EED896D010ABE78F09743AF572D3F2], Granted Authorities=[OIDC_USER, SCOPE_https://www.googleapis.com/auth/userinfo.email, SCOPE_https://www.googleapis.com/auth/userinfo.profile, SCOPE_openid]]]
2025-04-18 10:35:36 [http-nio-8080-exec-8] [DEBUG] o.s.s.w.a.i.FilterSecurityInterceptor - Authorized filter invocation [GET /images/advertisementSale/76d213ca-dba5-4b57-88f5-b6b4129f212e_photo_2024-12-23_22-17-54.jpg] with attributes [permitAll]
2025-04-18 10:35:36 [http-nio-8080-exec-8] [DEBUG] o.s.security.web.FilterChainProxy - Secured GET /images/advertisementSale/76d213ca-dba5-4b57-88f5-b6b4129f212e_photo_2024-12-23_22-17-54.jpg
2025-04-18 10:35:36 [http-nio-8080-exec-5] [DEBUG] o.s.s.w.c.HttpSessionSecurityContextRepository - Retrieved SecurityContextImpl [Authentication=OAuth2AuthenticationToken [Principal=Name: [107234087105093742255], Granted Authorities: [[OIDC_USER, SCOPE_https://www.googleapis.com/auth/userinfo.email, SCOPE_https://www.googleapis.com/auth/userinfo.profile, SCOPE_openid]], User Attributes: [{at_hash=QIn4N3UChPr1lEyVahXWIw, sub=107234087105093742255, email_verified=true, iss=https://accounts.google.com, given_name=Павел, nonce=rVB9z2VK3RkxPMY1aSpLXA1LTzfIhpKGnTKpjzpx7mE, picture=https://lh3.googleusercontent.com/a/ACg8ocJJoh9jonlTH61VWgvXCiXb0zCDjifGZZtZ30sCErS3N5ntDw=s96-c, aud=[909915657042-l07l5jl8r3v54r15k12hp7vev9dor6r7.apps.googleusercontent.com], azp=909915657042-l07l5jl8r3v54r15k12hp7vev9dor6r7.apps.googleusercontent.com, name=Павел Королев, exp=2025-04-18T08:25:26Z, family_name=Королев, iat=2025-04-18T07:25:26Z, email=passapdom@gmail.com}], Credentials=[PROTECTED], Authenticated=true, Details=WebAuthenticationDetails [RemoteIpAddress=0:0:0:0:0:0:0:1, SessionId=C6EED896D010ABE78F09743AF572D3F2], Granted Authorities=[OIDC_USER, SCOPE_https://www.googleapis.com/auth/userinfo.email, SCOPE_https://www.googleapis.com/auth/userinfo.profile, SCOPE_openid]]]
2025-04-18 10:35:36 [http-nio-8080-exec-5] [DEBUG] o.s.s.w.a.i.FilterSecurityInterceptor - Authorized filter invocation [GET /images/advertisementSale/8712f027-90a6-4f31-aeed-9b8fbd323086_Снимок экрана (8).png] with attributes [permitAll]
2025-04-18 10:35:36 [http-nio-8080-exec-5] [DEBUG] o.s.security.web.FilterChainProxy - Secured GET /images/advertisementSale/8712f027-90a6-4f31-aeed-9b8fbd323086_Снимок экрана (8).png
2025-04-18 10:35:36 [http-nio-8080-exec-9] [DEBUG] o.s.security.web.FilterChainProxy - Securing GET /images/advertisementSale/770d16f9-e061-46fc-94e4-17e8e3e3588a_photo_2024-12-23_22-18-11.jpg
2025-04-18 10:35:36 [http-nio-8080-exec-10] [DEBUG] o.s.security.web.FilterChainProxy - Securing GET /images/advertisementSale/15c13dfd-2da8-4565-ae8d-d9857bb9f550_photo_2024-12-23_22-17-54.jpg
2025-04-18 10:35:36 [http-nio-8080-exec-4] [DEBUG] o.s.security.web.FilterChainProxy - Securing GET /images/advertisementSale/f11f04c5-71bc-4048-ad70-323ba1188611_Снимок экрана (2).png
2025-04-18 10:35:36 [http-nio-8080-exec-1] [DEBUG] o.s.security.web.FilterChainProxy - Securing GET /images/advertisementSale/6d439031-8c11-4cfd-9007-7047bd94ec62_photo_2024-12-23_22-18-10.jpg
2025-04-18 10:35:36 [http-nio-8080-exec-2] [DEBUG] o.s.security.web.FilterChainProxy - Securing GET /images/advertisementSale/0673bdb4-3423-44e8-8636-a66497d7ab52_photo_2024-12-23_22-18-01.jpg
2025-04-18 10:35:36 [http-nio-8080-exec-9] [DEBUG] o.s.s.w.c.HttpSessionSecurityContextRepository - Retrieved SecurityContextImpl [Authentication=OAuth2AuthenticationToken [Principal=Name: [107234087105093742255], Granted Authorities: [[OIDC_USER, SCOPE_https://www.googleapis.com/auth/userinfo.email, SCOPE_https://www.googleapis.com/auth/userinfo.profile, SCOPE_openid]], User Attributes: [{at_hash=QIn4N3UChPr1lEyVahXWIw, sub=107234087105093742255, email_verified=true, iss=https://accounts.google.com, given_name=Павел, nonce=rVB9z2VK3RkxPMY1aSpLXA1LTzfIhpKGnTKpjzpx7mE, picture=https://lh3.googleusercontent.com/a/ACg8ocJJoh9jonlTH61VWgvXCiXb0zCDjifGZZtZ30sCErS3N5ntDw=s96-c, aud=[909915657042-l07l5jl8r3v54r15k12hp7vev9dor6r7.apps.googleusercontent.com], azp=909915657042-l07l5jl8r3v54r15k12hp7vev9dor6r7.apps.googleusercontent.com, name=Павел Королев, exp=2025-04-18T08:25:26Z, family_name=Королев, iat=2025-04-18T07:25:26Z, email=passapdom@gmail.com}], Credentials=[PROTECTED], Authenticated=true, Details=WebAuthenticationDetails [RemoteIpAddress=0:0:0:0:0:0:0:1, SessionId=C6EED896D010ABE78F09743AF572D3F2], Granted Authorities=[OIDC_USER, SCOPE_https://www.googleapis.com/auth/userinfo.email, SCOPE_https://www.googleapis.com/auth/userinfo.profile, SCOPE_openid]]]
2025-04-18 10:35:36 [http-nio-8080-exec-10] [DEBUG] o.s.s.w.c.HttpSessionSecurityContextRepository - Retrieved SecurityContextImpl [Authentication=OAuth2AuthenticationToken [Principal=Name: [107234087105093742255], Granted Authorities: [[OIDC_USER, SCOPE_https://www.googleapis.com/auth/userinfo.email, SCOPE_https://www.googleapis.com/auth/userinfo.profile, SCOPE_openid]], User Attributes: [{at_hash=QIn4N3UChPr1lEyVahXWIw, sub=107234087105093742255, email_verified=true, iss=https://accounts.google.com, given_name=Павел, nonce=rVB9z2VK3RkxPMY1aSpLXA1LTzfIhpKGnTKpjzpx7mE, picture=https://lh3.googleusercontent.com/a/ACg8ocJJoh9jonlTH61VWgvXCiXb0zCDjifGZZtZ30sCErS3N5ntDw=s96-c, aud=[909915657042-l07l5jl8r3v54r15k12hp7vev9dor6r7.apps.googleusercontent.com], azp=909915657042-l07l5jl8r3v54r15k12hp7vev9dor6r7.apps.googleusercontent.com, name=Павел Королев, exp=2025-04-18T08:25:26Z, family_name=Королев, iat=2025-04-18T07:25:26Z, email=passapdom@gmail.com}], Credentials=[PROTECTED], Authenticated=true, Details=WebAuthenticationDetails [RemoteIpAddress=0:0:0:0:0:0:0:1, SessionId=C6EED896D010ABE78F09743AF572D3F2], Granted Authorities=[OIDC_USER, SCOPE_https://www.googleapis.com/auth/userinfo.email, SCOPE_https://www.googleapis.com/auth/userinfo.profile, SCOPE_openid]]]
2025-04-18 10:35:36 [http-nio-8080-exec-4] [DEBUG] o.s.s.w.c.HttpSessionSecurityContextRepository - Retrieved SecurityContextImpl [Authentication=OAuth2AuthenticationToken [Principal=Name: [107234087105093742255], Granted Authorities: [[OIDC_USER, SCOPE_https://www.googleapis.com/auth/userinfo.email, SCOPE_https://www.googleapis.com/auth/userinfo.profile, SCOPE_openid]], User Attributes: [{at_hash=QIn4N3UChPr1lEyVahXWIw, sub=107234087105093742255, email_verified=true, iss=https://accounts.google.com, given_name=Павел, nonce=rVB9z2VK3RkxPMY1aSpLXA1LTzfIhpKGnTKpjzpx7mE, picture=https://lh3.googleusercontent.com/a/ACg8ocJJoh9jonlTH61VWgvXCiXb0zCDjifGZZtZ30sCErS3N5ntDw=s96-c, aud=[909915657042-l07l5jl8r3v54r15k12hp7vev9dor6r7.apps.googleusercontent.com], azp=909915657042-l07l5jl8r3v54r15k12hp7vev9dor6r7.apps.googleusercontent.com, name=Павел Королев, exp=2025-04-18T08:25:26Z, family_name=Королев, iat=2025-04-18T07:25:26Z, email=passapdom@gmail.com}], Credentials=[PROTECTED], Authenticated=true, Details=WebAuthenticationDetails [RemoteIpAddress=0:0:0:0:0:0:0:1, SessionId=C6EED896D010ABE78F09743AF572D3F2], Granted Authorities=[OIDC_USER, SCOPE_https://www.googleapis.com/auth/userinfo.email, SCOPE_https://www.googleapis.com/auth/userinfo.profile, SCOPE_openid]]]
2025-04-18 10:35:36 [http-nio-8080-exec-10] [DEBUG] o.s.s.w.a.i.FilterSecurityInterceptor - Authorized filter invocation [GET /images/advertisementSale/15c13dfd-2da8-4565-ae8d-d9857bb9f550_photo_2024-12-23_22-17-54.jpg] with attributes [permitAll]
2025-04-18 10:35:36 [http-nio-8080-exec-1] [DEBUG] o.s.s.w.c.HttpSessionSecurityContextRepository - Retrieved SecurityContextImpl [Authentication=OAuth2AuthenticationToken [Principal=Name: [107234087105093742255], Granted Authorities: [[OIDC_USER, SCOPE_https://www.googleapis.com/auth/userinfo.email, SCOPE_https://www.googleapis.com/auth/userinfo.profile, SCOPE_openid]], User Attributes: [{at_hash=QIn4N3UChPr1lEyVahXWIw, sub=107234087105093742255, email_verified=true, iss=https://accounts.google.com, given_name=Павел, nonce=rVB9z2VK3RkxPMY1aSpLXA1LTzfIhpKGnTKpjzpx7mE, picture=https://lh3.googleusercontent.com/a/ACg8ocJJoh9jonlTH61VWgvXCiXb0zCDjifGZZtZ30sCErS3N5ntDw=s96-c, aud=[909915657042-l07l5jl8r3v54r15k12hp7vev9dor6r7.apps.googleusercontent.com], azp=909915657042-l07l5jl8r3v54r15k12hp7vev9dor6r7.apps.googleusercontent.com, name=Павел Королев, exp=2025-04-18T08:25:26Z, family_name=Королев, iat=2025-04-18T07:25:26Z, email=passapdom@gmail.com}], Credentials=[PROTECTED], Authenticated=true, Details=WebAuthenticationDetails [RemoteIpAddress=0:0:0:0:0:0:0:1, SessionId=C6EED896D010ABE78F09743AF572D3F2], Granted Authorities=[OIDC_USER, SCOPE_https://www.googleapis.com/auth/userinfo.email, SCOPE_https://www.googleapis.com/auth/userinfo.profile, SCOPE_openid]]]
2025-04-18 10:35:36 [http-nio-8080-exec-9] [DEBUG] o.s.s.w.a.i.FilterSecurityInterceptor - Authorized filter invocation [GET /images/advertisementSale/770d16f9-e061-46fc-94e4-17e8e3e3588a_photo_2024-12-23_22-18-11.jpg] with attributes [permitAll]
2025-04-18 10:35:36 [http-nio-8080-exec-4] [DEBUG] o.s.s.w.a.i.FilterSecurityInterceptor - Authorized filter invocation [GET /images/advertisementSale/f11f04c5-71bc-4048-ad70-323ba1188611_Снимок экрана (2).png] with attributes [permitAll]
2025-04-18 10:35:36 [http-nio-8080-exec-10] [DEBUG] o.s.security.web.FilterChainProxy - Secured GET /images/advertisementSale/15c13dfd-2da8-4565-ae8d-d9857bb9f550_photo_2024-12-23_22-17-54.jpg
2025-04-18 10:35:36 [http-nio-8080-exec-9] [DEBUG] o.s.security.web.FilterChainProxy - Secured GET /images/advertisementSale/770d16f9-e061-46fc-94e4-17e8e3e3588a_photo_2024-12-23_22-18-11.jpg
2025-04-18 10:35:36 [http-nio-8080-exec-2] [DEBUG] o.s.s.w.c.HttpSessionSecurityContextRepository - Retrieved SecurityContextImpl [Authentication=OAuth2AuthenticationToken [Principal=Name: [107234087105093742255], Granted Authorities: [[OIDC_USER, SCOPE_https://www.googleapis.com/auth/userinfo.email, SCOPE_https://www.googleapis.com/auth/userinfo.profile, SCOPE_openid]], User Attributes: [{at_hash=QIn4N3UChPr1lEyVahXWIw, sub=107234087105093742255, email_verified=true, iss=https://accounts.google.com, given_name=Павел, nonce=rVB9z2VK3RkxPMY1aSpLXA1LTzfIhpKGnTKpjzpx7mE, picture=https://lh3.googleusercontent.com/a/ACg8ocJJoh9jonlTH61VWgvXCiXb0zCDjifGZZtZ30sCErS3N5ntDw=s96-c, aud=[909915657042-l07l5jl8r3v54r15k12hp7vev9dor6r7.apps.googleusercontent.com], azp=909915657042-l07l5jl8r3v54r15k12hp7vev9dor6r7.apps.googleusercontent.com, name=Павел Королев, exp=2025-04-18T08:25:26Z, family_name=Королев, iat=2025-04-18T07:25:26Z, email=passapdom@gmail.com}], Credentials=[PROTECTED], Authenticated=true, Details=WebAuthenticationDetails [RemoteIpAddress=0:0:0:0:0:0:0:1, SessionId=C6EED896D010ABE78F09743AF572D3F2], Granted Authorities=[OIDC_USER, SCOPE_https://www.googleapis.com/auth/userinfo.email, SCOPE_https://www.googleapis.com/auth/userinfo.profile, SCOPE_openid]]]
2025-04-18 10:35:36 [http-nio-8080-exec-1] [DEBUG] o.s.s.w.a.i.FilterSecurityInterceptor - Authorized filter invocation [GET /images/advertisementSale/6d439031-8c11-4cfd-9007-7047bd94ec62_photo_2024-12-23_22-18-10.jpg] with attributes [permitAll]
2025-04-18 10:35:36 [http-nio-8080-exec-2] [DEBUG] o.s.s.w.a.i.FilterSecurityInterceptor - Authorized filter invocation [GET /images/advertisementSale/0673bdb4-3423-44e8-8636-a66497d7ab52_photo_2024-12-23_22-18-01.jpg] with attributes [permitAll]
2025-04-18 10:35:36 [http-nio-8080-exec-2] [DEBUG] o.s.security.web.FilterChainProxy - Secured GET /images/advertisementSale/0673bdb4-3423-44e8-8636-a66497d7ab52_photo_2024-12-23_22-18-01.jpg
2025-04-18 10:35:36 [http-nio-8080-exec-4] [DEBUG] o.s.security.web.FilterChainProxy - Secured GET /images/advertisementSale/f11f04c5-71bc-4048-ad70-323ba1188611_Снимок экрана (2).png
2025-04-18 10:35:36 [http-nio-8080-exec-1] [DEBUG] o.s.security.web.FilterChainProxy - Secured GET /images/advertisementSale/6d439031-8c11-4cfd-9007-7047bd94ec62_photo_2024-12-23_22-18-10.jpg
2025-04-18 10:35:36 [http-nio-8080-exec-2] [DEBUG] o.s.security.web.FilterChainProxy - Securing GET /images/advertisementSale/2703da27-c848-4e9d-a261-4d33ee79f79c_photo_2024-12-23_22-17-59.jpg
2025-04-18 10:35:36 [http-nio-8080-exec-3] [DEBUG] o.s.security.web.FilterChainProxy - Securing GET /images/placeholder.jpg
2025-04-18 10:35:36 [http-nio-8080-exec-2] [DEBUG] o.s.s.w.c.HttpSessionSecurityContextRepository - Retrieved SecurityContextImpl [Authentication=OAuth2AuthenticationToken [Principal=Name: [107234087105093742255], Granted Authorities: [[OIDC_USER, SCOPE_https://www.googleapis.com/auth/userinfo.email, SCOPE_https://www.googleapis.com/auth/userinfo.profile, SCOPE_openid]], User Attributes: [{at_hash=QIn4N3UChPr1lEyVahXWIw, sub=107234087105093742255, email_verified=true, iss=https://accounts.google.com, given_name=Павел, nonce=rVB9z2VK3RkxPMY1aSpLXA1LTzfIhpKGnTKpjzpx7mE, picture=https://lh3.googleusercontent.com/a/ACg8ocJJoh9jonlTH61VWgvXCiXb0zCDjifGZZtZ30sCErS3N5ntDw=s96-c, aud=[909915657042-l07l5jl8r3v54r15k12hp7vev9dor6r7.apps.googleusercontent.com], azp=909915657042-l07l5jl8r3v54r15k12hp7vev9dor6r7.apps.googleusercontent.com, name=Павел Королев, exp=2025-04-18T08:25:26Z, family_name=Королев, iat=2025-04-18T07:25:26Z, email=passapdom@gmail.com}], Credentials=[PROTECTED], Authenticated=true, Details=WebAuthenticationDetails [RemoteIpAddress=0:0:0:0:0:0:0:1, SessionId=C6EED896D010ABE78F09743AF572D3F2], Granted Authorities=[OIDC_USER, SCOPE_https://www.googleapis.com/auth/userinfo.email, SCOPE_https://www.googleapis.com/auth/userinfo.profile, SCOPE_openid]]]
2025-04-18 10:35:36 [http-nio-8080-exec-3] [DEBUG] o.s.s.w.c.HttpSessionSecurityContextRepository - Retrieved SecurityContextImpl [Authentication=OAuth2AuthenticationToken [Principal=Name: [107234087105093742255], Granted Authorities: [[OIDC_USER, SCOPE_https://www.googleapis.com/auth/userinfo.email, SCOPE_https://www.googleapis.com/auth/userinfo.profile, SCOPE_openid]], User Attributes: [{at_hash=QIn4N3UChPr1lEyVahXWIw, sub=107234087105093742255, email_verified=true, iss=https://accounts.google.com, given_name=Павел, nonce=rVB9z2VK3RkxPMY1aSpLXA1LTzfIhpKGnTKpjzpx7mE, picture=https://lh3.googleusercontent.com/a/ACg8ocJJoh9jonlTH61VWgvXCiXb0zCDjifGZZtZ30sCErS3N5ntDw=s96-c, aud=[909915657042-l07l5jl8r3v54r15k12hp7vev9dor6r7.apps.googleusercontent.com], azp=909915657042-l07l5jl8r3v54r15k12hp7vev9dor6r7.apps.googleusercontent.com, name=Павел Королев, exp=2025-04-18T08:25:26Z, family_name=Королев, iat=2025-04-18T07:25:26Z, email=passapdom@gmail.com}], Credentials=[PROTECTED], Authenticated=true, Details=WebAuthenticationDetails [RemoteIpAddress=0:0:0:0:0:0:0:1, SessionId=C6EED896D010ABE78F09743AF572D3F2], Granted Authorities=[OIDC_USER, SCOPE_https://www.googleapis.com/auth/userinfo.email, SCOPE_https://www.googleapis.com/auth/userinfo.profile, SCOPE_openid]]]
2025-04-18 10:35:36 [http-nio-8080-exec-3] [DEBUG] o.s.s.w.a.i.FilterSecurityInterceptor - Authorized filter invocation [GET /images/placeholder.jpg] with attributes [permitAll]
2025-04-18 10:35:36 [http-nio-8080-exec-8] [DEBUG] o.s.security.web.FilterChainProxy - Securing GET /images/advertisementSale/e63bba72-f8b1-4ec8-b621-657fbcd7b1e3_kozelsk.jpg
2025-04-18 10:35:36 [http-nio-8080-exec-3] [DEBUG] o.s.security.web.FilterChainProxy - Secured GET /images/placeholder.jpg
2025-04-18 10:35:36 [http-nio-8080-exec-2] [DEBUG] o.s.s.w.a.i.FilterSecurityInterceptor - Authorized filter invocation [GET /images/advertisementSale/2703da27-c848-4e9d-a261-4d33ee79f79c_photo_2024-12-23_22-17-59.jpg] with attributes [permitAll]
2025-04-18 10:35:36 [http-nio-8080-exec-1] [DEBUG] o.s.security.web.FilterChainProxy - Securing GET /images/advertisementRent/809047fb-7261-497f-b19e-b208d4480210_photo_2024-12-23_22-17-57.jpg
2025-04-18 10:35:36 [http-nio-8080-exec-8] [DEBUG] o.s.s.w.c.HttpSessionSecurityContextRepository - Retrieved SecurityContextImpl [Authentication=OAuth2AuthenticationToken [Principal=Name: [107234087105093742255], Granted Authorities: [[OIDC_USER, SCOPE_https://www.googleapis.com/auth/userinfo.email, SCOPE_https://www.googleapis.com/auth/userinfo.profile, SCOPE_openid]], User Attributes: [{at_hash=QIn4N3UChPr1lEyVahXWIw, sub=107234087105093742255, email_verified=true, iss=https://accounts.google.com, given_name=Павел, nonce=rVB9z2VK3RkxPMY1aSpLXA1LTzfIhpKGnTKpjzpx7mE, picture=https://lh3.googleusercontent.com/a/ACg8ocJJoh9jonlTH61VWgvXCiXb0zCDjifGZZtZ30sCErS3N5ntDw=s96-c, aud=[909915657042-l07l5jl8r3v54r15k12hp7vev9dor6r7.apps.googleusercontent.com], azp=909915657042-l07l5jl8r3v54r15k12hp7vev9dor6r7.apps.googleusercontent.com, name=Павел Королев, exp=2025-04-18T08:25:26Z, family_name=Королев, iat=2025-04-18T07:25:26Z, email=passapdom@gmail.com}], Credentials=[PROTECTED], Authenticated=true, Details=WebAuthenticationDetails [RemoteIpAddress=0:0:0:0:0:0:0:1, SessionId=C6EED896D010ABE78F09743AF572D3F2], Granted Authorities=[OIDC_USER, SCOPE_https://www.googleapis.com/auth/userinfo.email, SCOPE_https://www.googleapis.com/auth/userinfo.profile, SCOPE_openid]]]
2025-04-18 10:35:36 [http-nio-8080-exec-2] [DEBUG] o.s.security.web.FilterChainProxy - Secured GET /images/advertisementSale/2703da27-c848-4e9d-a261-4d33ee79f79c_photo_2024-12-23_22-17-59.jpg
2025-04-18 10:35:36 [http-nio-8080-exec-8] [DEBUG] o.s.s.w.a.i.FilterSecurityInterceptor - Authorized filter invocation [GET /images/advertisementSale/e63bba72-f8b1-4ec8-b621-657fbcd7b1e3_kozelsk.jpg] with attributes [permitAll]
2025-04-18 10:35:36 [http-nio-8080-exec-1] [DEBUG] o.s.s.w.c.HttpSessionSecurityContextRepository - Retrieved SecurityContextImpl [Authentication=OAuth2AuthenticationToken [Principal=Name: [107234087105093742255], Granted Authorities: [[OIDC_USER, SCOPE_https://www.googleapis.com/auth/userinfo.email, SCOPE_https://www.googleapis.com/auth/userinfo.profile, SCOPE_openid]], User Attributes: [{at_hash=QIn4N3UChPr1lEyVahXWIw, sub=107234087105093742255, email_verified=true, iss=https://accounts.google.com, given_name=Павел, nonce=rVB9z2VK3RkxPMY1aSpLXA1LTzfIhpKGnTKpjzpx7mE, picture=https://lh3.googleusercontent.com/a/ACg8ocJJoh9jonlTH61VWgvXCiXb0zCDjifGZZtZ30sCErS3N5ntDw=s96-c, aud=[909915657042-l07l5jl8r3v54r15k12hp7vev9dor6r7.apps.googleusercontent.com], azp=909915657042-l07l5jl8r3v54r15k12hp7vev9dor6r7.apps.googleusercontent.com, name=Павел Королев, exp=2025-04-18T08:25:26Z, family_name=Королев, iat=2025-04-18T07:25:26Z, email=passapdom@gmail.com}], Credentials=[PROTECTED], Authenticated=true, Details=WebAuthenticationDetails [RemoteIpAddress=0:0:0:0:0:0:0:1, SessionId=C6EED896D010ABE78F09743AF572D3F2], Granted Authorities=[OIDC_USER, SCOPE_https://www.googleapis.com/auth/userinfo.email, SCOPE_https://www.googleapis.com/auth/userinfo.profile, SCOPE_openid]]]
2025-04-18 10:35:36 [http-nio-8080-exec-1] [DEBUG] o.s.s.w.a.i.FilterSecurityInterceptor - Authorized filter invocation [GET /images/advertisementRent/809047fb-7261-497f-b19e-b208d4480210_photo_2024-12-23_22-17-57.jpg] with attributes [permitAll]
2025-04-18 10:35:36 [http-nio-8080-exec-8] [DEBUG] o.s.security.web.FilterChainProxy - Secured GET /images/advertisementSale/e63bba72-f8b1-4ec8-b621-657fbcd7b1e3_kozelsk.jpg
2025-04-18 10:35:36 [http-nio-8080-exec-1] [DEBUG] o.s.security.web.FilterChainProxy - Secured GET /images/advertisementRent/809047fb-7261-497f-b19e-b208d4480210_photo_2024-12-23_22-17-57.jpg
2025-04-18 10:35:36 [http-nio-8080-exec-5] [DEBUG] o.s.security.web.FilterChainProxy - Securing GET /images/advertisementRent/b02c42b7-b608-4169-93f2-7ad28d186517_photo_2024-12-23_22-18-01.jpg
2025-04-18 10:35:36 [http-nio-8080-exec-3] [DEBUG] o.s.security.web.FilterChainProxy - Securing GET /error
2025-04-18 10:35:36 [http-nio-8080-exec-5] [DEBUG] o.s.s.w.c.HttpSessionSecurityContextRepository - Retrieved SecurityContextImpl [Authentication=OAuth2AuthenticationToken [Principal=Name: [107234087105093742255], Granted Authorities: [[OIDC_USER, SCOPE_https://www.googleapis.com/auth/userinfo.email, SCOPE_https://www.googleapis.com/auth/userinfo.profile, SCOPE_openid]], User Attributes: [{at_hash=QIn4N3UChPr1lEyVahXWIw, sub=107234087105093742255, email_verified=true, iss=https://accounts.google.com, given_name=Павел, nonce=rVB9z2VK3RkxPMY1aSpLXA1LTzfIhpKGnTKpjzpx7mE, picture=https://lh3.googleusercontent.com/a/ACg8ocJJoh9jonlTH61VWgvXCiXb0zCDjifGZZtZ30sCErS3N5ntDw=s96-c, aud=[909915657042-l07l5jl8r3v54r15k12hp7vev9dor6r7.apps.googleusercontent.com], azp=909915657042-l07l5jl8r3v54r15k12hp7vev9dor6r7.apps.googleusercontent.com, name=Павел Королев, exp=2025-04-18T08:25:26Z, family_name=Королев, iat=2025-04-18T07:25:26Z, email=passapdom@gmail.com}], Credentials=[PROTECTED], Authenticated=true, Details=WebAuthenticationDetails [RemoteIpAddress=0:0:0:0:0:0:0:1, SessionId=C6EED896D010ABE78F09743AF572D3F2], Granted Authorities=[OIDC_USER, SCOPE_https://www.googleapis.com/auth/userinfo.email, SCOPE_https://www.googleapis.com/auth/userinfo.profile, SCOPE_openid]]]
2025-04-18 10:35:36 [http-nio-8080-exec-5] [DEBUG] o.s.s.w.a.i.FilterSecurityInterceptor - Authorized filter invocation [GET /images/advertisementRent/b02c42b7-b608-4169-93f2-7ad28d186517_photo_2024-12-23_22-18-01.jpg] with attributes [permitAll]
2025-04-18 10:35:36 [http-nio-8080-exec-3] [DEBUG] o.s.s.w.c.HttpSessionSecurityContextRepository - Retrieved SecurityContextImpl [Authentication=OAuth2AuthenticationToken [Principal=Name: [107234087105093742255], Granted Authorities: [[OIDC_USER, SCOPE_https://www.googleapis.com/auth/userinfo.email, SCOPE_https://www.googleapis.com/auth/userinfo.profile, SCOPE_openid]], User Attributes: [{at_hash=QIn4N3UChPr1lEyVahXWIw, sub=107234087105093742255, email_verified=true, iss=https://accounts.google.com, given_name=Павел, nonce=rVB9z2VK3RkxPMY1aSpLXA1LTzfIhpKGnTKpjzpx7mE, picture=https://lh3.googleusercontent.com/a/ACg8ocJJoh9jonlTH61VWgvXCiXb0zCDjifGZZtZ30sCErS3N5ntDw=s96-c, aud=[909915657042-l07l5jl8r3v54r15k12hp7vev9dor6r7.apps.googleusercontent.com], azp=909915657042-l07l5jl8r3v54r15k12hp7vev9dor6r7.apps.googleusercontent.com, name=Павел Королев, exp=2025-04-18T08:25:26Z, family_name=Королев, iat=2025-04-18T07:25:26Z, email=passapdom@gmail.com}], Credentials=[PROTECTED], Authenticated=true, Details=WebAuthenticationDetails [RemoteIpAddress=0:0:0:0:0:0:0:1, SessionId=C6EED896D010ABE78F09743AF572D3F2], Granted Authorities=[OIDC_USER, SCOPE_https://www.googleapis.com/auth/userinfo.email, SCOPE_https://www.googleapis.com/auth/userinfo.profile, SCOPE_openid]]]
2025-04-18 10:35:36 [http-nio-8080-exec-3] [DEBUG] o.s.s.w.a.i.FilterSecurityInterceptor - Authorized filter invocation [GET /error] with attributes [permitAll]
2025-04-18 10:35:36 [http-nio-8080-exec-5] [DEBUG] o.s.security.web.FilterChainProxy - Secured GET /images/advertisementRent/b02c42b7-b608-4169-93f2-7ad28d186517_photo_2024-12-23_22-18-01.jpg
2025-04-18 10:35:36 [http-nio-8080-exec-3] [DEBUG] o.s.security.web.FilterChainProxy - Secured GET /error
2025-04-18 10:35:36 [http-nio-8080-exec-9] [DEBUG] o.s.security.web.FilterChainProxy - Securing GET /images/advertisementRent/da667149-470d-4844-94d9-c5a37db0ed63_photo_2024-12-23_22-18-05.jpg
2025-04-18 10:35:36 [http-nio-8080-exec-9] [DEBUG] o.s.s.w.c.HttpSessionSecurityContextRepository - Retrieved SecurityContextImpl [Authentication=OAuth2AuthenticationToken [Principal=Name: [107234087105093742255], Granted Authorities: [[OIDC_USER, SCOPE_https://www.googleapis.com/auth/userinfo.email, SCOPE_https://www.googleapis.com/auth/userinfo.profile, SCOPE_openid]], User Attributes: [{at_hash=QIn4N3UChPr1lEyVahXWIw, sub=107234087105093742255, email_verified=true, iss=https://accounts.google.com, given_name=Павел, nonce=rVB9z2VK3RkxPMY1aSpLXA1LTzfIhpKGnTKpjzpx7mE, picture=https://lh3.googleusercontent.com/a/ACg8ocJJoh9jonlTH61VWgvXCiXb0zCDjifGZZtZ30sCErS3N5ntDw=s96-c, aud=[909915657042-l07l5jl8r3v54r15k12hp7vev9dor6r7.apps.googleusercontent.com], azp=909915657042-l07l5jl8r3v54r15k12hp7vev9dor6r7.apps.googleusercontent.com, name=Павел Королев, exp=2025-04-18T08:25:26Z, family_name=Королев, iat=2025-04-18T07:25:26Z, email=passapdom@gmail.com}], Credentials=[PROTECTED], Authenticated=true, Details=WebAuthenticationDetails [RemoteIpAddress=0:0:0:0:0:0:0:1, SessionId=C6EED896D010ABE78F09743AF572D3F2], Granted Authorities=[OIDC_USER, SCOPE_https://www.googleapis.com/auth/userinfo.email, SCOPE_https://www.googleapis.com/auth/userinfo.profile, SCOPE_openid]]]
2025-04-18 10:35:36 [http-nio-8080-exec-9] [DEBUG] o.s.s.w.a.i.FilterSecurityInterceptor - Authorized filter invocation [GET /images/advertisementRent/da667149-470d-4844-94d9-c5a37db0ed63_photo_2024-12-23_22-18-05.jpg] with attributes [permitAll]
2025-04-18 10:35:36 [http-nio-8080-exec-9] [DEBUG] o.s.security.web.FilterChainProxy - Secured GET /images/advertisementRent/da667149-470d-4844-94d9-c5a37db0ed63_photo_2024-12-23_22-18-05.jpg
2025-04-18 10:35:36 [http-nio-8080-exec-10] [DEBUG] o.s.security.web.FilterChainProxy - Securing GET /images/advertisementRent/0a1031cd-43b5-4402-87eb-04fa80f00918_photo_2024-12-23_22-18-03.jpg
2025-04-18 10:35:36 [http-nio-8080-exec-10] [DEBUG] o.s.s.w.c.HttpSessionSecurityContextRepository - Retrieved SecurityContextImpl [Authentication=OAuth2AuthenticationToken [Principal=Name: [107234087105093742255], Granted Authorities: [[OIDC_USER, SCOPE_https://www.googleapis.com/auth/userinfo.email, SCOPE_https://www.googleapis.com/auth/userinfo.profile, SCOPE_openid]], User Attributes: [{at_hash=QIn4N3UChPr1lEyVahXWIw, sub=107234087105093742255, email_verified=true, iss=https://accounts.google.com, given_name=Павел, nonce=rVB9z2VK3RkxPMY1aSpLXA1LTzfIhpKGnTKpjzpx7mE, picture=https://lh3.googleusercontent.com/a/ACg8ocJJoh9jonlTH61VWgvXCiXb0zCDjifGZZtZ30sCErS3N5ntDw=s96-c, aud=[909915657042-l07l5jl8r3v54r15k12hp7vev9dor6r7.apps.googleusercontent.com], azp=909915657042-l07l5jl8r3v54r15k12hp7vev9dor6r7.apps.googleusercontent.com, name=Павел Королев, exp=2025-04-18T08:25:26Z, family_name=Королев, iat=2025-04-18T07:25:26Z, email=passapdom@gmail.com}], Credentials=[PROTECTED], Authenticated=true, Details=WebAuthenticationDetails [RemoteIpAddress=0:0:0:0:0:0:0:1, SessionId=C6EED896D010ABE78F09743AF572D3F2], Granted Authorities=[OIDC_USER, SCOPE_https://www.googleapis.com/auth/userinfo.email, SCOPE_https://www.googleapis.com/auth/userinfo.profile, SCOPE_openid]]]
2025-04-18 10:35:36 [http-nio-8080-exec-10] [DEBUG] o.s.s.w.a.i.FilterSecurityInterceptor - Authorized filter invocation [GET /images/advertisementRent/0a1031cd-43b5-4402-87eb-04fa80f00918_photo_2024-12-23_22-18-03.jpg] with attributes [permitAll]
2025-04-18 10:35:36 [http-nio-8080-exec-10] [DEBUG] o.s.security.web.FilterChainProxy - Secured GET /images/advertisementRent/0a1031cd-43b5-4402-87eb-04fa80f00918_photo_2024-12-23_22-18-03.jpg
2025-04-18 10:35:36 [http-nio-8080-exec-6] [DEBUG] o.s.security.web.FilterChainProxy - Securing GET /img/agency.jpg
2025-04-18 10:35:36 [http-nio-8080-exec-4] [DEBUG] o.s.security.web.FilterChainProxy - Securing GET /images/advertisementSale/d4315efc-c703-4501-a94b-81ff7ce200a0_photo_2024-12-23_22-17-59.jpg
2025-04-18 10:35:36 [http-nio-8080-exec-2] [DEBUG] o.s.security.web.FilterChainProxy - Securing GET /images/placeholder.jpg
2025-04-18 10:35:36 [http-nio-8080-exec-6] [DEBUG] o.s.s.w.c.HttpSessionSecurityContextRepository - Retrieved SecurityContextImpl [Authentication=OAuth2AuthenticationToken [Principal=Name: [107234087105093742255], Granted Authorities: [[OIDC_USER, SCOPE_https://www.googleapis.com/auth/userinfo.email, SCOPE_https://www.googleapis.com/auth/userinfo.profile, SCOPE_openid]], User Attributes: [{at_hash=QIn4N3UChPr1lEyVahXWIw, sub=107234087105093742255, email_verified=true, iss=https://accounts.google.com, given_name=Павел, nonce=rVB9z2VK3RkxPMY1aSpLXA1LTzfIhpKGnTKpjzpx7mE, picture=https://lh3.googleusercontent.com/a/ACg8ocJJoh9jonlTH61VWgvXCiXb0zCDjifGZZtZ30sCErS3N5ntDw=s96-c, aud=[909915657042-l07l5jl8r3v54r15k12hp7vev9dor6r7.apps.googleusercontent.com], azp=909915657042-l07l5jl8r3v54r15k12hp7vev9dor6r7.apps.googleusercontent.com, name=Павел Королев, exp=2025-04-18T08:25:26Z, family_name=Королев, iat=2025-04-18T07:25:26Z, email=passapdom@gmail.com}], Credentials=[PROTECTED], Authenticated=true, Details=WebAuthenticationDetails [RemoteIpAddress=0:0:0:0:0:0:0:1, SessionId=C6EED896D010ABE78F09743AF572D3F2], Granted Authorities=[OIDC_USER, SCOPE_https://www.googleapis.com/auth/userinfo.email, SCOPE_https://www.googleapis.com/auth/userinfo.profile, SCOPE_openid]]]
2025-04-18 10:35:36 [http-nio-8080-exec-1] [DEBUG] o.s.security.web.FilterChainProxy - Securing GET /images/advertisementSale/f59acdf2-baf6-4bc0-b36b-35e41bacd18b_photo_2024-12-23_22-17-54.jpg
2025-04-18 10:35:36 [http-nio-8080-exec-8] [DEBUG] o.s.security.web.FilterChainProxy - Securing GET /images/advertisementSale/199952c8-f50d-4f4d-bedc-5c44f013ee64_Снимок экрана (6).png
2025-04-18 10:35:36 [http-nio-8080-exec-6] [DEBUG] o.s.s.w.a.i.FilterSecurityInterceptor - Authorized filter invocation [GET /img/agency.jpg] with attributes [permitAll]
2025-04-18 10:35:36 [http-nio-8080-exec-6] [DEBUG] o.s.security.web.FilterChainProxy - Secured GET /img/agency.jpg
2025-04-18 10:35:36 [http-nio-8080-exec-2] [DEBUG] o.s.s.w.c.HttpSessionSecurityContextRepository - Retrieved SecurityContextImpl [Authentication=OAuth2AuthenticationToken [Principal=Name: [107234087105093742255], Granted Authorities: [[OIDC_USER, SCOPE_https://www.googleapis.com/auth/userinfo.email, SCOPE_https://www.googleapis.com/auth/userinfo.profile, SCOPE_openid]], User Attributes: [{at_hash=QIn4N3UChPr1lEyVahXWIw, sub=107234087105093742255, email_verified=true, iss=https://accounts.google.com, given_name=Павел, nonce=rVB9z2VK3RkxPMY1aSpLXA1LTzfIhpKGnTKpjzpx7mE, picture=https://lh3.googleusercontent.com/a/ACg8ocJJoh9jonlTH61VWgvXCiXb0zCDjifGZZtZ30sCErS3N5ntDw=s96-c, aud=[909915657042-l07l5jl8r3v54r15k12hp7vev9dor6r7.apps.googleusercontent.com], azp=909915657042-l07l5jl8r3v54r15k12hp7vev9dor6r7.apps.googleusercontent.com, name=Павел Королев, exp=2025-04-18T08:25:26Z, family_name=Королев, iat=2025-04-18T07:25:26Z, email=passapdom@gmail.com}], Credentials=[PROTECTED], Authenticated=true, Details=WebAuthenticationDetails [RemoteIpAddress=0:0:0:0:0:0:0:1, SessionId=C6EED896D010ABE78F09743AF572D3F2], Granted Authorities=[OIDC_USER, SCOPE_https://www.googleapis.com/auth/userinfo.email, SCOPE_https://www.googleapis.com/auth/userinfo.profile, SCOPE_openid]]]
2025-04-18 10:35:36 [http-nio-8080-exec-1] [DEBUG] o.s.s.w.c.HttpSessionSecurityContextRepository - Retrieved SecurityContextImpl [Authentication=OAuth2AuthenticationToken [Principal=Name: [107234087105093742255], Granted Authorities: [[OIDC_USER, SCOPE_https://www.googleapis.com/auth/userinfo.email, SCOPE_https://www.googleapis.com/auth/userinfo.profile, SCOPE_openid]], User Attributes: [{at_hash=QIn4N3UChPr1lEyVahXWIw, sub=107234087105093742255, email_verified=true, iss=https://accounts.google.com, given_name=Павел, nonce=rVB9z2VK3RkxPMY1aSpLXA1LTzfIhpKGnTKpjzpx7mE, picture=https://lh3.googleusercontent.com/a/ACg8ocJJoh9jonlTH61VWgvXCiXb0zCDjifGZZtZ30sCErS3N5ntDw=s96-c, aud=[909915657042-l07l5jl8r3v54r15k12hp7vev9dor6r7.apps.googleusercontent.com], azp=909915657042-l07l5jl8r3v54r15k12hp7vev9dor6r7.apps.googleusercontent.com, name=Павел Королев, exp=2025-04-18T08:25:26Z, family_name=Королев, iat=2025-04-18T07:25:26Z, email=passapdom@gmail.com}], Credentials=[PROTECTED], Authenticated=true, Details=WebAuthenticationDetails [RemoteIpAddress=0:0:0:0:0:0:0:1, SessionId=C6EED896D010ABE78F09743AF572D3F2], Granted Authorities=[OIDC_USER, SCOPE_https://www.googleapis.com/auth/userinfo.email, SCOPE_https://www.googleapis.com/auth/userinfo.profile, SCOPE_openid]]]
2025-04-18 10:35:36 [http-nio-8080-exec-8] [DEBUG] o.s.s.w.c.HttpSessionSecurityContextRepository - Retrieved SecurityContextImpl [Authentication=OAuth2AuthenticationToken [Principal=Name: [107234087105093742255], Granted Authorities: [[OIDC_USER, SCOPE_https://www.googleapis.com/auth/userinfo.email, SCOPE_https://www.googleapis.com/auth/userinfo.profile, SCOPE_openid]], User Attributes: [{at_hash=QIn4N3UChPr1lEyVahXWIw, sub=107234087105093742255, email_verified=true, iss=https://accounts.google.com, given_name=Павел, nonce=rVB9z2VK3RkxPMY1aSpLXA1LTzfIhpKGnTKpjzpx7mE, picture=https://lh3.googleusercontent.com/a/ACg8ocJJoh9jonlTH61VWgvXCiXb0zCDjifGZZtZ30sCErS3N5ntDw=s96-c, aud=[909915657042-l07l5jl8r3v54r15k12hp7vev9dor6r7.apps.googleusercontent.com], azp=909915657042-l07l5jl8r3v54r15k12hp7vev9dor6r7.apps.googleusercontent.com, name=Павел Королев, exp=2025-04-18T08:25:26Z, family_name=Королев, iat=2025-04-18T07:25:26Z, email=passapdom@gmail.com}], Credentials=[PROTECTED], Authenticated=true, Details=WebAuthenticationDetails [RemoteIpAddress=0:0:0:0:0:0:0:1, SessionId=C6EED896D010ABE78F09743AF572D3F2], Granted Authorities=[OIDC_USER, SCOPE_https://www.googleapis.com/auth/userinfo.email, SCOPE_https://www.googleapis.com/auth/userinfo.profile, SCOPE_openid]]]
2025-04-18 10:35:36 [http-nio-8080-exec-4] [DEBUG] o.s.s.w.c.HttpSessionSecurityContextRepository - Retrieved SecurityContextImpl [Authentication=OAuth2AuthenticationToken [Principal=Name: [107234087105093742255], Granted Authorities: [[OIDC_USER, SCOPE_https://www.googleapis.com/auth/userinfo.email, SCOPE_https://www.googleapis.com/auth/userinfo.profile, SCOPE_openid]], User Attributes: [{at_hash=QIn4N3UChPr1lEyVahXWIw, sub=107234087105093742255, email_verified=true, iss=https://accounts.google.com, given_name=Павел, nonce=rVB9z2VK3RkxPMY1aSpLXA1LTzfIhpKGnTKpjzpx7mE, picture=https://lh3.googleusercontent.com/a/ACg8ocJJoh9jonlTH61VWgvXCiXb0zCDjifGZZtZ30sCErS3N5ntDw=s96-c, aud=[909915657042-l07l5jl8r3v54r15k12hp7vev9dor6r7.apps.googleusercontent.com], azp=909915657042-l07l5jl8r3v54r15k12hp7vev9dor6r7.apps.googleusercontent.com, name=Павел Королев, exp=2025-04-18T08:25:26Z, family_name=Королев, iat=2025-04-18T07:25:26Z, email=passapdom@gmail.com}], Credentials=[PROTECTED], Authenticated=true, Details=WebAuthenticationDetails [RemoteIpAddress=0:0:0:0:0:0:0:1, SessionId=C6EED896D010ABE78F09743AF572D3F2], Granted Authorities=[OIDC_USER, SCOPE_https://www.googleapis.com/auth/userinfo.email, SCOPE_https://www.googleapis.com/auth/userinfo.profile, SCOPE_openid]]]
2025-04-18 10:35:36 [http-nio-8080-exec-2] [DEBUG] o.s.s.w.a.i.FilterSecurityInterceptor - Authorized filter invocation [GET /images/placeholder.jpg] with attributes [permitAll]
2025-04-18 10:35:36 [http-nio-8080-exec-8] [DEBUG] o.s.s.w.a.i.FilterSecurityInterceptor - Authorized filter invocation [GET /images/advertisementSale/199952c8-f50d-4f4d-bedc-5c44f013ee64_Снимок экрана (6).png] with attributes [permitAll]
2025-04-18 10:35:36 [http-nio-8080-exec-1] [DEBUG] o.s.s.w.a.i.FilterSecurityInterceptor - Authorized filter invocation [GET /images/advertisementSale/f59acdf2-baf6-4bc0-b36b-35e41bacd18b_photo_2024-12-23_22-17-54.jpg] with attributes [permitAll]
2025-04-18 10:35:36 [http-nio-8080-exec-4] [DEBUG] o.s.s.w.a.i.FilterSecurityInterceptor - Authorized filter invocation [GET /images/advertisementSale/d4315efc-c703-4501-a94b-81ff7ce200a0_photo_2024-12-23_22-17-59.jpg] with attributes [permitAll]
2025-04-18 10:35:36 [http-nio-8080-exec-2] [DEBUG] o.s.security.web.FilterChainProxy - Secured GET /images/placeholder.jpg
2025-04-18 10:35:36 [http-nio-8080-exec-8] [DEBUG] o.s.security.web.FilterChainProxy - Secured GET /images/advertisementSale/199952c8-f50d-4f4d-bedc-5c44f013ee64_Снимок экрана (6).png
2025-04-18 10:35:36 [http-nio-8080-exec-4] [DEBUG] o.s.security.web.FilterChainProxy - Secured GET /images/advertisementSale/d4315efc-c703-4501-a94b-81ff7ce200a0_photo_2024-12-23_22-17-59.jpg
2025-04-18 10:35:36 [http-nio-8080-exec-1] [DEBUG] o.s.security.web.FilterChainProxy - Secured GET /images/advertisementSale/f59acdf2-baf6-4bc0-b36b-35e41bacd18b_photo_2024-12-23_22-17-54.jpg
2025-04-18 10:35:36 [http-nio-8080-exec-5] [DEBUG] o.s.security.web.FilterChainProxy - Securing GET /images/advertisementSale/0dab0807-9cf3-481e-9749-99e44f837125_photo_2024-12-23_22-18-04.jpg
2025-04-18 10:35:36 [http-nio-8080-exec-5] [DEBUG] o.s.s.w.c.HttpSessionSecurityContextRepository - Retrieved SecurityContextImpl [Authentication=OAuth2AuthenticationToken [Principal=Name: [107234087105093742255], Granted Authorities: [[OIDC_USER, SCOPE_https://www.googleapis.com/auth/userinfo.email, SCOPE_https://www.googleapis.com/auth/userinfo.profile, SCOPE_openid]], User Attributes: [{at_hash=QIn4N3UChPr1lEyVahXWIw, sub=107234087105093742255, email_verified=true, iss=https://accounts.google.com, given_name=Павел, nonce=rVB9z2VK3RkxPMY1aSpLXA1LTzfIhpKGnTKpjzpx7mE, picture=https://lh3.googleusercontent.com/a/ACg8ocJJoh9jonlTH61VWgvXCiXb0zCDjifGZZtZ30sCErS3N5ntDw=s96-c, aud=[909915657042-l07l5jl8r3v54r15k12hp7vev9dor6r7.apps.googleusercontent.com], azp=909915657042-l07l5jl8r3v54r15k12hp7vev9dor6r7.apps.googleusercontent.com, name=Павел Королев, exp=2025-04-18T08:25:26Z, family_name=Королев, iat=2025-04-18T07:25:26Z, email=passapdom@gmail.com}], Credentials=[PROTECTED], Authenticated=true, Details=WebAuthenticationDetails [RemoteIpAddress=0:0:0:0:0:0:0:1, SessionId=C6EED896D010ABE78F09743AF572D3F2], Granted Authorities=[OIDC_USER, SCOPE_https://www.googleapis.com/auth/userinfo.email, SCOPE_https://www.googleapis.com/auth/userinfo.profile, SCOPE_openid]]]
2025-04-18 10:35:36 [http-nio-8080-exec-5] [DEBUG] o.s.s.w.a.i.FilterSecurityInterceptor - Authorized filter invocation [GET /images/advertisementSale/0dab0807-9cf3-481e-9749-99e44f837125_photo_2024-12-23_22-18-04.jpg] with attributes [permitAll]
2025-04-18 10:35:36 [http-nio-8080-exec-5] [DEBUG] o.s.security.web.FilterChainProxy - Secured GET /images/advertisementSale/0dab0807-9cf3-481e-9749-99e44f837125_photo_2024-12-23_22-18-04.jpg
2025-04-18 10:35:36 [http-nio-8080-exec-2] [DEBUG] o.s.security.web.FilterChainProxy - Securing GET /error
2025-04-18 10:35:36 [http-nio-8080-exec-2] [DEBUG] o.s.s.w.c.HttpSessionSecurityContextRepository - Retrieved SecurityContextImpl [Authentication=OAuth2AuthenticationToken [Principal=Name: [107234087105093742255], Granted Authorities: [[OIDC_USER, SCOPE_https://www.googleapis.com/auth/userinfo.email, SCOPE_https://www.googleapis.com/auth/userinfo.profile, SCOPE_openid]], User Attributes: [{at_hash=QIn4N3UChPr1lEyVahXWIw, sub=107234087105093742255, email_verified=true, iss=https://accounts.google.com, given_name=Павел, nonce=rVB9z2VK3RkxPMY1aSpLXA1LTzfIhpKGnTKpjzpx7mE, picture=https://lh3.googleusercontent.com/a/ACg8ocJJoh9jonlTH61VWgvXCiXb0zCDjifGZZtZ30sCErS3N5ntDw=s96-c, aud=[909915657042-l07l5jl8r3v54r15k12hp7vev9dor6r7.apps.googleusercontent.com], azp=909915657042-l07l5jl8r3v54r15k12hp7vev9dor6r7.apps.googleusercontent.com, name=Павел Королев, exp=2025-04-18T08:25:26Z, family_name=Королев, iat=2025-04-18T07:25:26Z, email=passapdom@gmail.com}], Credentials=[PROTECTED], Authenticated=true, Details=WebAuthenticationDetails [RemoteIpAddress=0:0:0:0:0:0:0:1, SessionId=C6EED896D010ABE78F09743AF572D3F2], Granted Authorities=[OIDC_USER, SCOPE_https://www.googleapis.com/auth/userinfo.email, SCOPE_https://www.googleapis.com/auth/userinfo.profile, SCOPE_openid]]]
2025-04-18 10:35:36 [http-nio-8080-exec-2] [DEBUG] o.s.s.w.a.i.FilterSecurityInterceptor - Authorized filter invocation [GET /error] with attributes [permitAll]
2025-04-18 10:35:36 [http-nio-8080-exec-2] [DEBUG] o.s.security.web.FilterChainProxy - Secured GET /error
2025-04-18 10:35:36 [http-nio-8080-exec-3] [DEBUG] o.s.security.web.FilterChainProxy - Securing GET /images/advertisementSale/76d213ca-dba5-4b57-88f5-b6b4129f212e_photo_2024-12-23_22-17-54.jpg
2025-04-18 10:35:36 [http-nio-8080-exec-9] [DEBUG] o.s.security.web.FilterChainProxy - Securing GET /images/advertisementSale/8712f027-90a6-4f31-aeed-9b8fbd323086_Снимок экрана (8).png
2025-04-18 10:35:36 [http-nio-8080-exec-7] [DEBUG] o.s.security.web.FilterChainProxy - Securing GET /images/advertisementSale/f11f04c5-71bc-4048-ad70-323ba1188611_Снимок экрана (2).png
2025-04-18 10:35:36 [http-nio-8080-exec-7] [DEBUG] o.s.s.w.c.HttpSessionSecurityContextRepository - Retrieved SecurityContextImpl [Authentication=OAuth2AuthenticationToken [Principal=Name: [107234087105093742255], Granted Authorities: [[OIDC_USER, SCOPE_https://www.googleapis.com/auth/userinfo.email, SCOPE_https://www.googleapis.com/auth/userinfo.profile, SCOPE_openid]], User Attributes: [{at_hash=QIn4N3UChPr1lEyVahXWIw, sub=107234087105093742255, email_verified=true, iss=https://accounts.google.com, given_name=Павел, nonce=rVB9z2VK3RkxPMY1aSpLXA1LTzfIhpKGnTKpjzpx7mE, picture=https://lh3.googleusercontent.com/a/ACg8ocJJoh9jonlTH61VWgvXCiXb0zCDjifGZZtZ30sCErS3N5ntDw=s96-c, aud=[909915657042-l07l5jl8r3v54r15k12hp7vev9dor6r7.apps.googleusercontent.com], azp=909915657042-l07l5jl8r3v54r15k12hp7vev9dor6r7.apps.googleusercontent.com, name=Павел Королев, exp=2025-04-18T08:25:26Z, family_name=Королев, iat=2025-04-18T07:25:26Z, email=passapdom@gmail.com}], Credentials=[PROTECTED], Authenticated=true, Details=WebAuthenticationDetails [RemoteIpAddress=0:0:0:0:0:0:0:1, SessionId=C6EED896D010ABE78F09743AF572D3F2], Granted Authorities=[OIDC_USER, SCOPE_https://www.googleapis.com/auth/userinfo.email, SCOPE_https://www.googleapis.com/auth/userinfo.profile, SCOPE_openid]]]
2025-04-18 10:35:36 [http-nio-8080-exec-9] [DEBUG] o.s.s.w.c.HttpSessionSecurityContextRepository - Retrieved SecurityContextImpl [Authentication=OAuth2AuthenticationToken [Principal=Name: [107234087105093742255], Granted Authorities: [[OIDC_USER, SCOPE_https://www.googleapis.com/auth/userinfo.email, SCOPE_https://www.googleapis.com/auth/userinfo.profile, SCOPE_openid]], User Attributes: [{at_hash=QIn4N3UChPr1lEyVahXWIw, sub=107234087105093742255, email_verified=true, iss=https://accounts.google.com, given_name=Павел, nonce=rVB9z2VK3RkxPMY1aSpLXA1LTzfIhpKGnTKpjzpx7mE, picture=https://lh3.googleusercontent.com/a/ACg8ocJJoh9jonlTH61VWgvXCiXb0zCDjifGZZtZ30sCErS3N5ntDw=s96-c, aud=[909915657042-l07l5jl8r3v54r15k12hp7vev9dor6r7.apps.googleusercontent.com], azp=909915657042-l07l5jl8r3v54r15k12hp7vev9dor6r7.apps.googleusercontent.com, name=Павел Королев, exp=2025-04-18T08:25:26Z, family_name=Королев, iat=2025-04-18T07:25:26Z, email=passapdom@gmail.com}], Credentials=[PROTECTED], Authenticated=true, Details=WebAuthenticationDetails [RemoteIpAddress=0:0:0:0:0:0:0:1, SessionId=C6EED896D010ABE78F09743AF572D3F2], Granted Authorities=[OIDC_USER, SCOPE_https://www.googleapis.com/auth/userinfo.email, SCOPE_https://www.googleapis.com/auth/userinfo.profile, SCOPE_openid]]]
2025-04-18 10:35:36 [http-nio-8080-exec-3] [DEBUG] o.s.s.w.c.HttpSessionSecurityContextRepository - Retrieved SecurityContextImpl [Authentication=OAuth2AuthenticationToken [Principal=Name: [107234087105093742255], Granted Authorities: [[OIDC_USER, SCOPE_https://www.googleapis.com/auth/userinfo.email, SCOPE_https://www.googleapis.com/auth/userinfo.profile, SCOPE_openid]], User Attributes: [{at_hash=QIn4N3UChPr1lEyVahXWIw, sub=107234087105093742255, email_verified=true, iss=https://accounts.google.com, given_name=Павел, nonce=rVB9z2VK3RkxPMY1aSpLXA1LTzfIhpKGnTKpjzpx7mE, picture=https://lh3.googleusercontent.com/a/ACg8ocJJoh9jonlTH61VWgvXCiXb0zCDjifGZZtZ30sCErS3N5ntDw=s96-c, aud=[909915657042-l07l5jl8r3v54r15k12hp7vev9dor6r7.apps.googleusercontent.com], azp=909915657042-l07l5jl8r3v54r15k12hp7vev9dor6r7.apps.googleusercontent.com, name=Павел Королев, exp=2025-04-18T08:25:26Z, family_name=Королев, iat=2025-04-18T07:25:26Z, email=passapdom@gmail.com}], Credentials=[PROTECTED], Authenticated=true, Details=WebAuthenticationDetails [RemoteIpAddress=0:0:0:0:0:0:0:1, SessionId=C6EED896D010ABE78F09743AF572D3F2], Granted Authorities=[OIDC_USER, SCOPE_https://www.googleapis.com/auth/userinfo.email, SCOPE_https://www.googleapis.com/auth/userinfo.profile, SCOPE_openid]]]
2025-04-18 10:35:36 [http-nio-8080-exec-3] [DEBUG] o.s.s.w.a.i.FilterSecurityInterceptor - Authorized filter invocation [GET /images/advertisementSale/76d213ca-dba5-4b57-88f5-b6b4129f212e_photo_2024-12-23_22-17-54.jpg] with attributes [permitAll]
2025-04-18 10:35:36 [http-nio-8080-exec-7] [DEBUG] o.s.s.w.a.i.FilterSecurityInterceptor - Authorized filter invocation [GET /images/advertisementSale/f11f04c5-71bc-4048-ad70-323ba1188611_Снимок экрана (2).png] with attributes [permitAll]
2025-04-18 10:35:36 [http-nio-8080-exec-9] [DEBUG] o.s.s.w.a.i.FilterSecurityInterceptor - Authorized filter invocation [GET /images/advertisementSale/8712f027-90a6-4f31-aeed-9b8fbd323086_Снимок экрана (8).png] with attributes [permitAll]
2025-04-18 10:35:36 [http-nio-8080-exec-10] [DEBUG] o.s.security.web.FilterChainProxy - Securing GET /images/advertisementSale/0673bdb4-3423-44e8-8636-a66497d7ab52_photo_2024-12-23_22-18-01.jpg
2025-04-18 10:35:36 [http-nio-8080-exec-3] [DEBUG] o.s.security.web.FilterChainProxy - Secured GET /images/advertisementSale/76d213ca-dba5-4b57-88f5-b6b4129f212e_photo_2024-12-23_22-17-54.jpg
2025-04-18 10:35:36 [http-nio-8080-exec-9] [DEBUG] o.s.security.web.FilterChainProxy - Secured GET /images/advertisementSale/8712f027-90a6-4f31-aeed-9b8fbd323086_Снимок экрана (8).png
2025-04-18 10:35:36 [http-nio-8080-exec-7] [DEBUG] o.s.security.web.FilterChainProxy - Secured GET /images/advertisementSale/f11f04c5-71bc-4048-ad70-323ba1188611_Снимок экрана (2).png
2025-04-18 10:35:36 [http-nio-8080-exec-10] [DEBUG] o.s.s.w.c.HttpSessionSecurityContextRepository - Retrieved SecurityContextImpl [Authentication=OAuth2AuthenticationToken [Principal=Name: [107234087105093742255], Granted Authorities: [[OIDC_USER, SCOPE_https://www.googleapis.com/auth/userinfo.email, SCOPE_https://www.googleapis.com/auth/userinfo.profile, SCOPE_openid]], User Attributes: [{at_hash=QIn4N3UChPr1lEyVahXWIw, sub=107234087105093742255, email_verified=true, iss=https://accounts.google.com, given_name=Павел, nonce=rVB9z2VK3RkxPMY1aSpLXA1LTzfIhpKGnTKpjzpx7mE, picture=https://lh3.googleusercontent.com/a/ACg8ocJJoh9jonlTH61VWgvXCiXb0zCDjifGZZtZ30sCErS3N5ntDw=s96-c, aud=[909915657042-l07l5jl8r3v54r15k12hp7vev9dor6r7.apps.googleusercontent.com], azp=909915657042-l07l5jl8r3v54r15k12hp7vev9dor6r7.apps.googleusercontent.com, name=Павел Королев, exp=2025-04-18T08:25:26Z, family_name=Королев, iat=2025-04-18T07:25:26Z, email=passapdom@gmail.com}], Credentials=[PROTECTED], Authenticated=true, Details=WebAuthenticationDetails [RemoteIpAddress=0:0:0:0:0:0:0:1, SessionId=C6EED896D010ABE78F09743AF572D3F2], Granted Authorities=[OIDC_USER, SCOPE_https://www.googleapis.com/auth/userinfo.email, SCOPE_https://www.googleapis.com/auth/userinfo.profile, SCOPE_openid]]]
2025-04-18 10:35:36 [http-nio-8080-exec-10] [DEBUG] o.s.s.w.a.i.FilterSecurityInterceptor - Authorized filter invocation [GET /images/advertisementSale/0673bdb4-3423-44e8-8636-a66497d7ab52_photo_2024-12-23_22-18-01.jpg] with attributes [permitAll]
2025-04-18 10:35:36 [http-nio-8080-exec-10] [DEBUG] o.s.security.web.FilterChainProxy - Secured GET /images/advertisementSale/0673bdb4-3423-44e8-8636-a66497d7ab52_photo_2024-12-23_22-18-01.jpg
2025-04-18 10:35:36 [http-nio-8080-exec-4] [DEBUG] o.s.security.web.FilterChainProxy - Securing GET /images/advertisementSale/770d16f9-e061-46fc-94e4-17e8e3e3588a_photo_2024-12-23_22-18-11.jpg
2025-04-18 10:35:36 [http-nio-8080-exec-4] [DEBUG] o.s.s.w.c.HttpSessionSecurityContextRepository - Retrieved SecurityContextImpl [Authentication=OAuth2AuthenticationToken [Principal=Name: [107234087105093742255], Granted Authorities: [[OIDC_USER, SCOPE_https://www.googleapis.com/auth/userinfo.email, SCOPE_https://www.googleapis.com/auth/userinfo.profile, SCOPE_openid]], User Attributes: [{at_hash=QIn4N3UChPr1lEyVahXWIw, sub=107234087105093742255, email_verified=true, iss=https://accounts.google.com, given_name=Павел, nonce=rVB9z2VK3RkxPMY1aSpLXA1LTzfIhpKGnTKpjzpx7mE, picture=https://lh3.googleusercontent.com/a/ACg8ocJJoh9jonlTH61VWgvXCiXb0zCDjifGZZtZ30sCErS3N5ntDw=s96-c, aud=[909915657042-l07l5jl8r3v54r15k12hp7vev9dor6r7.apps.googleusercontent.com], azp=909915657042-l07l5jl8r3v54r15k12hp7vev9dor6r7.apps.googleusercontent.com, name=Павел Королев, exp=2025-04-18T08:25:26Z, family_name=Королев, iat=2025-04-18T07:25:26Z, email=passapdom@gmail.com}], Credentials=[PROTECTED], Authenticated=true, Details=WebAuthenticationDetails [RemoteIpAddress=0:0:0:0:0:0:0:1, SessionId=C6EED896D010ABE78F09743AF572D3F2], Granted Authorities=[OIDC_USER, SCOPE_https://www.googleapis.com/auth/userinfo.email, SCOPE_https://www.googleapis.com/auth/userinfo.profile, SCOPE_openid]]]
2025-04-18 10:35:36 [http-nio-8080-exec-4] [DEBUG] o.s.s.w.a.i.FilterSecurityInterceptor - Authorized filter invocation [GET /images/advertisementSale/770d16f9-e061-46fc-94e4-17e8e3e3588a_photo_2024-12-23_22-18-11.jpg] with attributes [permitAll]
2025-04-18 10:35:36 [http-nio-8080-exec-4] [DEBUG] o.s.security.web.FilterChainProxy - Secured GET /images/advertisementSale/770d16f9-e061-46fc-94e4-17e8e3e3588a_photo_2024-12-23_22-18-11.jpg
2025-04-18 10:35:36 [http-nio-8080-exec-1] [DEBUG] o.s.security.web.FilterChainProxy - Securing GET /images/advertisementSale/15c13dfd-2da8-4565-ae8d-d9857bb9f550_photo_2024-12-23_22-17-54.jpg
2025-04-18 10:35:36 [http-nio-8080-exec-1] [DEBUG] o.s.s.w.c.HttpSessionSecurityContextRepository - Retrieved SecurityContextImpl [Authentication=OAuth2AuthenticationToken [Principal=Name: [107234087105093742255], Granted Authorities: [[OIDC_USER, SCOPE_https://www.googleapis.com/auth/userinfo.email, SCOPE_https://www.googleapis.com/auth/userinfo.profile, SCOPE_openid]], User Attributes: [{at_hash=QIn4N3UChPr1lEyVahXWIw, sub=107234087105093742255, email_verified=true, iss=https://accounts.google.com, given_name=Павел, nonce=rVB9z2VK3RkxPMY1aSpLXA1LTzfIhpKGnTKpjzpx7mE, picture=https://lh3.googleusercontent.com/a/ACg8ocJJoh9jonlTH61VWgvXCiXb0zCDjifGZZtZ30sCErS3N5ntDw=s96-c, aud=[909915657042-l07l5jl8r3v54r15k12hp7vev9dor6r7.apps.googleusercontent.com], azp=909915657042-l07l5jl8r3v54r15k12hp7vev9dor6r7.apps.googleusercontent.com, name=Павел Королев, exp=2025-04-18T08:25:26Z, family_name=Королев, iat=2025-04-18T07:25:26Z, email=passapdom@gmail.com}], Credentials=[PROTECTED], Authenticated=true, Details=WebAuthenticationDetails [RemoteIpAddress=0:0:0:0:0:0:0:1, SessionId=C6EED896D010ABE78F09743AF572D3F2], Granted Authorities=[OIDC_USER, SCOPE_https://www.googleapis.com/auth/userinfo.email, SCOPE_https://www.googleapis.com/auth/userinfo.profile, SCOPE_openid]]]
2025-04-18 10:35:36 [http-nio-8080-exec-1] [DEBUG] o.s.s.w.a.i.FilterSecurityInterceptor - Authorized filter invocation [GET /images/advertisementSale/15c13dfd-2da8-4565-ae8d-d9857bb9f550_photo_2024-12-23_22-17-54.jpg] with attributes [permitAll]
2025-04-18 10:35:36 [http-nio-8080-exec-1] [DEBUG] o.s.security.web.FilterChainProxy - Secured GET /images/advertisementSale/15c13dfd-2da8-4565-ae8d-d9857bb9f550_photo_2024-12-23_22-17-54.jpg
2025-04-18 10:35:36 [http-nio-8080-exec-5] [DEBUG] o.s.security.web.FilterChainProxy - Securing GET /images/advertisementSale/6d439031-8c11-4cfd-9007-7047bd94ec62_photo_2024-12-23_22-18-10.jpg
2025-04-18 10:35:36 [http-nio-8080-exec-2] [DEBUG] o.s.security.web.FilterChainProxy - Securing GET /images/advertisementSale/e63bba72-f8b1-4ec8-b621-657fbcd7b1e3_kozelsk.jpg
2025-04-18 10:35:36 [http-nio-8080-exec-5] [DEBUG] o.s.s.w.c.HttpSessionSecurityContextRepository - Retrieved SecurityContextImpl [Authentication=OAuth2AuthenticationToken [Principal=Name: [107234087105093742255], Granted Authorities: [[OIDC_USER, SCOPE_https://www.googleapis.com/auth/userinfo.email, SCOPE_https://www.googleapis.com/auth/userinfo.profile, SCOPE_openid]], User Attributes: [{at_hash=QIn4N3UChPr1lEyVahXWIw, sub=107234087105093742255, email_verified=true, iss=https://accounts.google.com, given_name=Павел, nonce=rVB9z2VK3RkxPMY1aSpLXA1LTzfIhpKGnTKpjzpx7mE, picture=https://lh3.googleusercontent.com/a/ACg8ocJJoh9jonlTH61VWgvXCiXb0zCDjifGZZtZ30sCErS3N5ntDw=s96-c, aud=[909915657042-l07l5jl8r3v54r15k12hp7vev9dor6r7.apps.googleusercontent.com], azp=909915657042-l07l5jl8r3v54r15k12hp7vev9dor6r7.apps.googleusercontent.com, name=Павел Королев, exp=2025-04-18T08:25:26Z, family_name=Королев, iat=2025-04-18T07:25:26Z, email=passapdom@gmail.com}], Credentials=[PROTECTED], Authenticated=true, Details=WebAuthenticationDetails [RemoteIpAddress=0:0:0:0:0:0:0:1, SessionId=C6EED896D010ABE78F09743AF572D3F2], Granted Authorities=[OIDC_USER, SCOPE_https://www.googleapis.com/auth/userinfo.email, SCOPE_https://www.googleapis.com/auth/userinfo.profile, SCOPE_openid]]]
2025-04-18 10:35:36 [http-nio-8080-exec-10] [DEBUG] o.s.security.web.FilterChainProxy - Securing GET /images/advertisementRent/da667149-470d-4844-94d9-c5a37db0ed63_photo_2024-12-23_22-18-05.jpg
2025-04-18 10:35:36 [http-nio-8080-exec-3] [DEBUG] o.s.security.web.FilterChainProxy - Securing GET /images/advertisementRent/809047fb-7261-497f-b19e-b208d4480210_photo_2024-12-23_22-17-57.jpg
2025-04-18 10:35:36 [http-nio-8080-exec-5] [DEBUG] o.s.s.w.a.i.FilterSecurityInterceptor - Authorized filter invocation [GET /images/advertisementSale/6d439031-8c11-4cfd-9007-7047bd94ec62_photo_2024-12-23_22-18-10.jpg] with attributes [permitAll]
2025-04-18 10:35:36 [http-nio-8080-exec-8] [DEBUG] o.s.security.web.FilterChainProxy - Securing GET /images/advertisementRent/b02c42b7-b608-4169-93f2-7ad28d186517_photo_2024-12-23_22-18-01.jpg
2025-04-18 10:35:36 [http-nio-8080-exec-6] [DEBUG] o.s.security.web.FilterChainProxy - Securing GET /images/advertisementSale/2703da27-c848-4e9d-a261-4d33ee79f79c_photo_2024-12-23_22-17-59.jpg
2025-04-18 10:35:36 [http-nio-8080-exec-2] [DEBUG] o.s.s.w.c.HttpSessionSecurityContextRepository - Retrieved SecurityContextImpl [Authentication=OAuth2AuthenticationToken [Principal=Name: [107234087105093742255], Granted Authorities: [[OIDC_USER, SCOPE_https://www.googleapis.com/auth/userinfo.email, SCOPE_https://www.googleapis.com/auth/userinfo.profile, SCOPE_openid]], User Attributes: [{at_hash=QIn4N3UChPr1lEyVahXWIw, sub=107234087105093742255, email_verified=true, iss=https://accounts.google.com, given_name=Павел, nonce=rVB9z2VK3RkxPMY1aSpLXA1LTzfIhpKGnTKpjzpx7mE, picture=https://lh3.googleusercontent.com/a/ACg8ocJJoh9jonlTH61VWgvXCiXb0zCDjifGZZtZ30sCErS3N5ntDw=s96-c, aud=[909915657042-l07l5jl8r3v54r15k12hp7vev9dor6r7.apps.googleusercontent.com], azp=909915657042-l07l5jl8r3v54r15k12hp7vev9dor6r7.apps.googleusercontent.com, name=Павел Королев, exp=2025-04-18T08:25:26Z, family_name=Королев, iat=2025-04-18T07:25:26Z, email=passapdom@gmail.com}], Credentials=[PROTECTED], Authenticated=true, Details=WebAuthenticationDetails [RemoteIpAddress=0:0:0:0:0:0:0:1, SessionId=C6EED896D010ABE78F09743AF572D3F2], Granted Authorities=[OIDC_USER, SCOPE_https://www.googleapis.com/auth/userinfo.email, SCOPE_https://www.googleapis.com/auth/userinfo.profile, SCOPE_openid]]]
2025-04-18 10:35:36 [http-nio-8080-exec-3] [DEBUG] o.s.s.w.c.HttpSessionSecurityContextRepository - Retrieved SecurityContextImpl [Authentication=OAuth2AuthenticationToken [Principal=Name: [107234087105093742255], Granted Authorities: [[OIDC_USER, SCOPE_https://www.googleapis.com/auth/userinfo.email, SCOPE_https://www.googleapis.com/auth/userinfo.profile, SCOPE_openid]], User Attributes: [{at_hash=QIn4N3UChPr1lEyVahXWIw, sub=107234087105093742255, email_verified=true, iss=https://accounts.google.com, given_name=Павел, nonce=rVB9z2VK3RkxPMY1aSpLXA1LTzfIhpKGnTKpjzpx7mE, picture=https://lh3.googleusercontent.com/a/ACg8ocJJoh9jonlTH61VWgvXCiXb0zCDjifGZZtZ30sCErS3N5ntDw=s96-c, aud=[909915657042-l07l5jl8r3v54r15k12hp7vev9dor6r7.apps.googleusercontent.com], azp=909915657042-l07l5jl8r3v54r15k12hp7vev9dor6r7.apps.googleusercontent.com, name=Павел Королев, exp=2025-04-18T08:25:26Z, family_name=Королев, iat=2025-04-18T07:25:26Z, email=passapdom@gmail.com}], Credentials=[PROTECTED], Authenticated=true, Details=WebAuthenticationDetails [RemoteIpAddress=0:0:0:0:0:0:0:1, SessionId=C6EED896D010ABE78F09743AF572D3F2], Granted Authorities=[OIDC_USER, SCOPE_https://www.googleapis.com/auth/userinfo.email, SCOPE_https://www.googleapis.com/auth/userinfo.profile, SCOPE_openid]]]
2025-04-18 10:35:36 [http-nio-8080-exec-6] [DEBUG] o.s.s.w.c.HttpSessionSecurityContextRepository - Retrieved SecurityContextImpl [Authentication=OAuth2AuthenticationToken [Principal=Name: [107234087105093742255], Granted Authorities: [[OIDC_USER, SCOPE_https://www.googleapis.com/auth/userinfo.email, SCOPE_https://www.googleapis.com/auth/userinfo.profile, SCOPE_openid]], User Attributes: [{at_hash=QIn4N3UChPr1lEyVahXWIw, sub=107234087105093742255, email_verified=true, iss=https://accounts.google.com, given_name=Павел, nonce=rVB9z2VK3RkxPMY1aSpLXA1LTzfIhpKGnTKpjzpx7mE, picture=https://lh3.googleusercontent.com/a/ACg8ocJJoh9jonlTH61VWgvXCiXb0zCDjifGZZtZ30sCErS3N5ntDw=s96-c, aud=[909915657042-l07l5jl8r3v54r15k12hp7vev9dor6r7.apps.googleusercontent.com], azp=909915657042-l07l5jl8r3v54r15k12hp7vev9dor6r7.apps.googleusercontent.com, name=Павел Королев, exp=2025-04-18T08:25:26Z, family_name=Королев, iat=2025-04-18T07:25:26Z, email=passapdom@gmail.com}], Credentials=[PROTECTED], Authenticated=true, Details=WebAuthenticationDetails [RemoteIpAddress=0:0:0:0:0:0:0:1, SessionId=C6EED896D010ABE78F09743AF572D3F2], Granted Authorities=[OIDC_USER, SCOPE_https://www.googleapis.com/auth/userinfo.email, SCOPE_https://www.googleapis.com/auth/userinfo.profile, SCOPE_openid]]]
2025-04-18 10:35:36 [http-nio-8080-exec-2] [DEBUG] o.s.s.w.a.i.FilterSecurityInterceptor - Authorized filter invocation [GET /images/advertisementSale/e63bba72-f8b1-4ec8-b621-657fbcd7b1e3_kozelsk.jpg] with attributes [permitAll]
2025-04-18 10:35:36 [http-nio-8080-exec-3] [DEBUG] o.s.s.w.a.i.FilterSecurityInterceptor - Authorized filter invocation [GET /images/advertisementRent/809047fb-7261-497f-b19e-b208d4480210_photo_2024-12-23_22-17-57.jpg] with attributes [permitAll]
2025-04-18 10:35:36 [http-nio-8080-exec-6] [DEBUG] o.s.s.w.a.i.FilterSecurityInterceptor - Authorized filter invocation [GET /images/advertisementSale/2703da27-c848-4e9d-a261-4d33ee79f79c_photo_2024-12-23_22-17-59.jpg] with attributes [permitAll]
2025-04-18 10:35:36 [http-nio-8080-exec-10] [DEBUG] o.s.s.w.c.HttpSessionSecurityContextRepository - Retrieved SecurityContextImpl [Authentication=OAuth2AuthenticationToken [Principal=Name: [107234087105093742255], Granted Authorities: [[OIDC_USER, SCOPE_https://www.googleapis.com/auth/userinfo.email, SCOPE_https://www.googleapis.com/auth/userinfo.profile, SCOPE_openid]], User Attributes: [{at_hash=QIn4N3UChPr1lEyVahXWIw, sub=107234087105093742255, email_verified=true, iss=https://accounts.google.com, given_name=Павел, nonce=rVB9z2VK3RkxPMY1aSpLXA1LTzfIhpKGnTKpjzpx7mE, picture=https://lh3.googleusercontent.com/a/ACg8ocJJoh9jonlTH61VWgvXCiXb0zCDjifGZZtZ30sCErS3N5ntDw=s96-c, aud=[909915657042-l07l5jl8r3v54r15k12hp7vev9dor6r7.apps.googleusercontent.com], azp=909915657042-l07l5jl8r3v54r15k12hp7vev9dor6r7.apps.googleusercontent.com, name=Павел Королев, exp=2025-04-18T08:25:26Z, family_name=Королев, iat=2025-04-18T07:25:26Z, email=passapdom@gmail.com}], Credentials=[PROTECTED], Authenticated=true, Details=WebAuthenticationDetails [RemoteIpAddress=0:0:0:0:0:0:0:1, SessionId=C6EED896D010ABE78F09743AF572D3F2], Granted Authorities=[OIDC_USER, SCOPE_https://www.googleapis.com/auth/userinfo.email, SCOPE_https://www.googleapis.com/auth/userinfo.profile, SCOPE_openid]]]
2025-04-18 10:35:36 [http-nio-8080-exec-8] [DEBUG] o.s.s.w.c.HttpSessionSecurityContextRepository - Retrieved SecurityContextImpl [Authentication=OAuth2AuthenticationToken [Principal=Name: [107234087105093742255], Granted Authorities: [[OIDC_USER, SCOPE_https://www.googleapis.com/auth/userinfo.email, SCOPE_https://www.googleapis.com/auth/userinfo.profile, SCOPE_openid]], User Attributes: [{at_hash=QIn4N3UChPr1lEyVahXWIw, sub=107234087105093742255, email_verified=true, iss=https://accounts.google.com, given_name=Павел, nonce=rVB9z2VK3RkxPMY1aSpLXA1LTzfIhpKGnTKpjzpx7mE, picture=https://lh3.googleusercontent.com/a/ACg8ocJJoh9jonlTH61VWgvXCiXb0zCDjifGZZtZ30sCErS3N5ntDw=s96-c, aud=[909915657042-l07l5jl8r3v54r15k12hp7vev9dor6r7.apps.googleusercontent.com], azp=909915657042-l07l5jl8r3v54r15k12hp7vev9dor6r7.apps.googleusercontent.com, name=Павел Королев, exp=2025-04-18T08:25:26Z, family_name=Королев, iat=2025-04-18T07:25:26Z, email=passapdom@gmail.com}], Credentials=[PROTECTED], Authenticated=true, Details=WebAuthenticationDetails [RemoteIpAddress=0:0:0:0:0:0:0:1, SessionId=C6EED896D010ABE78F09743AF572D3F2], Granted Authorities=[OIDC_USER, SCOPE_https://www.googleapis.com/auth/userinfo.email, SCOPE_https://www.googleapis.com/auth/userinfo.profile, SCOPE_openid]]]
2025-04-18 10:35:36 [http-nio-8080-exec-5] [DEBUG] o.s.security.web.FilterChainProxy - Secured GET /images/advertisementSale/6d439031-8c11-4cfd-9007-7047bd94ec62_photo_2024-12-23_22-18-10.jpg
2025-04-18 10:35:36 [http-nio-8080-exec-2] [DEBUG] o.s.security.web.FilterChainProxy - Secured GET /images/advertisementSale/e63bba72-f8b1-4ec8-b621-657fbcd7b1e3_kozelsk.jpg
2025-04-18 10:35:36 [http-nio-8080-exec-10] [DEBUG] o.s.s.w.a.i.FilterSecurityInterceptor - Authorized filter invocation [GET /images/advertisementRent/da667149-470d-4844-94d9-c5a37db0ed63_photo_2024-12-23_22-18-05.jpg] with attributes [permitAll]
2025-04-18 10:35:36 [http-nio-8080-exec-8] [DEBUG] o.s.s.w.a.i.FilterSecurityInterceptor - Authorized filter invocation [GET /images/advertisementRent/b02c42b7-b608-4169-93f2-7ad28d186517_photo_2024-12-23_22-18-01.jpg] with attributes [permitAll]
2025-04-18 10:35:36 [http-nio-8080-exec-3] [DEBUG] o.s.security.web.FilterChainProxy - Secured GET /images/advertisementRent/809047fb-7261-497f-b19e-b208d4480210_photo_2024-12-23_22-17-57.jpg
2025-04-18 10:35:36 [http-nio-8080-exec-8] [DEBUG] o.s.security.web.FilterChainProxy - Secured GET /images/advertisementRent/b02c42b7-b608-4169-93f2-7ad28d186517_photo_2024-12-23_22-18-01.jpg
2025-04-18 10:35:36 [http-nio-8080-exec-6] [DEBUG] o.s.security.web.FilterChainProxy - Secured GET /images/advertisementSale/2703da27-c848-4e9d-a261-4d33ee79f79c_photo_2024-12-23_22-17-59.jpg
2025-04-18 10:35:36 [http-nio-8080-exec-10] [DEBUG] o.s.security.web.FilterChainProxy - Secured GET /images/advertisementRent/da667149-470d-4844-94d9-c5a37db0ed63_photo_2024-12-23_22-18-05.jpg
2025-04-18 10:35:39 [http-nio-8080-exec-9] [DEBUG] o.s.security.web.FilterChainProxy - Securing GET /admin-panel?
2025-04-18 10:35:39 [http-nio-8080-exec-9] [DEBUG] o.s.s.w.c.HttpSessionSecurityContextRepository - Retrieved SecurityContextImpl [Authentication=OAuth2AuthenticationToken [Principal=Name: [107234087105093742255], Granted Authorities: [[OIDC_USER, SCOPE_https://www.googleapis.com/auth/userinfo.email, SCOPE_https://www.googleapis.com/auth/userinfo.profile, SCOPE_openid]], User Attributes: [{at_hash=QIn4N3UChPr1lEyVahXWIw, sub=107234087105093742255, email_verified=true, iss=https://accounts.google.com, given_name=Павел, nonce=rVB9z2VK3RkxPMY1aSpLXA1LTzfIhpKGnTKpjzpx7mE, picture=https://lh3.googleusercontent.com/a/ACg8ocJJoh9jonlTH61VWgvXCiXb0zCDjifGZZtZ30sCErS3N5ntDw=s96-c, aud=[909915657042-l07l5jl8r3v54r15k12hp7vev9dor6r7.apps.googleusercontent.com], azp=909915657042-l07l5jl8r3v54r15k12hp7vev9dor6r7.apps.googleusercontent.com, name=Павел Королев, exp=2025-04-18T08:25:26Z, family_name=Королев, iat=2025-04-18T07:25:26Z, email=passapdom@gmail.com}], Credentials=[PROTECTED], Authenticated=true, Details=WebAuthenticationDetails [RemoteIpAddress=0:0:0:0:0:0:0:1, SessionId=C6EED896D010ABE78F09743AF572D3F2], Granted Authorities=[OIDC_USER, SCOPE_https://www.googleapis.com/auth/userinfo.email, SCOPE_https://www.googleapis.com/auth/userinfo.profile, SCOPE_openid]]]
2025-04-18 10:35:39 [http-nio-8080-exec-9] [DEBUG] o.s.s.w.a.i.FilterSecurityInterceptor - Authorized filter invocation [GET /admin-panel?] with attributes [permitAll]
2025-04-18 10:35:39 [http-nio-8080-exec-9] [DEBUG] o.s.security.web.FilterChainProxy - Secured GET /admin-panel?
2025-04-18 10:35:39 [http-nio-8080-exec-9] [DEBUG] o.s.s.a.m.AuthorizationManagerBeforeMethodInterceptor - Authorizing method invocation ReflectiveMethodInvocation: public java.lang.String ru.kozelsk.alliance.controllers.admin.AdminController.adminPanel(); target is of class [ru.kozelsk.alliance.controllers.admin.AdminController]
2025-04-18 10:35:39 [http-nio-8080-exec-9] [INFO] r.k.a.u.s.CheckAuthorizeService - checkAdmin2: principal != null
2025-04-18 10:35:39 [http-nio-8080-exec-9] [INFO] r.k.a.u.s.CheckAuthorizeService - Principal2 is Oauth2User
2025-04-18 10:35:39 [http-nio-8080-exec-9] [INFO] r.k.a.u.s.CheckAuthorizeService - Checking admin2 rights for email: passapdom@gmail.com
2025-04-18 10:35:39 [http-nio-8080-exec-9] [INFO] r.k.a.u.s.CheckAuthorizeService - User roles2: [ADMIN]
2025-04-18 10:35:39 [http-nio-8080-exec-9] [DEBUG] o.s.s.a.m.AuthorizationManagerBeforeMethodInterceptor - Authorized method invocation ReflectiveMethodInvocation: public java.lang.String ru.kozelsk.alliance.controllers.admin.AdminController.adminPanel(); target is of class [ru.kozelsk.alliance.controllers.admin.AdminController]
2025-04-18 10:35:40 [http-nio-8080-exec-4] [DEBUG] o.s.security.web.FilterChainProxy - Securing GET /admin/booking
2025-04-18 10:35:40 [http-nio-8080-exec-4] [DEBUG] o.s.s.w.c.HttpSessionSecurityContextRepository - Retrieved SecurityContextImpl [Authentication=OAuth2AuthenticationToken [Principal=Name: [107234087105093742255], Granted Authorities: [[OIDC_USER, SCOPE_https://www.googleapis.com/auth/userinfo.email, SCOPE_https://www.googleapis.com/auth/userinfo.profile, SCOPE_openid]], User Attributes: [{at_hash=QIn4N3UChPr1lEyVahXWIw, sub=107234087105093742255, email_verified=true, iss=https://accounts.google.com, given_name=Павел, nonce=rVB9z2VK3RkxPMY1aSpLXA1LTzfIhpKGnTKpjzpx7mE, picture=https://lh3.googleusercontent.com/a/ACg8ocJJoh9jonlTH61VWgvXCiXb0zCDjifGZZtZ30sCErS3N5ntDw=s96-c, aud=[909915657042-l07l5jl8r3v54r15k12hp7vev9dor6r7.apps.googleusercontent.com], azp=909915657042-l07l5jl8r3v54r15k12hp7vev9dor6r7.apps.googleusercontent.com, name=Павел Королев, exp=2025-04-18T08:25:26Z, family_name=Королев, iat=2025-04-18T07:25:26Z, email=passapdom@gmail.com}], Credentials=[PROTECTED], Authenticated=true, Details=WebAuthenticationDetails [RemoteIpAddress=0:0:0:0:0:0:0:1, SessionId=C6EED896D010ABE78F09743AF572D3F2], Granted Authorities=[OIDC_USER, SCOPE_https://www.googleapis.com/auth/userinfo.email, SCOPE_https://www.googleapis.com/auth/userinfo.profile, SCOPE_openid]]]
2025-04-18 10:35:40 [http-nio-8080-exec-4] [DEBUG] o.s.s.w.a.i.FilterSecurityInterceptor - Authorized filter invocation [GET /admin/booking] with attributes [permitAll]
2025-04-18 10:35:40 [http-nio-8080-exec-4] [DEBUG] o.s.security.web.FilterChainProxy - Secured GET /admin/booking
2025-04-18 10:35:40 [http-nio-8080-exec-4] [DEBUG] o.s.s.a.m.AuthorizationManagerBeforeMethodInterceptor - Authorizing method invocation ReflectiveMethodInvocation: public java.lang.String ru.kozelsk.alliance.controllers.admin.booking.BookingAdminController.allBookings(org.springframework.ui.Model); target is of class [ru.kozelsk.alliance.controllers.admin.booking.BookingAdminController]
2025-04-18 10:35:40 [http-nio-8080-exec-4] [INFO] r.k.a.u.s.CheckAuthorizeService - checkAdmin2: principal != null
2025-04-18 10:35:40 [http-nio-8080-exec-4] [INFO] r.k.a.u.s.CheckAuthorizeService - Principal2 is Oauth2User
2025-04-18 10:35:40 [http-nio-8080-exec-4] [INFO] r.k.a.u.s.CheckAuthorizeService - Checking admin2 rights for email: passapdom@gmail.com
2025-04-18 10:35:40 [http-nio-8080-exec-4] [INFO] r.k.a.u.s.CheckAuthorizeService - User roles2: [ADMIN]
2025-04-18 10:35:40 [http-nio-8080-exec-4] [DEBUG] o.s.s.a.m.AuthorizationManagerBeforeMethodInterceptor - Authorized method invocation ReflectiveMethodInvocation: public java.lang.String ru.kozelsk.alliance.controllers.admin.booking.BookingAdminController.allBookings(org.springframework.ui.Model); target is of class [ru.kozelsk.alliance.controllers.admin.booking.BookingAdminController]
2025-04-18 10:35:40 [http-nio-8080-exec-7] [DEBUG] o.s.security.web.FilterChainProxy - Securing GET /img/logo_alliance.png
2025-04-18 10:35:40 [http-nio-8080-exec-7] [DEBUG] o.s.s.w.c.HttpSessionSecurityContextRepository - Retrieved SecurityContextImpl [Authentication=OAuth2AuthenticationToken [Principal=Name: [107234087105093742255], Granted Authorities: [[OIDC_USER, SCOPE_https://www.googleapis.com/auth/userinfo.email, SCOPE_https://www.googleapis.com/auth/userinfo.profile, SCOPE_openid]], User Attributes: [{at_hash=QIn4N3UChPr1lEyVahXWIw, sub=107234087105093742255, email_verified=true, iss=https://accounts.google.com, given_name=Павел, nonce=rVB9z2VK3RkxPMY1aSpLXA1LTzfIhpKGnTKpjzpx7mE, picture=https://lh3.googleusercontent.com/a/ACg8ocJJoh9jonlTH61VWgvXCiXb0zCDjifGZZtZ30sCErS3N5ntDw=s96-c, aud=[909915657042-l07l5jl8r3v54r15k12hp7vev9dor6r7.apps.googleusercontent.com], azp=909915657042-l07l5jl8r3v54r15k12hp7vev9dor6r7.apps.googleusercontent.com, name=Павел Королев, exp=2025-04-18T08:25:26Z, family_name=Королев, iat=2025-04-18T07:25:26Z, email=passapdom@gmail.com}], Credentials=[PROTECTED], Authenticated=true, Details=WebAuthenticationDetails [RemoteIpAddress=0:0:0:0:0:0:0:1, SessionId=C6EED896D010ABE78F09743AF572D3F2], Granted Authorities=[OIDC_USER, SCOPE_https://www.googleapis.com/auth/userinfo.email, SCOPE_https://www.googleapis.com/auth/userinfo.profile, SCOPE_openid]]]
2025-04-18 10:35:40 [http-nio-8080-exec-7] [DEBUG] o.s.s.w.a.i.FilterSecurityInterceptor - Authorized filter invocation [GET /img/logo_alliance.png] with attributes [permitAll]
2025-04-18 10:35:40 [http-nio-8080-exec-7] [DEBUG] o.s.security.web.FilterChainProxy - Secured GET /img/logo_alliance.png
2025-04-18 10:35:56 [http-nio-8080-exec-1] [DEBUG] o.s.security.web.FilterChainProxy - Securing POST /admin/booking/35/changeActive
2025-04-18 10:35:56 [http-nio-8080-exec-1] [DEBUG] o.s.s.w.c.HttpSessionSecurityContextRepository - Retrieved SecurityContextImpl [Authentication=OAuth2AuthenticationToken [Principal=Name: [107234087105093742255], Granted Authorities: [[OIDC_USER, SCOPE_https://www.googleapis.com/auth/userinfo.email, SCOPE_https://www.googleapis.com/auth/userinfo.profile, SCOPE_openid]], User Attributes: [{at_hash=QIn4N3UChPr1lEyVahXWIw, sub=107234087105093742255, email_verified=true, iss=https://accounts.google.com, given_name=Павел, nonce=rVB9z2VK3RkxPMY1aSpLXA1LTzfIhpKGnTKpjzpx7mE, picture=https://lh3.googleusercontent.com/a/ACg8ocJJoh9jonlTH61VWgvXCiXb0zCDjifGZZtZ30sCErS3N5ntDw=s96-c, aud=[909915657042-l07l5jl8r3v54r15k12hp7vev9dor6r7.apps.googleusercontent.com], azp=909915657042-l07l5jl8r3v54r15k12hp7vev9dor6r7.apps.googleusercontent.com, name=Павел Королев, exp=2025-04-18T08:25:26Z, family_name=Королев, iat=2025-04-18T07:25:26Z, email=passapdom@gmail.com}], Credentials=[PROTECTED], Authenticated=true, Details=WebAuthenticationDetails [RemoteIpAddress=0:0:0:0:0:0:0:1, SessionId=C6EED896D010ABE78F09743AF572D3F2], Granted Authorities=[OIDC_USER, SCOPE_https://www.googleapis.com/auth/userinfo.email, SCOPE_https://www.googleapis.com/auth/userinfo.profile, SCOPE_openid]]]
2025-04-18 10:35:56 [http-nio-8080-exec-1] [DEBUG] o.s.s.w.a.i.FilterSecurityInterceptor - Authorized filter invocation [POST /admin/booking/35/changeActive] with attributes [permitAll]
2025-04-18 10:35:56 [http-nio-8080-exec-1] [DEBUG] o.s.security.web.FilterChainProxy - Secured POST /admin/booking/35/changeActive
2025-04-18 10:35:56 [http-nio-8080-exec-1] [DEBUG] o.s.s.a.m.AuthorizationManagerBeforeMethodInterceptor - Authorizing method invocation ReflectiveMethodInvocation: public org.springframework.http.ResponseEntity ru.kozelsk.alliance.controllers.admin.booking.BookingAdminRestController.changeActive(int); target is of class [ru.kozelsk.alliance.controllers.admin.booking.BookingAdminRestController]
2025-04-18 10:35:56 [http-nio-8080-exec-1] [INFO] r.k.a.u.s.CheckAuthorizeService - checkAdmin2: principal != null
2025-04-18 10:35:56 [http-nio-8080-exec-1] [INFO] r.k.a.u.s.CheckAuthorizeService - Principal2 is Oauth2User
2025-04-18 10:35:56 [http-nio-8080-exec-1] [INFO] r.k.a.u.s.CheckAuthorizeService - Checking admin2 rights for email: passapdom@gmail.com
2025-04-18 10:35:56 [http-nio-8080-exec-1] [INFO] r.k.a.u.s.CheckAuthorizeService - User roles2: [ADMIN]
2025-04-18 10:35:56 [http-nio-8080-exec-1] [DEBUG] o.s.s.a.m.AuthorizationManagerBeforeMethodInterceptor - Authorized method invocation ReflectiveMethodInvocation: public org.springframework.http.ResponseEntity ru.kozelsk.alliance.controllers.admin.booking.BookingAdminRestController.changeActive(int); target is of class [ru.kozelsk.alliance.controllers.admin.booking.BookingAdminRestController]
2025-04-18 10:35:56 [http-nio-8080-exec-5] [DEBUG] o.s.security.web.FilterChainProxy - Securing GET /admin/booking
2025-04-18 10:35:56 [http-nio-8080-exec-5] [DEBUG] o.s.s.w.c.HttpSessionSecurityContextRepository - Retrieved SecurityContextImpl [Authentication=OAuth2AuthenticationToken [Principal=Name: [107234087105093742255], Granted Authorities: [[OIDC_USER, SCOPE_https://www.googleapis.com/auth/userinfo.email, SCOPE_https://www.googleapis.com/auth/userinfo.profile, SCOPE_openid]], User Attributes: [{at_hash=QIn4N3UChPr1lEyVahXWIw, sub=107234087105093742255, email_verified=true, iss=https://accounts.google.com, given_name=Павел, nonce=rVB9z2VK3RkxPMY1aSpLXA1LTzfIhpKGnTKpjzpx7mE, picture=https://lh3.googleusercontent.com/a/ACg8ocJJoh9jonlTH61VWgvXCiXb0zCDjifGZZtZ30sCErS3N5ntDw=s96-c, aud=[909915657042-l07l5jl8r3v54r15k12hp7vev9dor6r7.apps.googleusercontent.com], azp=909915657042-l07l5jl8r3v54r15k12hp7vev9dor6r7.apps.googleusercontent.com, name=Павел Королев, exp=2025-04-18T08:25:26Z, family_name=Королев, iat=2025-04-18T07:25:26Z, email=passapdom@gmail.com}], Credentials=[PROTECTED], Authenticated=true, Details=WebAuthenticationDetails [RemoteIpAddress=0:0:0:0:0:0:0:1, SessionId=C6EED896D010ABE78F09743AF572D3F2], Granted Authorities=[OIDC_USER, SCOPE_https://www.googleapis.com/auth/userinfo.email, SCOPE_https://www.googleapis.com/auth/userinfo.profile, SCOPE_openid]]]
2025-04-18 10:35:56 [http-nio-8080-exec-5] [DEBUG] o.s.s.w.a.i.FilterSecurityInterceptor - Authorized filter invocation [GET /admin/booking] with attributes [permitAll]
2025-04-18 10:35:56 [http-nio-8080-exec-5] [DEBUG] o.s.security.web.FilterChainProxy - Secured GET /admin/booking
2025-04-18 10:35:56 [http-nio-8080-exec-5] [DEBUG] o.s.s.a.m.AuthorizationManagerBeforeMethodInterceptor - Authorizing method invocation ReflectiveMethodInvocation: public java.lang.String ru.kozelsk.alliance.controllers.admin.booking.BookingAdminController.allBookings(org.springframework.ui.Model); target is of class [ru.kozelsk.alliance.controllers.admin.booking.BookingAdminController]
2025-04-18 10:35:56 [http-nio-8080-exec-5] [INFO] r.k.a.u.s.CheckAuthorizeService - checkAdmin2: principal != null
2025-04-18 10:35:56 [http-nio-8080-exec-5] [INFO] r.k.a.u.s.CheckAuthorizeService - Principal2 is Oauth2User
2025-04-18 10:35:56 [http-nio-8080-exec-5] [INFO] r.k.a.u.s.CheckAuthorizeService - Checking admin2 rights for email: passapdom@gmail.com
2025-04-18 10:35:56 [http-nio-8080-exec-5] [INFO] r.k.a.u.s.CheckAuthorizeService - User roles2: [ADMIN]
2025-04-18 10:35:56 [http-nio-8080-exec-5] [DEBUG] o.s.s.a.m.AuthorizationManagerBeforeMethodInterceptor - Authorized method invocation ReflectiveMethodInvocation: public java.lang.String ru.kozelsk.alliance.controllers.admin.booking.BookingAdminController.allBookings(org.springframework.ui.Model); target is of class [ru.kozelsk.alliance.controllers.admin.booking.BookingAdminController]
2025-04-18 10:35:56 [http-nio-8080-exec-10] [DEBUG] o.s.security.web.FilterChainProxy - Securing GET /img/logo_alliance.png
2025-04-18 10:35:56 [http-nio-8080-exec-10] [DEBUG] o.s.s.w.c.HttpSessionSecurityContextRepository - Retrieved SecurityContextImpl [Authentication=OAuth2AuthenticationToken [Principal=Name: [107234087105093742255], Granted Authorities: [[OIDC_USER, SCOPE_https://www.googleapis.com/auth/userinfo.email, SCOPE_https://www.googleapis.com/auth/userinfo.profile, SCOPE_openid]], User Attributes: [{at_hash=QIn4N3UChPr1lEyVahXWIw, sub=107234087105093742255, email_verified=true, iss=https://accounts.google.com, given_name=Павел, nonce=rVB9z2VK3RkxPMY1aSpLXA1LTzfIhpKGnTKpjzpx7mE, picture=https://lh3.googleusercontent.com/a/ACg8ocJJoh9jonlTH61VWgvXCiXb0zCDjifGZZtZ30sCErS3N5ntDw=s96-c, aud=[909915657042-l07l5jl8r3v54r15k12hp7vev9dor6r7.apps.googleusercontent.com], azp=909915657042-l07l5jl8r3v54r15k12hp7vev9dor6r7.apps.googleusercontent.com, name=Павел Королев, exp=2025-04-18T08:25:26Z, family_name=Королев, iat=2025-04-18T07:25:26Z, email=passapdom@gmail.com}], Credentials=[PROTECTED], Authenticated=true, Details=WebAuthenticationDetails [RemoteIpAddress=0:0:0:0:0:0:0:1, SessionId=C6EED896D010ABE78F09743AF572D3F2], Granted Authorities=[OIDC_USER, SCOPE_https://www.googleapis.com/auth/userinfo.email, SCOPE_https://www.googleapis.com/auth/userinfo.profile, SCOPE_openid]]]
2025-04-18 10:35:56 [http-nio-8080-exec-10] [DEBUG] o.s.s.w.a.i.FilterSecurityInterceptor - Authorized filter invocation [GET /img/logo_alliance.png] with attributes [permitAll]
2025-04-18 10:35:56 [http-nio-8080-exec-10] [DEBUG] o.s.security.web.FilterChainProxy - Secured GET /img/logo_alliance.png
2025-04-18 10:35:59 [http-nio-8080-exec-3] [DEBUG] o.s.security.web.FilterChainProxy - Securing POST /admin/booking/35/changeActive
2025-04-18 10:35:59 [http-nio-8080-exec-3] [DEBUG] o.s.s.w.c.HttpSessionSecurityContextRepository - Retrieved SecurityContextImpl [Authentication=OAuth2AuthenticationToken [Principal=Name: [107234087105093742255], Granted Authorities: [[OIDC_USER, SCOPE_https://www.googleapis.com/auth/userinfo.email, SCOPE_https://www.googleapis.com/auth/userinfo.profile, SCOPE_openid]], User Attributes: [{at_hash=QIn4N3UChPr1lEyVahXWIw, sub=107234087105093742255, email_verified=true, iss=https://accounts.google.com, given_name=Павел, nonce=rVB9z2VK3RkxPMY1aSpLXA1LTzfIhpKGnTKpjzpx7mE, picture=https://lh3.googleusercontent.com/a/ACg8ocJJoh9jonlTH61VWgvXCiXb0zCDjifGZZtZ30sCErS3N5ntDw=s96-c, aud=[909915657042-l07l5jl8r3v54r15k12hp7vev9dor6r7.apps.googleusercontent.com], azp=909915657042-l07l5jl8r3v54r15k12hp7vev9dor6r7.apps.googleusercontent.com, name=Павел Королев, exp=2025-04-18T08:25:26Z, family_name=Королев, iat=2025-04-18T07:25:26Z, email=passapdom@gmail.com}], Credentials=[PROTECTED], Authenticated=true, Details=WebAuthenticationDetails [RemoteIpAddress=0:0:0:0:0:0:0:1, SessionId=C6EED896D010ABE78F09743AF572D3F2], Granted Authorities=[OIDC_USER, SCOPE_https://www.googleapis.com/auth/userinfo.email, SCOPE_https://www.googleapis.com/auth/userinfo.profile, SCOPE_openid]]]
2025-04-18 10:35:59 [http-nio-8080-exec-3] [DEBUG] o.s.s.w.a.i.FilterSecurityInterceptor - Authorized filter invocation [POST /admin/booking/35/changeActive] with attributes [permitAll]
2025-04-18 10:35:59 [http-nio-8080-exec-3] [DEBUG] o.s.security.web.FilterChainProxy - Secured POST /admin/booking/35/changeActive
2025-04-18 10:35:59 [http-nio-8080-exec-3] [DEBUG] o.s.s.a.m.AuthorizationManagerBeforeMethodInterceptor - Authorizing method invocation ReflectiveMethodInvocation: public org.springframework.http.ResponseEntity ru.kozelsk.alliance.controllers.admin.booking.BookingAdminRestController.changeActive(int); target is of class [ru.kozelsk.alliance.controllers.admin.booking.BookingAdminRestController]
2025-04-18 10:35:59 [http-nio-8080-exec-3] [INFO] r.k.a.u.s.CheckAuthorizeService - checkAdmin2: principal != null
2025-04-18 10:35:59 [http-nio-8080-exec-3] [INFO] r.k.a.u.s.CheckAuthorizeService - Principal2 is Oauth2User
2025-04-18 10:35:59 [http-nio-8080-exec-3] [INFO] r.k.a.u.s.CheckAuthorizeService - Checking admin2 rights for email: passapdom@gmail.com
2025-04-18 10:35:59 [http-nio-8080-exec-3] [INFO] r.k.a.u.s.CheckAuthorizeService - User roles2: [ADMIN]
2025-04-18 10:35:59 [http-nio-8080-exec-3] [DEBUG] o.s.s.a.m.AuthorizationManagerBeforeMethodInterceptor - Authorized method invocation ReflectiveMethodInvocation: public org.springframework.http.ResponseEntity ru.kozelsk.alliance.controllers.admin.booking.BookingAdminRestController.changeActive(int); target is of class [ru.kozelsk.alliance.controllers.admin.booking.BookingAdminRestController]
2025-04-18 10:35:59 [http-nio-8080-exec-8] [DEBUG] o.s.security.web.FilterChainProxy - Securing GET /admin/booking
2025-04-18 10:35:59 [http-nio-8080-exec-8] [DEBUG] o.s.s.w.c.HttpSessionSecurityContextRepository - Retrieved SecurityContextImpl [Authentication=OAuth2AuthenticationToken [Principal=Name: [107234087105093742255], Granted Authorities: [[OIDC_USER, SCOPE_https://www.googleapis.com/auth/userinfo.email, SCOPE_https://www.googleapis.com/auth/userinfo.profile, SCOPE_openid]], User Attributes: [{at_hash=QIn4N3UChPr1lEyVahXWIw, sub=107234087105093742255, email_verified=true, iss=https://accounts.google.com, given_name=Павел, nonce=rVB9z2VK3RkxPMY1aSpLXA1LTzfIhpKGnTKpjzpx7mE, picture=https://lh3.googleusercontent.com/a/ACg8ocJJoh9jonlTH61VWgvXCiXb0zCDjifGZZtZ30sCErS3N5ntDw=s96-c, aud=[909915657042-l07l5jl8r3v54r15k12hp7vev9dor6r7.apps.googleusercontent.com], azp=909915657042-l07l5jl8r3v54r15k12hp7vev9dor6r7.apps.googleusercontent.com, name=Павел Королев, exp=2025-04-18T08:25:26Z, family_name=Королев, iat=2025-04-18T07:25:26Z, email=passapdom@gmail.com}], Credentials=[PROTECTED], Authenticated=true, Details=WebAuthenticationDetails [RemoteIpAddress=0:0:0:0:0:0:0:1, SessionId=C6EED896D010ABE78F09743AF572D3F2], Granted Authorities=[OIDC_USER, SCOPE_https://www.googleapis.com/auth/userinfo.email, SCOPE_https://www.googleapis.com/auth/userinfo.profile, SCOPE_openid]]]
2025-04-18 10:35:59 [http-nio-8080-exec-8] [DEBUG] o.s.s.w.a.i.FilterSecurityInterceptor - Authorized filter invocation [GET /admin/booking] with attributes [permitAll]
2025-04-18 10:35:59 [http-nio-8080-exec-8] [DEBUG] o.s.security.web.FilterChainProxy - Secured GET /admin/booking
2025-04-18 10:35:59 [http-nio-8080-exec-8] [DEBUG] o.s.s.a.m.AuthorizationManagerBeforeMethodInterceptor - Authorizing method invocation ReflectiveMethodInvocation: public java.lang.String ru.kozelsk.alliance.controllers.admin.booking.BookingAdminController.allBookings(org.springframework.ui.Model); target is of class [ru.kozelsk.alliance.controllers.admin.booking.BookingAdminController]
2025-04-18 10:35:59 [http-nio-8080-exec-8] [INFO] r.k.a.u.s.CheckAuthorizeService - checkAdmin2: principal != null
2025-04-18 10:35:59 [http-nio-8080-exec-8] [INFO] r.k.a.u.s.CheckAuthorizeService - Principal2 is Oauth2User
2025-04-18 10:35:59 [http-nio-8080-exec-8] [INFO] r.k.a.u.s.CheckAuthorizeService - Checking admin2 rights for email: passapdom@gmail.com
2025-04-18 10:35:59 [http-nio-8080-exec-8] [INFO] r.k.a.u.s.CheckAuthorizeService - User roles2: [ADMIN]
2025-04-18 10:35:59 [http-nio-8080-exec-8] [DEBUG] o.s.s.a.m.AuthorizationManagerBeforeMethodInterceptor - Authorized method invocation ReflectiveMethodInvocation: public java.lang.String ru.kozelsk.alliance.controllers.admin.booking.BookingAdminController.allBookings(org.springframework.ui.Model); target is of class [ru.kozelsk.alliance.controllers.admin.booking.BookingAdminController]
2025-04-18 10:35:59 [http-nio-8080-exec-6] [DEBUG] o.s.security.web.FilterChainProxy - Securing GET /img/logo_alliance.png
2025-04-18 10:35:59 [http-nio-8080-exec-6] [DEBUG] o.s.s.w.c.HttpSessionSecurityContextRepository - Retrieved SecurityContextImpl [Authentication=OAuth2AuthenticationToken [Principal=Name: [107234087105093742255], Granted Authorities: [[OIDC_USER, SCOPE_https://www.googleapis.com/auth/userinfo.email, SCOPE_https://www.googleapis.com/auth/userinfo.profile, SCOPE_openid]], User Attributes: [{at_hash=QIn4N3UChPr1lEyVahXWIw, sub=107234087105093742255, email_verified=true, iss=https://accounts.google.com, given_name=Павел, nonce=rVB9z2VK3RkxPMY1aSpLXA1LTzfIhpKGnTKpjzpx7mE, picture=https://lh3.googleusercontent.com/a/ACg8ocJJoh9jonlTH61VWgvXCiXb0zCDjifGZZtZ30sCErS3N5ntDw=s96-c, aud=[909915657042-l07l5jl8r3v54r15k12hp7vev9dor6r7.apps.googleusercontent.com], azp=909915657042-l07l5jl8r3v54r15k12hp7vev9dor6r7.apps.googleusercontent.com, name=Павел Королев, exp=2025-04-18T08:25:26Z, family_name=Королев, iat=2025-04-18T07:25:26Z, email=passapdom@gmail.com}], Credentials=[PROTECTED], Authenticated=true, Details=WebAuthenticationDetails [RemoteIpAddress=0:0:0:0:0:0:0:1, SessionId=C6EED896D010ABE78F09743AF572D3F2], Granted Authorities=[OIDC_USER, SCOPE_https://www.googleapis.com/auth/userinfo.email, SCOPE_https://www.googleapis.com/auth/userinfo.profile, SCOPE_openid]]]
2025-04-18 10:35:59 [http-nio-8080-exec-6] [DEBUG] o.s.s.w.a.i.FilterSecurityInterceptor - Authorized filter invocation [GET /img/logo_alliance.png] with attributes [permitAll]
2025-04-18 10:35:59 [http-nio-8080-exec-6] [DEBUG] o.s.security.web.FilterChainProxy - Secured GET /img/logo_alliance.png
2025-04-18 10:36:01 [http-nio-8080-exec-2] [DEBUG] o.s.security.web.FilterChainProxy - Securing POST /admin/booking/35/changeActive
2025-04-18 10:36:01 [http-nio-8080-exec-2] [DEBUG] o.s.s.w.c.HttpSessionSecurityContextRepository - Retrieved SecurityContextImpl [Authentication=OAuth2AuthenticationToken [Principal=Name: [107234087105093742255], Granted Authorities: [[OIDC_USER, SCOPE_https://www.googleapis.com/auth/userinfo.email, SCOPE_https://www.googleapis.com/auth/userinfo.profile, SCOPE_openid]], User Attributes: [{at_hash=QIn4N3UChPr1lEyVahXWIw, sub=107234087105093742255, email_verified=true, iss=https://accounts.google.com, given_name=Павел, nonce=rVB9z2VK3RkxPMY1aSpLXA1LTzfIhpKGnTKpjzpx7mE, picture=https://lh3.googleusercontent.com/a/ACg8ocJJoh9jonlTH61VWgvXCiXb0zCDjifGZZtZ30sCErS3N5ntDw=s96-c, aud=[909915657042-l07l5jl8r3v54r15k12hp7vev9dor6r7.apps.googleusercontent.com], azp=909915657042-l07l5jl8r3v54r15k12hp7vev9dor6r7.apps.googleusercontent.com, name=Павел Королев, exp=2025-04-18T08:25:26Z, family_name=Королев, iat=2025-04-18T07:25:26Z, email=passapdom@gmail.com}], Credentials=[PROTECTED], Authenticated=true, Details=WebAuthenticationDetails [RemoteIpAddress=0:0:0:0:0:0:0:1, SessionId=C6EED896D010ABE78F09743AF572D3F2], Granted Authorities=[OIDC_USER, SCOPE_https://www.googleapis.com/auth/userinfo.email, SCOPE_https://www.googleapis.com/auth/userinfo.profile, SCOPE_openid]]]
2025-04-18 10:36:01 [http-nio-8080-exec-2] [DEBUG] o.s.s.w.a.i.FilterSecurityInterceptor - Authorized filter invocation [POST /admin/booking/35/changeActive] with attributes [permitAll]
2025-04-18 10:36:01 [http-nio-8080-exec-2] [DEBUG] o.s.security.web.FilterChainProxy - Secured POST /admin/booking/35/changeActive
2025-04-18 10:36:01 [http-nio-8080-exec-2] [DEBUG] o.s.s.a.m.AuthorizationManagerBeforeMethodInterceptor - Authorizing method invocation ReflectiveMethodInvocation: public org.springframework.http.ResponseEntity ru.kozelsk.alliance.controllers.admin.booking.BookingAdminRestController.changeActive(int); target is of class [ru.kozelsk.alliance.controllers.admin.booking.BookingAdminRestController]
2025-04-18 10:36:01 [http-nio-8080-exec-2] [INFO] r.k.a.u.s.CheckAuthorizeService - checkAdmin2: principal != null
2025-04-18 10:36:01 [http-nio-8080-exec-2] [INFO] r.k.a.u.s.CheckAuthorizeService - Principal2 is Oauth2User
2025-04-18 10:36:01 [http-nio-8080-exec-2] [INFO] r.k.a.u.s.CheckAuthorizeService - Checking admin2 rights for email: passapdom@gmail.com
2025-04-18 10:36:01 [http-nio-8080-exec-2] [INFO] r.k.a.u.s.CheckAuthorizeService - User roles2: [ADMIN]
2025-04-18 10:36:01 [http-nio-8080-exec-2] [DEBUG] o.s.s.a.m.AuthorizationManagerBeforeMethodInterceptor - Authorized method invocation ReflectiveMethodInvocation: public org.springframework.http.ResponseEntity ru.kozelsk.alliance.controllers.admin.booking.BookingAdminRestController.changeActive(int); target is of class [ru.kozelsk.alliance.controllers.admin.booking.BookingAdminRestController]
2025-04-18 10:36:01 [http-nio-8080-exec-9] [DEBUG] o.s.security.web.FilterChainProxy - Securing GET /admin/booking
2025-04-18 10:36:01 [http-nio-8080-exec-9] [DEBUG] o.s.s.w.c.HttpSessionSecurityContextRepository - Retrieved SecurityContextImpl [Authentication=OAuth2AuthenticationToken [Principal=Name: [107234087105093742255], Granted Authorities: [[OIDC_USER, SCOPE_https://www.googleapis.com/auth/userinfo.email, SCOPE_https://www.googleapis.com/auth/userinfo.profile, SCOPE_openid]], User Attributes: [{at_hash=QIn4N3UChPr1lEyVahXWIw, sub=107234087105093742255, email_verified=true, iss=https://accounts.google.com, given_name=Павел, nonce=rVB9z2VK3RkxPMY1aSpLXA1LTzfIhpKGnTKpjzpx7mE, picture=https://lh3.googleusercontent.com/a/ACg8ocJJoh9jonlTH61VWgvXCiXb0zCDjifGZZtZ30sCErS3N5ntDw=s96-c, aud=[909915657042-l07l5jl8r3v54r15k12hp7vev9dor6r7.apps.googleusercontent.com], azp=909915657042-l07l5jl8r3v54r15k12hp7vev9dor6r7.apps.googleusercontent.com, name=Павел Королев, exp=2025-04-18T08:25:26Z, family_name=Королев, iat=2025-04-18T07:25:26Z, email=passapdom@gmail.com}], Credentials=[PROTECTED], Authenticated=true, Details=WebAuthenticationDetails [RemoteIpAddress=0:0:0:0:0:0:0:1, SessionId=C6EED896D010ABE78F09743AF572D3F2], Granted Authorities=[OIDC_USER, SCOPE_https://www.googleapis.com/auth/userinfo.email, SCOPE_https://www.googleapis.com/auth/userinfo.profile, SCOPE_openid]]]
2025-04-18 10:36:01 [http-nio-8080-exec-9] [DEBUG] o.s.s.w.a.i.FilterSecurityInterceptor - Authorized filter invocation [GET /admin/booking] with attributes [permitAll]
2025-04-18 10:36:01 [http-nio-8080-exec-9] [DEBUG] o.s.security.web.FilterChainProxy - Secured GET /admin/booking
2025-04-18 10:36:01 [http-nio-8080-exec-9] [DEBUG] o.s.s.a.m.AuthorizationManagerBeforeMethodInterceptor - Authorizing method invocation ReflectiveMethodInvocation: public java.lang.String ru.kozelsk.alliance.controllers.admin.booking.BookingAdminController.allBookings(org.springframework.ui.Model); target is of class [ru.kozelsk.alliance.controllers.admin.booking.BookingAdminController]
2025-04-18 10:36:01 [http-nio-8080-exec-9] [INFO] r.k.a.u.s.CheckAuthorizeService - checkAdmin2: principal != null
2025-04-18 10:36:01 [http-nio-8080-exec-9] [INFO] r.k.a.u.s.CheckAuthorizeService - Principal2 is Oauth2User
2025-04-18 10:36:01 [http-nio-8080-exec-9] [INFO] r.k.a.u.s.CheckAuthorizeService - Checking admin2 rights for email: passapdom@gmail.com
2025-04-18 10:36:01 [http-nio-8080-exec-9] [INFO] r.k.a.u.s.CheckAuthorizeService - User roles2: [ADMIN]
2025-04-18 10:36:01 [http-nio-8080-exec-9] [DEBUG] o.s.s.a.m.AuthorizationManagerBeforeMethodInterceptor - Authorized method invocation ReflectiveMethodInvocation: public java.lang.String ru.kozelsk.alliance.controllers.admin.booking.BookingAdminController.allBookings(org.springframework.ui.Model); target is of class [ru.kozelsk.alliance.controllers.admin.booking.BookingAdminController]
2025-04-18 10:36:01 [http-nio-8080-exec-4] [DEBUG] o.s.security.web.FilterChainProxy - Securing GET /img/logo_alliance.png
2025-04-18 10:36:01 [http-nio-8080-exec-4] [DEBUG] o.s.s.w.c.HttpSessionSecurityContextRepository - Retrieved SecurityContextImpl [Authentication=OAuth2AuthenticationToken [Principal=Name: [107234087105093742255], Granted Authorities: [[OIDC_USER, SCOPE_https://www.googleapis.com/auth/userinfo.email, SCOPE_https://www.googleapis.com/auth/userinfo.profile, SCOPE_openid]], User Attributes: [{at_hash=QIn4N3UChPr1lEyVahXWIw, sub=107234087105093742255, email_verified=true, iss=https://accounts.google.com, given_name=Павел, nonce=rVB9z2VK3RkxPMY1aSpLXA1LTzfIhpKGnTKpjzpx7mE, picture=https://lh3.googleusercontent.com/a/ACg8ocJJoh9jonlTH61VWgvXCiXb0zCDjifGZZtZ30sCErS3N5ntDw=s96-c, aud=[909915657042-l07l5jl8r3v54r15k12hp7vev9dor6r7.apps.googleusercontent.com], azp=909915657042-l07l5jl8r3v54r15k12hp7vev9dor6r7.apps.googleusercontent.com, name=Павел Королев, exp=2025-04-18T08:25:26Z, family_name=Королев, iat=2025-04-18T07:25:26Z, email=passapdom@gmail.com}], Credentials=[PROTECTED], Authenticated=true, Details=WebAuthenticationDetails [RemoteIpAddress=0:0:0:0:0:0:0:1, SessionId=C6EED896D010ABE78F09743AF572D3F2], Granted Authorities=[OIDC_USER, SCOPE_https://www.googleapis.com/auth/userinfo.email, SCOPE_https://www.googleapis.com/auth/userinfo.profile, SCOPE_openid]]]
2025-04-18 10:36:01 [http-nio-8080-exec-4] [DEBUG] o.s.s.w.a.i.FilterSecurityInterceptor - Authorized filter invocation [GET /img/logo_alliance.png] with attributes [permitAll]
2025-04-18 10:36:01 [http-nio-8080-exec-4] [DEBUG] o.s.security.web.FilterChainProxy - Secured GET /img/logo_alliance.png
2025-04-18 10:36:48 [http-nio-8080-exec-8] [DEBUG] o.s.security.web.FilterChainProxy - Securing POST /admin/booking/19/delete
2025-04-18 10:36:48 [http-nio-8080-exec-8] [DEBUG] o.s.s.w.c.HttpSessionSecurityContextRepository - Retrieved SecurityContextImpl [Authentication=OAuth2AuthenticationToken [Principal=Name: [107234087105093742255], Granted Authorities: [[OIDC_USER, SCOPE_https://www.googleapis.com/auth/userinfo.email, SCOPE_https://www.googleapis.com/auth/userinfo.profile, SCOPE_openid]], User Attributes: [{at_hash=QIn4N3UChPr1lEyVahXWIw, sub=107234087105093742255, email_verified=true, iss=https://accounts.google.com, given_name=Павел, nonce=rVB9z2VK3RkxPMY1aSpLXA1LTzfIhpKGnTKpjzpx7mE, picture=https://lh3.googleusercontent.com/a/ACg8ocJJoh9jonlTH61VWgvXCiXb0zCDjifGZZtZ30sCErS3N5ntDw=s96-c, aud=[909915657042-l07l5jl8r3v54r15k12hp7vev9dor6r7.apps.googleusercontent.com], azp=909915657042-l07l5jl8r3v54r15k12hp7vev9dor6r7.apps.googleusercontent.com, name=Павел Королев, exp=2025-04-18T08:25:26Z, family_name=Королев, iat=2025-04-18T07:25:26Z, email=passapdom@gmail.com}], Credentials=[PROTECTED], Authenticated=true, Details=WebAuthenticationDetails [RemoteIpAddress=0:0:0:0:0:0:0:1, SessionId=C6EED896D010ABE78F09743AF572D3F2], Granted Authorities=[OIDC_USER, SCOPE_https://www.googleapis.com/auth/userinfo.email, SCOPE_https://www.googleapis.com/auth/userinfo.profile, SCOPE_openid]]]
2025-04-18 10:36:48 [http-nio-8080-exec-8] [DEBUG] o.s.s.w.a.i.FilterSecurityInterceptor - Authorized filter invocation [POST /admin/booking/19/delete] with attributes [permitAll]
2025-04-18 10:36:48 [http-nio-8080-exec-8] [DEBUG] o.s.security.web.FilterChainProxy - Secured POST /admin/booking/19/delete
2025-04-18 10:36:48 [http-nio-8080-exec-8] [DEBUG] o.s.s.a.m.AuthorizationManagerBeforeMethodInterceptor - Authorizing method invocation ReflectiveMethodInvocation: public org.springframework.http.ResponseEntity ru.kozelsk.alliance.controllers.admin.booking.BookingAdminRestController.deleteBooking(int); target is of class [ru.kozelsk.alliance.controllers.admin.booking.BookingAdminRestController]
2025-04-18 10:36:48 [http-nio-8080-exec-8] [INFO] r.k.a.u.s.CheckAuthorizeService - checkAdmin2: principal != null
2025-04-18 10:36:48 [http-nio-8080-exec-8] [INFO] r.k.a.u.s.CheckAuthorizeService - Principal2 is Oauth2User
2025-04-18 10:36:48 [http-nio-8080-exec-8] [INFO] r.k.a.u.s.CheckAuthorizeService - Checking admin2 rights for email: passapdom@gmail.com
2025-04-18 10:36:48 [http-nio-8080-exec-8] [INFO] r.k.a.u.s.CheckAuthorizeService - User roles2: [ADMIN]
2025-04-18 10:36:48 [http-nio-8080-exec-8] [DEBUG] o.s.s.a.m.AuthorizationManagerBeforeMethodInterceptor - Authorized method invocation ReflectiveMethodInvocation: public org.springframework.http.ResponseEntity ru.kozelsk.alliance.controllers.admin.booking.BookingAdminRestController.deleteBooking(int); target is of class [ru.kozelsk.alliance.controllers.admin.booking.BookingAdminRestController]
2025-04-18 10:36:48 [http-nio-8080-exec-6] [DEBUG] o.s.security.web.FilterChainProxy - Securing GET /admin/booking
2025-04-18 10:36:48 [http-nio-8080-exec-6] [DEBUG] o.s.s.w.c.HttpSessionSecurityContextRepository - Retrieved SecurityContextImpl [Authentication=OAuth2AuthenticationToken [Principal=Name: [107234087105093742255], Granted Authorities: [[OIDC_USER, SCOPE_https://www.googleapis.com/auth/userinfo.email, SCOPE_https://www.googleapis.com/auth/userinfo.profile, SCOPE_openid]], User Attributes: [{at_hash=QIn4N3UChPr1lEyVahXWIw, sub=107234087105093742255, email_verified=true, iss=https://accounts.google.com, given_name=Павел, nonce=rVB9z2VK3RkxPMY1aSpLXA1LTzfIhpKGnTKpjzpx7mE, picture=https://lh3.googleusercontent.com/a/ACg8ocJJoh9jonlTH61VWgvXCiXb0zCDjifGZZtZ30sCErS3N5ntDw=s96-c, aud=[909915657042-l07l5jl8r3v54r15k12hp7vev9dor6r7.apps.googleusercontent.com], azp=909915657042-l07l5jl8r3v54r15k12hp7vev9dor6r7.apps.googleusercontent.com, name=Павел Королев, exp=2025-04-18T08:25:26Z, family_name=Королев, iat=2025-04-18T07:25:26Z, email=passapdom@gmail.com}], Credentials=[PROTECTED], Authenticated=true, Details=WebAuthenticationDetails [RemoteIpAddress=0:0:0:0:0:0:0:1, SessionId=C6EED896D010ABE78F09743AF572D3F2], Granted Authorities=[OIDC_USER, SCOPE_https://www.googleapis.com/auth/userinfo.email, SCOPE_https://www.googleapis.com/auth/userinfo.profile, SCOPE_openid]]]
2025-04-18 10:36:48 [http-nio-8080-exec-6] [DEBUG] o.s.s.w.a.i.FilterSecurityInterceptor - Authorized filter invocation [GET /admin/booking] with attributes [permitAll]
2025-04-18 10:36:48 [http-nio-8080-exec-6] [DEBUG] o.s.security.web.FilterChainProxy - Secured GET /admin/booking
2025-04-18 10:36:48 [http-nio-8080-exec-6] [DEBUG] o.s.s.a.m.AuthorizationManagerBeforeMethodInterceptor - Authorizing method invocation ReflectiveMethodInvocation: public java.lang.String ru.kozelsk.alliance.controllers.admin.booking.BookingAdminController.allBookings(org.springframework.ui.Model); target is of class [ru.kozelsk.alliance.controllers.admin.booking.BookingAdminController]
2025-04-18 10:36:48 [http-nio-8080-exec-6] [INFO] r.k.a.u.s.CheckAuthorizeService - checkAdmin2: principal != null
2025-04-18 10:36:48 [http-nio-8080-exec-6] [INFO] r.k.a.u.s.CheckAuthorizeService - Principal2 is Oauth2User
2025-04-18 10:36:48 [http-nio-8080-exec-6] [INFO] r.k.a.u.s.CheckAuthorizeService - Checking admin2 rights for email: passapdom@gmail.com
2025-04-18 10:36:48 [http-nio-8080-exec-6] [INFO] r.k.a.u.s.CheckAuthorizeService - User roles2: [ADMIN]
2025-04-18 10:36:48 [http-nio-8080-exec-6] [DEBUG] o.s.s.a.m.AuthorizationManagerBeforeMethodInterceptor - Authorized method invocation ReflectiveMethodInvocation: public java.lang.String ru.kozelsk.alliance.controllers.admin.booking.BookingAdminController.allBookings(org.springframework.ui.Model); target is of class [ru.kozelsk.alliance.controllers.admin.booking.BookingAdminController]
2025-04-18 10:36:48 [http-nio-8080-exec-2] [DEBUG] o.s.security.web.FilterChainProxy - Securing GET /img/logo_alliance.png
2025-04-18 10:36:48 [http-nio-8080-exec-2] [DEBUG] o.s.s.w.c.HttpSessionSecurityContextRepository - Retrieved SecurityContextImpl [Authentication=OAuth2AuthenticationToken [Principal=Name: [107234087105093742255], Granted Authorities: [[OIDC_USER, SCOPE_https://www.googleapis.com/auth/userinfo.email, SCOPE_https://www.googleapis.com/auth/userinfo.profile, SCOPE_openid]], User Attributes: [{at_hash=QIn4N3UChPr1lEyVahXWIw, sub=107234087105093742255, email_verified=true, iss=https://accounts.google.com, given_name=Павел, nonce=rVB9z2VK3RkxPMY1aSpLXA1LTzfIhpKGnTKpjzpx7mE, picture=https://lh3.googleusercontent.com/a/ACg8ocJJoh9jonlTH61VWgvXCiXb0zCDjifGZZtZ30sCErS3N5ntDw=s96-c, aud=[909915657042-l07l5jl8r3v54r15k12hp7vev9dor6r7.apps.googleusercontent.com], azp=909915657042-l07l5jl8r3v54r15k12hp7vev9dor6r7.apps.googleusercontent.com, name=Павел Королев, exp=2025-04-18T08:25:26Z, family_name=Королев, iat=2025-04-18T07:25:26Z, email=passapdom@gmail.com}], Credentials=[PROTECTED], Authenticated=true, Details=WebAuthenticationDetails [RemoteIpAddress=0:0:0:0:0:0:0:1, SessionId=C6EED896D010ABE78F09743AF572D3F2], Granted Authorities=[OIDC_USER, SCOPE_https://www.googleapis.com/auth/userinfo.email, SCOPE_https://www.googleapis.com/auth/userinfo.profile, SCOPE_openid]]]
2025-04-18 10:36:48 [http-nio-8080-exec-2] [DEBUG] o.s.s.w.a.i.FilterSecurityInterceptor - Authorized filter invocation [GET /img/logo_alliance.png] with attributes [permitAll]
2025-04-18 10:36:48 [http-nio-8080-exec-2] [DEBUG] o.s.security.web.FilterChainProxy - Secured GET /img/logo_alliance.png
2025-04-18 10:36:54 [http-nio-8080-exec-9] [DEBUG] o.s.security.web.FilterChainProxy - Securing GET /excursion
2025-04-18 10:36:54 [http-nio-8080-exec-9] [DEBUG] o.s.s.w.c.HttpSessionSecurityContextRepository - Retrieved SecurityContextImpl [Authentication=OAuth2AuthenticationToken [Principal=Name: [107234087105093742255], Granted Authorities: [[OIDC_USER, SCOPE_https://www.googleapis.com/auth/userinfo.email, SCOPE_https://www.googleapis.com/auth/userinfo.profile, SCOPE_openid]], User Attributes: [{at_hash=QIn4N3UChPr1lEyVahXWIw, sub=107234087105093742255, email_verified=true, iss=https://accounts.google.com, given_name=Павел, nonce=rVB9z2VK3RkxPMY1aSpLXA1LTzfIhpKGnTKpjzpx7mE, picture=https://lh3.googleusercontent.com/a/ACg8ocJJoh9jonlTH61VWgvXCiXb0zCDjifGZZtZ30sCErS3N5ntDw=s96-c, aud=[909915657042-l07l5jl8r3v54r15k12hp7vev9dor6r7.apps.googleusercontent.com], azp=909915657042-l07l5jl8r3v54r15k12hp7vev9dor6r7.apps.googleusercontent.com, name=Павел Королев, exp=2025-04-18T08:25:26Z, family_name=Королев, iat=2025-04-18T07:25:26Z, email=passapdom@gmail.com}], Credentials=[PROTECTED], Authenticated=true, Details=WebAuthenticationDetails [RemoteIpAddress=0:0:0:0:0:0:0:1, SessionId=C6EED896D010ABE78F09743AF572D3F2], Granted Authorities=[OIDC_USER, SCOPE_https://www.googleapis.com/auth/userinfo.email, SCOPE_https://www.googleapis.com/auth/userinfo.profile, SCOPE_openid]]]
2025-04-18 10:36:54 [http-nio-8080-exec-9] [DEBUG] o.s.s.w.a.i.FilterSecurityInterceptor - Authorized filter invocation [GET /excursion] with attributes [permitAll]
2025-04-18 10:36:54 [http-nio-8080-exec-9] [DEBUG] o.s.security.web.FilterChainProxy - Secured GET /excursion
2025-04-18 10:36:54 [http-nio-8080-exec-9] [INFO] r.k.a.u.s.CheckAuthorizeService - checkAdmin is starting, principal: OAuth2AuthenticationToken [Principal=Name: [107234087105093742255], Granted Authorities: [[OIDC_USER, SCOPE_https://www.googleapis.com/auth/userinfo.email, SCOPE_https://www.googleapis.com/auth/userinfo.profile, SCOPE_openid]], User Attributes: [{at_hash=QIn4N3UChPr1lEyVahXWIw, sub=107234087105093742255, email_verified=true, iss=https://accounts.google.com, given_name=Павел, nonce=rVB9z2VK3RkxPMY1aSpLXA1LTzfIhpKGnTKpjzpx7mE, picture=https://lh3.googleusercontent.com/a/ACg8ocJJoh9jonlTH61VWgvXCiXb0zCDjifGZZtZ30sCErS3N5ntDw=s96-c, aud=[909915657042-l07l5jl8r3v54r15k12hp7vev9dor6r7.apps.googleusercontent.com], azp=909915657042-l07l5jl8r3v54r15k12hp7vev9dor6r7.apps.googleusercontent.com, name=Павел Королев, exp=2025-04-18T08:25:26Z, family_name=Королев, iat=2025-04-18T07:25:26Z, email=passapdom@gmail.com}], Credentials=[PROTECTED], Authenticated=true, Details=WebAuthenticationDetails [RemoteIpAddress=0:0:0:0:0:0:0:1, SessionId=C6EED896D010ABE78F09743AF572D3F2], Granted Authorities=[OIDC_USER, SCOPE_https://www.googleapis.com/auth/userinfo.email, SCOPE_https://www.googleapis.com/auth/userinfo.profile, SCOPE_openid]]
2025-04-18 10:36:54 [http-nio-8080-exec-9] [INFO] r.k.a.u.s.CheckAuthorizeService - checkAdmin: principal != null
2025-04-18 10:36:54 [http-nio-8080-exec-9] [INFO] r.k.a.u.s.CheckAuthorizeService - Principal is OAuth2AuthenticationToken
2025-04-18 10:36:54 [http-nio-8080-exec-9] [INFO] r.k.a.u.s.CheckAuthorizeService - Checking admin rights for email: passapdom@gmail.com
2025-04-18 10:36:54 [http-nio-8080-exec-9] [INFO] r.k.a.u.s.CheckAuthorizeService - User roles: [ADMIN]
2025-04-18 10:36:54 [http-nio-8080-exec-4] [DEBUG] o.s.security.web.FilterChainProxy - Securing GET /css/styles.css
2025-04-18 10:36:54 [http-nio-8080-exec-4] [DEBUG] o.s.s.w.c.HttpSessionSecurityContextRepository - Retrieved SecurityContextImpl [Authentication=OAuth2AuthenticationToken [Principal=Name: [107234087105093742255], Granted Authorities: [[OIDC_USER, SCOPE_https://www.googleapis.com/auth/userinfo.email, SCOPE_https://www.googleapis.com/auth/userinfo.profile, SCOPE_openid]], User Attributes: [{at_hash=QIn4N3UChPr1lEyVahXWIw, sub=107234087105093742255, email_verified=true, iss=https://accounts.google.com, given_name=Павел, nonce=rVB9z2VK3RkxPMY1aSpLXA1LTzfIhpKGnTKpjzpx7mE, picture=https://lh3.googleusercontent.com/a/ACg8ocJJoh9jonlTH61VWgvXCiXb0zCDjifGZZtZ30sCErS3N5ntDw=s96-c, aud=[909915657042-l07l5jl8r3v54r15k12hp7vev9dor6r7.apps.googleusercontent.com], azp=909915657042-l07l5jl8r3v54r15k12hp7vev9dor6r7.apps.googleusercontent.com, name=Павел Королев, exp=2025-04-18T08:25:26Z, family_name=Королев, iat=2025-04-18T07:25:26Z, email=passapdom@gmail.com}], Credentials=[PROTECTED], Authenticated=true, Details=WebAuthenticationDetails [RemoteIpAddress=0:0:0:0:0:0:0:1, SessionId=C6EED896D010ABE78F09743AF572D3F2], Granted Authorities=[OIDC_USER, SCOPE_https://www.googleapis.com/auth/userinfo.email, SCOPE_https://www.googleapis.com/auth/userinfo.profile, SCOPE_openid]]]
2025-04-18 10:36:54 [http-nio-8080-exec-4] [DEBUG] o.s.s.w.a.i.FilterSecurityInterceptor - Authorized filter invocation [GET /css/styles.css] with attributes [permitAll]
2025-04-18 10:36:54 [http-nio-8080-exec-4] [DEBUG] o.s.security.web.FilterChainProxy - Secured GET /css/styles.css
2025-04-18 10:36:54 [http-nio-8080-exec-3] [DEBUG] o.s.security.web.FilterChainProxy - Securing GET /img/tour-agency.jpg
2025-04-18 10:36:54 [http-nio-8080-exec-1] [DEBUG] o.s.security.web.FilterChainProxy - Securing GET /img/logo_alliance.png
2025-04-18 10:36:54 [http-nio-8080-exec-1] [DEBUG] o.s.s.w.c.HttpSessionSecurityContextRepository - Retrieved SecurityContextImpl [Authentication=OAuth2AuthenticationToken [Principal=Name: [107234087105093742255], Granted Authorities: [[OIDC_USER, SCOPE_https://www.googleapis.com/auth/userinfo.email, SCOPE_https://www.googleapis.com/auth/userinfo.profile, SCOPE_openid]], User Attributes: [{at_hash=QIn4N3UChPr1lEyVahXWIw, sub=107234087105093742255, email_verified=true, iss=https://accounts.google.com, given_name=Павел, nonce=rVB9z2VK3RkxPMY1aSpLXA1LTzfIhpKGnTKpjzpx7mE, picture=https://lh3.googleusercontent.com/a/ACg8ocJJoh9jonlTH61VWgvXCiXb0zCDjifGZZtZ30sCErS3N5ntDw=s96-c, aud=[909915657042-l07l5jl8r3v54r15k12hp7vev9dor6r7.apps.googleusercontent.com], azp=909915657042-l07l5jl8r3v54r15k12hp7vev9dor6r7.apps.googleusercontent.com, name=Павел Королев, exp=2025-04-18T08:25:26Z, family_name=Королев, iat=2025-04-18T07:25:26Z, email=passapdom@gmail.com}], Credentials=[PROTECTED], Authenticated=true, Details=WebAuthenticationDetails [RemoteIpAddress=0:0:0:0:0:0:0:1, SessionId=C6EED896D010ABE78F09743AF572D3F2], Granted Authorities=[OIDC_USER, SCOPE_https://www.googleapis.com/auth/userinfo.email, SCOPE_https://www.googleapis.com/auth/userinfo.profile, SCOPE_openid]]]
2025-04-18 10:36:54 [http-nio-8080-exec-3] [DEBUG] o.s.s.w.c.HttpSessionSecurityContextRepository - Retrieved SecurityContextImpl [Authentication=OAuth2AuthenticationToken [Principal=Name: [107234087105093742255], Granted Authorities: [[OIDC_USER, SCOPE_https://www.googleapis.com/auth/userinfo.email, SCOPE_https://www.googleapis.com/auth/userinfo.profile, SCOPE_openid]], User Attributes: [{at_hash=QIn4N3UChPr1lEyVahXWIw, sub=107234087105093742255, email_verified=true, iss=https://accounts.google.com, given_name=Павел, nonce=rVB9z2VK3RkxPMY1aSpLXA1LTzfIhpKGnTKpjzpx7mE, picture=https://lh3.googleusercontent.com/a/ACg8ocJJoh9jonlTH61VWgvXCiXb0zCDjifGZZtZ30sCErS3N5ntDw=s96-c, aud=[909915657042-l07l5jl8r3v54r15k12hp7vev9dor6r7.apps.googleusercontent.com], azp=909915657042-l07l5jl8r3v54r15k12hp7vev9dor6r7.apps.googleusercontent.com, name=Павел Королев, exp=2025-04-18T08:25:26Z, family_name=Королев, iat=2025-04-18T07:25:26Z, email=passapdom@gmail.com}], Credentials=[PROTECTED], Authenticated=true, Details=WebAuthenticationDetails [RemoteIpAddress=0:0:0:0:0:0:0:1, SessionId=C6EED896D010ABE78F09743AF572D3F2], Granted Authorities=[OIDC_USER, SCOPE_https://www.googleapis.com/auth/userinfo.email, SCOPE_https://www.googleapis.com/auth/userinfo.profile, SCOPE_openid]]]
2025-04-18 10:36:54 [http-nio-8080-exec-1] [DEBUG] o.s.s.w.a.i.FilterSecurityInterceptor - Authorized filter invocation [GET /img/logo_alliance.png] with attributes [permitAll]
2025-04-18 10:36:54 [http-nio-8080-exec-3] [DEBUG] o.s.s.w.a.i.FilterSecurityInterceptor - Authorized filter invocation [GET /img/tour-agency.jpg] with attributes [permitAll]
2025-04-18 10:36:54 [http-nio-8080-exec-3] [DEBUG] o.s.security.web.FilterChainProxy - Secured GET /img/tour-agency.jpg
2025-04-18 10:36:54 [http-nio-8080-exec-1] [DEBUG] o.s.security.web.FilterChainProxy - Secured GET /img/logo_alliance.png
2025-04-18 10:36:54 [http-nio-8080-exec-3] [DEBUG] o.s.security.web.FilterChainProxy - Securing GET /error
2025-04-18 10:36:54 [http-nio-8080-exec-3] [DEBUG] o.s.s.w.c.HttpSessionSecurityContextRepository - Retrieved SecurityContextImpl [Authentication=OAuth2AuthenticationToken [Principal=Name: [107234087105093742255], Granted Authorities: [[OIDC_USER, SCOPE_https://www.googleapis.com/auth/userinfo.email, SCOPE_https://www.googleapis.com/auth/userinfo.profile, SCOPE_openid]], User Attributes: [{at_hash=QIn4N3UChPr1lEyVahXWIw, sub=107234087105093742255, email_verified=true, iss=https://accounts.google.com, given_name=Павел, nonce=rVB9z2VK3RkxPMY1aSpLXA1LTzfIhpKGnTKpjzpx7mE, picture=https://lh3.googleusercontent.com/a/ACg8ocJJoh9jonlTH61VWgvXCiXb0zCDjifGZZtZ30sCErS3N5ntDw=s96-c, aud=[909915657042-l07l5jl8r3v54r15k12hp7vev9dor6r7.apps.googleusercontent.com], azp=909915657042-l07l5jl8r3v54r15k12hp7vev9dor6r7.apps.googleusercontent.com, name=Павел Королев, exp=2025-04-18T08:25:26Z, family_name=Королев, iat=2025-04-18T07:25:26Z, email=passapdom@gmail.com}], Credentials=[PROTECTED], Authenticated=true, Details=WebAuthenticationDetails [RemoteIpAddress=0:0:0:0:0:0:0:1, SessionId=C6EED896D010ABE78F09743AF572D3F2], Granted Authorities=[OIDC_USER, SCOPE_https://www.googleapis.com/auth/userinfo.email, SCOPE_https://www.googleapis.com/auth/userinfo.profile, SCOPE_openid]]]
2025-04-18 10:36:54 [http-nio-8080-exec-3] [DEBUG] o.s.s.w.a.i.FilterSecurityInterceptor - Authorized filter invocation [GET /error] with attributes [permitAll]
2025-04-18 10:36:54 [http-nio-8080-exec-3] [DEBUG] o.s.security.web.FilterChainProxy - Secured GET /error
2025-04-18 10:36:54 [http-nio-8080-exec-10] [DEBUG] o.s.security.web.FilterChainProxy - Securing GET /images/placeholder.jpg
2025-04-18 10:36:54 [http-nio-8080-exec-5] [DEBUG] o.s.security.web.FilterChainProxy - Securing GET /images/tour/77da970b-1e81-439d-a952-267262094a8c_kozelsk.jpg
2025-04-18 10:36:54 [http-nio-8080-exec-7] [DEBUG] o.s.security.web.FilterChainProxy - Securing GET /images/tour/70efb4f2-568c-40d0-b39f-55ed0ccbc07e_00-Козельск.jpg
2025-04-18 10:36:54 [http-nio-8080-exec-10] [DEBUG] o.s.s.w.c.HttpSessionSecurityContextRepository - Retrieved SecurityContextImpl [Authentication=OAuth2AuthenticationToken [Principal=Name: [107234087105093742255], Granted Authorities: [[OIDC_USER, SCOPE_https://www.googleapis.com/auth/userinfo.email, SCOPE_https://www.googleapis.com/auth/userinfo.profile, SCOPE_openid]], User Attributes: [{at_hash=QIn4N3UChPr1lEyVahXWIw, sub=107234087105093742255, email_verified=true, iss=https://accounts.google.com, given_name=Павел, nonce=rVB9z2VK3RkxPMY1aSpLXA1LTzfIhpKGnTKpjzpx7mE, picture=https://lh3.googleusercontent.com/a/ACg8ocJJoh9jonlTH61VWgvXCiXb0zCDjifGZZtZ30sCErS3N5ntDw=s96-c, aud=[909915657042-l07l5jl8r3v54r15k12hp7vev9dor6r7.apps.googleusercontent.com], azp=909915657042-l07l5jl8r3v54r15k12hp7vev9dor6r7.apps.googleusercontent.com, name=Павел Королев, exp=2025-04-18T08:25:26Z, family_name=Королев, iat=2025-04-18T07:25:26Z, email=passapdom@gmail.com}], Credentials=[PROTECTED], Authenticated=true, Details=WebAuthenticationDetails [RemoteIpAddress=0:0:0:0:0:0:0:1, SessionId=C6EED896D010ABE78F09743AF572D3F2], Granted Authorities=[OIDC_USER, SCOPE_https://www.googleapis.com/auth/userinfo.email, SCOPE_https://www.googleapis.com/auth/userinfo.profile, SCOPE_openid]]]
2025-04-18 10:36:54 [http-nio-8080-exec-7] [DEBUG] o.s.s.w.c.HttpSessionSecurityContextRepository - Retrieved SecurityContextImpl [Authentication=OAuth2AuthenticationToken [Principal=Name: [107234087105093742255], Granted Authorities: [[OIDC_USER, SCOPE_https://www.googleapis.com/auth/userinfo.email, SCOPE_https://www.googleapis.com/auth/userinfo.profile, SCOPE_openid]], User Attributes: [{at_hash=QIn4N3UChPr1lEyVahXWIw, sub=107234087105093742255, email_verified=true, iss=https://accounts.google.com, given_name=Павел, nonce=rVB9z2VK3RkxPMY1aSpLXA1LTzfIhpKGnTKpjzpx7mE, picture=https://lh3.googleusercontent.com/a/ACg8ocJJoh9jonlTH61VWgvXCiXb0zCDjifGZZtZ30sCErS3N5ntDw=s96-c, aud=[909915657042-l07l5jl8r3v54r15k12hp7vev9dor6r7.apps.googleusercontent.com], azp=909915657042-l07l5jl8r3v54r15k12hp7vev9dor6r7.apps.googleusercontent.com, name=Павел Королев, exp=2025-04-18T08:25:26Z, family_name=Королев, iat=2025-04-18T07:25:26Z, email=passapdom@gmail.com}], Credentials=[PROTECTED], Authenticated=true, Details=WebAuthenticationDetails [RemoteIpAddress=0:0:0:0:0:0:0:1, SessionId=C6EED896D010ABE78F09743AF572D3F2], Granted Authorities=[OIDC_USER, SCOPE_https://www.googleapis.com/auth/userinfo.email, SCOPE_https://www.googleapis.com/auth/userinfo.profile, SCOPE_openid]]]
2025-04-18 10:36:54 [http-nio-8080-exec-5] [DEBUG] o.s.s.w.c.HttpSessionSecurityContextRepository - Retrieved SecurityContextImpl [Authentication=OAuth2AuthenticationToken [Principal=Name: [107234087105093742255], Granted Authorities: [[OIDC_USER, SCOPE_https://www.googleapis.com/auth/userinfo.email, SCOPE_https://www.googleapis.com/auth/userinfo.profile, SCOPE_openid]], User Attributes: [{at_hash=QIn4N3UChPr1lEyVahXWIw, sub=107234087105093742255, email_verified=true, iss=https://accounts.google.com, given_name=Павел, nonce=rVB9z2VK3RkxPMY1aSpLXA1LTzfIhpKGnTKpjzpx7mE, picture=https://lh3.googleusercontent.com/a/ACg8ocJJoh9jonlTH61VWgvXCiXb0zCDjifGZZtZ30sCErS3N5ntDw=s96-c, aud=[909915657042-l07l5jl8r3v54r15k12hp7vev9dor6r7.apps.googleusercontent.com], azp=909915657042-l07l5jl8r3v54r15k12hp7vev9dor6r7.apps.googleusercontent.com, name=Павел Королев, exp=2025-04-18T08:25:26Z, family_name=Королев, iat=2025-04-18T07:25:26Z, email=passapdom@gmail.com}], Credentials=[PROTECTED], Authenticated=true, Details=WebAuthenticationDetails [RemoteIpAddress=0:0:0:0:0:0:0:1, SessionId=C6EED896D010ABE78F09743AF572D3F2], Granted Authorities=[OIDC_USER, SCOPE_https://www.googleapis.com/auth/userinfo.email, SCOPE_https://www.googleapis.com/auth/userinfo.profile, SCOPE_openid]]]
2025-04-18 10:36:54 [http-nio-8080-exec-10] [DEBUG] o.s.s.w.a.i.FilterSecurityInterceptor - Authorized filter invocation [GET /images/placeholder.jpg] with attributes [permitAll]
2025-04-18 10:36:54 [http-nio-8080-exec-7] [DEBUG] o.s.s.w.a.i.FilterSecurityInterceptor - Authorized filter invocation [GET /images/tour/70efb4f2-568c-40d0-b39f-55ed0ccbc07e_00-Козельск.jpg] with attributes [permitAll]
2025-04-18 10:36:54 [http-nio-8080-exec-5] [DEBUG] o.s.s.w.a.i.FilterSecurityInterceptor - Authorized filter invocation [GET /images/tour/77da970b-1e81-439d-a952-267262094a8c_kozelsk.jpg] with attributes [permitAll]
2025-04-18 10:36:54 [http-nio-8080-exec-10] [DEBUG] o.s.security.web.FilterChainProxy - Secured GET /images/placeholder.jpg
2025-04-18 10:36:54 [http-nio-8080-exec-7] [DEBUG] o.s.security.web.FilterChainProxy - Secured GET /images/tour/70efb4f2-568c-40d0-b39f-55ed0ccbc07e_00-Козельск.jpg
2025-04-18 10:36:54 [http-nio-8080-exec-5] [DEBUG] o.s.security.web.FilterChainProxy - Secured GET /images/tour/77da970b-1e81-439d-a952-267262094a8c_kozelsk.jpg
2025-04-18 10:36:54 [http-nio-8080-exec-10] [DEBUG] o.s.security.web.FilterChainProxy - Securing GET /error
2025-04-18 10:36:54 [http-nio-8080-exec-10] [DEBUG] o.s.s.w.c.HttpSessionSecurityContextRepository - Retrieved SecurityContextImpl [Authentication=OAuth2AuthenticationToken [Principal=Name: [107234087105093742255], Granted Authorities: [[OIDC_USER, SCOPE_https://www.googleapis.com/auth/userinfo.email, SCOPE_https://www.googleapis.com/auth/userinfo.profile, SCOPE_openid]], User Attributes: [{at_hash=QIn4N3UChPr1lEyVahXWIw, sub=107234087105093742255, email_verified=true, iss=https://accounts.google.com, given_name=Павел, nonce=rVB9z2VK3RkxPMY1aSpLXA1LTzfIhpKGnTKpjzpx7mE, picture=https://lh3.googleusercontent.com/a/ACg8ocJJoh9jonlTH61VWgvXCiXb0zCDjifGZZtZ30sCErS3N5ntDw=s96-c, aud=[909915657042-l07l5jl8r3v54r15k12hp7vev9dor6r7.apps.googleusercontent.com], azp=909915657042-l07l5jl8r3v54r15k12hp7vev9dor6r7.apps.googleusercontent.com, name=Павел Королев, exp=2025-04-18T08:25:26Z, family_name=Королев, iat=2025-04-18T07:25:26Z, email=passapdom@gmail.com}], Credentials=[PROTECTED], Authenticated=true, Details=WebAuthenticationDetails [RemoteIpAddress=0:0:0:0:0:0:0:1, SessionId=C6EED896D010ABE78F09743AF572D3F2], Granted Authorities=[OIDC_USER, SCOPE_https://www.googleapis.com/auth/userinfo.email, SCOPE_https://www.googleapis.com/auth/userinfo.profile, SCOPE_openid]]]
2025-04-18 10:36:54 [http-nio-8080-exec-10] [DEBUG] o.s.s.w.a.i.FilterSecurityInterceptor - Authorized filter invocation [GET /error] with attributes [permitAll]
2025-04-18 10:36:54 [http-nio-8080-exec-10] [DEBUG] o.s.security.web.FilterChainProxy - Secured GET /error
2025-04-18 10:36:56 [http-nio-8080-exec-8] [DEBUG] o.s.security.web.FilterChainProxy - Securing GET /excursion/tour/10
2025-04-18 10:36:56 [http-nio-8080-exec-8] [DEBUG] o.s.s.w.c.HttpSessionSecurityContextRepository - Retrieved SecurityContextImpl [Authentication=OAuth2AuthenticationToken [Principal=Name: [107234087105093742255], Granted Authorities: [[OIDC_USER, SCOPE_https://www.googleapis.com/auth/userinfo.email, SCOPE_https://www.googleapis.com/auth/userinfo.profile, SCOPE_openid]], User Attributes: [{at_hash=QIn4N3UChPr1lEyVahXWIw, sub=107234087105093742255, email_verified=true, iss=https://accounts.google.com, given_name=Павел, nonce=rVB9z2VK3RkxPMY1aSpLXA1LTzfIhpKGnTKpjzpx7mE, picture=https://lh3.googleusercontent.com/a/ACg8ocJJoh9jonlTH61VWgvXCiXb0zCDjifGZZtZ30sCErS3N5ntDw=s96-c, aud=[909915657042-l07l5jl8r3v54r15k12hp7vev9dor6r7.apps.googleusercontent.com], azp=909915657042-l07l5jl8r3v54r15k12hp7vev9dor6r7.apps.googleusercontent.com, name=Павел Королев, exp=2025-04-18T08:25:26Z, family_name=Королев, iat=2025-04-18T07:25:26Z, email=passapdom@gmail.com}], Credentials=[PROTECTED], Authenticated=true, Details=WebAuthenticationDetails [RemoteIpAddress=0:0:0:0:0:0:0:1, SessionId=C6EED896D010ABE78F09743AF572D3F2], Granted Authorities=[OIDC_USER, SCOPE_https://www.googleapis.com/auth/userinfo.email, SCOPE_https://www.googleapis.com/auth/userinfo.profile, SCOPE_openid]]]
2025-04-18 10:36:56 [http-nio-8080-exec-8] [DEBUG] o.s.s.w.a.i.FilterSecurityInterceptor - Authorized filter invocation [GET /excursion/tour/10] with attributes [permitAll]
2025-04-18 10:36:56 [http-nio-8080-exec-8] [DEBUG] o.s.security.web.FilterChainProxy - Secured GET /excursion/tour/10
2025-04-18 10:36:56 [http-nio-8080-exec-8] [INFO] r.k.a.u.s.CheckAuthorizeService - checkAdmin is starting, principal: OAuth2AuthenticationToken [Principal=Name: [107234087105093742255], Granted Authorities: [[OIDC_USER, SCOPE_https://www.googleapis.com/auth/userinfo.email, SCOPE_https://www.googleapis.com/auth/userinfo.profile, SCOPE_openid]], User Attributes: [{at_hash=QIn4N3UChPr1lEyVahXWIw, sub=107234087105093742255, email_verified=true, iss=https://accounts.google.com, given_name=Павел, nonce=rVB9z2VK3RkxPMY1aSpLXA1LTzfIhpKGnTKpjzpx7mE, picture=https://lh3.googleusercontent.com/a/ACg8ocJJoh9jonlTH61VWgvXCiXb0zCDjifGZZtZ30sCErS3N5ntDw=s96-c, aud=[909915657042-l07l5jl8r3v54r15k12hp7vev9dor6r7.apps.googleusercontent.com], azp=909915657042-l07l5jl8r3v54r15k12hp7vev9dor6r7.apps.googleusercontent.com, name=Павел Королев, exp=2025-04-18T08:25:26Z, family_name=Королев, iat=2025-04-18T07:25:26Z, email=passapdom@gmail.com}], Credentials=[PROTECTED], Authenticated=true, Details=WebAuthenticationDetails [RemoteIpAddress=0:0:0:0:0:0:0:1, SessionId=C6EED896D010ABE78F09743AF572D3F2], Granted Authorities=[OIDC_USER, SCOPE_https://www.googleapis.com/auth/userinfo.email, SCOPE_https://www.googleapis.com/auth/userinfo.profile, SCOPE_openid]]
2025-04-18 10:36:56 [http-nio-8080-exec-8] [INFO] r.k.a.u.s.CheckAuthorizeService - checkAdmin: principal != null
2025-04-18 10:36:56 [http-nio-8080-exec-8] [INFO] r.k.a.u.s.CheckAuthorizeService - Principal is OAuth2AuthenticationToken
2025-04-18 10:36:56 [http-nio-8080-exec-8] [INFO] r.k.a.u.s.CheckAuthorizeService - Checking admin rights for email: passapdom@gmail.com
2025-04-18 10:36:56 [http-nio-8080-exec-8] [INFO] r.k.a.u.s.CheckAuthorizeService - User roles: [ADMIN]
2025-04-18 10:36:56 [http-nio-8080-exec-6] [DEBUG] o.s.security.web.FilterChainProxy - Securing GET /css/styles.css
2025-04-18 10:36:56 [http-nio-8080-exec-6] [DEBUG] o.s.s.w.c.HttpSessionSecurityContextRepository - Retrieved SecurityContextImpl [Authentication=OAuth2AuthenticationToken [Principal=Name: [107234087105093742255], Granted Authorities: [[OIDC_USER, SCOPE_https://www.googleapis.com/auth/userinfo.email, SCOPE_https://www.googleapis.com/auth/userinfo.profile, SCOPE_openid]], User Attributes: [{at_hash=QIn4N3UChPr1lEyVahXWIw, sub=107234087105093742255, email_verified=true, iss=https://accounts.google.com, given_name=Павел, nonce=rVB9z2VK3RkxPMY1aSpLXA1LTzfIhpKGnTKpjzpx7mE, picture=https://lh3.googleusercontent.com/a/ACg8ocJJoh9jonlTH61VWgvXCiXb0zCDjifGZZtZ30sCErS3N5ntDw=s96-c, aud=[909915657042-l07l5jl8r3v54r15k12hp7vev9dor6r7.apps.googleusercontent.com], azp=909915657042-l07l5jl8r3v54r15k12hp7vev9dor6r7.apps.googleusercontent.com, name=Павел Королев, exp=2025-04-18T08:25:26Z, family_name=Королев, iat=2025-04-18T07:25:26Z, email=passapdom@gmail.com}], Credentials=[PROTECTED], Authenticated=true, Details=WebAuthenticationDetails [RemoteIpAddress=0:0:0:0:0:0:0:1, SessionId=C6EED896D010ABE78F09743AF572D3F2], Granted Authorities=[OIDC_USER, SCOPE_https://www.googleapis.com/auth/userinfo.email, SCOPE_https://www.googleapis.com/auth/userinfo.profile, SCOPE_openid]]]
2025-04-18 10:36:56 [http-nio-8080-exec-6] [DEBUG] o.s.s.w.a.i.FilterSecurityInterceptor - Authorized filter invocation [GET /css/styles.css] with attributes [permitAll]
2025-04-18 10:36:56 [http-nio-8080-exec-6] [DEBUG] o.s.security.web.FilterChainProxy - Secured GET /css/styles.css
2025-04-18 10:36:56 [http-nio-8080-exec-2] [DEBUG] o.s.security.web.FilterChainProxy - Securing GET /img/logo_alliance.png
2025-04-18 10:36:56 [http-nio-8080-exec-2] [DEBUG] o.s.s.w.c.HttpSessionSecurityContextRepository - Retrieved SecurityContextImpl [Authentication=OAuth2AuthenticationToken [Principal=Name: [107234087105093742255], Granted Authorities: [[OIDC_USER, SCOPE_https://www.googleapis.com/auth/userinfo.email, SCOPE_https://www.googleapis.com/auth/userinfo.profile, SCOPE_openid]], User Attributes: [{at_hash=QIn4N3UChPr1lEyVahXWIw, sub=107234087105093742255, email_verified=true, iss=https://accounts.google.com, given_name=Павел, nonce=rVB9z2VK3RkxPMY1aSpLXA1LTzfIhpKGnTKpjzpx7mE, picture=https://lh3.googleusercontent.com/a/ACg8ocJJoh9jonlTH61VWgvXCiXb0zCDjifGZZtZ30sCErS3N5ntDw=s96-c, aud=[909915657042-l07l5jl8r3v54r15k12hp7vev9dor6r7.apps.googleusercontent.com], azp=909915657042-l07l5jl8r3v54r15k12hp7vev9dor6r7.apps.googleusercontent.com, name=Павел Королев, exp=2025-04-18T08:25:26Z, family_name=Королев, iat=2025-04-18T07:25:26Z, email=passapdom@gmail.com}], Credentials=[PROTECTED], Authenticated=true, Details=WebAuthenticationDetails [RemoteIpAddress=0:0:0:0:0:0:0:1, SessionId=C6EED896D010ABE78F09743AF572D3F2], Granted Authorities=[OIDC_USER, SCOPE_https://www.googleapis.com/auth/userinfo.email, SCOPE_https://www.googleapis.com/auth/userinfo.profile, SCOPE_openid]]]
2025-04-18 10:36:56 [http-nio-8080-exec-2] [DEBUG] o.s.s.w.a.i.FilterSecurityInterceptor - Authorized filter invocation [GET /img/logo_alliance.png] with attributes [permitAll]
2025-04-18 10:36:56 [http-nio-8080-exec-2] [DEBUG] o.s.security.web.FilterChainProxy - Secured GET /img/logo_alliance.png
2025-04-18 10:36:57 [http-nio-8080-exec-9] [DEBUG] o.s.security.web.FilterChainProxy - Securing GET /excursion/booking/10
2025-04-18 10:36:57 [http-nio-8080-exec-9] [DEBUG] o.s.s.w.c.HttpSessionSecurityContextRepository - Retrieved SecurityContextImpl [Authentication=OAuth2AuthenticationToken [Principal=Name: [107234087105093742255], Granted Authorities: [[OIDC_USER, SCOPE_https://www.googleapis.com/auth/userinfo.email, SCOPE_https://www.googleapis.com/auth/userinfo.profile, SCOPE_openid]], User Attributes: [{at_hash=QIn4N3UChPr1lEyVahXWIw, sub=107234087105093742255, email_verified=true, iss=https://accounts.google.com, given_name=Павел, nonce=rVB9z2VK3RkxPMY1aSpLXA1LTzfIhpKGnTKpjzpx7mE, picture=https://lh3.googleusercontent.com/a/ACg8ocJJoh9jonlTH61VWgvXCiXb0zCDjifGZZtZ30sCErS3N5ntDw=s96-c, aud=[909915657042-l07l5jl8r3v54r15k12hp7vev9dor6r7.apps.googleusercontent.com], azp=909915657042-l07l5jl8r3v54r15k12hp7vev9dor6r7.apps.googleusercontent.com, name=Павел Королев, exp=2025-04-18T08:25:26Z, family_name=Королев, iat=2025-04-18T07:25:26Z, email=passapdom@gmail.com}], Credentials=[PROTECTED], Authenticated=true, Details=WebAuthenticationDetails [RemoteIpAddress=0:0:0:0:0:0:0:1, SessionId=C6EED896D010ABE78F09743AF572D3F2], Granted Authorities=[OIDC_USER, SCOPE_https://www.googleapis.com/auth/userinfo.email, SCOPE_https://www.googleapis.com/auth/userinfo.profile, SCOPE_openid]]]
2025-04-18 10:36:57 [http-nio-8080-exec-9] [DEBUG] o.s.s.w.a.i.FilterSecurityInterceptor - Authorized filter invocation [GET /excursion/booking/10] with attributes [permitAll]
2025-04-18 10:36:57 [http-nio-8080-exec-9] [DEBUG] o.s.security.web.FilterChainProxy - Secured GET /excursion/booking/10
2025-04-18 10:36:57 [http-nio-8080-exec-4] [DEBUG] o.s.security.web.FilterChainProxy - Securing GET /img/logo_alliance.png
2025-04-18 10:36:57 [http-nio-8080-exec-4] [DEBUG] o.s.s.w.c.HttpSessionSecurityContextRepository - Retrieved SecurityContextImpl [Authentication=OAuth2AuthenticationToken [Principal=Name: [107234087105093742255], Granted Authorities: [[OIDC_USER, SCOPE_https://www.googleapis.com/auth/userinfo.email, SCOPE_https://www.googleapis.com/auth/userinfo.profile, SCOPE_openid]], User Attributes: [{at_hash=QIn4N3UChPr1lEyVahXWIw, sub=107234087105093742255, email_verified=true, iss=https://accounts.google.com, given_name=Павел, nonce=rVB9z2VK3RkxPMY1aSpLXA1LTzfIhpKGnTKpjzpx7mE, picture=https://lh3.googleusercontent.com/a/ACg8ocJJoh9jonlTH61VWgvXCiXb0zCDjifGZZtZ30sCErS3N5ntDw=s96-c, aud=[909915657042-l07l5jl8r3v54r15k12hp7vev9dor6r7.apps.googleusercontent.com], azp=909915657042-l07l5jl8r3v54r15k12hp7vev9dor6r7.apps.googleusercontent.com, name=Павел Королев, exp=2025-04-18T08:25:26Z, family_name=Королев, iat=2025-04-18T07:25:26Z, email=passapdom@gmail.com}], Credentials=[PROTECTED], Authenticated=true, Details=WebAuthenticationDetails [RemoteIpAddress=0:0:0:0:0:0:0:1, SessionId=C6EED896D010ABE78F09743AF572D3F2], Granted Authorities=[OIDC_USER, SCOPE_https://www.googleapis.com/auth/userinfo.email, SCOPE_https://www.googleapis.com/auth/userinfo.profile, SCOPE_openid]]]
2025-04-18 10:36:57 [http-nio-8080-exec-4] [DEBUG] o.s.s.w.a.i.FilterSecurityInterceptor - Authorized filter invocation [GET /img/logo_alliance.png] with attributes [permitAll]
2025-04-18 10:36:57 [http-nio-8080-exec-4] [DEBUG] o.s.security.web.FilterChainProxy - Secured GET /img/logo_alliance.png
2025-04-18 10:37:01 [http-nio-8080-exec-1] [DEBUG] o.s.security.web.FilterChainProxy - Securing GET /excursion/booking/10?date=2025-04-20
2025-04-18 10:37:01 [http-nio-8080-exec-1] [DEBUG] o.s.s.w.c.HttpSessionSecurityContextRepository - Retrieved SecurityContextImpl [Authentication=OAuth2AuthenticationToken [Principal=Name: [107234087105093742255], Granted Authorities: [[OIDC_USER, SCOPE_https://www.googleapis.com/auth/userinfo.email, SCOPE_https://www.googleapis.com/auth/userinfo.profile, SCOPE_openid]], User Attributes: [{at_hash=QIn4N3UChPr1lEyVahXWIw, sub=107234087105093742255, email_verified=true, iss=https://accounts.google.com, given_name=Павел, nonce=rVB9z2VK3RkxPMY1aSpLXA1LTzfIhpKGnTKpjzpx7mE, picture=https://lh3.googleusercontent.com/a/ACg8ocJJoh9jonlTH61VWgvXCiXb0zCDjifGZZtZ30sCErS3N5ntDw=s96-c, aud=[909915657042-l07l5jl8r3v54r15k12hp7vev9dor6r7.apps.googleusercontent.com], azp=909915657042-l07l5jl8r3v54r15k12hp7vev9dor6r7.apps.googleusercontent.com, name=Павел Королев, exp=2025-04-18T08:25:26Z, family_name=Королев, iat=2025-04-18T07:25:26Z, email=passapdom@gmail.com}], Credentials=[PROTECTED], Authenticated=true, Details=WebAuthenticationDetails [RemoteIpAddress=0:0:0:0:0:0:0:1, SessionId=C6EED896D010ABE78F09743AF572D3F2], Granted Authorities=[OIDC_USER, SCOPE_https://www.googleapis.com/auth/userinfo.email, SCOPE_https://www.googleapis.com/auth/userinfo.profile, SCOPE_openid]]]
2025-04-18 10:37:01 [http-nio-8080-exec-1] [DEBUG] o.s.s.w.a.i.FilterSecurityInterceptor - Authorized filter invocation [GET /excursion/booking/10?date=2025-04-20] with attributes [permitAll]
2025-04-18 10:37:01 [http-nio-8080-exec-1] [DEBUG] o.s.security.web.FilterChainProxy - Secured GET /excursion/booking/10?date=2025-04-20
2025-04-18 10:37:01 [http-nio-8080-exec-3] [DEBUG] o.s.security.web.FilterChainProxy - Securing GET /img/logo_alliance.png
2025-04-18 10:37:01 [http-nio-8080-exec-3] [DEBUG] o.s.s.w.c.HttpSessionSecurityContextRepository - Retrieved SecurityContextImpl [Authentication=OAuth2AuthenticationToken [Principal=Name: [107234087105093742255], Granted Authorities: [[OIDC_USER, SCOPE_https://www.googleapis.com/auth/userinfo.email, SCOPE_https://www.googleapis.com/auth/userinfo.profile, SCOPE_openid]], User Attributes: [{at_hash=QIn4N3UChPr1lEyVahXWIw, sub=107234087105093742255, email_verified=true, iss=https://accounts.google.com, given_name=Павел, nonce=rVB9z2VK3RkxPMY1aSpLXA1LTzfIhpKGnTKpjzpx7mE, picture=https://lh3.googleusercontent.com/a/ACg8ocJJoh9jonlTH61VWgvXCiXb0zCDjifGZZtZ30sCErS3N5ntDw=s96-c, aud=[909915657042-l07l5jl8r3v54r15k12hp7vev9dor6r7.apps.googleusercontent.com], azp=909915657042-l07l5jl8r3v54r15k12hp7vev9dor6r7.apps.googleusercontent.com, name=Павел Королев, exp=2025-04-18T08:25:26Z, family_name=Королев, iat=2025-04-18T07:25:26Z, email=passapdom@gmail.com}], Credentials=[PROTECTED], Authenticated=true, Details=WebAuthenticationDetails [RemoteIpAddress=0:0:0:0:0:0:0:1, SessionId=C6EED896D010ABE78F09743AF572D3F2], Granted Authorities=[OIDC_USER, SCOPE_https://www.googleapis.com/auth/userinfo.email, SCOPE_https://www.googleapis.com/auth/userinfo.profile, SCOPE_openid]]]
2025-04-18 10:37:01 [http-nio-8080-exec-3] [DEBUG] o.s.s.w.a.i.FilterSecurityInterceptor - Authorized filter invocation [GET /img/logo_alliance.png] with attributes [permitAll]
2025-04-18 10:37:01 [http-nio-8080-exec-3] [DEBUG] o.s.security.web.FilterChainProxy - Secured GET /img/logo_alliance.png
2025-04-18 10:37:06 [http-nio-8080-exec-5] [DEBUG] o.s.security.web.FilterChainProxy - Securing POST /excursion/booking/10
2025-04-18 10:37:06 [http-nio-8080-exec-5] [DEBUG] o.s.s.w.c.HttpSessionSecurityContextRepository - Retrieved SecurityContextImpl [Authentication=OAuth2AuthenticationToken [Principal=Name: [107234087105093742255], Granted Authorities: [[OIDC_USER, SCOPE_https://www.googleapis.com/auth/userinfo.email, SCOPE_https://www.googleapis.com/auth/userinfo.profile, SCOPE_openid]], User Attributes: [{at_hash=QIn4N3UChPr1lEyVahXWIw, sub=107234087105093742255, email_verified=true, iss=https://accounts.google.com, given_name=Павел, nonce=rVB9z2VK3RkxPMY1aSpLXA1LTzfIhpKGnTKpjzpx7mE, picture=https://lh3.googleusercontent.com/a/ACg8ocJJoh9jonlTH61VWgvXCiXb0zCDjifGZZtZ30sCErS3N5ntDw=s96-c, aud=[909915657042-l07l5jl8r3v54r15k12hp7vev9dor6r7.apps.googleusercontent.com], azp=909915657042-l07l5jl8r3v54r15k12hp7vev9dor6r7.apps.googleusercontent.com, name=Павел Королев, exp=2025-04-18T08:25:26Z, family_name=Королев, iat=2025-04-18T07:25:26Z, email=passapdom@gmail.com}], Credentials=[PROTECTED], Authenticated=true, Details=WebAuthenticationDetails [RemoteIpAddress=0:0:0:0:0:0:0:1, SessionId=C6EED896D010ABE78F09743AF572D3F2], Granted Authorities=[OIDC_USER, SCOPE_https://www.googleapis.com/auth/userinfo.email, SCOPE_https://www.googleapis.com/auth/userinfo.profile, SCOPE_openid]]]
2025-04-18 10:37:06 [http-nio-8080-exec-5] [DEBUG] o.s.s.w.a.i.FilterSecurityInterceptor - Authorized filter invocation [POST /excursion/booking/10] with attributes [permitAll]
2025-04-18 10:37:06 [http-nio-8080-exec-5] [DEBUG] o.s.security.web.FilterChainProxy - Secured POST /excursion/booking/10
2025-04-18 10:37:06 [http-nio-8080-exec-7] [DEBUG] o.s.security.web.FilterChainProxy - Securing GET /excursion/tour/10
2025-04-18 10:37:06 [http-nio-8080-exec-7] [DEBUG] o.s.s.w.c.HttpSessionSecurityContextRepository - Retrieved SecurityContextImpl [Authentication=OAuth2AuthenticationToken [Principal=Name: [107234087105093742255], Granted Authorities: [[OIDC_USER, SCOPE_https://www.googleapis.com/auth/userinfo.email, SCOPE_https://www.googleapis.com/auth/userinfo.profile, SCOPE_openid]], User Attributes: [{at_hash=QIn4N3UChPr1lEyVahXWIw, sub=107234087105093742255, email_verified=true, iss=https://accounts.google.com, given_name=Павел, nonce=rVB9z2VK3RkxPMY1aSpLXA1LTzfIhpKGnTKpjzpx7mE, picture=https://lh3.googleusercontent.com/a/ACg8ocJJoh9jonlTH61VWgvXCiXb0zCDjifGZZtZ30sCErS3N5ntDw=s96-c, aud=[909915657042-l07l5jl8r3v54r15k12hp7vev9dor6r7.apps.googleusercontent.com], azp=909915657042-l07l5jl8r3v54r15k12hp7vev9dor6r7.apps.googleusercontent.com, name=Павел Королев, exp=2025-04-18T08:25:26Z, family_name=Королев, iat=2025-04-18T07:25:26Z, email=passapdom@gmail.com}], Credentials=[PROTECTED], Authenticated=true, Details=WebAuthenticationDetails [RemoteIpAddress=0:0:0:0:0:0:0:1, SessionId=C6EED896D010ABE78F09743AF572D3F2], Granted Authorities=[OIDC_USER, SCOPE_https://www.googleapis.com/auth/userinfo.email, SCOPE_https://www.googleapis.com/auth/userinfo.profile, SCOPE_openid]]]
2025-04-18 10:37:06 [http-nio-8080-exec-7] [DEBUG] o.s.s.w.a.i.FilterSecurityInterceptor - Authorized filter invocation [GET /excursion/tour/10] with attributes [permitAll]
2025-04-18 10:37:06 [http-nio-8080-exec-7] [DEBUG] o.s.security.web.FilterChainProxy - Secured GET /excursion/tour/10
2025-04-18 10:37:06 [http-nio-8080-exec-7] [INFO] r.k.a.u.s.CheckAuthorizeService - checkAdmin is starting, principal: OAuth2AuthenticationToken [Principal=Name: [107234087105093742255], Granted Authorities: [[OIDC_USER, SCOPE_https://www.googleapis.com/auth/userinfo.email, SCOPE_https://www.googleapis.com/auth/userinfo.profile, SCOPE_openid]], User Attributes: [{at_hash=QIn4N3UChPr1lEyVahXWIw, sub=107234087105093742255, email_verified=true, iss=https://accounts.google.com, given_name=Павел, nonce=rVB9z2VK3RkxPMY1aSpLXA1LTzfIhpKGnTKpjzpx7mE, picture=https://lh3.googleusercontent.com/a/ACg8ocJJoh9jonlTH61VWgvXCiXb0zCDjifGZZtZ30sCErS3N5ntDw=s96-c, aud=[909915657042-l07l5jl8r3v54r15k12hp7vev9dor6r7.apps.googleusercontent.com], azp=909915657042-l07l5jl8r3v54r15k12hp7vev9dor6r7.apps.googleusercontent.com, name=Павел Королев, exp=2025-04-18T08:25:26Z, family_name=Королев, iat=2025-04-18T07:25:26Z, email=passapdom@gmail.com}], Credentials=[PROTECTED], Authenticated=true, Details=WebAuthenticationDetails [RemoteIpAddress=0:0:0:0:0:0:0:1, SessionId=C6EED896D010ABE78F09743AF572D3F2], Granted Authorities=[OIDC_USER, SCOPE_https://www.googleapis.com/auth/userinfo.email, SCOPE_https://www.googleapis.com/auth/userinfo.profile, SCOPE_openid]]
2025-04-18 10:37:06 [http-nio-8080-exec-7] [INFO] r.k.a.u.s.CheckAuthorizeService - checkAdmin: principal != null
2025-04-18 10:37:06 [http-nio-8080-exec-7] [INFO] r.k.a.u.s.CheckAuthorizeService - Principal is OAuth2AuthenticationToken
2025-04-18 10:37:06 [http-nio-8080-exec-7] [INFO] r.k.a.u.s.CheckAuthorizeService - Checking admin rights for email: passapdom@gmail.com
2025-04-18 10:37:06 [http-nio-8080-exec-7] [INFO] r.k.a.u.s.CheckAuthorizeService - User roles: [ADMIN]
2025-04-18 10:37:06 [http-nio-8080-exec-10] [DEBUG] o.s.security.web.FilterChainProxy - Securing GET /css/styles.css
2025-04-18 10:37:06 [http-nio-8080-exec-10] [DEBUG] o.s.s.w.c.HttpSessionSecurityContextRepository - Retrieved SecurityContextImpl [Authentication=OAuth2AuthenticationToken [Principal=Name: [107234087105093742255], Granted Authorities: [[OIDC_USER, SCOPE_https://www.googleapis.com/auth/userinfo.email, SCOPE_https://www.googleapis.com/auth/userinfo.profile, SCOPE_openid]], User Attributes: [{at_hash=QIn4N3UChPr1lEyVahXWIw, sub=107234087105093742255, email_verified=true, iss=https://accounts.google.com, given_name=Павел, nonce=rVB9z2VK3RkxPMY1aSpLXA1LTzfIhpKGnTKpjzpx7mE, picture=https://lh3.googleusercontent.com/a/ACg8ocJJoh9jonlTH61VWgvXCiXb0zCDjifGZZtZ30sCErS3N5ntDw=s96-c, aud=[909915657042-l07l5jl8r3v54r15k12hp7vev9dor6r7.apps.googleusercontent.com], azp=909915657042-l07l5jl8r3v54r15k12hp7vev9dor6r7.apps.googleusercontent.com, name=Павел Королев, exp=2025-04-18T08:25:26Z, family_name=Королев, iat=2025-04-18T07:25:26Z, email=passapdom@gmail.com}], Credentials=[PROTECTED], Authenticated=true, Details=WebAuthenticationDetails [RemoteIpAddress=0:0:0:0:0:0:0:1, SessionId=C6EED896D010ABE78F09743AF572D3F2], Granted Authorities=[OIDC_USER, SCOPE_https://www.googleapis.com/auth/userinfo.email, SCOPE_https://www.googleapis.com/auth/userinfo.profile, SCOPE_openid]]]
2025-04-18 10:37:06 [http-nio-8080-exec-10] [DEBUG] o.s.s.w.a.i.FilterSecurityInterceptor - Authorized filter invocation [GET /css/styles.css] with attributes [permitAll]
2025-04-18 10:37:06 [http-nio-8080-exec-10] [DEBUG] o.s.security.web.FilterChainProxy - Secured GET /css/styles.css
2025-04-18 10:37:06 [http-nio-8080-exec-8] [DEBUG] o.s.security.web.FilterChainProxy - Securing GET /img/logo_alliance.png
2025-04-18 10:37:06 [http-nio-8080-exec-8] [DEBUG] o.s.s.w.c.HttpSessionSecurityContextRepository - Retrieved SecurityContextImpl [Authentication=OAuth2AuthenticationToken [Principal=Name: [107234087105093742255], Granted Authorities: [[OIDC_USER, SCOPE_https://www.googleapis.com/auth/userinfo.email, SCOPE_https://www.googleapis.com/auth/userinfo.profile, SCOPE_openid]], User Attributes: [{at_hash=QIn4N3UChPr1lEyVahXWIw, sub=107234087105093742255, email_verified=true, iss=https://accounts.google.com, given_name=Павел, nonce=rVB9z2VK3RkxPMY1aSpLXA1LTzfIhpKGnTKpjzpx7mE, picture=https://lh3.googleusercontent.com/a/ACg8ocJJoh9jonlTH61VWgvXCiXb0zCDjifGZZtZ30sCErS3N5ntDw=s96-c, aud=[909915657042-l07l5jl8r3v54r15k12hp7vev9dor6r7.apps.googleusercontent.com], azp=909915657042-l07l5jl8r3v54r15k12hp7vev9dor6r7.apps.googleusercontent.com, name=Павел Королев, exp=2025-04-18T08:25:26Z, family_name=Королев, iat=2025-04-18T07:25:26Z, email=passapdom@gmail.com}], Credentials=[PROTECTED], Authenticated=true, Details=WebAuthenticationDetails [RemoteIpAddress=0:0:0:0:0:0:0:1, SessionId=C6EED896D010ABE78F09743AF572D3F2], Granted Authorities=[OIDC_USER, SCOPE_https://www.googleapis.com/auth/userinfo.email, SCOPE_https://www.googleapis.com/auth/userinfo.profile, SCOPE_openid]]]
2025-04-18 10:37:06 [http-nio-8080-exec-8] [DEBUG] o.s.s.w.a.i.FilterSecurityInterceptor - Authorized filter invocation [GET /img/logo_alliance.png] with attributes [permitAll]
2025-04-18 10:37:06 [http-nio-8080-exec-8] [DEBUG] o.s.security.web.FilterChainProxy - Secured GET /img/logo_alliance.png
2025-04-18 10:37:09 [http-nio-8080-exec-6] [DEBUG] o.s.security.web.FilterChainProxy - Securing GET /excursion
2025-04-18 10:37:09 [http-nio-8080-exec-6] [DEBUG] o.s.s.w.c.HttpSessionSecurityContextRepository - Retrieved SecurityContextImpl [Authentication=OAuth2AuthenticationToken [Principal=Name: [107234087105093742255], Granted Authorities: [[OIDC_USER, SCOPE_https://www.googleapis.com/auth/userinfo.email, SCOPE_https://www.googleapis.com/auth/userinfo.profile, SCOPE_openid]], User Attributes: [{at_hash=QIn4N3UChPr1lEyVahXWIw, sub=107234087105093742255, email_verified=true, iss=https://accounts.google.com, given_name=Павел, nonce=rVB9z2VK3RkxPMY1aSpLXA1LTzfIhpKGnTKpjzpx7mE, picture=https://lh3.googleusercontent.com/a/ACg8ocJJoh9jonlTH61VWgvXCiXb0zCDjifGZZtZ30sCErS3N5ntDw=s96-c, aud=[909915657042-l07l5jl8r3v54r15k12hp7vev9dor6r7.apps.googleusercontent.com], azp=909915657042-l07l5jl8r3v54r15k12hp7vev9dor6r7.apps.googleusercontent.com, name=Павел Королев, exp=2025-04-18T08:25:26Z, family_name=Королев, iat=2025-04-18T07:25:26Z, email=passapdom@gmail.com}], Credentials=[PROTECTED], Authenticated=true, Details=WebAuthenticationDetails [RemoteIpAddress=0:0:0:0:0:0:0:1, SessionId=C6EED896D010ABE78F09743AF572D3F2], Granted Authorities=[OIDC_USER, SCOPE_https://www.googleapis.com/auth/userinfo.email, SCOPE_https://www.googleapis.com/auth/userinfo.profile, SCOPE_openid]]]
2025-04-18 10:37:09 [http-nio-8080-exec-6] [DEBUG] o.s.s.w.a.i.FilterSecurityInterceptor - Authorized filter invocation [GET /excursion] with attributes [permitAll]
2025-04-18 10:37:09 [http-nio-8080-exec-6] [DEBUG] o.s.security.web.FilterChainProxy - Secured GET /excursion
2025-04-18 10:37:09 [http-nio-8080-exec-6] [INFO] r.k.a.u.s.CheckAuthorizeService - checkAdmin is starting, principal: OAuth2AuthenticationToken [Principal=Name: [107234087105093742255], Granted Authorities: [[OIDC_USER, SCOPE_https://www.googleapis.com/auth/userinfo.email, SCOPE_https://www.googleapis.com/auth/userinfo.profile, SCOPE_openid]], User Attributes: [{at_hash=QIn4N3UChPr1lEyVahXWIw, sub=107234087105093742255, email_verified=true, iss=https://accounts.google.com, given_name=Павел, nonce=rVB9z2VK3RkxPMY1aSpLXA1LTzfIhpKGnTKpjzpx7mE, picture=https://lh3.googleusercontent.com/a/ACg8ocJJoh9jonlTH61VWgvXCiXb0zCDjifGZZtZ30sCErS3N5ntDw=s96-c, aud=[909915657042-l07l5jl8r3v54r15k12hp7vev9dor6r7.apps.googleusercontent.com], azp=909915657042-l07l5jl8r3v54r15k12hp7vev9dor6r7.apps.googleusercontent.com, name=Павел Королев, exp=2025-04-18T08:25:26Z, family_name=Королев, iat=2025-04-18T07:25:26Z, email=passapdom@gmail.com}], Credentials=[PROTECTED], Authenticated=true, Details=WebAuthenticationDetails [RemoteIpAddress=0:0:0:0:0:0:0:1, SessionId=C6EED896D010ABE78F09743AF572D3F2], Granted Authorities=[OIDC_USER, SCOPE_https://www.googleapis.com/auth/userinfo.email, SCOPE_https://www.googleapis.com/auth/userinfo.profile, SCOPE_openid]]
2025-04-18 10:37:09 [http-nio-8080-exec-6] [INFO] r.k.a.u.s.CheckAuthorizeService - checkAdmin: principal != null
2025-04-18 10:37:09 [http-nio-8080-exec-6] [INFO] r.k.a.u.s.CheckAuthorizeService - Principal is OAuth2AuthenticationToken
2025-04-18 10:37:09 [http-nio-8080-exec-6] [INFO] r.k.a.u.s.CheckAuthorizeService - Checking admin rights for email: passapdom@gmail.com
2025-04-18 10:37:09 [http-nio-8080-exec-6] [INFO] r.k.a.u.s.CheckAuthorizeService - User roles: [ADMIN]
2025-04-18 10:37:09 [http-nio-8080-exec-2] [DEBUG] o.s.security.web.FilterChainProxy - Securing GET /css/styles.css
2025-04-18 10:37:09 [http-nio-8080-exec-9] [DEBUG] o.s.security.web.FilterChainProxy - Securing GET /img/logo_alliance.png
2025-04-18 10:37:09 [http-nio-8080-exec-9] [DEBUG] o.s.s.w.c.HttpSessionSecurityContextRepository - Retrieved SecurityContextImpl [Authentication=OAuth2AuthenticationToken [Principal=Name: [107234087105093742255], Granted Authorities: [[OIDC_USER, SCOPE_https://www.googleapis.com/auth/userinfo.email, SCOPE_https://www.googleapis.com/auth/userinfo.profile, SCOPE_openid]], User Attributes: [{at_hash=QIn4N3UChPr1lEyVahXWIw, sub=107234087105093742255, email_verified=true, iss=https://accounts.google.com, given_name=Павел, nonce=rVB9z2VK3RkxPMY1aSpLXA1LTzfIhpKGnTKpjzpx7mE, picture=https://lh3.googleusercontent.com/a/ACg8ocJJoh9jonlTH61VWgvXCiXb0zCDjifGZZtZ30sCErS3N5ntDw=s96-c, aud=[909915657042-l07l5jl8r3v54r15k12hp7vev9dor6r7.apps.googleusercontent.com], azp=909915657042-l07l5jl8r3v54r15k12hp7vev9dor6r7.apps.googleusercontent.com, name=Павел Королев, exp=2025-04-18T08:25:26Z, family_name=Королев, iat=2025-04-18T07:25:26Z, email=passapdom@gmail.com}], Credentials=[PROTECTED], Authenticated=true, Details=WebAuthenticationDetails [RemoteIpAddress=0:0:0:0:0:0:0:1, SessionId=C6EED896D010ABE78F09743AF572D3F2], Granted Authorities=[OIDC_USER, SCOPE_https://www.googleapis.com/auth/userinfo.email, SCOPE_https://www.googleapis.com/auth/userinfo.profile, SCOPE_openid]]]
2025-04-18 10:37:09 [http-nio-8080-exec-2] [DEBUG] o.s.s.w.c.HttpSessionSecurityContextRepository - Retrieved SecurityContextImpl [Authentication=OAuth2AuthenticationToken [Principal=Name: [107234087105093742255], Granted Authorities: [[OIDC_USER, SCOPE_https://www.googleapis.com/auth/userinfo.email, SCOPE_https://www.googleapis.com/auth/userinfo.profile, SCOPE_openid]], User Attributes: [{at_hash=QIn4N3UChPr1lEyVahXWIw, sub=107234087105093742255, email_verified=true, iss=https://accounts.google.com, given_name=Павел, nonce=rVB9z2VK3RkxPMY1aSpLXA1LTzfIhpKGnTKpjzpx7mE, picture=https://lh3.googleusercontent.com/a/ACg8ocJJoh9jonlTH61VWgvXCiXb0zCDjifGZZtZ30sCErS3N5ntDw=s96-c, aud=[909915657042-l07l5jl8r3v54r15k12hp7vev9dor6r7.apps.googleusercontent.com], azp=909915657042-l07l5jl8r3v54r15k12hp7vev9dor6r7.apps.googleusercontent.com, name=Павел Королев, exp=2025-04-18T08:25:26Z, family_name=Королев, iat=2025-04-18T07:25:26Z, email=passapdom@gmail.com}], Credentials=[PROTECTED], Authenticated=true, Details=WebAuthenticationDetails [RemoteIpAddress=0:0:0:0:0:0:0:1, SessionId=C6EED896D010ABE78F09743AF572D3F2], Granted Authorities=[OIDC_USER, SCOPE_https://www.googleapis.com/auth/userinfo.email, SCOPE_https://www.googleapis.com/auth/userinfo.profile, SCOPE_openid]]]
2025-04-18 10:37:09 [http-nio-8080-exec-9] [DEBUG] o.s.s.w.a.i.FilterSecurityInterceptor - Authorized filter invocation [GET /img/logo_alliance.png] with attributes [permitAll]
2025-04-18 10:37:09 [http-nio-8080-exec-2] [DEBUG] o.s.s.w.a.i.FilterSecurityInterceptor - Authorized filter invocation [GET /css/styles.css] with attributes [permitAll]
2025-04-18 10:37:09 [http-nio-8080-exec-9] [DEBUG] o.s.security.web.FilterChainProxy - Secured GET /img/logo_alliance.png
2025-04-18 10:37:09 [http-nio-8080-exec-2] [DEBUG] o.s.security.web.FilterChainProxy - Secured GET /css/styles.css
2025-04-18 10:37:09 [http-nio-8080-exec-1] [DEBUG] o.s.security.web.FilterChainProxy - Securing GET /images/tour/70efb4f2-568c-40d0-b39f-55ed0ccbc07e_00-Козельск.jpg
2025-04-18 10:37:09 [http-nio-8080-exec-4] [DEBUG] o.s.security.web.FilterChainProxy - Securing GET /images/tour/77da970b-1e81-439d-a952-267262094a8c_kozelsk.jpg
2025-04-18 10:37:09 [http-nio-8080-exec-3] [DEBUG] o.s.security.web.FilterChainProxy - Securing GET /img/tour-agency.jpg
2025-04-18 10:37:09 [http-nio-8080-exec-5] [DEBUG] o.s.security.web.FilterChainProxy - Securing GET /images/placeholder.jpg
2025-04-18 10:37:09 [http-nio-8080-exec-3] [DEBUG] o.s.s.w.c.HttpSessionSecurityContextRepository - Retrieved SecurityContextImpl [Authentication=OAuth2AuthenticationToken [Principal=Name: [107234087105093742255], Granted Authorities: [[OIDC_USER, SCOPE_https://www.googleapis.com/auth/userinfo.email, SCOPE_https://www.googleapis.com/auth/userinfo.profile, SCOPE_openid]], User Attributes: [{at_hash=QIn4N3UChPr1lEyVahXWIw, sub=107234087105093742255, email_verified=true, iss=https://accounts.google.com, given_name=Павел, nonce=rVB9z2VK3RkxPMY1aSpLXA1LTzfIhpKGnTKpjzpx7mE, picture=https://lh3.googleusercontent.com/a/ACg8ocJJoh9jonlTH61VWgvXCiXb0zCDjifGZZtZ30sCErS3N5ntDw=s96-c, aud=[909915657042-l07l5jl8r3v54r15k12hp7vev9dor6r7.apps.googleusercontent.com], azp=909915657042-l07l5jl8r3v54r15k12hp7vev9dor6r7.apps.googleusercontent.com, name=Павел Королев, exp=2025-04-18T08:25:26Z, family_name=Королев, iat=2025-04-18T07:25:26Z, email=passapdom@gmail.com}], Credentials=[PROTECTED], Authenticated=true, Details=WebAuthenticationDetails [RemoteIpAddress=0:0:0:0:0:0:0:1, SessionId=C6EED896D010ABE78F09743AF572D3F2], Granted Authorities=[OIDC_USER, SCOPE_https://www.googleapis.com/auth/userinfo.email, SCOPE_https://www.googleapis.com/auth/userinfo.profile, SCOPE_openid]]]
2025-04-18 10:37:09 [http-nio-8080-exec-5] [DEBUG] o.s.s.w.c.HttpSessionSecurityContextRepository - Retrieved SecurityContextImpl [Authentication=OAuth2AuthenticationToken [Principal=Name: [107234087105093742255], Granted Authorities: [[OIDC_USER, SCOPE_https://www.googleapis.com/auth/userinfo.email, SCOPE_https://www.googleapis.com/auth/userinfo.profile, SCOPE_openid]], User Attributes: [{at_hash=QIn4N3UChPr1lEyVahXWIw, sub=107234087105093742255, email_verified=true, iss=https://accounts.google.com, given_name=Павел, nonce=rVB9z2VK3RkxPMY1aSpLXA1LTzfIhpKGnTKpjzpx7mE, picture=https://lh3.googleusercontent.com/a/ACg8ocJJoh9jonlTH61VWgvXCiXb0zCDjifGZZtZ30sCErS3N5ntDw=s96-c, aud=[909915657042-l07l5jl8r3v54r15k12hp7vev9dor6r7.apps.googleusercontent.com], azp=909915657042-l07l5jl8r3v54r15k12hp7vev9dor6r7.apps.googleusercontent.com, name=Павел Королев, exp=2025-04-18T08:25:26Z, family_name=Королев, iat=2025-04-18T07:25:26Z, email=passapdom@gmail.com}], Credentials=[PROTECTED], Authenticated=true, Details=WebAuthenticationDetails [RemoteIpAddress=0:0:0:0:0:0:0:1, SessionId=C6EED896D010ABE78F09743AF572D3F2], Granted Authorities=[OIDC_USER, SCOPE_https://www.googleapis.com/auth/userinfo.email, SCOPE_https://www.googleapis.com/auth/userinfo.profile, SCOPE_openid]]]
2025-04-18 10:37:09 [http-nio-8080-exec-4] [DEBUG] o.s.s.w.c.HttpSessionSecurityContextRepository - Retrieved SecurityContextImpl [Authentication=OAuth2AuthenticationToken [Principal=Name: [107234087105093742255], Granted Authorities: [[OIDC_USER, SCOPE_https://www.googleapis.com/auth/userinfo.email, SCOPE_https://www.googleapis.com/auth/userinfo.profile, SCOPE_openid]], User Attributes: [{at_hash=QIn4N3UChPr1lEyVahXWIw, sub=107234087105093742255, email_verified=true, iss=https://accounts.google.com, given_name=Павел, nonce=rVB9z2VK3RkxPMY1aSpLXA1LTzfIhpKGnTKpjzpx7mE, picture=https://lh3.googleusercontent.com/a/ACg8ocJJoh9jonlTH61VWgvXCiXb0zCDjifGZZtZ30sCErS3N5ntDw=s96-c, aud=[909915657042-l07l5jl8r3v54r15k12hp7vev9dor6r7.apps.googleusercontent.com], azp=909915657042-l07l5jl8r3v54r15k12hp7vev9dor6r7.apps.googleusercontent.com, name=Павел Королев, exp=2025-04-18T08:25:26Z, family_name=Королев, iat=2025-04-18T07:25:26Z, email=passapdom@gmail.com}], Credentials=[PROTECTED], Authenticated=true, Details=WebAuthenticationDetails [RemoteIpAddress=0:0:0:0:0:0:0:1, SessionId=C6EED896D010ABE78F09743AF572D3F2], Granted Authorities=[OIDC_USER, SCOPE_https://www.googleapis.com/auth/userinfo.email, SCOPE_https://www.googleapis.com/auth/userinfo.profile, SCOPE_openid]]]
2025-04-18 10:37:09 [http-nio-8080-exec-1] [DEBUG] o.s.s.w.c.HttpSessionSecurityContextRepository - Retrieved SecurityContextImpl [Authentication=OAuth2AuthenticationToken [Principal=Name: [107234087105093742255], Granted Authorities: [[OIDC_USER, SCOPE_https://www.googleapis.com/auth/userinfo.email, SCOPE_https://www.googleapis.com/auth/userinfo.profile, SCOPE_openid]], User Attributes: [{at_hash=QIn4N3UChPr1lEyVahXWIw, sub=107234087105093742255, email_verified=true, iss=https://accounts.google.com, given_name=Павел, nonce=rVB9z2VK3RkxPMY1aSpLXA1LTzfIhpKGnTKpjzpx7mE, picture=https://lh3.googleusercontent.com/a/ACg8ocJJoh9jonlTH61VWgvXCiXb0zCDjifGZZtZ30sCErS3N5ntDw=s96-c, aud=[909915657042-l07l5jl8r3v54r15k12hp7vev9dor6r7.apps.googleusercontent.com], azp=909915657042-l07l5jl8r3v54r15k12hp7vev9dor6r7.apps.googleusercontent.com, name=Павел Королев, exp=2025-04-18T08:25:26Z, family_name=Королев, iat=2025-04-18T07:25:26Z, email=passapdom@gmail.com}], Credentials=[PROTECTED], Authenticated=true, Details=WebAuthenticationDetails [RemoteIpAddress=0:0:0:0:0:0:0:1, SessionId=C6EED896D010ABE78F09743AF572D3F2], Granted Authorities=[OIDC_USER, SCOPE_https://www.googleapis.com/auth/userinfo.email, SCOPE_https://www.googleapis.com/auth/userinfo.profile, SCOPE_openid]]]
2025-04-18 10:37:09 [http-nio-8080-exec-5] [DEBUG] o.s.s.w.a.i.FilterSecurityInterceptor - Authorized filter invocation [GET /images/placeholder.jpg] with attributes [permitAll]
2025-04-18 10:37:09 [http-nio-8080-exec-3] [DEBUG] o.s.s.w.a.i.FilterSecurityInterceptor - Authorized filter invocation [GET /img/tour-agency.jpg] with attributes [permitAll]
2025-04-18 10:37:09 [http-nio-8080-exec-4] [DEBUG] o.s.s.w.a.i.FilterSecurityInterceptor - Authorized filter invocation [GET /images/tour/77da970b-1e81-439d-a952-267262094a8c_kozelsk.jpg] with attributes [permitAll]
2025-04-18 10:37:09 [http-nio-8080-exec-1] [DEBUG] o.s.s.w.a.i.FilterSecurityInterceptor - Authorized filter invocation [GET /images/tour/70efb4f2-568c-40d0-b39f-55ed0ccbc07e_00-Козельск.jpg] with attributes [permitAll]
2025-04-18 10:37:09 [http-nio-8080-exec-4] [DEBUG] o.s.security.web.FilterChainProxy - Secured GET /images/tour/77da970b-1e81-439d-a952-267262094a8c_kozelsk.jpg
2025-04-18 10:37:09 [http-nio-8080-exec-3] [DEBUG] o.s.security.web.FilterChainProxy - Secured GET /img/tour-agency.jpg
2025-04-18 10:37:09 [http-nio-8080-exec-5] [DEBUG] o.s.security.web.FilterChainProxy - Secured GET /images/placeholder.jpg
2025-04-18 10:37:09 [http-nio-8080-exec-1] [DEBUG] o.s.security.web.FilterChainProxy - Secured GET /images/tour/70efb4f2-568c-40d0-b39f-55ed0ccbc07e_00-Козельск.jpg
2025-04-18 10:37:09 [http-nio-8080-exec-3] [DEBUG] o.s.security.web.FilterChainProxy - Securing GET /error
2025-04-18 10:37:09 [http-nio-8080-exec-5] [DEBUG] o.s.security.web.FilterChainProxy - Securing GET /error
2025-04-18 10:37:09 [http-nio-8080-exec-3] [DEBUG] o.s.s.w.c.HttpSessionSecurityContextRepository - Retrieved SecurityContextImpl [Authentication=OAuth2AuthenticationToken [Principal=Name: [107234087105093742255], Granted Authorities: [[OIDC_USER, SCOPE_https://www.googleapis.com/auth/userinfo.email, SCOPE_https://www.googleapis.com/auth/userinfo.profile, SCOPE_openid]], User Attributes: [{at_hash=QIn4N3UChPr1lEyVahXWIw, sub=107234087105093742255, email_verified=true, iss=https://accounts.google.com, given_name=Павел, nonce=rVB9z2VK3RkxPMY1aSpLXA1LTzfIhpKGnTKpjzpx7mE, picture=https://lh3.googleusercontent.com/a/ACg8ocJJoh9jonlTH61VWgvXCiXb0zCDjifGZZtZ30sCErS3N5ntDw=s96-c, aud=[909915657042-l07l5jl8r3v54r15k12hp7vev9dor6r7.apps.googleusercontent.com], azp=909915657042-l07l5jl8r3v54r15k12hp7vev9dor6r7.apps.googleusercontent.com, name=Павел Королев, exp=2025-04-18T08:25:26Z, family_name=Королев, iat=2025-04-18T07:25:26Z, email=passapdom@gmail.com}], Credentials=[PROTECTED], Authenticated=true, Details=WebAuthenticationDetails [RemoteIpAddress=0:0:0:0:0:0:0:1, SessionId=C6EED896D010ABE78F09743AF572D3F2], Granted Authorities=[OIDC_USER, SCOPE_https://www.googleapis.com/auth/userinfo.email, SCOPE_https://www.googleapis.com/auth/userinfo.profile, SCOPE_openid]]]
2025-04-18 10:37:09 [http-nio-8080-exec-5] [DEBUG] o.s.s.w.c.HttpSessionSecurityContextRepository - Retrieved SecurityContextImpl [Authentication=OAuth2AuthenticationToken [Principal=Name: [107234087105093742255], Granted Authorities: [[OIDC_USER, SCOPE_https://www.googleapis.com/auth/userinfo.email, SCOPE_https://www.googleapis.com/auth/userinfo.profile, SCOPE_openid]], User Attributes: [{at_hash=QIn4N3UChPr1lEyVahXWIw, sub=107234087105093742255, email_verified=true, iss=https://accounts.google.com, given_name=Павел, nonce=rVB9z2VK3RkxPMY1aSpLXA1LTzfIhpKGnTKpjzpx7mE, picture=https://lh3.googleusercontent.com/a/ACg8ocJJoh9jonlTH61VWgvXCiXb0zCDjifGZZtZ30sCErS3N5ntDw=s96-c, aud=[909915657042-l07l5jl8r3v54r15k12hp7vev9dor6r7.apps.googleusercontent.com], azp=909915657042-l07l5jl8r3v54r15k12hp7vev9dor6r7.apps.googleusercontent.com, name=Павел Королев, exp=2025-04-18T08:25:26Z, family_name=Королев, iat=2025-04-18T07:25:26Z, email=passapdom@gmail.com}], Credentials=[PROTECTED], Authenticated=true, Details=WebAuthenticationDetails [RemoteIpAddress=0:0:0:0:0:0:0:1, SessionId=C6EED896D010ABE78F09743AF572D3F2], Granted Authorities=[OIDC_USER, SCOPE_https://www.googleapis.com/auth/userinfo.email, SCOPE_https://www.googleapis.com/auth/userinfo.profile, SCOPE_openid]]]
2025-04-18 10:37:09 [http-nio-8080-exec-3] [DEBUG] o.s.s.w.a.i.FilterSecurityInterceptor - Authorized filter invocation [GET /error] with attributes [permitAll]
2025-04-18 10:37:09 [http-nio-8080-exec-5] [DEBUG] o.s.s.w.a.i.FilterSecurityInterceptor - Authorized filter invocation [GET /error] with attributes [permitAll]
2025-04-18 10:37:09 [http-nio-8080-exec-3] [DEBUG] o.s.security.web.FilterChainProxy - Secured GET /error
2025-04-18 10:37:09 [http-nio-8080-exec-5] [DEBUG] o.s.security.web.FilterChainProxy - Secured GET /error
2025-04-18 10:37:11 [http-nio-8080-exec-7] [DEBUG] o.s.security.web.FilterChainProxy - Securing GET /excursion/tour/8
2025-04-18 10:37:11 [http-nio-8080-exec-7] [DEBUG] o.s.s.w.c.HttpSessionSecurityContextRepository - Retrieved SecurityContextImpl [Authentication=OAuth2AuthenticationToken [Principal=Name: [107234087105093742255], Granted Authorities: [[OIDC_USER, SCOPE_https://www.googleapis.com/auth/userinfo.email, SCOPE_https://www.googleapis.com/auth/userinfo.profile, SCOPE_openid]], User Attributes: [{at_hash=QIn4N3UChPr1lEyVahXWIw, sub=107234087105093742255, email_verified=true, iss=https://accounts.google.com, given_name=Павел, nonce=rVB9z2VK3RkxPMY1aSpLXA1LTzfIhpKGnTKpjzpx7mE, picture=https://lh3.googleusercontent.com/a/ACg8ocJJoh9jonlTH61VWgvXCiXb0zCDjifGZZtZ30sCErS3N5ntDw=s96-c, aud=[909915657042-l07l5jl8r3v54r15k12hp7vev9dor6r7.apps.googleusercontent.com], azp=909915657042-l07l5jl8r3v54r15k12hp7vev9dor6r7.apps.googleusercontent.com, name=Павел Королев, exp=2025-04-18T08:25:26Z, family_name=Королев, iat=2025-04-18T07:25:26Z, email=passapdom@gmail.com}], Credentials=[PROTECTED], Authenticated=true, Details=WebAuthenticationDetails [RemoteIpAddress=0:0:0:0:0:0:0:1, SessionId=C6EED896D010ABE78F09743AF572D3F2], Granted Authorities=[OIDC_USER, SCOPE_https://www.googleapis.com/auth/userinfo.email, SCOPE_https://www.googleapis.com/auth/userinfo.profile, SCOPE_openid]]]
2025-04-18 10:37:11 [http-nio-8080-exec-7] [DEBUG] o.s.s.w.a.i.FilterSecurityInterceptor - Authorized filter invocation [GET /excursion/tour/8] with attributes [permitAll]
2025-04-18 10:37:11 [http-nio-8080-exec-7] [DEBUG] o.s.security.web.FilterChainProxy - Secured GET /excursion/tour/8
2025-04-18 10:37:11 [http-nio-8080-exec-7] [INFO] r.k.a.u.s.CheckAuthorizeService - checkAdmin is starting, principal: OAuth2AuthenticationToken [Principal=Name: [107234087105093742255], Granted Authorities: [[OIDC_USER, SCOPE_https://www.googleapis.com/auth/userinfo.email, SCOPE_https://www.googleapis.com/auth/userinfo.profile, SCOPE_openid]], User Attributes: [{at_hash=QIn4N3UChPr1lEyVahXWIw, sub=107234087105093742255, email_verified=true, iss=https://accounts.google.com, given_name=Павел, nonce=rVB9z2VK3RkxPMY1aSpLXA1LTzfIhpKGnTKpjzpx7mE, picture=https://lh3.googleusercontent.com/a/ACg8ocJJoh9jonlTH61VWgvXCiXb0zCDjifGZZtZ30sCErS3N5ntDw=s96-c, aud=[909915657042-l07l5jl8r3v54r15k12hp7vev9dor6r7.apps.googleusercontent.com], azp=909915657042-l07l5jl8r3v54r15k12hp7vev9dor6r7.apps.googleusercontent.com, name=Павел Королев, exp=2025-04-18T08:25:26Z, family_name=Королев, iat=2025-04-18T07:25:26Z, email=passapdom@gmail.com}], Credentials=[PROTECTED], Authenticated=true, Details=WebAuthenticationDetails [RemoteIpAddress=0:0:0:0:0:0:0:1, SessionId=C6EED896D010ABE78F09743AF572D3F2], Granted Authorities=[OIDC_USER, SCOPE_https://www.googleapis.com/auth/userinfo.email, SCOPE_https://www.googleapis.com/auth/userinfo.profile, SCOPE_openid]]
2025-04-18 10:37:11 [http-nio-8080-exec-7] [INFO] r.k.a.u.s.CheckAuthorizeService - checkAdmin: principal != null
2025-04-18 10:37:11 [http-nio-8080-exec-7] [INFO] r.k.a.u.s.CheckAuthorizeService - Principal is OAuth2AuthenticationToken
2025-04-18 10:37:11 [http-nio-8080-exec-7] [INFO] r.k.a.u.s.CheckAuthorizeService - Checking admin rights for email: passapdom@gmail.com
2025-04-18 10:37:11 [http-nio-8080-exec-7] [INFO] r.k.a.u.s.CheckAuthorizeService - User roles: [ADMIN]
2025-04-18 10:37:11 [http-nio-8080-exec-10] [DEBUG] o.s.security.web.FilterChainProxy - Securing GET /css/styles.css
2025-04-18 10:37:11 [http-nio-8080-exec-10] [DEBUG] o.s.s.w.c.HttpSessionSecurityContextRepository - Retrieved SecurityContextImpl [Authentication=OAuth2AuthenticationToken [Principal=Name: [107234087105093742255], Granted Authorities: [[OIDC_USER, SCOPE_https://www.googleapis.com/auth/userinfo.email, SCOPE_https://www.googleapis.com/auth/userinfo.profile, SCOPE_openid]], User Attributes: [{at_hash=QIn4N3UChPr1lEyVahXWIw, sub=107234087105093742255, email_verified=true, iss=https://accounts.google.com, given_name=Павел, nonce=rVB9z2VK3RkxPMY1aSpLXA1LTzfIhpKGnTKpjzpx7mE, picture=https://lh3.googleusercontent.com/a/ACg8ocJJoh9jonlTH61VWgvXCiXb0zCDjifGZZtZ30sCErS3N5ntDw=s96-c, aud=[909915657042-l07l5jl8r3v54r15k12hp7vev9dor6r7.apps.googleusercontent.com], azp=909915657042-l07l5jl8r3v54r15k12hp7vev9dor6r7.apps.googleusercontent.com, name=Павел Королев, exp=2025-04-18T08:25:26Z, family_name=Королев, iat=2025-04-18T07:25:26Z, email=passapdom@gmail.com}], Credentials=[PROTECTED], Authenticated=true, Details=WebAuthenticationDetails [RemoteIpAddress=0:0:0:0:0:0:0:1, SessionId=C6EED896D010ABE78F09743AF572D3F2], Granted Authorities=[OIDC_USER, SCOPE_https://www.googleapis.com/auth/userinfo.email, SCOPE_https://www.googleapis.com/auth/userinfo.profile, SCOPE_openid]]]
2025-04-18 10:37:11 [http-nio-8080-exec-10] [DEBUG] o.s.s.w.a.i.FilterSecurityInterceptor - Authorized filter invocation [GET /css/styles.css] with attributes [permitAll]
2025-04-18 10:37:11 [http-nio-8080-exec-10] [DEBUG] o.s.security.web.FilterChainProxy - Secured GET /css/styles.css
2025-04-18 10:37:11 [http-nio-8080-exec-8] [DEBUG] o.s.security.web.FilterChainProxy - Securing GET /img/logo_alliance.png
2025-04-18 10:37:11 [http-nio-8080-exec-8] [DEBUG] o.s.s.w.c.HttpSessionSecurityContextRepository - Retrieved SecurityContextImpl [Authentication=OAuth2AuthenticationToken [Principal=Name: [107234087105093742255], Granted Authorities: [[OIDC_USER, SCOPE_https://www.googleapis.com/auth/userinfo.email, SCOPE_https://www.googleapis.com/auth/userinfo.profile, SCOPE_openid]], User Attributes: [{at_hash=QIn4N3UChPr1lEyVahXWIw, sub=107234087105093742255, email_verified=true, iss=https://accounts.google.com, given_name=Павел, nonce=rVB9z2VK3RkxPMY1aSpLXA1LTzfIhpKGnTKpjzpx7mE, picture=https://lh3.googleusercontent.com/a/ACg8ocJJoh9jonlTH61VWgvXCiXb0zCDjifGZZtZ30sCErS3N5ntDw=s96-c, aud=[909915657042-l07l5jl8r3v54r15k12hp7vev9dor6r7.apps.googleusercontent.com], azp=909915657042-l07l5jl8r3v54r15k12hp7vev9dor6r7.apps.googleusercontent.com, name=Павел Королев, exp=2025-04-18T08:25:26Z, family_name=Королев, iat=2025-04-18T07:25:26Z, email=passapdom@gmail.com}], Credentials=[PROTECTED], Authenticated=true, Details=WebAuthenticationDetails [RemoteIpAddress=0:0:0:0:0:0:0:1, SessionId=C6EED896D010ABE78F09743AF572D3F2], Granted Authorities=[OIDC_USER, SCOPE_https://www.googleapis.com/auth/userinfo.email, SCOPE_https://www.googleapis.com/auth/userinfo.profile, SCOPE_openid]]]
2025-04-18 10:37:11 [http-nio-8080-exec-8] [DEBUG] o.s.s.w.a.i.FilterSecurityInterceptor - Authorized filter invocation [GET /img/logo_alliance.png] with attributes [permitAll]
2025-04-18 10:37:11 [http-nio-8080-exec-8] [DEBUG] o.s.security.web.FilterChainProxy - Secured GET /img/logo_alliance.png
2025-04-18 10:37:12 [http-nio-8080-exec-6] [DEBUG] o.s.security.web.FilterChainProxy - Securing GET /excursion/tour/9
2025-04-18 10:37:12 [http-nio-8080-exec-6] [DEBUG] o.s.s.w.c.HttpSessionSecurityContextRepository - Retrieved SecurityContextImpl [Authentication=OAuth2AuthenticationToken [Principal=Name: [107234087105093742255], Granted Authorities: [[OIDC_USER, SCOPE_https://www.googleapis.com/auth/userinfo.email, SCOPE_https://www.googleapis.com/auth/userinfo.profile, SCOPE_openid]], User Attributes: [{at_hash=QIn4N3UChPr1lEyVahXWIw, sub=107234087105093742255, email_verified=true, iss=https://accounts.google.com, given_name=Павел, nonce=rVB9z2VK3RkxPMY1aSpLXA1LTzfIhpKGnTKpjzpx7mE, picture=https://lh3.googleusercontent.com/a/ACg8ocJJoh9jonlTH61VWgvXCiXb0zCDjifGZZtZ30sCErS3N5ntDw=s96-c, aud=[909915657042-l07l5jl8r3v54r15k12hp7vev9dor6r7.apps.googleusercontent.com], azp=909915657042-l07l5jl8r3v54r15k12hp7vev9dor6r7.apps.googleusercontent.com, name=Павел Королев, exp=2025-04-18T08:25:26Z, family_name=Королев, iat=2025-04-18T07:25:26Z, email=passapdom@gmail.com}], Credentials=[PROTECTED], Authenticated=true, Details=WebAuthenticationDetails [RemoteIpAddress=0:0:0:0:0:0:0:1, SessionId=C6EED896D010ABE78F09743AF572D3F2], Granted Authorities=[OIDC_USER, SCOPE_https://www.googleapis.com/auth/userinfo.email, SCOPE_https://www.googleapis.com/auth/userinfo.profile, SCOPE_openid]]]
2025-04-18 10:37:12 [http-nio-8080-exec-6] [DEBUG] o.s.s.w.a.i.FilterSecurityInterceptor - Authorized filter invocation [GET /excursion/tour/9] with attributes [permitAll]
2025-04-18 10:37:12 [http-nio-8080-exec-6] [DEBUG] o.s.security.web.FilterChainProxy - Secured GET /excursion/tour/9
2025-04-18 10:37:12 [http-nio-8080-exec-6] [INFO] r.k.a.u.s.CheckAuthorizeService - checkAdmin is starting, principal: OAuth2AuthenticationToken [Principal=Name: [107234087105093742255], Granted Authorities: [[OIDC_USER, SCOPE_https://www.googleapis.com/auth/userinfo.email, SCOPE_https://www.googleapis.com/auth/userinfo.profile, SCOPE_openid]], User Attributes: [{at_hash=QIn4N3UChPr1lEyVahXWIw, sub=107234087105093742255, email_verified=true, iss=https://accounts.google.com, given_name=Павел, nonce=rVB9z2VK3RkxPMY1aSpLXA1LTzfIhpKGnTKpjzpx7mE, picture=https://lh3.googleusercontent.com/a/ACg8ocJJoh9jonlTH61VWgvXCiXb0zCDjifGZZtZ30sCErS3N5ntDw=s96-c, aud=[909915657042-l07l5jl8r3v54r15k12hp7vev9dor6r7.apps.googleusercontent.com], azp=909915657042-l07l5jl8r3v54r15k12hp7vev9dor6r7.apps.googleusercontent.com, name=Павел Королев, exp=2025-04-18T08:25:26Z, family_name=Королев, iat=2025-04-18T07:25:26Z, email=passapdom@gmail.com}], Credentials=[PROTECTED], Authenticated=true, Details=WebAuthenticationDetails [RemoteIpAddress=0:0:0:0:0:0:0:1, SessionId=C6EED896D010ABE78F09743AF572D3F2], Granted Authorities=[OIDC_USER, SCOPE_https://www.googleapis.com/auth/userinfo.email, SCOPE_https://www.googleapis.com/auth/userinfo.profile, SCOPE_openid]]
2025-04-18 10:37:12 [http-nio-8080-exec-6] [INFO] r.k.a.u.s.CheckAuthorizeService - checkAdmin: principal != null
2025-04-18 10:37:12 [http-nio-8080-exec-6] [INFO] r.k.a.u.s.CheckAuthorizeService - Principal is OAuth2AuthenticationToken
2025-04-18 10:37:12 [http-nio-8080-exec-6] [INFO] r.k.a.u.s.CheckAuthorizeService - Checking admin rights for email: passapdom@gmail.com
2025-04-18 10:37:12 [http-nio-8080-exec-6] [INFO] r.k.a.u.s.CheckAuthorizeService - User roles: [ADMIN]
2025-04-18 10:37:12 [http-nio-8080-exec-9] [DEBUG] o.s.security.web.FilterChainProxy - Securing GET /css/styles.css
2025-04-18 10:37:12 [http-nio-8080-exec-9] [DEBUG] o.s.s.w.c.HttpSessionSecurityContextRepository - Retrieved SecurityContextImpl [Authentication=OAuth2AuthenticationToken [Principal=Name: [107234087105093742255], Granted Authorities: [[OIDC_USER, SCOPE_https://www.googleapis.com/auth/userinfo.email, SCOPE_https://www.googleapis.com/auth/userinfo.profile, SCOPE_openid]], User Attributes: [{at_hash=QIn4N3UChPr1lEyVahXWIw, sub=107234087105093742255, email_verified=true, iss=https://accounts.google.com, given_name=Павел, nonce=rVB9z2VK3RkxPMY1aSpLXA1LTzfIhpKGnTKpjzpx7mE, picture=https://lh3.googleusercontent.com/a/ACg8ocJJoh9jonlTH61VWgvXCiXb0zCDjifGZZtZ30sCErS3N5ntDw=s96-c, aud=[909915657042-l07l5jl8r3v54r15k12hp7vev9dor6r7.apps.googleusercontent.com], azp=909915657042-l07l5jl8r3v54r15k12hp7vev9dor6r7.apps.googleusercontent.com, name=Павел Королев, exp=2025-04-18T08:25:26Z, family_name=Королев, iat=2025-04-18T07:25:26Z, email=passapdom@gmail.com}], Credentials=[PROTECTED], Authenticated=true, Details=WebAuthenticationDetails [RemoteIpAddress=0:0:0:0:0:0:0:1, SessionId=C6EED896D010ABE78F09743AF572D3F2], Granted Authorities=[OIDC_USER, SCOPE_https://www.googleapis.com/auth/userinfo.email, SCOPE_https://www.googleapis.com/auth/userinfo.profile, SCOPE_openid]]]
2025-04-18 10:37:12 [http-nio-8080-exec-9] [DEBUG] o.s.s.w.a.i.FilterSecurityInterceptor - Authorized filter invocation [GET /css/styles.css] with attributes [permitAll]
2025-04-18 10:37:12 [http-nio-8080-exec-9] [DEBUG] o.s.security.web.FilterChainProxy - Secured GET /css/styles.css
2025-04-18 10:37:12 [http-nio-8080-exec-4] [DEBUG] o.s.security.web.FilterChainProxy - Securing GET /images/tour/77da970b-1e81-439d-a952-267262094a8c_kozelsk.jpg
2025-04-18 10:37:12 [http-nio-8080-exec-2] [DEBUG] o.s.security.web.FilterChainProxy - Securing GET /img/logo_alliance.png
2025-04-18 10:37:12 [http-nio-8080-exec-4] [DEBUG] o.s.s.w.c.HttpSessionSecurityContextRepository - Retrieved SecurityContextImpl [Authentication=OAuth2AuthenticationToken [Principal=Name: [107234087105093742255], Granted Authorities: [[OIDC_USER, SCOPE_https://www.googleapis.com/auth/userinfo.email, SCOPE_https://www.googleapis.com/auth/userinfo.profile, SCOPE_openid]], User Attributes: [{at_hash=QIn4N3UChPr1lEyVahXWIw, sub=107234087105093742255, email_verified=true, iss=https://accounts.google.com, given_name=Павел, nonce=rVB9z2VK3RkxPMY1aSpLXA1LTzfIhpKGnTKpjzpx7mE, picture=https://lh3.googleusercontent.com/a/ACg8ocJJoh9jonlTH61VWgvXCiXb0zCDjifGZZtZ30sCErS3N5ntDw=s96-c, aud=[909915657042-l07l5jl8r3v54r15k12hp7vev9dor6r7.apps.googleusercontent.com], azp=909915657042-l07l5jl8r3v54r15k12hp7vev9dor6r7.apps.googleusercontent.com, name=Павел Королев, exp=2025-04-18T08:25:26Z, family_name=Королев, iat=2025-04-18T07:25:26Z, email=passapdom@gmail.com}], Credentials=[PROTECTED], Authenticated=true, Details=WebAuthenticationDetails [RemoteIpAddress=0:0:0:0:0:0:0:1, SessionId=C6EED896D010ABE78F09743AF572D3F2], Granted Authorities=[OIDC_USER, SCOPE_https://www.googleapis.com/auth/userinfo.email, SCOPE_https://www.googleapis.com/auth/userinfo.profile, SCOPE_openid]]]
2025-04-18 10:37:12 [http-nio-8080-exec-2] [DEBUG] o.s.s.w.c.HttpSessionSecurityContextRepository - Retrieved SecurityContextImpl [Authentication=OAuth2AuthenticationToken [Principal=Name: [107234087105093742255], Granted Authorities: [[OIDC_USER, SCOPE_https://www.googleapis.com/auth/userinfo.email, SCOPE_https://www.googleapis.com/auth/userinfo.profile, SCOPE_openid]], User Attributes: [{at_hash=QIn4N3UChPr1lEyVahXWIw, sub=107234087105093742255, email_verified=true, iss=https://accounts.google.com, given_name=Павел, nonce=rVB9z2VK3RkxPMY1aSpLXA1LTzfIhpKGnTKpjzpx7mE, picture=https://lh3.googleusercontent.com/a/ACg8ocJJoh9jonlTH61VWgvXCiXb0zCDjifGZZtZ30sCErS3N5ntDw=s96-c, aud=[909915657042-l07l5jl8r3v54r15k12hp7vev9dor6r7.apps.googleusercontent.com], azp=909915657042-l07l5jl8r3v54r15k12hp7vev9dor6r7.apps.googleusercontent.com, name=Павел Королев, exp=2025-04-18T08:25:26Z, family_name=Королев, iat=2025-04-18T07:25:26Z, email=passapdom@gmail.com}], Credentials=[PROTECTED], Authenticated=true, Details=WebAuthenticationDetails [RemoteIpAddress=0:0:0:0:0:0:0:1, SessionId=C6EED896D010ABE78F09743AF572D3F2], Granted Authorities=[OIDC_USER, SCOPE_https://www.googleapis.com/auth/userinfo.email, SCOPE_https://www.googleapis.com/auth/userinfo.profile, SCOPE_openid]]]
2025-04-18 10:37:12 [http-nio-8080-exec-4] [DEBUG] o.s.s.w.a.i.FilterSecurityInterceptor - Authorized filter invocation [GET /images/tour/77da970b-1e81-439d-a952-267262094a8c_kozelsk.jpg] with attributes [permitAll]
2025-04-18 10:37:12 [http-nio-8080-exec-2] [DEBUG] o.s.s.w.a.i.FilterSecurityInterceptor - Authorized filter invocation [GET /img/logo_alliance.png] with attributes [permitAll]
2025-04-18 10:37:12 [http-nio-8080-exec-4] [DEBUG] o.s.security.web.FilterChainProxy - Secured GET /images/tour/77da970b-1e81-439d-a952-267262094a8c_kozelsk.jpg
2025-04-18 10:37:12 [http-nio-8080-exec-2] [DEBUG] o.s.security.web.FilterChainProxy - Secured GET /img/logo_alliance.png
2025-04-18 10:37:12 [http-nio-8080-exec-1] [DEBUG] o.s.security.web.FilterChainProxy - Securing GET /images/tour/0901dc7b-8835-4ba3-9ce8-31ea540d5f7d_photo_2024-12-23_22-17-54.jpg
2025-04-18 10:37:12 [http-nio-8080-exec-5] [DEBUG] o.s.security.web.FilterChainProxy - Securing GET /images/tour/b144cd56-998b-4eec-9a5b-c31f14445037_12-park-tri-bogatyrya_1586958675.jpg
2025-04-18 10:37:12 [http-nio-8080-exec-5] [DEBUG] o.s.s.w.c.HttpSessionSecurityContextRepository - Retrieved SecurityContextImpl [Authentication=OAuth2AuthenticationToken [Principal=Name: [107234087105093742255], Granted Authorities: [[OIDC_USER, SCOPE_https://www.googleapis.com/auth/userinfo.email, SCOPE_https://www.googleapis.com/auth/userinfo.profile, SCOPE_openid]], User Attributes: [{at_hash=QIn4N3UChPr1lEyVahXWIw, sub=107234087105093742255, email_verified=true, iss=https://accounts.google.com, given_name=Павел, nonce=rVB9z2VK3RkxPMY1aSpLXA1LTzfIhpKGnTKpjzpx7mE, picture=https://lh3.googleusercontent.com/a/ACg8ocJJoh9jonlTH61VWgvXCiXb0zCDjifGZZtZ30sCErS3N5ntDw=s96-c, aud=[909915657042-l07l5jl8r3v54r15k12hp7vev9dor6r7.apps.googleusercontent.com], azp=909915657042-l07l5jl8r3v54r15k12hp7vev9dor6r7.apps.googleusercontent.com, name=Павел Королев, exp=2025-04-18T08:25:26Z, family_name=Королев, iat=2025-04-18T07:25:26Z, email=passapdom@gmail.com}], Credentials=[PROTECTED], Authenticated=true, Details=WebAuthenticationDetails [RemoteIpAddress=0:0:0:0:0:0:0:1, SessionId=C6EED896D010ABE78F09743AF572D3F2], Granted Authorities=[OIDC_USER, SCOPE_https://www.googleapis.com/auth/userinfo.email, SCOPE_https://www.googleapis.com/auth/userinfo.profile, SCOPE_openid]]]
2025-04-18 10:37:12 [http-nio-8080-exec-1] [DEBUG] o.s.s.w.c.HttpSessionSecurityContextRepository - Retrieved SecurityContextImpl [Authentication=OAuth2AuthenticationToken [Principal=Name: [107234087105093742255], Granted Authorities: [[OIDC_USER, SCOPE_https://www.googleapis.com/auth/userinfo.email, SCOPE_https://www.googleapis.com/auth/userinfo.profile, SCOPE_openid]], User Attributes: [{at_hash=QIn4N3UChPr1lEyVahXWIw, sub=107234087105093742255, email_verified=true, iss=https://accounts.google.com, given_name=Павел, nonce=rVB9z2VK3RkxPMY1aSpLXA1LTzfIhpKGnTKpjzpx7mE, picture=https://lh3.googleusercontent.com/a/ACg8ocJJoh9jonlTH61VWgvXCiXb0zCDjifGZZtZ30sCErS3N5ntDw=s96-c, aud=[909915657042-l07l5jl8r3v54r15k12hp7vev9dor6r7.apps.googleusercontent.com], azp=909915657042-l07l5jl8r3v54r15k12hp7vev9dor6r7.apps.googleusercontent.com, name=Павел Королев, exp=2025-04-18T08:25:26Z, family_name=Королев, iat=2025-04-18T07:25:26Z, email=passapdom@gmail.com}], Credentials=[PROTECTED], Authenticated=true, Details=WebAuthenticationDetails [RemoteIpAddress=0:0:0:0:0:0:0:1, SessionId=C6EED896D010ABE78F09743AF572D3F2], Granted Authorities=[OIDC_USER, SCOPE_https://www.googleapis.com/auth/userinfo.email, SCOPE_https://www.googleapis.com/auth/userinfo.profile, SCOPE_openid]]]
2025-04-18 10:37:12 [http-nio-8080-exec-1] [DEBUG] o.s.s.w.a.i.FilterSecurityInterceptor - Authorized filter invocation [GET /images/tour/0901dc7b-8835-4ba3-9ce8-31ea540d5f7d_photo_2024-12-23_22-17-54.jpg] with attributes [permitAll]
2025-04-18 10:37:12 [http-nio-8080-exec-5] [DEBUG] o.s.s.w.a.i.FilterSecurityInterceptor - Authorized filter invocation [GET /images/tour/b144cd56-998b-4eec-9a5b-c31f14445037_12-park-tri-bogatyrya_1586958675.jpg] with attributes [permitAll]
2025-04-18 10:37:12 [http-nio-8080-exec-1] [DEBUG] o.s.security.web.FilterChainProxy - Secured GET /images/tour/0901dc7b-8835-4ba3-9ce8-31ea540d5f7d_photo_2024-12-23_22-17-54.jpg
2025-04-18 10:37:12 [http-nio-8080-exec-5] [DEBUG] o.s.security.web.FilterChainProxy - Secured GET /images/tour/b144cd56-998b-4eec-9a5b-c31f14445037_12-park-tri-bogatyrya_1586958675.jpg
2025-04-18 10:37:14 [http-nio-8080-exec-3] [DEBUG] o.s.security.web.FilterChainProxy - Securing GET /excursion/tour/10
2025-04-18 10:37:14 [http-nio-8080-exec-3] [DEBUG] o.s.s.w.c.HttpSessionSecurityContextRepository - Retrieved SecurityContextImpl [Authentication=OAuth2AuthenticationToken [Principal=Name: [107234087105093742255], Granted Authorities: [[OIDC_USER, SCOPE_https://www.googleapis.com/auth/userinfo.email, SCOPE_https://www.googleapis.com/auth/userinfo.profile, SCOPE_openid]], User Attributes: [{at_hash=QIn4N3UChPr1lEyVahXWIw, sub=107234087105093742255, email_verified=true, iss=https://accounts.google.com, given_name=Павел, nonce=rVB9z2VK3RkxPMY1aSpLXA1LTzfIhpKGnTKpjzpx7mE, picture=https://lh3.googleusercontent.com/a/ACg8ocJJoh9jonlTH61VWgvXCiXb0zCDjifGZZtZ30sCErS3N5ntDw=s96-c, aud=[909915657042-l07l5jl8r3v54r15k12hp7vev9dor6r7.apps.googleusercontent.com], azp=909915657042-l07l5jl8r3v54r15k12hp7vev9dor6r7.apps.googleusercontent.com, name=Павел Королев, exp=2025-04-18T08:25:26Z, family_name=Королев, iat=2025-04-18T07:25:26Z, email=passapdom@gmail.com}], Credentials=[PROTECTED], Authenticated=true, Details=WebAuthenticationDetails [RemoteIpAddress=0:0:0:0:0:0:0:1, SessionId=C6EED896D010ABE78F09743AF572D3F2], Granted Authorities=[OIDC_USER, SCOPE_https://www.googleapis.com/auth/userinfo.email, SCOPE_https://www.googleapis.com/auth/userinfo.profile, SCOPE_openid]]]
2025-04-18 10:37:14 [http-nio-8080-exec-3] [DEBUG] o.s.s.w.a.i.FilterSecurityInterceptor - Authorized filter invocation [GET /excursion/tour/10] with attributes [permitAll]
2025-04-18 10:37:14 [http-nio-8080-exec-3] [DEBUG] o.s.security.web.FilterChainProxy - Secured GET /excursion/tour/10
2025-04-18 10:37:14 [http-nio-8080-exec-3] [INFO] r.k.a.u.s.CheckAuthorizeService - checkAdmin is starting, principal: OAuth2AuthenticationToken [Principal=Name: [107234087105093742255], Granted Authorities: [[OIDC_USER, SCOPE_https://www.googleapis.com/auth/userinfo.email, SCOPE_https://www.googleapis.com/auth/userinfo.profile, SCOPE_openid]], User Attributes: [{at_hash=QIn4N3UChPr1lEyVahXWIw, sub=107234087105093742255, email_verified=true, iss=https://accounts.google.com, given_name=Павел, nonce=rVB9z2VK3RkxPMY1aSpLXA1LTzfIhpKGnTKpjzpx7mE, picture=https://lh3.googleusercontent.com/a/ACg8ocJJoh9jonlTH61VWgvXCiXb0zCDjifGZZtZ30sCErS3N5ntDw=s96-c, aud=[909915657042-l07l5jl8r3v54r15k12hp7vev9dor6r7.apps.googleusercontent.com], azp=909915657042-l07l5jl8r3v54r15k12hp7vev9dor6r7.apps.googleusercontent.com, name=Павел Королев, exp=2025-04-18T08:25:26Z, family_name=Королев, iat=2025-04-18T07:25:26Z, email=passapdom@gmail.com}], Credentials=[PROTECTED], Authenticated=true, Details=WebAuthenticationDetails [RemoteIpAddress=0:0:0:0:0:0:0:1, SessionId=C6EED896D010ABE78F09743AF572D3F2], Granted Authorities=[OIDC_USER, SCOPE_https://www.googleapis.com/auth/userinfo.email, SCOPE_https://www.googleapis.com/auth/userinfo.profile, SCOPE_openid]]
2025-04-18 10:37:14 [http-nio-8080-exec-3] [INFO] r.k.a.u.s.CheckAuthorizeService - checkAdmin: principal != null
2025-04-18 10:37:14 [http-nio-8080-exec-3] [INFO] r.k.a.u.s.CheckAuthorizeService - Principal is OAuth2AuthenticationToken
2025-04-18 10:37:14 [http-nio-8080-exec-3] [INFO] r.k.a.u.s.CheckAuthorizeService - Checking admin rights for email: passapdom@gmail.com
2025-04-18 10:37:14 [http-nio-8080-exec-3] [INFO] r.k.a.u.s.CheckAuthorizeService - User roles: [ADMIN]
2025-04-18 10:37:14 [http-nio-8080-exec-10] [DEBUG] o.s.security.web.FilterChainProxy - Securing GET /img/logo_alliance.png
2025-04-18 10:37:14 [http-nio-8080-exec-7] [DEBUG] o.s.security.web.FilterChainProxy - Securing GET /css/styles.css
2025-04-18 10:37:14 [http-nio-8080-exec-7] [DEBUG] o.s.s.w.c.HttpSessionSecurityContextRepository - Retrieved SecurityContextImpl [Authentication=OAuth2AuthenticationToken [Principal=Name: [107234087105093742255], Granted Authorities: [[OIDC_USER, SCOPE_https://www.googleapis.com/auth/userinfo.email, SCOPE_https://www.googleapis.com/auth/userinfo.profile, SCOPE_openid]], User Attributes: [{at_hash=QIn4N3UChPr1lEyVahXWIw, sub=107234087105093742255, email_verified=true, iss=https://accounts.google.com, given_name=Павел, nonce=rVB9z2VK3RkxPMY1aSpLXA1LTzfIhpKGnTKpjzpx7mE, picture=https://lh3.googleusercontent.com/a/ACg8ocJJoh9jonlTH61VWgvXCiXb0zCDjifGZZtZ30sCErS3N5ntDw=s96-c, aud=[909915657042-l07l5jl8r3v54r15k12hp7vev9dor6r7.apps.googleusercontent.com], azp=909915657042-l07l5jl8r3v54r15k12hp7vev9dor6r7.apps.googleusercontent.com, name=Павел Королев, exp=2025-04-18T08:25:26Z, family_name=Королев, iat=2025-04-18T07:25:26Z, email=passapdom@gmail.com}], Credentials=[PROTECTED], Authenticated=true, Details=WebAuthenticationDetails [RemoteIpAddress=0:0:0:0:0:0:0:1, SessionId=C6EED896D010ABE78F09743AF572D3F2], Granted Authorities=[OIDC_USER, SCOPE_https://www.googleapis.com/auth/userinfo.email, SCOPE_https://www.googleapis.com/auth/userinfo.profile, SCOPE_openid]]]
2025-04-18 10:37:14 [http-nio-8080-exec-10] [DEBUG] o.s.s.w.c.HttpSessionSecurityContextRepository - Retrieved SecurityContextImpl [Authentication=OAuth2AuthenticationToken [Principal=Name: [107234087105093742255], Granted Authorities: [[OIDC_USER, SCOPE_https://www.googleapis.com/auth/userinfo.email, SCOPE_https://www.googleapis.com/auth/userinfo.profile, SCOPE_openid]], User Attributes: [{at_hash=QIn4N3UChPr1lEyVahXWIw, sub=107234087105093742255, email_verified=true, iss=https://accounts.google.com, given_name=Павел, nonce=rVB9z2VK3RkxPMY1aSpLXA1LTzfIhpKGnTKpjzpx7mE, picture=https://lh3.googleusercontent.com/a/ACg8ocJJoh9jonlTH61VWgvXCiXb0zCDjifGZZtZ30sCErS3N5ntDw=s96-c, aud=[909915657042-l07l5jl8r3v54r15k12hp7vev9dor6r7.apps.googleusercontent.com], azp=909915657042-l07l5jl8r3v54r15k12hp7vev9dor6r7.apps.googleusercontent.com, name=Павел Королев, exp=2025-04-18T08:25:26Z, family_name=Королев, iat=2025-04-18T07:25:26Z, email=passapdom@gmail.com}], Credentials=[PROTECTED], Authenticated=true, Details=WebAuthenticationDetails [RemoteIpAddress=0:0:0:0:0:0:0:1, SessionId=C6EED896D010ABE78F09743AF572D3F2], Granted Authorities=[OIDC_USER, SCOPE_https://www.googleapis.com/auth/userinfo.email, SCOPE_https://www.googleapis.com/auth/userinfo.profile, SCOPE_openid]]]
2025-04-18 10:37:14 [http-nio-8080-exec-7] [DEBUG] o.s.s.w.a.i.FilterSecurityInterceptor - Authorized filter invocation [GET /css/styles.css] with attributes [permitAll]
2025-04-18 10:37:14 [http-nio-8080-exec-10] [DEBUG] o.s.s.w.a.i.FilterSecurityInterceptor - Authorized filter invocation [GET /img/logo_alliance.png] with attributes [permitAll]
2025-04-18 10:37:14 [http-nio-8080-exec-7] [DEBUG] o.s.security.web.FilterChainProxy - Secured GET /css/styles.css
2025-04-18 10:37:14 [http-nio-8080-exec-10] [DEBUG] o.s.security.web.FilterChainProxy - Secured GET /img/logo_alliance.png
2025-04-18 10:37:16 [http-nio-8080-exec-8] [DEBUG] o.s.security.web.FilterChainProxy - Securing GET /excursion/tour/7
2025-04-18 10:37:16 [http-nio-8080-exec-8] [DEBUG] o.s.s.w.c.HttpSessionSecurityContextRepository - Retrieved SecurityContextImpl [Authentication=OAuth2AuthenticationToken [Principal=Name: [107234087105093742255], Granted Authorities: [[OIDC_USER, SCOPE_https://www.googleapis.com/auth/userinfo.email, SCOPE_https://www.googleapis.com/auth/userinfo.profile, SCOPE_openid]], User Attributes: [{at_hash=QIn4N3UChPr1lEyVahXWIw, sub=107234087105093742255, email_verified=true, iss=https://accounts.google.com, given_name=Павел, nonce=rVB9z2VK3RkxPMY1aSpLXA1LTzfIhpKGnTKpjzpx7mE, picture=https://lh3.googleusercontent.com/a/ACg8ocJJoh9jonlTH61VWgvXCiXb0zCDjifGZZtZ30sCErS3N5ntDw=s96-c, aud=[909915657042-l07l5jl8r3v54r15k12hp7vev9dor6r7.apps.googleusercontent.com], azp=909915657042-l07l5jl8r3v54r15k12hp7vev9dor6r7.apps.googleusercontent.com, name=Павел Королев, exp=2025-04-18T08:25:26Z, family_name=Королев, iat=2025-04-18T07:25:26Z, email=passapdom@gmail.com}], Credentials=[PROTECTED], Authenticated=true, Details=WebAuthenticationDetails [RemoteIpAddress=0:0:0:0:0:0:0:1, SessionId=C6EED896D010ABE78F09743AF572D3F2], Granted Authorities=[OIDC_USER, SCOPE_https://www.googleapis.com/auth/userinfo.email, SCOPE_https://www.googleapis.com/auth/userinfo.profile, SCOPE_openid]]]
2025-04-18 10:37:16 [http-nio-8080-exec-8] [DEBUG] o.s.s.w.a.i.FilterSecurityInterceptor - Authorized filter invocation [GET /excursion/tour/7] with attributes [permitAll]
2025-04-18 10:37:16 [http-nio-8080-exec-8] [DEBUG] o.s.security.web.FilterChainProxy - Secured GET /excursion/tour/7
2025-04-18 10:37:16 [http-nio-8080-exec-8] [INFO] r.k.a.u.s.CheckAuthorizeService - checkAdmin is starting, principal: OAuth2AuthenticationToken [Principal=Name: [107234087105093742255], Granted Authorities: [[OIDC_USER, SCOPE_https://www.googleapis.com/auth/userinfo.email, SCOPE_https://www.googleapis.com/auth/userinfo.profile, SCOPE_openid]], User Attributes: [{at_hash=QIn4N3UChPr1lEyVahXWIw, sub=107234087105093742255, email_verified=true, iss=https://accounts.google.com, given_name=Павел, nonce=rVB9z2VK3RkxPMY1aSpLXA1LTzfIhpKGnTKpjzpx7mE, picture=https://lh3.googleusercontent.com/a/ACg8ocJJoh9jonlTH61VWgvXCiXb0zCDjifGZZtZ30sCErS3N5ntDw=s96-c, aud=[909915657042-l07l5jl8r3v54r15k12hp7vev9dor6r7.apps.googleusercontent.com], azp=909915657042-l07l5jl8r3v54r15k12hp7vev9dor6r7.apps.googleusercontent.com, name=Павел Королев, exp=2025-04-18T08:25:26Z, family_name=Королев, iat=2025-04-18T07:25:26Z, email=passapdom@gmail.com}], Credentials=[PROTECTED], Authenticated=true, Details=WebAuthenticationDetails [RemoteIpAddress=0:0:0:0:0:0:0:1, SessionId=C6EED896D010ABE78F09743AF572D3F2], Granted Authorities=[OIDC_USER, SCOPE_https://www.googleapis.com/auth/userinfo.email, SCOPE_https://www.googleapis.com/auth/userinfo.profile, SCOPE_openid]]
2025-04-18 10:37:16 [http-nio-8080-exec-8] [INFO] r.k.a.u.s.CheckAuthorizeService - checkAdmin: principal != null
2025-04-18 10:37:16 [http-nio-8080-exec-8] [INFO] r.k.a.u.s.CheckAuthorizeService - Principal is OAuth2AuthenticationToken
2025-04-18 10:37:16 [http-nio-8080-exec-8] [INFO] r.k.a.u.s.CheckAuthorizeService - Checking admin rights for email: passapdom@gmail.com
2025-04-18 10:37:16 [http-nio-8080-exec-8] [INFO] r.k.a.u.s.CheckAuthorizeService - User roles: [ADMIN]
2025-04-18 10:37:16 [http-nio-8080-exec-6] [DEBUG] o.s.security.web.FilterChainProxy - Securing GET /css/styles.css
2025-04-18 10:37:16 [http-nio-8080-exec-6] [DEBUG] o.s.s.w.c.HttpSessionSecurityContextRepository - Retrieved SecurityContextImpl [Authentication=OAuth2AuthenticationToken [Principal=Name: [107234087105093742255], Granted Authorities: [[OIDC_USER, SCOPE_https://www.googleapis.com/auth/userinfo.email, SCOPE_https://www.googleapis.com/auth/userinfo.profile, SCOPE_openid]], User Attributes: [{at_hash=QIn4N3UChPr1lEyVahXWIw, sub=107234087105093742255, email_verified=true, iss=https://accounts.google.com, given_name=Павел, nonce=rVB9z2VK3RkxPMY1aSpLXA1LTzfIhpKGnTKpjzpx7mE, picture=https://lh3.googleusercontent.com/a/ACg8ocJJoh9jonlTH61VWgvXCiXb0zCDjifGZZtZ30sCErS3N5ntDw=s96-c, aud=[909915657042-l07l5jl8r3v54r15k12hp7vev9dor6r7.apps.googleusercontent.com], azp=909915657042-l07l5jl8r3v54r15k12hp7vev9dor6r7.apps.googleusercontent.com, name=Павел Королев, exp=2025-04-18T08:25:26Z, family_name=Королев, iat=2025-04-18T07:25:26Z, email=passapdom@gmail.com}], Credentials=[PROTECTED], Authenticated=true, Details=WebAuthenticationDetails [RemoteIpAddress=0:0:0:0:0:0:0:1, SessionId=C6EED896D010ABE78F09743AF572D3F2], Granted Authorities=[OIDC_USER, SCOPE_https://www.googleapis.com/auth/userinfo.email, SCOPE_https://www.googleapis.com/auth/userinfo.profile, SCOPE_openid]]]
2025-04-18 10:37:16 [http-nio-8080-exec-6] [DEBUG] o.s.s.w.a.i.FilterSecurityInterceptor - Authorized filter invocation [GET /css/styles.css] with attributes [permitAll]
2025-04-18 10:37:16 [http-nio-8080-exec-6] [DEBUG] o.s.security.web.FilterChainProxy - Secured GET /css/styles.css
2025-04-18 10:37:16 [http-nio-8080-exec-9] [DEBUG] o.s.security.web.FilterChainProxy - Securing GET /img/logo_alliance.png
2025-04-18 10:37:16 [http-nio-8080-exec-4] [DEBUG] o.s.security.web.FilterChainProxy - Securing GET /images/tour/70efb4f2-568c-40d0-b39f-55ed0ccbc07e_00-Козельск.jpg
2025-04-18 10:37:16 [http-nio-8080-exec-4] [DEBUG] o.s.s.w.c.HttpSessionSecurityContextRepository - Retrieved SecurityContextImpl [Authentication=OAuth2AuthenticationToken [Principal=Name: [107234087105093742255], Granted Authorities: [[OIDC_USER, SCOPE_https://www.googleapis.com/auth/userinfo.email, SCOPE_https://www.googleapis.com/auth/userinfo.profile, SCOPE_openid]], User Attributes: [{at_hash=QIn4N3UChPr1lEyVahXWIw, sub=107234087105093742255, email_verified=true, iss=https://accounts.google.com, given_name=Павел, nonce=rVB9z2VK3RkxPMY1aSpLXA1LTzfIhpKGnTKpjzpx7mE, picture=https://lh3.googleusercontent.com/a/ACg8ocJJoh9jonlTH61VWgvXCiXb0zCDjifGZZtZ30sCErS3N5ntDw=s96-c, aud=[909915657042-l07l5jl8r3v54r15k12hp7vev9dor6r7.apps.googleusercontent.com], azp=909915657042-l07l5jl8r3v54r15k12hp7vev9dor6r7.apps.googleusercontent.com, name=Павел Королев, exp=2025-04-18T08:25:26Z, family_name=Королев, iat=2025-04-18T07:25:26Z, email=passapdom@gmail.com}], Credentials=[PROTECTED], Authenticated=true, Details=WebAuthenticationDetails [RemoteIpAddress=0:0:0:0:0:0:0:1, SessionId=C6EED896D010ABE78F09743AF572D3F2], Granted Authorities=[OIDC_USER, SCOPE_https://www.googleapis.com/auth/userinfo.email, SCOPE_https://www.googleapis.com/auth/userinfo.profile, SCOPE_openid]]]
2025-04-18 10:37:16 [http-nio-8080-exec-9] [DEBUG] o.s.s.w.c.HttpSessionSecurityContextRepository - Retrieved SecurityContextImpl [Authentication=OAuth2AuthenticationToken [Principal=Name: [107234087105093742255], Granted Authorities: [[OIDC_USER, SCOPE_https://www.googleapis.com/auth/userinfo.email, SCOPE_https://www.googleapis.com/auth/userinfo.profile, SCOPE_openid]], User Attributes: [{at_hash=QIn4N3UChPr1lEyVahXWIw, sub=107234087105093742255, email_verified=true, iss=https://accounts.google.com, given_name=Павел, nonce=rVB9z2VK3RkxPMY1aSpLXA1LTzfIhpKGnTKpjzpx7mE, picture=https://lh3.googleusercontent.com/a/ACg8ocJJoh9jonlTH61VWgvXCiXb0zCDjifGZZtZ30sCErS3N5ntDw=s96-c, aud=[909915657042-l07l5jl8r3v54r15k12hp7vev9dor6r7.apps.googleusercontent.com], azp=909915657042-l07l5jl8r3v54r15k12hp7vev9dor6r7.apps.googleusercontent.com, name=Павел Королев, exp=2025-04-18T08:25:26Z, family_name=Королев, iat=2025-04-18T07:25:26Z, email=passapdom@gmail.com}], Credentials=[PROTECTED], Authenticated=true, Details=WebAuthenticationDetails [RemoteIpAddress=0:0:0:0:0:0:0:1, SessionId=C6EED896D010ABE78F09743AF572D3F2], Granted Authorities=[OIDC_USER, SCOPE_https://www.googleapis.com/auth/userinfo.email, SCOPE_https://www.googleapis.com/auth/userinfo.profile, SCOPE_openid]]]
2025-04-18 10:37:16 [http-nio-8080-exec-4] [DEBUG] o.s.s.w.a.i.FilterSecurityInterceptor - Authorized filter invocation [GET /images/tour/70efb4f2-568c-40d0-b39f-55ed0ccbc07e_00-Козельск.jpg] with attributes [permitAll]
2025-04-18 10:37:16 [http-nio-8080-exec-9] [DEBUG] o.s.s.w.a.i.FilterSecurityInterceptor - Authorized filter invocation [GET /img/logo_alliance.png] with attributes [permitAll]
2025-04-18 10:37:16 [http-nio-8080-exec-9] [DEBUG] o.s.security.web.FilterChainProxy - Secured GET /img/logo_alliance.png
2025-04-18 10:37:16 [http-nio-8080-exec-4] [DEBUG] o.s.security.web.FilterChainProxy - Secured GET /images/tour/70efb4f2-568c-40d0-b39f-55ed0ccbc07e_00-Козельск.jpg
2025-04-18 10:37:16 [http-nio-8080-exec-2] [DEBUG] o.s.security.web.FilterChainProxy - Securing GET /images/tour/9a82b164-22ad-4d36-b819-c6f0b357f20e_01.jpg
2025-04-18 10:37:16 [http-nio-8080-exec-3] [DEBUG] o.s.security.web.FilterChainProxy - Securing GET /images/tour/414b0294-d609-404f-b29e-bce0b3a8dd2d_2.jpg
2025-04-18 10:37:16 [http-nio-8080-exec-5] [DEBUG] o.s.security.web.FilterChainProxy - Securing GET /images/tour/2fda8126-ebe8-4ae8-8cc0-41fba6cc8428_photo_2024-12-23_22-18-01.jpg
2025-04-18 10:37:16 [http-nio-8080-exec-1] [DEBUG] o.s.security.web.FilterChainProxy - Securing GET /images/tour/ab411480-0960-49e0-851d-d9a6ee643bbf_photo_2024-12-23_22-18-02.jpg
2025-04-18 10:37:16 [http-nio-8080-exec-1] [DEBUG] o.s.s.w.c.HttpSessionSecurityContextRepository - Retrieved SecurityContextImpl [Authentication=OAuth2AuthenticationToken [Principal=Name: [107234087105093742255], Granted Authorities: [[OIDC_USER, SCOPE_https://www.googleapis.com/auth/userinfo.email, SCOPE_https://www.googleapis.com/auth/userinfo.profile, SCOPE_openid]], User Attributes: [{at_hash=QIn4N3UChPr1lEyVahXWIw, sub=107234087105093742255, email_verified=true, iss=https://accounts.google.com, given_name=Павел, nonce=rVB9z2VK3RkxPMY1aSpLXA1LTzfIhpKGnTKpjzpx7mE, picture=https://lh3.googleusercontent.com/a/ACg8ocJJoh9jonlTH61VWgvXCiXb0zCDjifGZZtZ30sCErS3N5ntDw=s96-c, aud=[909915657042-l07l5jl8r3v54r15k12hp7vev9dor6r7.apps.googleusercontent.com], azp=909915657042-l07l5jl8r3v54r15k12hp7vev9dor6r7.apps.googleusercontent.com, name=Павел Королев, exp=2025-04-18T08:25:26Z, family_name=Королев, iat=2025-04-18T07:25:26Z, email=passapdom@gmail.com}], Credentials=[PROTECTED], Authenticated=true, Details=WebAuthenticationDetails [RemoteIpAddress=0:0:0:0:0:0:0:1, SessionId=C6EED896D010ABE78F09743AF572D3F2], Granted Authorities=[OIDC_USER, SCOPE_https://www.googleapis.com/auth/userinfo.email, SCOPE_https://www.googleapis.com/auth/userinfo.profile, SCOPE_openid]]]
2025-04-18 10:37:16 [http-nio-8080-exec-5] [DEBUG] o.s.s.w.c.HttpSessionSecurityContextRepository - Retrieved SecurityContextImpl [Authentication=OAuth2AuthenticationToken [Principal=Name: [107234087105093742255], Granted Authorities: [[OIDC_USER, SCOPE_https://www.googleapis.com/auth/userinfo.email, SCOPE_https://www.googleapis.com/auth/userinfo.profile, SCOPE_openid]], User Attributes: [{at_hash=QIn4N3UChPr1lEyVahXWIw, sub=107234087105093742255, email_verified=true, iss=https://accounts.google.com, given_name=Павел, nonce=rVB9z2VK3RkxPMY1aSpLXA1LTzfIhpKGnTKpjzpx7mE, picture=https://lh3.googleusercontent.com/a/ACg8ocJJoh9jonlTH61VWgvXCiXb0zCDjifGZZtZ30sCErS3N5ntDw=s96-c, aud=[909915657042-l07l5jl8r3v54r15k12hp7vev9dor6r7.apps.googleusercontent.com], azp=909915657042-l07l5jl8r3v54r15k12hp7vev9dor6r7.apps.googleusercontent.com, name=Павел Королев, exp=2025-04-18T08:25:26Z, family_name=Королев, iat=2025-04-18T07:25:26Z, email=passapdom@gmail.com}], Credentials=[PROTECTED], Authenticated=true, Details=WebAuthenticationDetails [RemoteIpAddress=0:0:0:0:0:0:0:1, SessionId=C6EED896D010ABE78F09743AF572D3F2], Granted Authorities=[OIDC_USER, SCOPE_https://www.googleapis.com/auth/userinfo.email, SCOPE_https://www.googleapis.com/auth/userinfo.profile, SCOPE_openid]]]
2025-04-18 10:37:16 [http-nio-8080-exec-3] [DEBUG] o.s.s.w.c.HttpSessionSecurityContextRepository - Retrieved SecurityContextImpl [Authentication=OAuth2AuthenticationToken [Principal=Name: [107234087105093742255], Granted Authorities: [[OIDC_USER, SCOPE_https://www.googleapis.com/auth/userinfo.email, SCOPE_https://www.googleapis.com/auth/userinfo.profile, SCOPE_openid]], User Attributes: [{at_hash=QIn4N3UChPr1lEyVahXWIw, sub=107234087105093742255, email_verified=true, iss=https://accounts.google.com, given_name=Павел, nonce=rVB9z2VK3RkxPMY1aSpLXA1LTzfIhpKGnTKpjzpx7mE, picture=https://lh3.googleusercontent.com/a/ACg8ocJJoh9jonlTH61VWgvXCiXb0zCDjifGZZtZ30sCErS3N5ntDw=s96-c, aud=[909915657042-l07l5jl8r3v54r15k12hp7vev9dor6r7.apps.googleusercontent.com], azp=909915657042-l07l5jl8r3v54r15k12hp7vev9dor6r7.apps.googleusercontent.com, name=Павел Королев, exp=2025-04-18T08:25:26Z, family_name=Королев, iat=2025-04-18T07:25:26Z, email=passapdom@gmail.com}], Credentials=[PROTECTED], Authenticated=true, Details=WebAuthenticationDetails [RemoteIpAddress=0:0:0:0:0:0:0:1, SessionId=C6EED896D010ABE78F09743AF572D3F2], Granted Authorities=[OIDC_USER, SCOPE_https://www.googleapis.com/auth/userinfo.email, SCOPE_https://www.googleapis.com/auth/userinfo.profile, SCOPE_openid]]]
2025-04-18 10:37:16 [http-nio-8080-exec-2] [DEBUG] o.s.s.w.c.HttpSessionSecurityContextRepository - Retrieved SecurityContextImpl [Authentication=OAuth2AuthenticationToken [Principal=Name: [107234087105093742255], Granted Authorities: [[OIDC_USER, SCOPE_https://www.googleapis.com/auth/userinfo.email, SCOPE_https://www.googleapis.com/auth/userinfo.profile, SCOPE_openid]], User Attributes: [{at_hash=QIn4N3UChPr1lEyVahXWIw, sub=107234087105093742255, email_verified=true, iss=https://accounts.google.com, given_name=Павел, nonce=rVB9z2VK3RkxPMY1aSpLXA1LTzfIhpKGnTKpjzpx7mE, picture=https://lh3.googleusercontent.com/a/ACg8ocJJoh9jonlTH61VWgvXCiXb0zCDjifGZZtZ30sCErS3N5ntDw=s96-c, aud=[909915657042-l07l5jl8r3v54r15k12hp7vev9dor6r7.apps.googleusercontent.com], azp=909915657042-l07l5jl8r3v54r15k12hp7vev9dor6r7.apps.googleusercontent.com, name=Павел Королев, exp=2025-04-18T08:25:26Z, family_name=Королев, iat=2025-04-18T07:25:26Z, email=passapdom@gmail.com}], Credentials=[PROTECTED], Authenticated=true, Details=WebAuthenticationDetails [RemoteIpAddress=0:0:0:0:0:0:0:1, SessionId=C6EED896D010ABE78F09743AF572D3F2], Granted Authorities=[OIDC_USER, SCOPE_https://www.googleapis.com/auth/userinfo.email, SCOPE_https://www.googleapis.com/auth/userinfo.profile, SCOPE_openid]]]
2025-04-18 10:37:16 [http-nio-8080-exec-1] [DEBUG] o.s.s.w.a.i.FilterSecurityInterceptor - Authorized filter invocation [GET /images/tour/ab411480-0960-49e0-851d-d9a6ee643bbf_photo_2024-12-23_22-18-02.jpg] with attributes [permitAll]
2025-04-18 10:37:16 [http-nio-8080-exec-2] [DEBUG] o.s.s.w.a.i.FilterSecurityInterceptor - Authorized filter invocation [GET /images/tour/9a82b164-22ad-4d36-b819-c6f0b357f20e_01.jpg] with attributes [permitAll]
2025-04-18 10:37:16 [http-nio-8080-exec-5] [DEBUG] o.s.s.w.a.i.FilterSecurityInterceptor - Authorized filter invocation [GET /images/tour/2fda8126-ebe8-4ae8-8cc0-41fba6cc8428_photo_2024-12-23_22-18-01.jpg] with attributes [permitAll]
2025-04-18 10:37:16 [http-nio-8080-exec-3] [DEBUG] o.s.s.w.a.i.FilterSecurityInterceptor - Authorized filter invocation [GET /images/tour/414b0294-d609-404f-b29e-bce0b3a8dd2d_2.jpg] with attributes [permitAll]
2025-04-18 10:37:16 [http-nio-8080-exec-1] [DEBUG] o.s.security.web.FilterChainProxy - Secured GET /images/tour/ab411480-0960-49e0-851d-d9a6ee643bbf_photo_2024-12-23_22-18-02.jpg
2025-04-18 10:37:16 [http-nio-8080-exec-5] [DEBUG] o.s.security.web.FilterChainProxy - Secured GET /images/tour/2fda8126-ebe8-4ae8-8cc0-41fba6cc8428_photo_2024-12-23_22-18-01.jpg
2025-04-18 10:37:16 [http-nio-8080-exec-2] [DEBUG] o.s.security.web.FilterChainProxy - Secured GET /images/tour/9a82b164-22ad-4d36-b819-c6f0b357f20e_01.jpg
2025-04-18 10:37:16 [http-nio-8080-exec-3] [DEBUG] o.s.security.web.FilterChainProxy - Secured GET /images/tour/414b0294-d609-404f-b29e-bce0b3a8dd2d_2.jpg
2025-04-18 10:39:01 [SpringApplicationShutdownHook] [INFO] o.s.o.j.LocalContainerEntityManagerFactoryBean - Closing JPA EntityManagerFactory for persistence unit 'default'
2025-04-18 10:39:01 [SpringApplicationShutdownHook] [INFO] com.zaxxer.hikari.HikariDataSource - HikariPool-1 - Shutdown initiated...
2025-04-18 10:39:01 [SpringApplicationShutdownHook] [INFO] com.zaxxer.hikari.HikariDataSource - HikariPool-1 - Shutdown completed.
2025-04-18 19:24:34 [background-preinit] [INFO] o.h.validator.internal.util.Version - HV000001: Hibernate Validator 8.0.1.Final
2025-04-18 19:24:34 [restartedMain] [INFO] r.k.alliance.AllianceApplication - Starting AllianceApplication using Java 23.0.1 with PID 18776 (C:\Users\Zver\Desktop\Projects\alliance\target\classes started by pavel in C:\Users\Zver\Desktop\Projects\alliance)
2025-04-18 19:24:34 [restartedMain] [INFO] r.k.alliance.AllianceApplication - No active profile set, falling back to 1 default profile: "default"
2025-04-18 19:24:34 [restartedMain] [INFO] o.s.b.d.e.DevToolsPropertyDefaultsPostProcessor - Devtools property defaults active! Set 'spring.devtools.add-properties' to 'false' to disable
2025-04-18 19:24:34 [restartedMain] [INFO] o.s.b.d.e.DevToolsPropertyDefaultsPostProcessor - For additional web related logging consider setting the 'logging.level.web' property to 'DEBUG'
2025-04-18 19:24:35 [restartedMain] [INFO] o.s.d.r.c.RepositoryConfigurationDelegate - Bootstrapping Spring Data JPA repositories in DEFAULT mode.
2025-04-18 19:24:35 [restartedMain] [INFO] o.s.d.r.c.RepositoryConfigurationDelegate - Finished Spring Data repository scanning in 105 ms. Found 12 JPA repository interfaces.
2025-04-18 19:24:36 [restartedMain] [INFO] o.s.b.w.e.tomcat.TomcatWebServer - Tomcat initialized with port 8080 (http)
2025-04-18 19:24:36 [restartedMain] [INFO] o.a.coyote.http11.Http11NioProtocol - Initializing ProtocolHandler ["http-nio-8080"]
2025-04-18 19:24:36 [restartedMain] [INFO] o.a.catalina.core.StandardService - Starting service [Tomcat]
2025-04-18 19:24:36 [restartedMain] [INFO] o.a.catalina.core.StandardEngine - Starting Servlet engine: [Apache Tomcat/10.1.31]
2025-04-18 19:24:37 [restartedMain] [INFO] o.a.c.c.C.[Tomcat].[localhost].[/] - Initializing Spring embedded WebApplicationContext
2025-04-18 19:24:37 [restartedMain] [INFO] o.s.b.w.s.c.ServletWebServerApplicationContext - Root WebApplicationContext: initialization completed in 2650 ms
2025-04-18 19:24:37 [restartedMain] [INFO] com.zaxxer.hikari.HikariDataSource - HikariPool-1 - Starting...
2025-04-18 19:24:37 [restartedMain] [INFO] com.zaxxer.hikari.pool.HikariPool - HikariPool-1 - Added connection org.postgresql.jdbc.PgConnection@68fddb3d
2025-04-18 19:24:37 [restartedMain] [INFO] com.zaxxer.hikari.HikariDataSource - HikariPool-1 - Start completed.
2025-04-18 19:24:37 [restartedMain] [INFO] o.h.jpa.internal.util.LogHelper - HHH000204: Processing PersistenceUnitInfo [name: default]
2025-04-18 19:24:37 [restartedMain] [INFO] org.hibernate.Version - HHH000412: Hibernate ORM core version 6.5.3.Final
2025-04-18 19:24:37 [restartedMain] [INFO] o.h.c.i.RegionFactoryInitiator - HHH000026: Second-level cache disabled
2025-04-18 19:24:38 [restartedMain] [INFO] o.s.o.j.p.SpringPersistenceUnitInfo - No LoadTimeWeaver setup: ignoring JPA class transformer
2025-04-18 19:24:39 [restartedMain] [INFO] o.h.e.t.j.p.i.JtaPlatformInitiator - HHH000489: No JTA platform available (set 'hibernate.transaction.jta.platform' to enable JTA platform integration)
2025-04-18 19:24:39 [restartedMain] [INFO] o.s.o.j.LocalContainerEntityManagerFactoryBean - Initialized JPA EntityManagerFactory for persistence unit 'default'
2025-04-18 19:24:39 [restartedMain] [INFO] o.s.d.j.r.query.QueryEnhancerFactory - Hibernate is in classpath; If applicable, HQL parser will be used.
2025-04-18 19:24:40 [restartedMain] [WARN] o.s.b.w.s.c.AnnotationConfigServletWebServerApplicationContext - Exception encountered during context initialization - cancelling refresh attempt: org.springframework.beans.factory.UnsatisfiedDependencyException: Error creating bean with name 'org.springframework.security.config.annotation.web.configuration.WebSecurityConfiguration': Unsatisfied dependency expressed through field 'httpSecurity': Error creating bean with name 'org.springframework.security.config.annotation.web.configuration.HttpSecurityConfiguration': Unsatisfied dependency expressed through method 'setContentNegotiationStrategy' parameter 0: Error creating bean with name 'org.springframework.boot.autoconfigure.web.servlet.WebMvcAutoConfiguration$EnableWebMvcConfiguration': Unsatisfied dependency expressed through method 'setConfigurers' parameter 0: Error creating bean with name 'org.springframework.security.config.annotation.web.configuration.OAuth2ClientConfiguration$OAuth2ClientWebMvcSecurityConfiguration': Unsatisfied dependency expressed through method 'setAuthorizedClientManager' parameter 0: Error creating bean with name 'OAuth2AuthorizedClientManager': Failed to instantiate [org.springframework.security.oauth2.client.OAuth2AuthorizedClientManager]: Factory method 'getAuthorizedClientManager' threw exception with message: Error creating bean with name 'clientRegistrationRepository' defined in class path resource [org/springframework/boot/autoconfigure/security/oauth2/client/servlet/OAuth2ClientRegistrationRepositoryConfiguration.class]: Failed to instantiate [org.springframework.security.oauth2.client.registration.InMemoryClientRegistrationRepository]: Factory method 'clientRegistrationRepository' threw exception with message: Unable to resolve Configuration with the provided Issuer of "https://accounts.google.com"
2025-04-18 19:24:40 [restartedMain] [INFO] o.s.o.j.LocalContainerEntityManagerFactoryBean - Closing JPA EntityManagerFactory for persistence unit 'default'
2025-04-18 19:24:40 [restartedMain] [INFO] com.zaxxer.hikari.HikariDataSource - HikariPool-1 - Shutdown initiated...
2025-04-18 19:24:40 [restartedMain] [INFO] com.zaxxer.hikari.HikariDataSource - HikariPool-1 - Shutdown completed.
2025-04-18 19:24:40 [restartedMain] [INFO] o.a.catalina.core.StandardService - Stopping service [Tomcat]
2025-04-18 19:24:40 [restartedMain] [INFO] o.s.b.a.l.ConditionEvaluationReportLogger - 

Error starting ApplicationContext. To display the condition evaluation report re-run your application with 'debug' enabled.
2025-04-18 19:24:40 [restartedMain] [ERROR] o.s.boot.SpringApplication - Application run failed
org.springframework.beans.factory.UnsatisfiedDependencyException: Error creating bean with name 'org.springframework.security.config.annotation.web.configuration.WebSecurityConfiguration': Unsatisfied dependency expressed through field 'httpSecurity': Error creating bean with name 'org.springframework.security.config.annotation.web.configuration.HttpSecurityConfiguration': Unsatisfied dependency expressed through method 'setContentNegotiationStrategy' parameter 0: Error creating bean with name 'org.springframework.boot.autoconfigure.web.servlet.WebMvcAutoConfiguration$EnableWebMvcConfiguration': Unsatisfied dependency expressed through method 'setConfigurers' parameter 0: Error creating bean with name 'org.springframework.security.config.annotation.web.configuration.OAuth2ClientConfiguration$OAuth2ClientWebMvcSecurityConfiguration': Unsatisfied dependency expressed through method 'setAuthorizedClientManager' parameter 0: Error creating bean with name 'OAuth2AuthorizedClientManager': Failed to instantiate [org.springframework.security.oauth2.client.OAuth2AuthorizedClientManager]: Factory method 'getAuthorizedClientManager' threw exception with message: Error creating bean with name 'clientRegistrationRepository' defined in class path resource [org/springframework/boot/autoconfigure/security/oauth2/client/servlet/OAuth2ClientRegistrationRepositoryConfiguration.class]: Failed to instantiate [org.springframework.security.oauth2.client.registration.InMemoryClientRegistrationRepository]: Factory method 'clientRegistrationRepository' threw exception with message: Unable to resolve Configuration with the provided Issuer of "https://accounts.google.com"
	at org.springframework.beans.factory.annotation.AutowiredAnnotationBeanPostProcessor$AutowiredFieldElement.resolveFieldValue(AutowiredAnnotationBeanPostProcessor.java:788)
	at org.springframework.beans.factory.annotation.AutowiredAnnotationBeanPostProcessor$AutowiredFieldElement.inject(AutowiredAnnotationBeanPostProcessor.java:768)
	at org.springframework.beans.factory.annotation.InjectionMetadata.inject(InjectionMetadata.java:145)
	at org.springframework.beans.factory.annotation.AutowiredAnnotationBeanPostProcessor.postProcessProperties(AutowiredAnnotationBeanPostProcessor.java:509)
	at org.springframework.beans.factory.support.AbstractAutowireCapableBeanFactory.populateBean(AbstractAutowireCapableBeanFactory.java:1439)
	at org.springframework.beans.factory.support.AbstractAutowireCapableBeanFactory.doCreateBean(AbstractAutowireCapableBeanFactory.java:599)
	at org.springframework.beans.factory.support.AbstractAutowireCapableBeanFactory.createBean(AbstractAutowireCapableBeanFactory.java:522)
	at org.springframework.beans.factory.support.AbstractBeanFactory.lambda$doGetBean$0(AbstractBeanFactory.java:337)
	at org.springframework.beans.factory.support.DefaultSingletonBeanRegistry.getSingleton(DefaultSingletonBeanRegistry.java:234)
	at org.springframework.beans.factory.support.AbstractBeanFactory.doGetBean(AbstractBeanFactory.java:335)
	at org.springframework.beans.factory.support.AbstractBeanFactory.getBean(AbstractBeanFactory.java:200)
	at org.springframework.beans.factory.support.DefaultListableBeanFactory.preInstantiateSingletons(DefaultListableBeanFactory.java:975)
	at org.springframework.context.support.AbstractApplicationContext.finishBeanFactoryInitialization(AbstractApplicationContext.java:971)
	at org.springframework.context.support.AbstractApplicationContext.refresh(AbstractApplicationContext.java:625)
	at org.springframework.boot.web.servlet.context.ServletWebServerApplicationContext.refresh(ServletWebServerApplicationContext.java:146)
	at org.springframework.boot.SpringApplication.refresh(SpringApplication.java:754)
	at org.springframework.boot.SpringApplication.refreshContext(SpringApplication.java:456)
	at org.springframework.boot.SpringApplication.run(SpringApplication.java:335)
	at org.springframework.boot.SpringApplication.run(SpringApplication.java:1363)
	at org.springframework.boot.SpringApplication.run(SpringApplication.java:1352)
	at ru.kozelsk.alliance.AllianceApplication.main(AllianceApplication.java:13)
	at java.base/jdk.internal.reflect.DirectMethodHandleAccessor.invoke(DirectMethodHandleAccessor.java:103)
	at java.base/java.lang.reflect.Method.invoke(Method.java:580)
	at org.springframework.boot.devtools.restart.RestartLauncher.run(RestartLauncher.java:50)
Caused by: org.springframework.beans.factory.UnsatisfiedDependencyException: Error creating bean with name 'org.springframework.security.config.annotation.web.configuration.HttpSecurityConfiguration': Unsatisfied dependency expressed through method 'setContentNegotiationStrategy' parameter 0: Error creating bean with name 'org.springframework.boot.autoconfigure.web.servlet.WebMvcAutoConfiguration$EnableWebMvcConfiguration': Unsatisfied dependency expressed through method 'setConfigurers' parameter 0: Error creating bean with name 'org.springframework.security.config.annotation.web.configuration.OAuth2ClientConfiguration$OAuth2ClientWebMvcSecurityConfiguration': Unsatisfied dependency expressed through method 'setAuthorizedClientManager' parameter 0: Error creating bean with name 'OAuth2AuthorizedClientManager': Failed to instantiate [org.springframework.security.oauth2.client.OAuth2AuthorizedClientManager]: Factory method 'getAuthorizedClientManager' threw exception with message: Error creating bean with name 'clientRegistrationRepository' defined in class path resource [org/springframework/boot/autoconfigure/security/oauth2/client/servlet/OAuth2ClientRegistrationRepositoryConfiguration.class]: Failed to instantiate [org.springframework.security.oauth2.client.registration.InMemoryClientRegistrationRepository]: Factory method 'clientRegistrationRepository' threw exception with message: Unable to resolve Configuration with the provided Issuer of "https://accounts.google.com"
	at org.springframework.beans.factory.annotation.AutowiredAnnotationBeanPostProcessor$AutowiredMethodElement.resolveMethodArguments(AutowiredAnnotationBeanPostProcessor.java:896)
	at org.springframework.beans.factory.annotation.AutowiredAnnotationBeanPostProcessor$AutowiredMethodElement.inject(AutowiredAnnotationBeanPostProcessor.java:849)
	at org.springframework.beans.factory.annotation.InjectionMetadata.inject(InjectionMetadata.java:145)
	at org.springframework.beans.factory.annotation.AutowiredAnnotationBeanPostProcessor.postProcessProperties(AutowiredAnnotationBeanPostProcessor.java:509)
	at org.springframework.beans.factory.support.AbstractAutowireCapableBeanFactory.populateBean(AbstractAutowireCapableBeanFactory.java:1439)
	at org.springframework.beans.factory.support.AbstractAutowireCapableBeanFactory.doCreateBean(AbstractAutowireCapableBeanFactory.java:599)
	at org.springframework.beans.factory.support.AbstractAutowireCapableBeanFactory.createBean(AbstractAutowireCapableBeanFactory.java:522)
	at org.springframework.beans.factory.support.AbstractBeanFactory.lambda$doGetBean$0(AbstractBeanFactory.java:337)
	at org.springframework.beans.factory.support.DefaultSingletonBeanRegistry.getSingleton(DefaultSingletonBeanRegistry.java:234)
	at org.springframework.beans.factory.support.AbstractBeanFactory.doGetBean(AbstractBeanFactory.java:335)
	at org.springframework.beans.factory.support.AbstractBeanFactory.getBean(AbstractBeanFactory.java:200)
	at org.springframework.beans.factory.support.ConstructorResolver.instantiateUsingFactoryMethod(ConstructorResolver.java:409)
	at org.springframework.beans.factory.support.AbstractAutowireCapableBeanFactory.instantiateUsingFactoryMethod(AbstractAutowireCapableBeanFactory.java:1355)
	at org.springframework.beans.factory.support.AbstractAutowireCapableBeanFactory.createBeanInstance(AbstractAutowireCapableBeanFactory.java:1185)
	at org.springframework.beans.factory.support.AbstractAutowireCapableBeanFactory.doCreateBean(AbstractAutowireCapableBeanFactory.java:562)
	at org.springframework.beans.factory.support.AbstractAutowireCapableBeanFactory.createBean(AbstractAutowireCapableBeanFactory.java:522)
	at org.springframework.beans.factory.support.AbstractBeanFactory.doGetBean(AbstractBeanFactory.java:355)
	at org.springframework.beans.factory.support.AbstractBeanFactory.getBean(AbstractBeanFactory.java:200)
	at org.springframework.beans.factory.config.DependencyDescriptor.resolveCandidate(DependencyDescriptor.java:254)
	at org.springframework.beans.factory.support.DefaultListableBeanFactory.doResolveDependency(DefaultListableBeanFactory.java:1443)
	at org.springframework.beans.factory.support.DefaultListableBeanFactory.resolveDependency(DefaultListableBeanFactory.java:1353)
	at org.springframework.beans.factory.annotation.AutowiredAnnotationBeanPostProcessor$AutowiredFieldElement.resolveFieldValue(AutowiredAnnotationBeanPostProcessor.java:785)
	... 23 common frames omitted
Caused by: org.springframework.beans.factory.UnsatisfiedDependencyException: Error creating bean with name 'org.springframework.boot.autoconfigure.web.servlet.WebMvcAutoConfiguration$EnableWebMvcConfiguration': Unsatisfied dependency expressed through method 'setConfigurers' parameter 0: Error creating bean with name 'org.springframework.security.config.annotation.web.configuration.OAuth2ClientConfiguration$OAuth2ClientWebMvcSecurityConfiguration': Unsatisfied dependency expressed through method 'setAuthorizedClientManager' parameter 0: Error creating bean with name 'OAuth2AuthorizedClientManager': Failed to instantiate [org.springframework.security.oauth2.client.OAuth2AuthorizedClientManager]: Factory method 'getAuthorizedClientManager' threw exception with message: Error creating bean with name 'clientRegistrationRepository' defined in class path resource [org/springframework/boot/autoconfigure/security/oauth2/client/servlet/OAuth2ClientRegistrationRepositoryConfiguration.class]: Failed to instantiate [org.springframework.security.oauth2.client.registration.InMemoryClientRegistrationRepository]: Factory method 'clientRegistrationRepository' threw exception with message: Unable to resolve Configuration with the provided Issuer of "https://accounts.google.com"
	at org.springframework.beans.factory.annotation.AutowiredAnnotationBeanPostProcessor$AutowiredMethodElement.resolveMethodArguments(AutowiredAnnotationBeanPostProcessor.java:896)
	at org.springframework.beans.factory.annotation.AutowiredAnnotationBeanPostProcessor$AutowiredMethodElement.inject(AutowiredAnnotationBeanPostProcessor.java:849)
	at org.springframework.beans.factory.annotation.InjectionMetadata.inject(InjectionMetadata.java:145)
	at org.springframework.beans.factory.annotation.AutowiredAnnotationBeanPostProcessor.postProcessProperties(AutowiredAnnotationBeanPostProcessor.java:509)
	at org.springframework.beans.factory.support.AbstractAutowireCapableBeanFactory.populateBean(AbstractAutowireCapableBeanFactory.java:1439)
	at org.springframework.beans.factory.support.AbstractAutowireCapableBeanFactory.doCreateBean(AbstractAutowireCapableBeanFactory.java:599)
	at org.springframework.beans.factory.support.AbstractAutowireCapableBeanFactory.createBean(AbstractAutowireCapableBeanFactory.java:522)
	at org.springframework.beans.factory.support.AbstractBeanFactory.lambda$doGetBean$0(AbstractBeanFactory.java:337)
	at org.springframework.beans.factory.support.DefaultSingletonBeanRegistry.getSingleton(DefaultSingletonBeanRegistry.java:234)
	at org.springframework.beans.factory.support.AbstractBeanFactory.doGetBean(AbstractBeanFactory.java:335)
	at org.springframework.beans.factory.support.AbstractBeanFactory.getBean(AbstractBeanFactory.java:200)
	at org.springframework.beans.factory.support.ConstructorResolver.instantiateUsingFactoryMethod(ConstructorResolver.java:409)
	at org.springframework.beans.factory.support.AbstractAutowireCapableBeanFactory.instantiateUsingFactoryMethod(AbstractAutowireCapableBeanFactory.java:1355)
	at org.springframework.beans.factory.support.AbstractAutowireCapableBeanFactory.createBeanInstance(AbstractAutowireCapableBeanFactory.java:1185)
	at org.springframework.beans.factory.support.AbstractAutowireCapableBeanFactory.doCreateBean(AbstractAutowireCapableBeanFactory.java:562)
	at org.springframework.beans.factory.support.AbstractAutowireCapableBeanFactory.createBean(AbstractAutowireCapableBeanFactory.java:522)
	at org.springframework.beans.factory.support.AbstractBeanFactory.lambda$doGetBean$0(AbstractBeanFactory.java:337)
	at org.springframework.beans.factory.support.DefaultSingletonBeanRegistry.getSingleton(DefaultSingletonBeanRegistry.java:234)
	at org.springframework.beans.factory.support.AbstractBeanFactory.doGetBean(AbstractBeanFactory.java:335)
	at org.springframework.beans.factory.support.AbstractBeanFactory.getBean(AbstractBeanFactory.java:200)
	at org.springframework.beans.factory.config.DependencyDescriptor.resolveCandidate(DependencyDescriptor.java:254)
	at org.springframework.beans.factory.support.DefaultListableBeanFactory.doResolveDependency(DefaultListableBeanFactory.java:1443)
	at org.springframework.beans.factory.support.DefaultListableBeanFactory.resolveDependency(DefaultListableBeanFactory.java:1353)
	at org.springframework.beans.factory.annotation.AutowiredAnnotationBeanPostProcessor$AutowiredMethodElement.resolveMethodArguments(AutowiredAnnotationBeanPostProcessor.java:888)
	... 44 common frames omitted
Caused by: org.springframework.beans.factory.UnsatisfiedDependencyException: Error creating bean with name 'org.springframework.security.config.annotation.web.configuration.OAuth2ClientConfiguration$OAuth2ClientWebMvcSecurityConfiguration': Unsatisfied dependency expressed through method 'setAuthorizedClientManager' parameter 0: Error creating bean with name 'OAuth2AuthorizedClientManager': Failed to instantiate [org.springframework.security.oauth2.client.OAuth2AuthorizedClientManager]: Factory method 'getAuthorizedClientManager' threw exception with message: Error creating bean with name 'clientRegistrationRepository' defined in class path resource [org/springframework/boot/autoconfigure/security/oauth2/client/servlet/OAuth2ClientRegistrationRepositoryConfiguration.class]: Failed to instantiate [org.springframework.security.oauth2.client.registration.InMemoryClientRegistrationRepository]: Factory method 'clientRegistrationRepository' threw exception with message: Unable to resolve Configuration with the provided Issuer of "https://accounts.google.com"
	at org.springframework.beans.factory.annotation.AutowiredAnnotationBeanPostProcessor$AutowiredMethodElement.resolveMethodArguments(AutowiredAnnotationBeanPostProcessor.java:896)
	at org.springframework.beans.factory.annotation.AutowiredAnnotationBeanPostProcessor$AutowiredMethodElement.inject(AutowiredAnnotationBeanPostProcessor.java:849)
	at org.springframework.beans.factory.annotation.InjectionMetadata.inject(InjectionMetadata.java:145)
	at org.springframework.beans.factory.annotation.AutowiredAnnotationBeanPostProcessor.postProcessProperties(AutowiredAnnotationBeanPostProcessor.java:509)
	at org.springframework.beans.factory.support.AbstractAutowireCapableBeanFactory.populateBean(AbstractAutowireCapableBeanFactory.java:1439)
	at org.springframework.beans.factory.support.AbstractAutowireCapableBeanFactory.doCreateBean(AbstractAutowireCapableBeanFactory.java:599)
	at org.springframework.beans.factory.support.AbstractAutowireCapableBeanFactory.createBean(AbstractAutowireCapableBeanFactory.java:522)
	at org.springframework.beans.factory.support.AbstractBeanFactory.lambda$doGetBean$0(AbstractBeanFactory.java:337)
	at org.springframework.beans.factory.support.DefaultSingletonBeanRegistry.getSingleton(DefaultSingletonBeanRegistry.java:234)
	at org.springframework.beans.factory.support.AbstractBeanFactory.doGetBean(AbstractBeanFactory.java:335)
	at org.springframework.beans.factory.support.AbstractBeanFactory.getBean(AbstractBeanFactory.java:200)
	at org.springframework.beans.factory.config.DependencyDescriptor.resolveCandidate(DependencyDescriptor.java:254)
	at org.springframework.beans.factory.support.DefaultListableBeanFactory.addCandidateEntry(DefaultListableBeanFactory.java:1689)
	at org.springframework.beans.factory.support.DefaultListableBeanFactory.findAutowireCandidates(DefaultListableBeanFactory.java:1653)
	at org.springframework.beans.factory.support.DefaultListableBeanFactory.resolveMultipleBeanCollection(DefaultListableBeanFactory.java:1543)
	at org.springframework.beans.factory.support.DefaultListableBeanFactory.resolveMultipleBeans(DefaultListableBeanFactory.java:1511)
	at org.springframework.beans.factory.support.DefaultListableBeanFactory.doResolveDependency(DefaultListableBeanFactory.java:1392)
	at org.springframework.beans.factory.support.DefaultListableBeanFactory.resolveDependency(DefaultListableBeanFactory.java:1353)
	at org.springframework.beans.factory.annotation.AutowiredAnnotationBeanPostProcessor$AutowiredMethodElement.resolveMethodArguments(AutowiredAnnotationBeanPostProcessor.java:888)
	... 67 common frames omitted
Caused by: org.springframework.beans.factory.BeanCreationException: Error creating bean with name 'OAuth2AuthorizedClientManager': Failed to instantiate [org.springframework.security.oauth2.client.OAuth2AuthorizedClientManager]: Factory method 'getAuthorizedClientManager' threw exception with message: Error creating bean with name 'clientRegistrationRepository' defined in class path resource [org/springframework/boot/autoconfigure/security/oauth2/client/servlet/OAuth2ClientRegistrationRepositoryConfiguration.class]: Failed to instantiate [org.springframework.security.oauth2.client.registration.InMemoryClientRegistrationRepository]: Factory method 'clientRegistrationRepository' threw exception with message: Unable to resolve Configuration with the provided Issuer of "https://accounts.google.com"
	at org.springframework.beans.factory.support.ConstructorResolver.instantiate(ConstructorResolver.java:648)
	at org.springframework.beans.factory.support.ConstructorResolver.instantiateUsingFactoryMethod(ConstructorResolver.java:485)
	at org.springframework.beans.factory.support.AbstractAutowireCapableBeanFactory.instantiateUsingFactoryMethod(AbstractAutowireCapableBeanFactory.java:1355)
	at org.springframework.beans.factory.support.AbstractAutowireCapableBeanFactory.createBeanInstance(AbstractAutowireCapableBeanFactory.java:1185)
	at org.springframework.beans.factory.support.AbstractAutowireCapableBeanFactory.doCreateBean(AbstractAutowireCapableBeanFactory.java:562)
	at org.springframework.beans.factory.support.AbstractAutowireCapableBeanFactory.createBean(AbstractAutowireCapableBeanFactory.java:522)
	at org.springframework.beans.factory.support.AbstractBeanFactory.lambda$doGetBean$0(AbstractBeanFactory.java:337)
	at org.springframework.beans.factory.support.DefaultSingletonBeanRegistry.getSingleton(DefaultSingletonBeanRegistry.java:234)
	at org.springframework.beans.factory.support.AbstractBeanFactory.doGetBean(AbstractBeanFactory.java:335)
	at org.springframework.beans.factory.support.AbstractBeanFactory.getBean(AbstractBeanFactory.java:200)
	at org.springframework.beans.factory.config.DependencyDescriptor.resolveCandidate(DependencyDescriptor.java:254)
	at org.springframework.beans.factory.support.DefaultListableBeanFactory.addCandidateEntry(DefaultListableBeanFactory.java:1689)
	at org.springframework.beans.factory.support.DefaultListableBeanFactory.findAutowireCandidates(DefaultListableBeanFactory.java:1653)
	at org.springframework.beans.factory.support.DefaultListableBeanFactory.resolveMultipleBeanCollection(DefaultListableBeanFactory.java:1543)
	at org.springframework.beans.factory.support.DefaultListableBeanFactory.resolveMultipleBeans(DefaultListableBeanFactory.java:1511)
	at org.springframework.beans.factory.support.DefaultListableBeanFactory.doResolveDependency(DefaultListableBeanFactory.java:1392)
	at org.springframework.beans.factory.support.DefaultListableBeanFactory.resolveDependency(DefaultListableBeanFactory.java:1353)
	at org.springframework.beans.factory.annotation.AutowiredAnnotationBeanPostProcessor$AutowiredMethodElement.resolveMethodArguments(AutowiredAnnotationBeanPostProcessor.java:888)
	... 85 common frames omitted
Caused by: org.springframework.beans.BeanInstantiationException: Failed to instantiate [org.springframework.security.oauth2.client.OAuth2AuthorizedClientManager]: Factory method 'getAuthorizedClientManager' threw exception with message: Error creating bean with name 'clientRegistrationRepository' defined in class path resource [org/springframework/boot/autoconfigure/security/oauth2/client/servlet/OAuth2ClientRegistrationRepositoryConfiguration.class]: Failed to instantiate [org.springframework.security.oauth2.client.registration.InMemoryClientRegistrationRepository]: Factory method 'clientRegistrationRepository' threw exception with message: Unable to resolve Configuration with the provided Issuer of "https://accounts.google.com"
	at org.springframework.beans.factory.support.SimpleInstantiationStrategy.instantiate(SimpleInstantiationStrategy.java:178)
	at org.springframework.beans.factory.support.ConstructorResolver.instantiate(ConstructorResolver.java:644)
	... 102 common frames omitted
Caused by: org.springframework.beans.factory.BeanCreationException: Error creating bean with name 'clientRegistrationRepository' defined in class path resource [org/springframework/boot/autoconfigure/security/oauth2/client/servlet/OAuth2ClientRegistrationRepositoryConfiguration.class]: Failed to instantiate [org.springframework.security.oauth2.client.registration.InMemoryClientRegistrationRepository]: Factory method 'clientRegistrationRepository' threw exception with message: Unable to resolve Configuration with the provided Issuer of "https://accounts.google.com"
	at org.springframework.beans.factory.support.ConstructorResolver.instantiate(ConstructorResolver.java:648)
	at org.springframework.beans.factory.support.ConstructorResolver.instantiateUsingFactoryMethod(ConstructorResolver.java:636)
	at org.springframework.beans.factory.support.AbstractAutowireCapableBeanFactory.instantiateUsingFactoryMethod(AbstractAutowireCapableBeanFactory.java:1355)
	at org.springframework.beans.factory.support.AbstractAutowireCapableBeanFactory.createBeanInstance(AbstractAutowireCapableBeanFactory.java:1185)
	at org.springframework.beans.factory.support.AbstractAutowireCapableBeanFactory.doCreateBean(AbstractAutowireCapableBeanFactory.java:562)
	at org.springframework.beans.factory.support.AbstractAutowireCapableBeanFactory.createBean(AbstractAutowireCapableBeanFactory.java:522)
	at org.springframework.beans.factory.support.AbstractBeanFactory.lambda$doGetBean$0(AbstractBeanFactory.java:337)
	at org.springframework.beans.factory.support.DefaultSingletonBeanRegistry.getSingleton(DefaultSingletonBeanRegistry.java:234)
	at org.springframework.beans.factory.support.AbstractBeanFactory.doGetBean(AbstractBeanFactory.java:335)
	at org.springframework.beans.factory.support.AbstractBeanFactory.getBean(AbstractBeanFactory.java:200)
	at org.springframework.beans.factory.support.DefaultListableBeanFactory.getBeansOfType(DefaultListableBeanFactory.java:665)
	at org.springframework.beans.factory.BeanFactoryUtils.beansOfTypeIncludingAncestors(BeanFactoryUtils.java:368)
	at org.springframework.beans.factory.BeanFactoryUtils.beanOfTypeIncludingAncestors(BeanFactoryUtils.java:446)
	at org.springframework.security.config.annotation.web.configuration.OAuth2ClientConfiguration$OAuth2AuthorizedClientManagerRegistrar.getAuthorizedClientManager(OAuth2ClientConfiguration.java:233)
	at java.base/jdk.internal.reflect.DirectMethodHandleAccessor.invoke(DirectMethodHandleAccessor.java:103)
	at java.base/java.lang.reflect.Method.invoke(Method.java:580)
	at org.springframework.beans.factory.support.SimpleInstantiationStrategy.instantiate(SimpleInstantiationStrategy.java:146)
	... 103 common frames omitted
Caused by: org.springframework.beans.BeanInstantiationException: Failed to instantiate [org.springframework.security.oauth2.client.registration.InMemoryClientRegistrationRepository]: Factory method 'clientRegistrationRepository' threw exception with message: Unable to resolve Configuration with the provided Issuer of "https://accounts.google.com"
	at org.springframework.beans.factory.support.SimpleInstantiationStrategy.instantiate(SimpleInstantiationStrategy.java:178)
	at org.springframework.beans.factory.support.ConstructorResolver.instantiate(ConstructorResolver.java:644)
	... 119 common frames omitted
Caused by: java.lang.IllegalArgumentException: Unable to resolve Configuration with the provided Issuer of "https://accounts.google.com"
	at org.springframework.security.oauth2.client.registration.ClientRegistrations.getBuilder(ClientRegistrations.java:228)
	at org.springframework.security.oauth2.client.registration.ClientRegistrations.fromIssuerLocation(ClientRegistrations.java:152)
	at org.springframework.boot.autoconfigure.security.oauth2.client.OAuth2ClientPropertiesMapper.getBuilderFromIssuerIfPossible(OAuth2ClientPropertiesMapper.java:97)
	at org.springframework.boot.autoconfigure.security.oauth2.client.OAuth2ClientPropertiesMapper.getClientRegistration(OAuth2ClientPropertiesMapper.java:71)
	at org.springframework.boot.autoconfigure.security.oauth2.client.OAuth2ClientPropertiesMapper.lambda$asClientRegistrations$0(OAuth2ClientPropertiesMapper.java:65)
	at java.base/java.util.HashMap.forEach(HashMap.java:1430)
	at org.springframework.boot.autoconfigure.security.oauth2.client.OAuth2ClientPropertiesMapper.asClientRegistrations(OAuth2ClientPropertiesMapper.java:64)
	at org.springframework.boot.autoconfigure.security.oauth2.client.servlet.OAuth2ClientRegistrationRepositoryConfiguration.clientRegistrationRepository(OAuth2ClientRegistrationRepositoryConfiguration.java:49)
	at java.base/jdk.internal.reflect.DirectMethodHandleAccessor.invoke(DirectMethodHandleAccessor.java:103)
	at java.base/java.lang.reflect.Method.invoke(Method.java:580)
	at org.springframework.beans.factory.support.SimpleInstantiationStrategy.instantiate(SimpleInstantiationStrategy.java:146)
	... 120 common frames omitted
Caused by: org.springframework.web.client.ResourceAccessException: I/O error on GET request for "https://accounts.google.com/.well-known/openid-configuration": accounts.google.com
	at org.springframework.web.client.RestTemplate.createResourceAccessException(RestTemplate.java:915)
	at org.springframework.web.client.RestTemplate.doExecute(RestTemplate.java:895)
	at org.springframework.web.client.RestTemplate.exchange(RestTemplate.java:740)
	at org.springframework.security.oauth2.client.registration.ClientRegistrations.lambda$oidc$0(ClientRegistrations.java:163)
	at org.springframework.security.oauth2.client.registration.ClientRegistrations.getBuilder(ClientRegistrations.java:216)
	... 130 common frames omitted
Caused by: java.net.UnknownHostException: accounts.google.com
	at java.base/sun.nio.ch.NioSocketImpl.connect(NioSocketImpl.java:567)
	at java.base/java.net.SocksSocketImpl.connect(SocksSocketImpl.java:327)
	at java.base/java.net.Socket.connect(Socket.java:760)
	at java.base/sun.security.ssl.SSLSocketImpl.connect(SSLSocketImpl.java:304)
	at java.base/sun.net.NetworkClient.doConnect(NetworkClient.java:178)
	at java.base/sun.net.www.http.HttpClient.openServer(HttpClient.java:531)
	at java.base/sun.net.www.http.HttpClient.openServer(HttpClient.java:636)
	at java.base/sun.net.www.protocol.https.HttpsClient.<init>(HttpsClient.java:264)
	at java.base/sun.net.www.protocol.https.HttpsClient.New(HttpsClient.java:377)
	at java.base/sun.net.www.protocol.https.AbstractDelegateHttpsURLConnection.getNewHttpClient(AbstractDelegateHttpsURLConnection.java:193)
	at java.base/sun.net.www.protocol.http.HttpURLConnection.plainConnect0(HttpURLConnection.java:1243)
	at java.base/sun.net.www.protocol.http.HttpURLConnection.plainConnect(HttpURLConnection.java:1129)
	at java.base/sun.net.www.protocol.https.AbstractDelegateHttpsURLConnection.connect(AbstractDelegateHttpsURLConnection.java:179)
	at java.base/sun.net.www.protocol.https.HttpsURLConnectionImpl.connect(HttpsURLConnectionImpl.java:141)
	at org.springframework.http.client.SimpleClientHttpRequest.executeInternal(SimpleClientHttpRequest.java:79)
	at org.springframework.http.client.AbstractStreamingClientHttpRequest.executeInternal(AbstractStreamingClientHttpRequest.java:70)
	at org.springframework.http.client.AbstractClientHttpRequest.execute(AbstractClientHttpRequest.java:66)
	at org.springframework.web.client.RestTemplate.doExecute(RestTemplate.java:889)
	... 133 common frames omitted
2025-04-18 19:24:49 [background-preinit] [INFO] o.h.validator.internal.util.Version - HV000001: Hibernate Validator 8.0.1.Final
2025-04-18 19:24:49 [restartedMain] [INFO] r.k.alliance.AllianceApplication - Starting AllianceApplication using Java 23.0.1 with PID 2044 (C:\Users\Zver\Desktop\Projects\alliance\target\classes started by pavel in C:\Users\Zver\Desktop\Projects\alliance)
2025-04-18 19:24:49 [restartedMain] [INFO] r.k.alliance.AllianceApplication - No active profile set, falling back to 1 default profile: "default"
2025-04-18 19:24:49 [restartedMain] [INFO] o.s.b.d.e.DevToolsPropertyDefaultsPostProcessor - Devtools property defaults active! Set 'spring.devtools.add-properties' to 'false' to disable
2025-04-18 19:24:49 [restartedMain] [INFO] o.s.b.d.e.DevToolsPropertyDefaultsPostProcessor - For additional web related logging consider setting the 'logging.level.web' property to 'DEBUG'
2025-04-18 19:24:50 [restartedMain] [INFO] o.s.d.r.c.RepositoryConfigurationDelegate - Bootstrapping Spring Data JPA repositories in DEFAULT mode.
2025-04-18 19:24:50 [restartedMain] [INFO] o.s.d.r.c.RepositoryConfigurationDelegate - Finished Spring Data repository scanning in 93 ms. Found 12 JPA repository interfaces.
2025-04-18 19:24:51 [restartedMain] [INFO] o.s.b.w.e.tomcat.TomcatWebServer - Tomcat initialized with port 8080 (http)
2025-04-18 19:24:51 [restartedMain] [INFO] o.a.coyote.http11.Http11NioProtocol - Initializing ProtocolHandler ["http-nio-8080"]
2025-04-18 19:24:51 [restartedMain] [INFO] o.a.catalina.core.StandardService - Starting service [Tomcat]
2025-04-18 19:24:51 [restartedMain] [INFO] o.a.catalina.core.StandardEngine - Starting Servlet engine: [Apache Tomcat/10.1.31]
2025-04-18 19:24:51 [restartedMain] [INFO] o.a.c.c.C.[Tomcat].[localhost].[/] - Initializing Spring embedded WebApplicationContext
2025-04-18 19:24:51 [restartedMain] [INFO] o.s.b.w.s.c.ServletWebServerApplicationContext - Root WebApplicationContext: initialization completed in 2410 ms
2025-04-18 19:24:52 [restartedMain] [INFO] com.zaxxer.hikari.HikariDataSource - HikariPool-1 - Starting...
2025-04-18 19:24:52 [restartedMain] [INFO] com.zaxxer.hikari.pool.HikariPool - HikariPool-1 - Added connection org.postgresql.jdbc.PgConnection@4c35bcca
2025-04-18 19:24:52 [restartedMain] [INFO] com.zaxxer.hikari.HikariDataSource - HikariPool-1 - Start completed.
2025-04-18 19:24:52 [restartedMain] [INFO] o.h.jpa.internal.util.LogHelper - HHH000204: Processing PersistenceUnitInfo [name: default]
2025-04-18 19:24:52 [restartedMain] [INFO] org.hibernate.Version - HHH000412: Hibernate ORM core version 6.5.3.Final
2025-04-18 19:24:52 [restartedMain] [INFO] o.h.c.i.RegionFactoryInitiator - HHH000026: Second-level cache disabled
2025-04-18 19:24:53 [restartedMain] [INFO] o.s.o.j.p.SpringPersistenceUnitInfo - No LoadTimeWeaver setup: ignoring JPA class transformer
2025-04-18 19:24:54 [restartedMain] [INFO] o.h.e.t.j.p.i.JtaPlatformInitiator - HHH000489: No JTA platform available (set 'hibernate.transaction.jta.platform' to enable JTA platform integration)
2025-04-18 19:24:54 [restartedMain] [INFO] o.s.o.j.LocalContainerEntityManagerFactoryBean - Initialized JPA EntityManagerFactory for persistence unit 'default'
2025-04-18 19:24:54 [restartedMain] [INFO] o.s.d.j.r.query.QueryEnhancerFactory - Hibernate is in classpath; If applicable, HQL parser will be used.
