2025-04-17 00:58:09 [background-preinit] [INFO] o.h.validator.internal.util.Version - HV000001: Hibernate Validator 8.0.1.Final
2025-04-17 00:58:09 [restartedMain] [INFO] r.k.alliance.AllianceApplication - Starting AllianceApplication using Java 23.0.1 with PID 19516 (C:\Users\Zver\Desktop\Projects\alliance\target\classes started by pavel in C:\Users\Zver\Desktop\Projects\alliance)
2025-04-17 00:58:09 [restartedMain] [INFO] r.k.alliance.AllianceApplication - No active profile set, falling back to 1 default profile: "default"
2025-04-17 00:58:09 [restartedMain] [INFO] o.s.b.d.e.DevToolsPropertyDefaultsPostProcessor - Devtools property defaults active! Set 'spring.devtools.add-properties' to 'false' to disable
2025-04-17 00:58:09 [restartedMain] [INFO] o.s.b.d.e.DevToolsPropertyDefaultsPostProcessor - For additional web related logging consider setting the 'logging.level.web' property to 'DEBUG'
2025-04-17 00:58:10 [restartedMain] [INFO] o.s.d.r.c.RepositoryConfigurationDelegate - Bootstrapping Spring Data JPA repositories in DEFAULT mode.
2025-04-17 00:58:10 [restartedMain] [INFO] o.s.d.r.c.RepositoryConfigurationDelegate - Finished Spring Data repository scanning in 65 ms. Found 11 JPA repository interfaces.
2025-04-17 00:58:11 [restartedMain] [INFO] o.s.b.w.e.tomcat.TomcatWebServer - Tomcat initialized with port 8080 (http)
2025-04-17 00:58:11 [restartedMain] [INFO] o.a.coyote.http11.Http11NioProtocol - Initializing ProtocolHandler ["http-nio-8080"]
2025-04-17 00:58:11 [restartedMain] [INFO] o.a.catalina.core.StandardService - Starting service [Tomcat]
2025-04-17 00:58:11 [restartedMain] [INFO] o.a.catalina.core.StandardEngine - Starting Servlet engine: [Apache Tomcat/10.1.31]
2025-04-17 00:58:11 [restartedMain] [INFO] o.a.c.c.C.[Tomcat].[localhost].[/] - Initializing Spring embedded WebApplicationContext
2025-04-17 00:58:11 [restartedMain] [INFO] o.s.b.w.s.c.ServletWebServerApplicationContext - Root WebApplicationContext: initialization completed in 1686 ms
2025-04-17 00:58:11 [restartedMain] [INFO] com.zaxxer.hikari.HikariDataSource - HikariPool-1 - Starting...
2025-04-17 00:58:11 [restartedMain] [INFO] com.zaxxer.hikari.pool.HikariPool - HikariPool-1 - Added connection org.postgresql.jdbc.PgConnection@7bd68f0c
2025-04-17 00:58:11 [restartedMain] [INFO] com.zaxxer.hikari.HikariDataSource - HikariPool-1 - Start completed.
2025-04-17 00:58:11 [restartedMain] [INFO] o.h.jpa.internal.util.LogHelper - HHH000204: Processing PersistenceUnitInfo [name: default]
2025-04-17 00:58:11 [restartedMain] [INFO] org.hibernate.Version - HHH000412: Hibernate ORM core version 6.5.3.Final
2025-04-17 00:58:12 [restartedMain] [INFO] o.h.c.i.RegionFactoryInitiator - HHH000026: Second-level cache disabled
2025-04-17 00:58:12 [restartedMain] [INFO] o.s.o.j.p.SpringPersistenceUnitInfo - No LoadTimeWeaver setup: ignoring JPA class transformer
2025-04-17 00:58:13 [restartedMain] [INFO] o.h.e.t.j.p.i.JtaPlatformInitiator - HHH000489: No JTA platform available (set 'hibernate.transaction.jta.platform' to enable JTA platform integration)
2025-04-17 00:58:13 [restartedMain] [INFO] o.s.o.j.LocalContainerEntityManagerFactoryBean - Initialized JPA EntityManagerFactory for persistence unit 'default'
2025-04-17 00:58:13 [restartedMain] [INFO] o.s.d.j.r.query.QueryEnhancerFactory - Hibernate is in classpath; If applicable, HQL parser will be used.
2025-04-17 00:58:14 [restartedMain] [WARN] o.s.b.a.o.j.JpaBaseConfiguration$JpaWebConfiguration - spring.jpa.open-in-view is enabled by default. Therefore, database queries may be performed during view rendering. Explicitly configure spring.jpa.open-in-view to disable this warning
2025-04-17 00:58:14 [restartedMain] [INFO] o.s.s.c.a.a.c.InitializeUserDetailsBeanManagerConfigurer$InitializeUserDetailsManagerConfigurer - Global AuthenticationManager configured with UserDetailsService bean with name myUserDetailsService
2025-04-17 00:58:15 [restartedMain] [INFO] o.s.b.a.e.web.EndpointLinksResolver - Exposing 1 endpoint beneath base path '/actuator'
2025-04-17 00:58:15 [restartedMain] [DEBUG] o.s.s.w.a.e.ExpressionBasedFilterInvocationSecurityMetadataSource - Adding web access control expression [permitAll] for ExactUrl [processUrl='/login?error']
2025-04-17 00:58:15 [restartedMain] [DEBUG] o.s.s.w.a.e.ExpressionBasedFilterInvocationSecurityMetadataSource - Adding web access control expression [permitAll] for ExactUrl [processUrl='/login']
2025-04-17 00:58:15 [restartedMain] [DEBUG] o.s.s.w.a.e.ExpressionBasedFilterInvocationSecurityMetadataSource - Adding web access control expression [permitAll] for ExactUrl [processUrl='/login']
2025-04-17 00:58:15 [restartedMain] [DEBUG] o.s.s.w.a.e.ExpressionBasedFilterInvocationSecurityMetadataSource - Adding web access control expression [permitAll] for Ant [pattern='/logout', POST]
2025-04-17 00:58:15 [restartedMain] [DEBUG] o.s.s.w.a.e.ExpressionBasedFilterInvocationSecurityMetadataSource - Adding web access control expression [permitAll] for ExactUrl [processUrl='/realty']
2025-04-17 00:58:15 [restartedMain] [DEBUG] o.s.s.w.a.e.ExpressionBasedFilterInvocationSecurityMetadataSource - Adding web access control expression [authenticated] for Deferred [Mvc [pattern='/realty/new'], Ant [pattern='/realty/new']]
2025-04-17 00:58:15 [restartedMain] [DEBUG] o.s.s.w.a.e.ExpressionBasedFilterInvocationSecurityMetadataSource - Adding web access control expression [authenticated] for Deferred [Mvc [pattern='/realty/edit/**'], Ant [pattern='/realty/edit/**']]
2025-04-17 00:58:15 [restartedMain] [DEBUG] o.s.s.w.a.e.ExpressionBasedFilterInvocationSecurityMetadataSource - Adding web access control expression [authenticated] for Deferred [Mvc [pattern='/realty/delete/**'], Ant [pattern='/realty/delete/**']]
2025-04-17 00:58:15 [restartedMain] [DEBUG] o.s.s.w.a.e.ExpressionBasedFilterInvocationSecurityMetadataSource - Adding web access control expression [permitAll] for any request
2025-04-17 00:58:15 [restartedMain] [DEBUG] o.s.s.web.DefaultSecurityFilterChain - Will secure any request with filters: DisableEncodeUrlFilter, WebAsyncManagerIntegrationFilter, SecurityContextHolderFilter, HeaderWriterFilter, CsrfFilter, LogoutFilter, OAuth2AuthorizationRequestRedirectFilter, OAuth2LoginAuthenticationFilter, UsernamePasswordAuthenticationFilter, ConcurrentSessionFilter, RequestCacheAwareFilter, SecurityContextHolderAwareRequestFilter, AnonymousAuthenticationFilter, SessionManagementFilter, ExceptionTranslationFilter, FilterSecurityInterceptor
2025-04-17 00:58:15 [restartedMain] [INFO] o.s.b.d.a.OptionalLiveReloadServer - LiveReload server is running on port 35729
2025-04-17 00:58:15 [restartedMain] [INFO] o.a.coyote.http11.Http11NioProtocol - Starting ProtocolHandler ["http-nio-8080"]
2025-04-17 00:58:15 [restartedMain] [INFO] o.s.b.w.e.tomcat.TomcatWebServer - Tomcat started on port 8080 (http) with context path '/'
2025-04-17 00:58:15 [restartedMain] [INFO] r.k.alliance.AllianceApplication - Started AllianceApplication in 6.345 seconds (process running for 7.299)
2025-04-17 00:58:15 [http-nio-8080-exec-1] [INFO] o.a.c.c.C.[Tomcat].[localhost].[/] - Initializing Spring DispatcherServlet 'dispatcherServlet'
2025-04-17 00:58:15 [http-nio-8080-exec-1] [INFO] o.s.web.servlet.DispatcherServlet - Initializing Servlet 'dispatcherServlet'
2025-04-17 00:58:15 [http-nio-8080-exec-1] [INFO] o.s.web.servlet.DispatcherServlet - Completed initialization in 1 ms
2025-04-17 00:58:15 [http-nio-8080-exec-1] [DEBUG] o.s.security.web.FilterChainProxy - Securing GET /realty
2025-04-17 00:58:16 [http-nio-8080-exec-1] [DEBUG] o.s.s.w.a.AnonymousAuthenticationFilter - Set SecurityContextHolder to anonymous SecurityContext
2025-04-17 00:58:16 [http-nio-8080-exec-1] [DEBUG] o.s.s.w.s.SessionManagementFilter - Request requested invalid session id 8EDCB24F0B903EFF7E0DD863479E6B9E
2025-04-17 00:58:16 [http-nio-8080-exec-1] [DEBUG] o.s.s.w.a.i.FilterSecurityInterceptor - Authorized filter invocation [GET /realty] with attributes [permitAll]
2025-04-17 00:58:16 [http-nio-8080-exec-1] [DEBUG] o.s.security.web.FilterChainProxy - Secured GET /realty
2025-04-17 00:58:16 [http-nio-8080-exec-1] [INFO] r.k.a.u.s.CheckAuthorizeService - checkAdmin is starting, principal: null
2025-04-17 00:58:16 [http-nio-8080-exec-2] [DEBUG] o.s.security.web.FilterChainProxy - Securing GET /css/styles.css
2025-04-17 00:58:16 [http-nio-8080-exec-2] [DEBUG] o.s.s.w.a.AnonymousAuthenticationFilter - Set SecurityContextHolder to anonymous SecurityContext
2025-04-17 00:58:16 [http-nio-8080-exec-2] [DEBUG] o.s.s.w.s.SessionManagementFilter - Request requested invalid session id 8EDCB24F0B903EFF7E0DD863479E6B9E
2025-04-17 00:58:16 [http-nio-8080-exec-2] [DEBUG] o.s.s.w.a.i.FilterSecurityInterceptor - Authorized filter invocation [GET /css/styles.css] with attributes [permitAll]
2025-04-17 00:58:16 [http-nio-8080-exec-2] [DEBUG] o.s.security.web.FilterChainProxy - Secured GET /css/styles.css
2025-04-17 00:58:16 [http-nio-8080-exec-4] [DEBUG] o.s.security.web.FilterChainProxy - Securing GET /img/logo_alliance.png
2025-04-17 00:58:16 [http-nio-8080-exec-4] [DEBUG] o.s.s.w.a.AnonymousAuthenticationFilter - Set SecurityContextHolder to anonymous SecurityContext
2025-04-17 00:58:16 [http-nio-8080-exec-4] [DEBUG] o.s.s.w.s.SessionManagementFilter - Request requested invalid session id 8EDCB24F0B903EFF7E0DD863479E6B9E
2025-04-17 00:58:16 [http-nio-8080-exec-4] [DEBUG] o.s.s.w.a.i.FilterSecurityInterceptor - Authorized filter invocation [GET /img/logo_alliance.png] with attributes [permitAll]
2025-04-17 00:58:16 [http-nio-8080-exec-4] [DEBUG] o.s.security.web.FilterChainProxy - Secured GET /img/logo_alliance.png
2025-04-17 00:58:16 [http-nio-8080-exec-3] [DEBUG] o.s.security.web.FilterChainProxy - Securing GET /img/agency.jpg
2025-04-17 00:58:16 [http-nio-8080-exec-5] [DEBUG] o.s.security.web.FilterChainProxy - Securing GET /images/advertisementSale/d4315efc-c703-4501-a94b-81ff7ce200a0_photo_2024-12-23_22-17-59.jpg
2025-04-17 00:58:16 [http-nio-8080-exec-3] [DEBUG] o.s.s.w.a.AnonymousAuthenticationFilter - Set SecurityContextHolder to anonymous SecurityContext
2025-04-17 00:58:16 [http-nio-8080-exec-3] [DEBUG] o.s.s.w.s.SessionManagementFilter - Request requested invalid session id 8EDCB24F0B903EFF7E0DD863479E6B9E
2025-04-17 00:58:16 [http-nio-8080-exec-5] [DEBUG] o.s.s.w.a.AnonymousAuthenticationFilter - Set SecurityContextHolder to anonymous SecurityContext
2025-04-17 00:58:16 [http-nio-8080-exec-5] [DEBUG] o.s.s.w.s.SessionManagementFilter - Request requested invalid session id 8EDCB24F0B903EFF7E0DD863479E6B9E
2025-04-17 00:58:16 [http-nio-8080-exec-3] [DEBUG] o.s.s.w.a.i.FilterSecurityInterceptor - Authorized filter invocation [GET /img/agency.jpg] with attributes [permitAll]
2025-04-17 00:58:16 [http-nio-8080-exec-3] [DEBUG] o.s.security.web.FilterChainProxy - Secured GET /img/agency.jpg
2025-04-17 00:58:16 [http-nio-8080-exec-6] [DEBUG] o.s.security.web.FilterChainProxy - Securing GET /images/advertisementSale/f59acdf2-baf6-4bc0-b36b-35e41bacd18b_photo_2024-12-23_22-17-54.jpg
2025-04-17 00:58:16 [http-nio-8080-exec-5] [DEBUG] o.s.s.w.a.i.FilterSecurityInterceptor - Authorized filter invocation [GET /images/advertisementSale/d4315efc-c703-4501-a94b-81ff7ce200a0_photo_2024-12-23_22-17-59.jpg] with attributes [permitAll]
2025-04-17 00:58:16 [http-nio-8080-exec-6] [DEBUG] o.s.s.w.a.AnonymousAuthenticationFilter - Set SecurityContextHolder to anonymous SecurityContext
2025-04-17 00:58:16 [http-nio-8080-exec-5] [DEBUG] o.s.security.web.FilterChainProxy - Secured GET /images/advertisementSale/d4315efc-c703-4501-a94b-81ff7ce200a0_photo_2024-12-23_22-17-59.jpg
2025-04-17 00:58:16 [http-nio-8080-exec-6] [DEBUG] o.s.s.w.s.SessionManagementFilter - Request requested invalid session id 8EDCB24F0B903EFF7E0DD863479E6B9E
2025-04-17 00:58:16 [http-nio-8080-exec-7] [DEBUG] o.s.security.web.FilterChainProxy - Securing GET /images/placeholder.jpg
2025-04-17 00:58:16 [http-nio-8080-exec-6] [DEBUG] o.s.s.w.a.i.FilterSecurityInterceptor - Authorized filter invocation [GET /images/advertisementSale/f59acdf2-baf6-4bc0-b36b-35e41bacd18b_photo_2024-12-23_22-17-54.jpg] with attributes [permitAll]
2025-04-17 00:58:16 [http-nio-8080-exec-6] [DEBUG] o.s.security.web.FilterChainProxy - Secured GET /images/advertisementSale/f59acdf2-baf6-4bc0-b36b-35e41bacd18b_photo_2024-12-23_22-17-54.jpg
2025-04-17 00:58:16 [http-nio-8080-exec-7] [DEBUG] o.s.s.w.a.AnonymousAuthenticationFilter - Set SecurityContextHolder to anonymous SecurityContext
2025-04-17 00:58:16 [http-nio-8080-exec-7] [DEBUG] o.s.s.w.s.SessionManagementFilter - Request requested invalid session id 8EDCB24F0B903EFF7E0DD863479E6B9E
2025-04-17 00:58:16 [http-nio-8080-exec-7] [DEBUG] o.s.s.w.a.i.FilterSecurityInterceptor - Authorized filter invocation [GET /images/placeholder.jpg] with attributes [permitAll]
2025-04-17 00:58:16 [http-nio-8080-exec-7] [DEBUG] o.s.security.web.FilterChainProxy - Secured GET /images/placeholder.jpg
2025-04-17 00:58:16 [http-nio-8080-exec-8] [DEBUG] o.s.security.web.FilterChainProxy - Securing GET /images/advertisementSale/199952c8-f50d-4f4d-bedc-5c44f013ee64_Снимок экрана (6).png
2025-04-17 00:58:16 [http-nio-8080-exec-6] [DEBUG] o.s.security.web.FilterChainProxy - Securing GET /images/advertisementSale/8712f027-90a6-4f31-aeed-9b8fbd323086_Снимок экрана (8).png
2025-04-17 00:58:16 [http-nio-8080-exec-6] [DEBUG] o.s.s.w.a.AnonymousAuthenticationFilter - Set SecurityContextHolder to anonymous SecurityContext
2025-04-17 00:58:16 [http-nio-8080-exec-6] [DEBUG] o.s.s.w.s.SessionManagementFilter - Request requested invalid session id 8EDCB24F0B903EFF7E0DD863479E6B9E
2025-04-17 00:58:16 [http-nio-8080-exec-8] [DEBUG] o.s.s.w.a.AnonymousAuthenticationFilter - Set SecurityContextHolder to anonymous SecurityContext
2025-04-17 00:58:16 [http-nio-8080-exec-8] [DEBUG] o.s.s.w.s.SessionManagementFilter - Request requested invalid session id 8EDCB24F0B903EFF7E0DD863479E6B9E
2025-04-17 00:58:16 [http-nio-8080-exec-6] [DEBUG] o.s.s.w.a.i.FilterSecurityInterceptor - Authorized filter invocation [GET /images/advertisementSale/8712f027-90a6-4f31-aeed-9b8fbd323086_Снимок экрана (8).png] with attributes [permitAll]
2025-04-17 00:58:16 [http-nio-8080-exec-8] [DEBUG] o.s.s.w.a.i.FilterSecurityInterceptor - Authorized filter invocation [GET /images/advertisementSale/199952c8-f50d-4f4d-bedc-5c44f013ee64_Снимок экрана (6).png] with attributes [permitAll]
2025-04-17 00:58:16 [http-nio-8080-exec-6] [DEBUG] o.s.security.web.FilterChainProxy - Secured GET /images/advertisementSale/8712f027-90a6-4f31-aeed-9b8fbd323086_Снимок экрана (8).png
2025-04-17 00:58:16 [http-nio-8080-exec-8] [DEBUG] o.s.security.web.FilterChainProxy - Secured GET /images/advertisementSale/199952c8-f50d-4f4d-bedc-5c44f013ee64_Снимок экрана (6).png
2025-04-17 00:58:16 [http-nio-8080-exec-9] [DEBUG] o.s.security.web.FilterChainProxy - Securing GET /images/advertisementSale/0dab0807-9cf3-481e-9749-99e44f837125_photo_2024-12-23_22-18-04.jpg
2025-04-17 00:58:16 [http-nio-8080-exec-9] [DEBUG] o.s.s.w.a.AnonymousAuthenticationFilter - Set SecurityContextHolder to anonymous SecurityContext
2025-04-17 00:58:16 [http-nio-8080-exec-9] [DEBUG] o.s.s.w.s.SessionManagementFilter - Request requested invalid session id 8EDCB24F0B903EFF7E0DD863479E6B9E
2025-04-17 00:58:16 [http-nio-8080-exec-10] [DEBUG] o.s.security.web.FilterChainProxy - Securing GET /images/advertisementSale/76d213ca-dba5-4b57-88f5-b6b4129f212e_photo_2024-12-23_22-17-54.jpg
2025-04-17 00:58:16 [http-nio-8080-exec-9] [DEBUG] o.s.s.w.a.i.FilterSecurityInterceptor - Authorized filter invocation [GET /images/advertisementSale/0dab0807-9cf3-481e-9749-99e44f837125_photo_2024-12-23_22-18-04.jpg] with attributes [permitAll]
2025-04-17 00:58:16 [http-nio-8080-exec-9] [DEBUG] o.s.security.web.FilterChainProxy - Secured GET /images/advertisementSale/0dab0807-9cf3-481e-9749-99e44f837125_photo_2024-12-23_22-18-04.jpg
2025-04-17 00:58:16 [http-nio-8080-exec-10] [DEBUG] o.s.s.w.a.AnonymousAuthenticationFilter - Set SecurityContextHolder to anonymous SecurityContext
2025-04-17 00:58:16 [http-nio-8080-exec-10] [DEBUG] o.s.s.w.s.SessionManagementFilter - Request requested invalid session id 8EDCB24F0B903EFF7E0DD863479E6B9E
2025-04-17 00:58:16 [http-nio-8080-exec-10] [DEBUG] o.s.s.w.a.i.FilterSecurityInterceptor - Authorized filter invocation [GET /images/advertisementSale/76d213ca-dba5-4b57-88f5-b6b4129f212e_photo_2024-12-23_22-17-54.jpg] with attributes [permitAll]
2025-04-17 00:58:16 [http-nio-8080-exec-10] [DEBUG] o.s.security.web.FilterChainProxy - Secured GET /images/advertisementSale/76d213ca-dba5-4b57-88f5-b6b4129f212e_photo_2024-12-23_22-17-54.jpg
2025-04-17 00:58:16 [http-nio-8080-exec-2] [DEBUG] o.s.security.web.FilterChainProxy - Securing GET /images/advertisementSale/f11f04c5-71bc-4048-ad70-323ba1188611_Снимок экрана (2).png
2025-04-17 00:58:16 [http-nio-8080-exec-4] [DEBUG] o.s.security.web.FilterChainProxy - Securing GET /images/advertisementSale/0673bdb4-3423-44e8-8636-a66497d7ab52_photo_2024-12-23_22-18-01.jpg
2025-04-17 00:58:16 [http-nio-8080-exec-7] [DEBUG] o.s.security.web.FilterChainProxy - Securing GET /error
2025-04-17 00:58:16 [http-nio-8080-exec-4] [DEBUG] o.s.s.w.a.AnonymousAuthenticationFilter - Set SecurityContextHolder to anonymous SecurityContext
2025-04-17 00:58:16 [http-nio-8080-exec-4] [DEBUG] o.s.s.w.s.SessionManagementFilter - Request requested invalid session id 8EDCB24F0B903EFF7E0DD863479E6B9E
2025-04-17 00:58:16 [http-nio-8080-exec-7] [DEBUG] o.s.s.w.a.AnonymousAuthenticationFilter - Set SecurityContextHolder to anonymous SecurityContext
2025-04-17 00:58:16 [http-nio-8080-exec-7] [DEBUG] o.s.s.w.a.i.FilterSecurityInterceptor - Authorized filter invocation [GET /error] with attributes [permitAll]
2025-04-17 00:58:16 [http-nio-8080-exec-7] [DEBUG] o.s.security.web.FilterChainProxy - Secured GET /error
2025-04-17 00:58:16 [http-nio-8080-exec-4] [DEBUG] o.s.s.w.a.i.FilterSecurityInterceptor - Authorized filter invocation [GET /images/advertisementSale/0673bdb4-3423-44e8-8636-a66497d7ab52_photo_2024-12-23_22-18-01.jpg] with attributes [permitAll]
2025-04-17 00:58:16 [http-nio-8080-exec-4] [DEBUG] o.s.security.web.FilterChainProxy - Secured GET /images/advertisementSale/0673bdb4-3423-44e8-8636-a66497d7ab52_photo_2024-12-23_22-18-01.jpg
2025-04-17 00:58:16 [http-nio-8080-exec-2] [DEBUG] o.s.s.w.a.AnonymousAuthenticationFilter - Set SecurityContextHolder to anonymous SecurityContext
2025-04-17 00:58:16 [http-nio-8080-exec-2] [DEBUG] o.s.s.w.s.SessionManagementFilter - Request requested invalid session id 8EDCB24F0B903EFF7E0DD863479E6B9E
2025-04-17 00:58:16 [http-nio-8080-exec-2] [DEBUG] o.s.s.w.a.i.FilterSecurityInterceptor - Authorized filter invocation [GET /images/advertisementSale/f11f04c5-71bc-4048-ad70-323ba1188611_Снимок экрана (2).png] with attributes [permitAll]
2025-04-17 00:58:16 [http-nio-8080-exec-2] [DEBUG] o.s.security.web.FilterChainProxy - Secured GET /images/advertisementSale/f11f04c5-71bc-4048-ad70-323ba1188611_Снимок экрана (2).png
2025-04-17 00:58:16 [http-nio-8080-exec-3] [DEBUG] o.s.security.web.FilterChainProxy - Securing GET /images/advertisementSale/15c13dfd-2da8-4565-ae8d-d9857bb9f550_photo_2024-12-23_22-17-54.jpg
2025-04-17 00:58:16 [http-nio-8080-exec-10] [DEBUG] o.s.security.web.FilterChainProxy - Securing GET /images/advertisementSale/770d16f9-e061-46fc-94e4-17e8e3e3588a_photo_2024-12-23_22-18-11.jpg
2025-04-17 00:58:16 [http-nio-8080-exec-10] [DEBUG] o.s.s.w.a.AnonymousAuthenticationFilter - Set SecurityContextHolder to anonymous SecurityContext
2025-04-17 00:58:16 [http-nio-8080-exec-10] [DEBUG] o.s.s.w.s.SessionManagementFilter - Request requested invalid session id 8EDCB24F0B903EFF7E0DD863479E6B9E
2025-04-17 00:58:16 [http-nio-8080-exec-10] [DEBUG] o.s.s.w.a.i.FilterSecurityInterceptor - Authorized filter invocation [GET /images/advertisementSale/770d16f9-e061-46fc-94e4-17e8e3e3588a_photo_2024-12-23_22-18-11.jpg] with attributes [permitAll]
2025-04-17 00:58:16 [http-nio-8080-exec-10] [DEBUG] o.s.security.web.FilterChainProxy - Secured GET /images/advertisementSale/770d16f9-e061-46fc-94e4-17e8e3e3588a_photo_2024-12-23_22-18-11.jpg
2025-04-17 00:58:16 [http-nio-8080-exec-3] [DEBUG] o.s.s.w.a.AnonymousAuthenticationFilter - Set SecurityContextHolder to anonymous SecurityContext
2025-04-17 00:58:16 [http-nio-8080-exec-3] [DEBUG] o.s.s.w.s.SessionManagementFilter - Request requested invalid session id 8EDCB24F0B903EFF7E0DD863479E6B9E
2025-04-17 00:58:16 [http-nio-8080-exec-3] [DEBUG] o.s.s.w.a.i.FilterSecurityInterceptor - Authorized filter invocation [GET /images/advertisementSale/15c13dfd-2da8-4565-ae8d-d9857bb9f550_photo_2024-12-23_22-17-54.jpg] with attributes [permitAll]
2025-04-17 00:58:16 [http-nio-8080-exec-2] [DEBUG] o.s.security.web.FilterChainProxy - Securing GET /images/advertisementSale/6d439031-8c11-4cfd-9007-7047bd94ec62_photo_2024-12-23_22-18-10.jpg
2025-04-17 00:58:16 [http-nio-8080-exec-4] [DEBUG] o.s.security.web.FilterChainProxy - Securing GET /images/advertisementSale/2703da27-c848-4e9d-a261-4d33ee79f79c_photo_2024-12-23_22-17-59.jpg
2025-04-17 00:58:16 [http-nio-8080-exec-2] [DEBUG] o.s.s.w.a.AnonymousAuthenticationFilter - Set SecurityContextHolder to anonymous SecurityContext
2025-04-17 00:58:16 [http-nio-8080-exec-2] [DEBUG] o.s.s.w.s.SessionManagementFilter - Request requested invalid session id 8EDCB24F0B903EFF7E0DD863479E6B9E
2025-04-17 00:58:16 [http-nio-8080-exec-4] [DEBUG] o.s.s.w.a.AnonymousAuthenticationFilter - Set SecurityContextHolder to anonymous SecurityContext
2025-04-17 00:58:16 [http-nio-8080-exec-2] [DEBUG] o.s.s.w.a.i.FilterSecurityInterceptor - Authorized filter invocation [GET /images/advertisementSale/6d439031-8c11-4cfd-9007-7047bd94ec62_photo_2024-12-23_22-18-10.jpg] with attributes [permitAll]
2025-04-17 00:58:16 [http-nio-8080-exec-4] [DEBUG] o.s.s.w.s.SessionManagementFilter - Request requested invalid session id 8EDCB24F0B903EFF7E0DD863479E6B9E
2025-04-17 00:58:16 [http-nio-8080-exec-3] [DEBUG] o.s.security.web.FilterChainProxy - Secured GET /images/advertisementSale/15c13dfd-2da8-4565-ae8d-d9857bb9f550_photo_2024-12-23_22-17-54.jpg
2025-04-17 00:58:16 [http-nio-8080-exec-4] [DEBUG] o.s.s.w.a.i.FilterSecurityInterceptor - Authorized filter invocation [GET /images/advertisementSale/2703da27-c848-4e9d-a261-4d33ee79f79c_photo_2024-12-23_22-17-59.jpg] with attributes [permitAll]
2025-04-17 00:58:16 [http-nio-8080-exec-4] [DEBUG] o.s.security.web.FilterChainProxy - Secured GET /images/advertisementSale/2703da27-c848-4e9d-a261-4d33ee79f79c_photo_2024-12-23_22-17-59.jpg
2025-04-17 00:58:16 [http-nio-8080-exec-2] [DEBUG] o.s.security.web.FilterChainProxy - Secured GET /images/advertisementSale/6d439031-8c11-4cfd-9007-7047bd94ec62_photo_2024-12-23_22-18-10.jpg
2025-04-17 00:58:16 [http-nio-8080-exec-5] [DEBUG] o.s.security.web.FilterChainProxy - Securing GET /images/advertisementSale/e63bba72-f8b1-4ec8-b621-657fbcd7b1e3_kozelsk.jpg
2025-04-17 00:58:16 [http-nio-8080-exec-5] [DEBUG] o.s.s.w.a.AnonymousAuthenticationFilter - Set SecurityContextHolder to anonymous SecurityContext
2025-04-17 00:58:16 [http-nio-8080-exec-5] [DEBUG] o.s.s.w.s.SessionManagementFilter - Request requested invalid session id 8EDCB24F0B903EFF7E0DD863479E6B9E
2025-04-17 00:58:16 [http-nio-8080-exec-7] [DEBUG] o.s.security.web.FilterChainProxy - Securing GET /images/advertisementRent/b02c42b7-b608-4169-93f2-7ad28d186517_photo_2024-12-23_22-18-01.jpg
2025-04-17 00:58:16 [http-nio-8080-exec-6] [DEBUG] o.s.security.web.FilterChainProxy - Securing GET /images/advertisementRent/809047fb-7261-497f-b19e-b208d4480210_photo_2024-12-23_22-17-57.jpg
2025-04-17 00:58:16 [http-nio-8080-exec-5] [DEBUG] o.s.s.w.a.i.FilterSecurityInterceptor - Authorized filter invocation [GET /images/advertisementSale/e63bba72-f8b1-4ec8-b621-657fbcd7b1e3_kozelsk.jpg] with attributes [permitAll]
2025-04-17 00:58:16 [http-nio-8080-exec-7] [DEBUG] o.s.s.w.a.AnonymousAuthenticationFilter - Set SecurityContextHolder to anonymous SecurityContext
2025-04-17 00:58:16 [http-nio-8080-exec-7] [DEBUG] o.s.s.w.s.SessionManagementFilter - Request requested invalid session id 8EDCB24F0B903EFF7E0DD863479E6B9E
2025-04-17 00:58:16 [http-nio-8080-exec-6] [DEBUG] o.s.s.w.a.AnonymousAuthenticationFilter - Set SecurityContextHolder to anonymous SecurityContext
2025-04-17 00:58:16 [http-nio-8080-exec-5] [DEBUG] o.s.security.web.FilterChainProxy - Secured GET /images/advertisementSale/e63bba72-f8b1-4ec8-b621-657fbcd7b1e3_kozelsk.jpg
2025-04-17 00:58:16 [http-nio-8080-exec-6] [DEBUG] o.s.s.w.s.SessionManagementFilter - Request requested invalid session id 8EDCB24F0B903EFF7E0DD863479E6B9E
2025-04-17 00:58:16 [http-nio-8080-exec-7] [DEBUG] o.s.s.w.a.i.FilterSecurityInterceptor - Authorized filter invocation [GET /images/advertisementRent/b02c42b7-b608-4169-93f2-7ad28d186517_photo_2024-12-23_22-18-01.jpg] with attributes [permitAll]
2025-04-17 00:58:16 [http-nio-8080-exec-7] [DEBUG] o.s.security.web.FilterChainProxy - Secured GET /images/advertisementRent/b02c42b7-b608-4169-93f2-7ad28d186517_photo_2024-12-23_22-18-01.jpg
2025-04-17 00:58:16 [http-nio-8080-exec-6] [DEBUG] o.s.s.w.a.i.FilterSecurityInterceptor - Authorized filter invocation [GET /images/advertisementRent/809047fb-7261-497f-b19e-b208d4480210_photo_2024-12-23_22-17-57.jpg] with attributes [permitAll]
2025-04-17 00:58:16 [http-nio-8080-exec-9] [DEBUG] o.s.security.web.FilterChainProxy - Securing GET /images/advertisementRent/da667149-470d-4844-94d9-c5a37db0ed63_photo_2024-12-23_22-18-05.jpg
2025-04-17 00:58:16 [http-nio-8080-exec-6] [DEBUG] o.s.security.web.FilterChainProxy - Secured GET /images/advertisementRent/809047fb-7261-497f-b19e-b208d4480210_photo_2024-12-23_22-17-57.jpg
2025-04-17 00:58:16 [http-nio-8080-exec-9] [DEBUG] o.s.s.w.a.AnonymousAuthenticationFilter - Set SecurityContextHolder to anonymous SecurityContext
2025-04-17 00:58:16 [http-nio-8080-exec-9] [DEBUG] o.s.s.w.s.SessionManagementFilter - Request requested invalid session id 8EDCB24F0B903EFF7E0DD863479E6B9E
2025-04-17 00:58:16 [http-nio-8080-exec-9] [DEBUG] o.s.s.w.a.i.FilterSecurityInterceptor - Authorized filter invocation [GET /images/advertisementRent/da667149-470d-4844-94d9-c5a37db0ed63_photo_2024-12-23_22-18-05.jpg] with attributes [permitAll]
2025-04-17 00:58:16 [http-nio-8080-exec-9] [DEBUG] o.s.security.web.FilterChainProxy - Secured GET /images/advertisementRent/da667149-470d-4844-94d9-c5a37db0ed63_photo_2024-12-23_22-18-05.jpg
2025-04-17 00:58:16 [http-nio-8080-exec-4] [DEBUG] o.s.security.web.FilterChainProxy - Securing GET /images/advertisementRent/0a1031cd-43b5-4402-87eb-04fa80f00918_photo_2024-12-23_22-18-03.jpg
2025-04-17 00:58:16 [http-nio-8080-exec-4] [DEBUG] o.s.s.w.a.AnonymousAuthenticationFilter - Set SecurityContextHolder to anonymous SecurityContext
2025-04-17 00:58:16 [http-nio-8080-exec-4] [DEBUG] o.s.s.w.s.SessionManagementFilter - Request requested invalid session id 8EDCB24F0B903EFF7E0DD863479E6B9E
2025-04-17 00:58:16 [http-nio-8080-exec-4] [DEBUG] o.s.s.w.a.i.FilterSecurityInterceptor - Authorized filter invocation [GET /images/advertisementRent/0a1031cd-43b5-4402-87eb-04fa80f00918_photo_2024-12-23_22-18-03.jpg] with attributes [permitAll]
2025-04-17 00:58:16 [http-nio-8080-exec-4] [DEBUG] o.s.security.web.FilterChainProxy - Secured GET /images/advertisementRent/0a1031cd-43b5-4402-87eb-04fa80f00918_photo_2024-12-23_22-18-03.jpg
2025-04-17 00:58:17 [http-nio-8080-exec-3] [DEBUG] o.s.security.web.FilterChainProxy - Securing GET /excursion
2025-04-17 00:58:17 [http-nio-8080-exec-3] [DEBUG] o.s.s.w.a.AnonymousAuthenticationFilter - Set SecurityContextHolder to anonymous SecurityContext
2025-04-17 00:58:17 [http-nio-8080-exec-3] [DEBUG] o.s.s.w.s.SessionManagementFilter - Request requested invalid session id 8EDCB24F0B903EFF7E0DD863479E6B9E
2025-04-17 00:58:17 [http-nio-8080-exec-3] [DEBUG] o.s.s.w.a.i.FilterSecurityInterceptor - Authorized filter invocation [GET /excursion] with attributes [permitAll]
2025-04-17 00:58:17 [http-nio-8080-exec-3] [DEBUG] o.s.security.web.FilterChainProxy - Secured GET /excursion
2025-04-17 00:58:17 [http-nio-8080-exec-3] [INFO] r.k.a.u.s.CheckAuthorizeService - checkAdmin is starting, principal: null
2025-04-17 00:58:17 [http-nio-8080-exec-10] [DEBUG] o.s.security.web.FilterChainProxy - Securing GET /css/styles.css
2025-04-17 00:58:17 [http-nio-8080-exec-8] [DEBUG] o.s.security.web.FilterChainProxy - Securing GET /img/logo_alliance.png
2025-04-17 00:58:17 [http-nio-8080-exec-8] [DEBUG] o.s.s.w.a.AnonymousAuthenticationFilter - Set SecurityContextHolder to anonymous SecurityContext
2025-04-17 00:58:17 [http-nio-8080-exec-10] [DEBUG] o.s.s.w.a.AnonymousAuthenticationFilter - Set SecurityContextHolder to anonymous SecurityContext
2025-04-17 00:58:17 [http-nio-8080-exec-8] [DEBUG] o.s.s.w.s.SessionManagementFilter - Request requested invalid session id 8EDCB24F0B903EFF7E0DD863479E6B9E
2025-04-17 00:58:17 [http-nio-8080-exec-10] [DEBUG] o.s.s.w.s.SessionManagementFilter - Request requested invalid session id 8EDCB24F0B903EFF7E0DD863479E6B9E
2025-04-17 00:58:17 [http-nio-8080-exec-8] [DEBUG] o.s.s.w.a.i.FilterSecurityInterceptor - Authorized filter invocation [GET /img/logo_alliance.png] with attributes [permitAll]
2025-04-17 00:58:17 [http-nio-8080-exec-10] [DEBUG] o.s.s.w.a.i.FilterSecurityInterceptor - Authorized filter invocation [GET /css/styles.css] with attributes [permitAll]
2025-04-17 00:58:17 [http-nio-8080-exec-8] [DEBUG] o.s.security.web.FilterChainProxy - Secured GET /img/logo_alliance.png
2025-04-17 00:58:17 [http-nio-8080-exec-10] [DEBUG] o.s.security.web.FilterChainProxy - Secured GET /css/styles.css
2025-04-17 00:58:17 [http-nio-8080-exec-1] [DEBUG] o.s.security.web.FilterChainProxy - Securing GET /images/placeholder.jpg
2025-04-17 00:58:17 [http-nio-8080-exec-2] [DEBUG] o.s.security.web.FilterChainProxy - Securing GET /img/tour-agency.jpg
2025-04-17 00:58:17 [http-nio-8080-exec-9] [DEBUG] o.s.security.web.FilterChainProxy - Securing GET /images/tour/77da970b-1e81-439d-a952-267262094a8c_kozelsk.jpg
2025-04-17 00:58:17 [http-nio-8080-exec-7] [DEBUG] o.s.security.web.FilterChainProxy - Securing GET /images/tour/70efb4f2-568c-40d0-b39f-55ed0ccbc07e_00-Козельск.jpg
2025-04-17 00:58:17 [http-nio-8080-exec-9] [DEBUG] o.s.s.w.a.AnonymousAuthenticationFilter - Set SecurityContextHolder to anonymous SecurityContext
2025-04-17 00:58:17 [http-nio-8080-exec-2] [DEBUG] o.s.s.w.a.AnonymousAuthenticationFilter - Set SecurityContextHolder to anonymous SecurityContext
2025-04-17 00:58:17 [http-nio-8080-exec-1] [DEBUG] o.s.s.w.a.AnonymousAuthenticationFilter - Set SecurityContextHolder to anonymous SecurityContext
2025-04-17 00:58:17 [http-nio-8080-exec-2] [DEBUG] o.s.s.w.s.SessionManagementFilter - Request requested invalid session id 8EDCB24F0B903EFF7E0DD863479E6B9E
2025-04-17 00:58:17 [http-nio-8080-exec-7] [DEBUG] o.s.s.w.a.AnonymousAuthenticationFilter - Set SecurityContextHolder to anonymous SecurityContext
2025-04-17 00:58:17 [http-nio-8080-exec-1] [DEBUG] o.s.s.w.s.SessionManagementFilter - Request requested invalid session id 8EDCB24F0B903EFF7E0DD863479E6B9E
2025-04-17 00:58:17 [http-nio-8080-exec-9] [DEBUG] o.s.s.w.s.SessionManagementFilter - Request requested invalid session id 8EDCB24F0B903EFF7E0DD863479E6B9E
2025-04-17 00:58:17 [http-nio-8080-exec-7] [DEBUG] o.s.s.w.s.SessionManagementFilter - Request requested invalid session id 8EDCB24F0B903EFF7E0DD863479E6B9E
2025-04-17 00:58:17 [http-nio-8080-exec-9] [DEBUG] o.s.s.w.a.i.FilterSecurityInterceptor - Authorized filter invocation [GET /images/tour/77da970b-1e81-439d-a952-267262094a8c_kozelsk.jpg] with attributes [permitAll]
2025-04-17 00:58:17 [http-nio-8080-exec-1] [DEBUG] o.s.s.w.a.i.FilterSecurityInterceptor - Authorized filter invocation [GET /images/placeholder.jpg] with attributes [permitAll]
2025-04-17 00:58:17 [http-nio-8080-exec-2] [DEBUG] o.s.s.w.a.i.FilterSecurityInterceptor - Authorized filter invocation [GET /img/tour-agency.jpg] with attributes [permitAll]
2025-04-17 00:58:17 [http-nio-8080-exec-7] [DEBUG] o.s.s.w.a.i.FilterSecurityInterceptor - Authorized filter invocation [GET /images/tour/70efb4f2-568c-40d0-b39f-55ed0ccbc07e_00-Козельск.jpg] with attributes [permitAll]
2025-04-17 00:58:17 [http-nio-8080-exec-9] [DEBUG] o.s.security.web.FilterChainProxy - Secured GET /images/tour/77da970b-1e81-439d-a952-267262094a8c_kozelsk.jpg
2025-04-17 00:58:17 [http-nio-8080-exec-1] [DEBUG] o.s.security.web.FilterChainProxy - Secured GET /images/placeholder.jpg
2025-04-17 00:58:17 [http-nio-8080-exec-2] [DEBUG] o.s.security.web.FilterChainProxy - Secured GET /img/tour-agency.jpg
2025-04-17 00:58:17 [http-nio-8080-exec-7] [DEBUG] o.s.security.web.FilterChainProxy - Secured GET /images/tour/70efb4f2-568c-40d0-b39f-55ed0ccbc07e_00-Козельск.jpg
2025-04-17 00:58:17 [http-nio-8080-exec-1] [DEBUG] o.s.security.web.FilterChainProxy - Securing GET /error
2025-04-17 00:58:17 [http-nio-8080-exec-2] [DEBUG] o.s.security.web.FilterChainProxy - Securing GET /error
2025-04-17 00:58:17 [http-nio-8080-exec-2] [DEBUG] o.s.s.w.a.AnonymousAuthenticationFilter - Set SecurityContextHolder to anonymous SecurityContext
2025-04-17 00:58:17 [http-nio-8080-exec-1] [DEBUG] o.s.s.w.a.AnonymousAuthenticationFilter - Set SecurityContextHolder to anonymous SecurityContext
2025-04-17 00:58:17 [http-nio-8080-exec-1] [DEBUG] o.s.s.w.a.i.FilterSecurityInterceptor - Authorized filter invocation [GET /error] with attributes [permitAll]
2025-04-17 00:58:17 [http-nio-8080-exec-2] [DEBUG] o.s.s.w.a.i.FilterSecurityInterceptor - Authorized filter invocation [GET /error] with attributes [permitAll]
2025-04-17 00:58:17 [http-nio-8080-exec-2] [DEBUG] o.s.security.web.FilterChainProxy - Secured GET /error
2025-04-17 00:58:17 [http-nio-8080-exec-1] [DEBUG] o.s.security.web.FilterChainProxy - Secured GET /error
2025-04-17 00:58:19 [http-nio-8080-exec-6] [DEBUG] o.s.security.web.FilterChainProxy - Securing GET /excursion/tour/10
2025-04-17 00:58:19 [http-nio-8080-exec-6] [DEBUG] o.s.s.w.a.AnonymousAuthenticationFilter - Set SecurityContextHolder to anonymous SecurityContext
2025-04-17 00:58:19 [http-nio-8080-exec-6] [DEBUG] o.s.s.w.s.SessionManagementFilter - Request requested invalid session id 8EDCB24F0B903EFF7E0DD863479E6B9E
2025-04-17 00:58:19 [http-nio-8080-exec-6] [DEBUG] o.s.s.w.a.i.FilterSecurityInterceptor - Authorized filter invocation [GET /excursion/tour/10] with attributes [permitAll]
2025-04-17 00:58:19 [http-nio-8080-exec-6] [DEBUG] o.s.security.web.FilterChainProxy - Secured GET /excursion/tour/10
2025-04-17 00:58:19 [http-nio-8080-exec-6] [INFO] r.k.a.u.s.CheckAuthorizeService - checkAdmin is starting, principal: null
2025-04-17 00:58:19 [http-nio-8080-exec-4] [DEBUG] o.s.security.web.FilterChainProxy - Securing GET /img/logo_alliance.png
2025-04-17 00:58:19 [http-nio-8080-exec-5] [DEBUG] o.s.security.web.FilterChainProxy - Securing GET /css/styles.css
2025-04-17 00:58:19 [http-nio-8080-exec-4] [DEBUG] o.s.s.w.a.AnonymousAuthenticationFilter - Set SecurityContextHolder to anonymous SecurityContext
2025-04-17 00:58:19 [http-nio-8080-exec-5] [DEBUG] o.s.s.w.a.AnonymousAuthenticationFilter - Set SecurityContextHolder to anonymous SecurityContext
2025-04-17 00:58:19 [http-nio-8080-exec-4] [DEBUG] o.s.s.w.s.SessionManagementFilter - Request requested invalid session id 8EDCB24F0B903EFF7E0DD863479E6B9E
2025-04-17 00:58:19 [http-nio-8080-exec-5] [DEBUG] o.s.s.w.s.SessionManagementFilter - Request requested invalid session id 8EDCB24F0B903EFF7E0DD863479E6B9E
2025-04-17 00:58:19 [http-nio-8080-exec-5] [DEBUG] o.s.s.w.a.i.FilterSecurityInterceptor - Authorized filter invocation [GET /css/styles.css] with attributes [permitAll]
2025-04-17 00:58:19 [http-nio-8080-exec-4] [DEBUG] o.s.s.w.a.i.FilterSecurityInterceptor - Authorized filter invocation [GET /img/logo_alliance.png] with attributes [permitAll]
2025-04-17 00:58:19 [http-nio-8080-exec-5] [DEBUG] o.s.security.web.FilterChainProxy - Secured GET /css/styles.css
2025-04-17 00:58:19 [http-nio-8080-exec-4] [DEBUG] o.s.security.web.FilterChainProxy - Secured GET /img/logo_alliance.png
2025-04-17 00:58:21 [http-nio-8080-exec-10] [DEBUG] o.s.security.web.FilterChainProxy - Securing GET /login
2025-04-17 00:58:21 [http-nio-8080-exec-10] [DEBUG] o.s.s.w.a.AnonymousAuthenticationFilter - Set SecurityContextHolder to anonymous SecurityContext
2025-04-17 00:58:21 [http-nio-8080-exec-10] [DEBUG] o.s.s.w.s.SessionManagementFilter - Request requested invalid session id 8EDCB24F0B903EFF7E0DD863479E6B9E
2025-04-17 00:58:21 [http-nio-8080-exec-10] [DEBUG] o.s.s.w.a.i.FilterSecurityInterceptor - Authorized filter invocation [GET /login] with attributes [permitAll]
2025-04-17 00:58:21 [http-nio-8080-exec-10] [DEBUG] o.s.security.web.FilterChainProxy - Secured GET /login
2025-04-17 00:58:21 [http-nio-8080-exec-3] [DEBUG] o.s.security.web.FilterChainProxy - Securing GET /img/logo_alliance.png
2025-04-17 00:58:21 [http-nio-8080-exec-3] [DEBUG] o.s.s.w.a.AnonymousAuthenticationFilter - Set SecurityContextHolder to anonymous SecurityContext
2025-04-17 00:58:21 [http-nio-8080-exec-3] [DEBUG] o.s.s.w.s.SessionManagementFilter - Request requested invalid session id 8EDCB24F0B903EFF7E0DD863479E6B9E
2025-04-17 00:58:21 [http-nio-8080-exec-3] [DEBUG] o.s.s.w.a.i.FilterSecurityInterceptor - Authorized filter invocation [GET /img/logo_alliance.png] with attributes [permitAll]
2025-04-17 00:58:21 [http-nio-8080-exec-3] [DEBUG] o.s.security.web.FilterChainProxy - Secured GET /img/logo_alliance.png
2025-04-17 00:58:26 [http-nio-8080-exec-8] [DEBUG] o.s.security.web.FilterChainProxy - Securing POST /login
2025-04-17 00:58:26 [http-nio-8080-exec-8] [INFO] r.k.a.s.users.MyUserDetailsService - loadUserByUsername in service is starting
2025-04-17 00:58:26 [http-nio-8080-exec-8] [INFO] r.k.a.s.users.MyUserDetailsService - User roles: class org.hibernate.collection.spi.PersistentSet
2025-04-17 00:58:26 [http-nio-8080-exec-8] [INFO] r.k.a.s.users.MyUserDetailsService - loadUserByUsername in service is finished
2025-04-17 00:58:26 [http-nio-8080-exec-8] [DEBUG] o.s.s.a.d.DaoAuthenticationProvider - Failed to authenticate since password does not match stored value
2025-04-17 00:58:26 [http-nio-8080-exec-8] [DEBUG] o.s.s.web.DefaultRedirectStrategy - Redirecting to /login?error
2025-04-17 00:58:26 [http-nio-8080-exec-2] [DEBUG] o.s.security.web.FilterChainProxy - Securing GET /login?error
2025-04-17 00:58:26 [http-nio-8080-exec-2] [DEBUG] o.s.s.w.a.AnonymousAuthenticationFilter - Set SecurityContextHolder to anonymous SecurityContext
2025-04-17 00:58:26 [http-nio-8080-exec-2] [DEBUG] o.s.s.w.a.i.FilterSecurityInterceptor - Authorized filter invocation [GET /login?error] with attributes [permitAll]
2025-04-17 00:58:26 [http-nio-8080-exec-2] [DEBUG] o.s.security.web.FilterChainProxy - Secured GET /login?error
2025-04-17 00:58:26 [http-nio-8080-exec-1] [DEBUG] o.s.security.web.FilterChainProxy - Securing GET /img/logo_alliance.png
2025-04-17 00:58:26 [http-nio-8080-exec-1] [DEBUG] o.s.s.w.a.AnonymousAuthenticationFilter - Set SecurityContextHolder to anonymous SecurityContext
2025-04-17 00:58:26 [http-nio-8080-exec-1] [DEBUG] o.s.s.w.a.i.FilterSecurityInterceptor - Authorized filter invocation [GET /img/logo_alliance.png] with attributes [permitAll]
2025-04-17 00:58:26 [http-nio-8080-exec-1] [DEBUG] o.s.security.web.FilterChainProxy - Secured GET /img/logo_alliance.png
2025-04-17 00:58:34 [http-nio-8080-exec-9] [DEBUG] o.s.security.web.FilterChainProxy - Securing POST /login
2025-04-17 00:58:34 [http-nio-8080-exec-9] [INFO] r.k.a.s.users.MyUserDetailsService - loadUserByUsername in service is starting
2025-04-17 00:58:34 [http-nio-8080-exec-9] [INFO] r.k.a.s.users.MyUserDetailsService - User roles: class org.hibernate.collection.spi.PersistentSet
2025-04-17 00:58:34 [http-nio-8080-exec-9] [INFO] r.k.a.s.users.MyUserDetailsService - loadUserByUsername in service is finished
2025-04-17 00:58:35 [http-nio-8080-exec-9] [DEBUG] o.s.s.a.d.DaoAuthenticationProvider - Authenticated user
2025-04-17 00:58:35 [http-nio-8080-exec-9] [DEBUG] o.s.s.w.a.s.SessionFixationProtectionStrategy - Invalidating session with Id 'A1931919CC9AA6DF7C3F05840B4C6100' and migrating attributes.
2025-04-17 00:58:35 [http-nio-8080-exec-9] [DEBUG] o.s.s.w.a.s.SessionFixationProtectionStrategy - Started new session: B311A488258A22BC4601649F044ECC7C
2025-04-17 00:58:35 [http-nio-8080-exec-9] [DEBUG] o.s.s.w.a.s.SessionFixationProtectionStrategy - Changed session id from A1931919CC9AA6DF7C3F05840B4C6100
2025-04-17 00:58:35 [http-nio-8080-exec-9] [DEBUG] o.s.s.c.session.SessionRegistryImpl - Registering session B311A488258A22BC4601649F044ECC7C, for principal org.springframework.security.core.userdetails.User [Username=user4@gmail.com, Password=[PROTECTED], Enabled=true, AccountNonExpired=true, CredentialsNonExpired=true, AccountNonLocked=true, Granted Authorities=[ROLE_USER]]
2025-04-17 00:58:35 [http-nio-8080-exec-9] [DEBUG] o.s.s.w.c.CsrfAuthenticationStrategy - Replaced CSRF Token
2025-04-17 00:58:35 [http-nio-8080-exec-9] [DEBUG] o.s.s.w.c.HttpSessionSecurityContextRepository - Stored SecurityContextImpl [Authentication=UsernamePasswordAuthenticationToken [Principal=org.springframework.security.core.userdetails.User [Username=user4@gmail.com, Password=[PROTECTED], Enabled=true, AccountNonExpired=true, CredentialsNonExpired=true, AccountNonLocked=true, Granted Authorities=[ROLE_USER]], Credentials=[PROTECTED], Authenticated=true, Details=WebAuthenticationDetails [RemoteIpAddress=0:0:0:0:0:0:0:1, SessionId=A1931919CC9AA6DF7C3F05840B4C6100], Granted Authorities=[ROLE_USER]]] to HttpSession [org.apache.catalina.session.StandardSessionFacade@1642d045]
2025-04-17 00:58:35 [http-nio-8080-exec-9] [DEBUG] o.s.s.w.a.UsernamePasswordAuthenticationFilter - Set SecurityContextHolder to UsernamePasswordAuthenticationToken [Principal=org.springframework.security.core.userdetails.User [Username=user4@gmail.com, Password=[PROTECTED], Enabled=true, AccountNonExpired=true, CredentialsNonExpired=true, AccountNonLocked=true, Granted Authorities=[ROLE_USER]], Credentials=[PROTECTED], Authenticated=true, Details=WebAuthenticationDetails [RemoteIpAddress=0:0:0:0:0:0:0:1, SessionId=A1931919CC9AA6DF7C3F05840B4C6100], Granted Authorities=[ROLE_USER]]
2025-04-17 00:58:35 [http-nio-8080-exec-9] [DEBUG] o.s.s.web.DefaultRedirectStrategy - Redirecting to /realty
2025-04-17 00:58:35 [http-nio-8080-exec-7] [DEBUG] o.s.security.web.FilterChainProxy - Securing GET /realty
2025-04-17 00:58:35 [http-nio-8080-exec-7] [DEBUG] o.s.s.w.c.HttpSessionSecurityContextRepository - Retrieved SecurityContextImpl [Authentication=UsernamePasswordAuthenticationToken [Principal=org.springframework.security.core.userdetails.User [Username=user4@gmail.com, Password=[PROTECTED], Enabled=true, AccountNonExpired=true, CredentialsNonExpired=true, AccountNonLocked=true, Granted Authorities=[ROLE_USER]], Credentials=[PROTECTED], Authenticated=true, Details=WebAuthenticationDetails [RemoteIpAddress=0:0:0:0:0:0:0:1, SessionId=A1931919CC9AA6DF7C3F05840B4C6100], Granted Authorities=[ROLE_USER]]]
2025-04-17 00:58:35 [http-nio-8080-exec-7] [DEBUG] o.s.s.w.a.i.FilterSecurityInterceptor - Authorized filter invocation [GET /realty] with attributes [permitAll]
2025-04-17 00:58:35 [http-nio-8080-exec-7] [DEBUG] o.s.security.web.FilterChainProxy - Secured GET /realty
2025-04-17 00:58:35 [http-nio-8080-exec-7] [INFO] r.k.a.u.s.CheckAuthorizeService - checkAdmin is starting, principal: UsernamePasswordAuthenticationToken [Principal=org.springframework.security.core.userdetails.User [Username=user4@gmail.com, Password=[PROTECTED], Enabled=true, AccountNonExpired=true, CredentialsNonExpired=true, AccountNonLocked=true, Granted Authorities=[ROLE_USER]], Credentials=[PROTECTED], Authenticated=true, Details=WebAuthenticationDetails [RemoteIpAddress=0:0:0:0:0:0:0:1, SessionId=A1931919CC9AA6DF7C3F05840B4C6100], Granted Authorities=[ROLE_USER]]
2025-04-17 00:58:35 [http-nio-8080-exec-7] [INFO] r.k.a.u.s.CheckAuthorizeService - checkAdmin: principal != null
2025-04-17 00:58:35 [http-nio-8080-exec-7] [INFO] r.k.a.u.s.CheckAuthorizeService - Principal is regular authentication
2025-04-17 00:58:35 [http-nio-8080-exec-7] [INFO] r.k.a.u.s.CheckAuthorizeService - Checking admin rights for email: user4@gmail.com
2025-04-17 00:58:35 [http-nio-8080-exec-7] [INFO] r.k.a.u.s.CheckAuthorizeService - User roles: [USER]
2025-04-17 00:58:35 [http-nio-8080-exec-4] [DEBUG] o.s.security.web.FilterChainProxy - Securing GET /img/logo_alliance.png
2025-04-17 00:58:35 [http-nio-8080-exec-6] [DEBUG] o.s.security.web.FilterChainProxy - Securing GET /css/styles.css
2025-04-17 00:58:35 [http-nio-8080-exec-4] [DEBUG] o.s.s.w.c.HttpSessionSecurityContextRepository - Retrieved SecurityContextImpl [Authentication=UsernamePasswordAuthenticationToken [Principal=org.springframework.security.core.userdetails.User [Username=user4@gmail.com, Password=[PROTECTED], Enabled=true, AccountNonExpired=true, CredentialsNonExpired=true, AccountNonLocked=true, Granted Authorities=[ROLE_USER]], Credentials=[PROTECTED], Authenticated=true, Details=WebAuthenticationDetails [RemoteIpAddress=0:0:0:0:0:0:0:1, SessionId=A1931919CC9AA6DF7C3F05840B4C6100], Granted Authorities=[ROLE_USER]]]
2025-04-17 00:58:35 [http-nio-8080-exec-6] [DEBUG] o.s.s.w.c.HttpSessionSecurityContextRepository - Retrieved SecurityContextImpl [Authentication=UsernamePasswordAuthenticationToken [Principal=org.springframework.security.core.userdetails.User [Username=user4@gmail.com, Password=[PROTECTED], Enabled=true, AccountNonExpired=true, CredentialsNonExpired=true, AccountNonLocked=true, Granted Authorities=[ROLE_USER]], Credentials=[PROTECTED], Authenticated=true, Details=WebAuthenticationDetails [RemoteIpAddress=0:0:0:0:0:0:0:1, SessionId=A1931919CC9AA6DF7C3F05840B4C6100], Granted Authorities=[ROLE_USER]]]
2025-04-17 00:58:35 [http-nio-8080-exec-6] [DEBUG] o.s.s.w.a.i.FilterSecurityInterceptor - Authorized filter invocation [GET /css/styles.css] with attributes [permitAll]
2025-04-17 00:58:35 [http-nio-8080-exec-4] [DEBUG] o.s.s.w.a.i.FilterSecurityInterceptor - Authorized filter invocation [GET /img/logo_alliance.png] with attributes [permitAll]
2025-04-17 00:58:35 [http-nio-8080-exec-6] [DEBUG] o.s.security.web.FilterChainProxy - Secured GET /css/styles.css
2025-04-17 00:58:35 [http-nio-8080-exec-4] [DEBUG] o.s.security.web.FilterChainProxy - Secured GET /img/logo_alliance.png
2025-04-17 00:58:35 [http-nio-8080-exec-5] [DEBUG] o.s.security.web.FilterChainProxy - Securing GET /img/agency.jpg
2025-04-17 00:58:35 [http-nio-8080-exec-10] [DEBUG] o.s.security.web.FilterChainProxy - Securing GET /images/advertisementSale/d4315efc-c703-4501-a94b-81ff7ce200a0_photo_2024-12-23_22-17-59.jpg
2025-04-17 00:58:35 [http-nio-8080-exec-3] [DEBUG] o.s.security.web.FilterChainProxy - Securing GET /images/advertisementSale/f59acdf2-baf6-4bc0-b36b-35e41bacd18b_photo_2024-12-23_22-17-54.jpg
2025-04-17 00:58:35 [http-nio-8080-exec-2] [DEBUG] o.s.security.web.FilterChainProxy - Securing GET /images/advertisementSale/0dab0807-9cf3-481e-9749-99e44f837125_photo_2024-12-23_22-18-04.jpg
2025-04-17 00:58:35 [http-nio-8080-exec-8] [DEBUG] o.s.security.web.FilterChainProxy - Securing GET /images/advertisementSale/199952c8-f50d-4f4d-bedc-5c44f013ee64_Снимок экрана (6).png
2025-04-17 00:58:35 [http-nio-8080-exec-5] [DEBUG] o.s.s.w.c.HttpSessionSecurityContextRepository - Retrieved SecurityContextImpl [Authentication=UsernamePasswordAuthenticationToken [Principal=org.springframework.security.core.userdetails.User [Username=user4@gmail.com, Password=[PROTECTED], Enabled=true, AccountNonExpired=true, CredentialsNonExpired=true, AccountNonLocked=true, Granted Authorities=[ROLE_USER]], Credentials=[PROTECTED], Authenticated=true, Details=WebAuthenticationDetails [RemoteIpAddress=0:0:0:0:0:0:0:1, SessionId=A1931919CC9AA6DF7C3F05840B4C6100], Granted Authorities=[ROLE_USER]]]
2025-04-17 00:58:35 [http-nio-8080-exec-3] [DEBUG] o.s.s.w.c.HttpSessionSecurityContextRepository - Retrieved SecurityContextImpl [Authentication=UsernamePasswordAuthenticationToken [Principal=org.springframework.security.core.userdetails.User [Username=user4@gmail.com, Password=[PROTECTED], Enabled=true, AccountNonExpired=true, CredentialsNonExpired=true, AccountNonLocked=true, Granted Authorities=[ROLE_USER]], Credentials=[PROTECTED], Authenticated=true, Details=WebAuthenticationDetails [RemoteIpAddress=0:0:0:0:0:0:0:1, SessionId=A1931919CC9AA6DF7C3F05840B4C6100], Granted Authorities=[ROLE_USER]]]
2025-04-17 00:58:35 [http-nio-8080-exec-10] [DEBUG] o.s.s.w.c.HttpSessionSecurityContextRepository - Retrieved SecurityContextImpl [Authentication=UsernamePasswordAuthenticationToken [Principal=org.springframework.security.core.userdetails.User [Username=user4@gmail.com, Password=[PROTECTED], Enabled=true, AccountNonExpired=true, CredentialsNonExpired=true, AccountNonLocked=true, Granted Authorities=[ROLE_USER]], Credentials=[PROTECTED], Authenticated=true, Details=WebAuthenticationDetails [RemoteIpAddress=0:0:0:0:0:0:0:1, SessionId=A1931919CC9AA6DF7C3F05840B4C6100], Granted Authorities=[ROLE_USER]]]
2025-04-17 00:58:35 [http-nio-8080-exec-2] [DEBUG] o.s.s.w.c.HttpSessionSecurityContextRepository - Retrieved SecurityContextImpl [Authentication=UsernamePasswordAuthenticationToken [Principal=org.springframework.security.core.userdetails.User [Username=user4@gmail.com, Password=[PROTECTED], Enabled=true, AccountNonExpired=true, CredentialsNonExpired=true, AccountNonLocked=true, Granted Authorities=[ROLE_USER]], Credentials=[PROTECTED], Authenticated=true, Details=WebAuthenticationDetails [RemoteIpAddress=0:0:0:0:0:0:0:1, SessionId=A1931919CC9AA6DF7C3F05840B4C6100], Granted Authorities=[ROLE_USER]]]
2025-04-17 00:58:35 [http-nio-8080-exec-8] [DEBUG] o.s.s.w.c.HttpSessionSecurityContextRepository - Retrieved SecurityContextImpl [Authentication=UsernamePasswordAuthenticationToken [Principal=org.springframework.security.core.userdetails.User [Username=user4@gmail.com, Password=[PROTECTED], Enabled=true, AccountNonExpired=true, CredentialsNonExpired=true, AccountNonLocked=true, Granted Authorities=[ROLE_USER]], Credentials=[PROTECTED], Authenticated=true, Details=WebAuthenticationDetails [RemoteIpAddress=0:0:0:0:0:0:0:1, SessionId=A1931919CC9AA6DF7C3F05840B4C6100], Granted Authorities=[ROLE_USER]]]
2025-04-17 00:58:35 [http-nio-8080-exec-10] [DEBUG] o.s.s.w.a.i.FilterSecurityInterceptor - Authorized filter invocation [GET /images/advertisementSale/d4315efc-c703-4501-a94b-81ff7ce200a0_photo_2024-12-23_22-17-59.jpg] with attributes [permitAll]
2025-04-17 00:58:35 [http-nio-8080-exec-2] [DEBUG] o.s.s.w.a.i.FilterSecurityInterceptor - Authorized filter invocation [GET /images/advertisementSale/0dab0807-9cf3-481e-9749-99e44f837125_photo_2024-12-23_22-18-04.jpg] with attributes [permitAll]
2025-04-17 00:58:35 [http-nio-8080-exec-8] [DEBUG] o.s.s.w.a.i.FilterSecurityInterceptor - Authorized filter invocation [GET /images/advertisementSale/199952c8-f50d-4f4d-bedc-5c44f013ee64_Снимок экрана (6).png] with attributes [permitAll]
2025-04-17 00:58:35 [http-nio-8080-exec-3] [DEBUG] o.s.s.w.a.i.FilterSecurityInterceptor - Authorized filter invocation [GET /images/advertisementSale/f59acdf2-baf6-4bc0-b36b-35e41bacd18b_photo_2024-12-23_22-17-54.jpg] with attributes [permitAll]
2025-04-17 00:58:35 [http-nio-8080-exec-5] [DEBUG] o.s.s.w.a.i.FilterSecurityInterceptor - Authorized filter invocation [GET /img/agency.jpg] with attributes [permitAll]
2025-04-17 00:58:35 [http-nio-8080-exec-8] [DEBUG] o.s.security.web.FilterChainProxy - Secured GET /images/advertisementSale/199952c8-f50d-4f4d-bedc-5c44f013ee64_Снимок экрана (6).png
2025-04-17 00:58:35 [http-nio-8080-exec-3] [DEBUG] o.s.security.web.FilterChainProxy - Secured GET /images/advertisementSale/f59acdf2-baf6-4bc0-b36b-35e41bacd18b_photo_2024-12-23_22-17-54.jpg
2025-04-17 00:58:35 [http-nio-8080-exec-2] [DEBUG] o.s.security.web.FilterChainProxy - Secured GET /images/advertisementSale/0dab0807-9cf3-481e-9749-99e44f837125_photo_2024-12-23_22-18-04.jpg
2025-04-17 00:58:35 [http-nio-8080-exec-10] [DEBUG] o.s.security.web.FilterChainProxy - Secured GET /images/advertisementSale/d4315efc-c703-4501-a94b-81ff7ce200a0_photo_2024-12-23_22-17-59.jpg
2025-04-17 00:58:35 [http-nio-8080-exec-5] [DEBUG] o.s.security.web.FilterChainProxy - Secured GET /img/agency.jpg
2025-04-17 00:58:35 [http-nio-8080-exec-6] [DEBUG] o.s.security.web.FilterChainProxy - Securing GET /images/advertisementSale/0673bdb4-3423-44e8-8636-a66497d7ab52_photo_2024-12-23_22-18-01.jpg
2025-04-17 00:58:35 [http-nio-8080-exec-4] [DEBUG] o.s.security.web.FilterChainProxy - Securing GET /images/advertisementSale/f11f04c5-71bc-4048-ad70-323ba1188611_Снимок экрана (2).png
2025-04-17 00:58:35 [http-nio-8080-exec-1] [DEBUG] o.s.security.web.FilterChainProxy - Securing GET /images/advertisementSale/8712f027-90a6-4f31-aeed-9b8fbd323086_Снимок экрана (8).png
2025-04-17 00:58:35 [http-nio-8080-exec-9] [DEBUG] o.s.security.web.FilterChainProxy - Securing GET /images/advertisementSale/76d213ca-dba5-4b57-88f5-b6b4129f212e_photo_2024-12-23_22-17-54.jpg
2025-04-17 00:58:35 [http-nio-8080-exec-6] [DEBUG] o.s.s.w.c.HttpSessionSecurityContextRepository - Retrieved SecurityContextImpl [Authentication=UsernamePasswordAuthenticationToken [Principal=org.springframework.security.core.userdetails.User [Username=user4@gmail.com, Password=[PROTECTED], Enabled=true, AccountNonExpired=true, CredentialsNonExpired=true, AccountNonLocked=true, Granted Authorities=[ROLE_USER]], Credentials=[PROTECTED], Authenticated=true, Details=WebAuthenticationDetails [RemoteIpAddress=0:0:0:0:0:0:0:1, SessionId=A1931919CC9AA6DF7C3F05840B4C6100], Granted Authorities=[ROLE_USER]]]
2025-04-17 00:58:35 [http-nio-8080-exec-4] [DEBUG] o.s.s.w.c.HttpSessionSecurityContextRepository - Retrieved SecurityContextImpl [Authentication=UsernamePasswordAuthenticationToken [Principal=org.springframework.security.core.userdetails.User [Username=user4@gmail.com, Password=[PROTECTED], Enabled=true, AccountNonExpired=true, CredentialsNonExpired=true, AccountNonLocked=true, Granted Authorities=[ROLE_USER]], Credentials=[PROTECTED], Authenticated=true, Details=WebAuthenticationDetails [RemoteIpAddress=0:0:0:0:0:0:0:1, SessionId=A1931919CC9AA6DF7C3F05840B4C6100], Granted Authorities=[ROLE_USER]]]
2025-04-17 00:58:35 [http-nio-8080-exec-9] [DEBUG] o.s.s.w.c.HttpSessionSecurityContextRepository - Retrieved SecurityContextImpl [Authentication=UsernamePasswordAuthenticationToken [Principal=org.springframework.security.core.userdetails.User [Username=user4@gmail.com, Password=[PROTECTED], Enabled=true, AccountNonExpired=true, CredentialsNonExpired=true, AccountNonLocked=true, Granted Authorities=[ROLE_USER]], Credentials=[PROTECTED], Authenticated=true, Details=WebAuthenticationDetails [RemoteIpAddress=0:0:0:0:0:0:0:1, SessionId=A1931919CC9AA6DF7C3F05840B4C6100], Granted Authorities=[ROLE_USER]]]
2025-04-17 00:58:35 [http-nio-8080-exec-1] [DEBUG] o.s.s.w.c.HttpSessionSecurityContextRepository - Retrieved SecurityContextImpl [Authentication=UsernamePasswordAuthenticationToken [Principal=org.springframework.security.core.userdetails.User [Username=user4@gmail.com, Password=[PROTECTED], Enabled=true, AccountNonExpired=true, CredentialsNonExpired=true, AccountNonLocked=true, Granted Authorities=[ROLE_USER]], Credentials=[PROTECTED], Authenticated=true, Details=WebAuthenticationDetails [RemoteIpAddress=0:0:0:0:0:0:0:1, SessionId=A1931919CC9AA6DF7C3F05840B4C6100], Granted Authorities=[ROLE_USER]]]
2025-04-17 00:58:35 [http-nio-8080-exec-6] [DEBUG] o.s.s.w.a.i.FilterSecurityInterceptor - Authorized filter invocation [GET /images/advertisementSale/0673bdb4-3423-44e8-8636-a66497d7ab52_photo_2024-12-23_22-18-01.jpg] with attributes [permitAll]
2025-04-17 00:58:35 [http-nio-8080-exec-4] [DEBUG] o.s.s.w.a.i.FilterSecurityInterceptor - Authorized filter invocation [GET /images/advertisementSale/f11f04c5-71bc-4048-ad70-323ba1188611_Снимок экрана (2).png] with attributes [permitAll]
2025-04-17 00:58:35 [http-nio-8080-exec-9] [DEBUG] o.s.s.w.a.i.FilterSecurityInterceptor - Authorized filter invocation [GET /images/advertisementSale/76d213ca-dba5-4b57-88f5-b6b4129f212e_photo_2024-12-23_22-17-54.jpg] with attributes [permitAll]
2025-04-17 00:58:35 [http-nio-8080-exec-1] [DEBUG] o.s.s.w.a.i.FilterSecurityInterceptor - Authorized filter invocation [GET /images/advertisementSale/8712f027-90a6-4f31-aeed-9b8fbd323086_Снимок экрана (8).png] with attributes [permitAll]
2025-04-17 00:58:35 [http-nio-8080-exec-6] [DEBUG] o.s.security.web.FilterChainProxy - Secured GET /images/advertisementSale/0673bdb4-3423-44e8-8636-a66497d7ab52_photo_2024-12-23_22-18-01.jpg
2025-04-17 00:58:35 [http-nio-8080-exec-9] [DEBUG] o.s.security.web.FilterChainProxy - Secured GET /images/advertisementSale/76d213ca-dba5-4b57-88f5-b6b4129f212e_photo_2024-12-23_22-17-54.jpg
2025-04-17 00:58:35 [http-nio-8080-exec-1] [DEBUG] o.s.security.web.FilterChainProxy - Secured GET /images/advertisementSale/8712f027-90a6-4f31-aeed-9b8fbd323086_Снимок экрана (8).png
2025-04-17 00:58:35 [http-nio-8080-exec-4] [DEBUG] o.s.security.web.FilterChainProxy - Secured GET /images/advertisementSale/f11f04c5-71bc-4048-ad70-323ba1188611_Снимок экрана (2).png
2025-04-17 00:58:35 [http-nio-8080-exec-10] [DEBUG] o.s.security.web.FilterChainProxy - Securing GET /images/advertisementSale/770d16f9-e061-46fc-94e4-17e8e3e3588a_photo_2024-12-23_22-18-11.jpg
2025-04-17 00:58:35 [http-nio-8080-exec-10] [DEBUG] o.s.s.w.c.HttpSessionSecurityContextRepository - Retrieved SecurityContextImpl [Authentication=UsernamePasswordAuthenticationToken [Principal=org.springframework.security.core.userdetails.User [Username=user4@gmail.com, Password=[PROTECTED], Enabled=true, AccountNonExpired=true, CredentialsNonExpired=true, AccountNonLocked=true, Granted Authorities=[ROLE_USER]], Credentials=[PROTECTED], Authenticated=true, Details=WebAuthenticationDetails [RemoteIpAddress=0:0:0:0:0:0:0:1, SessionId=A1931919CC9AA6DF7C3F05840B4C6100], Granted Authorities=[ROLE_USER]]]
2025-04-17 00:58:35 [http-nio-8080-exec-10] [DEBUG] o.s.s.w.a.i.FilterSecurityInterceptor - Authorized filter invocation [GET /images/advertisementSale/770d16f9-e061-46fc-94e4-17e8e3e3588a_photo_2024-12-23_22-18-11.jpg] with attributes [permitAll]
2025-04-17 00:58:35 [http-nio-8080-exec-10] [DEBUG] o.s.security.web.FilterChainProxy - Secured GET /images/advertisementSale/770d16f9-e061-46fc-94e4-17e8e3e3588a_photo_2024-12-23_22-18-11.jpg
2025-04-17 00:58:35 [http-nio-8080-exec-3] [DEBUG] o.s.security.web.FilterChainProxy - Securing GET /images/advertisementSale/15c13dfd-2da8-4565-ae8d-d9857bb9f550_photo_2024-12-23_22-17-54.jpg
2025-04-17 00:58:35 [http-nio-8080-exec-3] [DEBUG] o.s.s.w.c.HttpSessionSecurityContextRepository - Retrieved SecurityContextImpl [Authentication=UsernamePasswordAuthenticationToken [Principal=org.springframework.security.core.userdetails.User [Username=user4@gmail.com, Password=[PROTECTED], Enabled=true, AccountNonExpired=true, CredentialsNonExpired=true, AccountNonLocked=true, Granted Authorities=[ROLE_USER]], Credentials=[PROTECTED], Authenticated=true, Details=WebAuthenticationDetails [RemoteIpAddress=0:0:0:0:0:0:0:1, SessionId=A1931919CC9AA6DF7C3F05840B4C6100], Granted Authorities=[ROLE_USER]]]
2025-04-17 00:58:35 [http-nio-8080-exec-3] [DEBUG] o.s.s.w.a.i.FilterSecurityInterceptor - Authorized filter invocation [GET /images/advertisementSale/15c13dfd-2da8-4565-ae8d-d9857bb9f550_photo_2024-12-23_22-17-54.jpg] with attributes [permitAll]
2025-04-17 00:58:35 [http-nio-8080-exec-3] [DEBUG] o.s.security.web.FilterChainProxy - Secured GET /images/advertisementSale/15c13dfd-2da8-4565-ae8d-d9857bb9f550_photo_2024-12-23_22-17-54.jpg
2025-04-17 00:58:35 [http-nio-8080-exec-8] [DEBUG] o.s.security.web.FilterChainProxy - Securing GET /images/placeholder.jpg
2025-04-17 00:58:35 [http-nio-8080-exec-5] [DEBUG] o.s.security.web.FilterChainProxy - Securing GET /images/advertisementSale/2703da27-c848-4e9d-a261-4d33ee79f79c_photo_2024-12-23_22-17-59.jpg
2025-04-17 00:58:35 [http-nio-8080-exec-2] [DEBUG] o.s.security.web.FilterChainProxy - Securing GET /images/advertisementSale/6d439031-8c11-4cfd-9007-7047bd94ec62_photo_2024-12-23_22-18-10.jpg
2025-04-17 00:58:35 [http-nio-8080-exec-5] [DEBUG] o.s.s.w.c.HttpSessionSecurityContextRepository - Retrieved SecurityContextImpl [Authentication=UsernamePasswordAuthenticationToken [Principal=org.springframework.security.core.userdetails.User [Username=user4@gmail.com, Password=[PROTECTED], Enabled=true, AccountNonExpired=true, CredentialsNonExpired=true, AccountNonLocked=true, Granted Authorities=[ROLE_USER]], Credentials=[PROTECTED], Authenticated=true, Details=WebAuthenticationDetails [RemoteIpAddress=0:0:0:0:0:0:0:1, SessionId=A1931919CC9AA6DF7C3F05840B4C6100], Granted Authorities=[ROLE_USER]]]
2025-04-17 00:58:35 [http-nio-8080-exec-8] [DEBUG] o.s.s.w.c.HttpSessionSecurityContextRepository - Retrieved SecurityContextImpl [Authentication=UsernamePasswordAuthenticationToken [Principal=org.springframework.security.core.userdetails.User [Username=user4@gmail.com, Password=[PROTECTED], Enabled=true, AccountNonExpired=true, CredentialsNonExpired=true, AccountNonLocked=true, Granted Authorities=[ROLE_USER]], Credentials=[PROTECTED], Authenticated=true, Details=WebAuthenticationDetails [RemoteIpAddress=0:0:0:0:0:0:0:1, SessionId=A1931919CC9AA6DF7C3F05840B4C6100], Granted Authorities=[ROLE_USER]]]
2025-04-17 00:58:35 [http-nio-8080-exec-2] [DEBUG] o.s.s.w.c.HttpSessionSecurityContextRepository - Retrieved SecurityContextImpl [Authentication=UsernamePasswordAuthenticationToken [Principal=org.springframework.security.core.userdetails.User [Username=user4@gmail.com, Password=[PROTECTED], Enabled=true, AccountNonExpired=true, CredentialsNonExpired=true, AccountNonLocked=true, Granted Authorities=[ROLE_USER]], Credentials=[PROTECTED], Authenticated=true, Details=WebAuthenticationDetails [RemoteIpAddress=0:0:0:0:0:0:0:1, SessionId=A1931919CC9AA6DF7C3F05840B4C6100], Granted Authorities=[ROLE_USER]]]
2025-04-17 00:58:35 [http-nio-8080-exec-5] [DEBUG] o.s.s.w.a.i.FilterSecurityInterceptor - Authorized filter invocation [GET /images/advertisementSale/2703da27-c848-4e9d-a261-4d33ee79f79c_photo_2024-12-23_22-17-59.jpg] with attributes [permitAll]
2025-04-17 00:58:35 [http-nio-8080-exec-8] [DEBUG] o.s.s.w.a.i.FilterSecurityInterceptor - Authorized filter invocation [GET /images/placeholder.jpg] with attributes [permitAll]
2025-04-17 00:58:35 [http-nio-8080-exec-2] [DEBUG] o.s.s.w.a.i.FilterSecurityInterceptor - Authorized filter invocation [GET /images/advertisementSale/6d439031-8c11-4cfd-9007-7047bd94ec62_photo_2024-12-23_22-18-10.jpg] with attributes [permitAll]
2025-04-17 00:58:35 [http-nio-8080-exec-5] [DEBUG] o.s.security.web.FilterChainProxy - Secured GET /images/advertisementSale/2703da27-c848-4e9d-a261-4d33ee79f79c_photo_2024-12-23_22-17-59.jpg
2025-04-17 00:58:35 [http-nio-8080-exec-8] [DEBUG] o.s.security.web.FilterChainProxy - Secured GET /images/placeholder.jpg
2025-04-17 00:58:35 [http-nio-8080-exec-2] [DEBUG] o.s.security.web.FilterChainProxy - Secured GET /images/advertisementSale/6d439031-8c11-4cfd-9007-7047bd94ec62_photo_2024-12-23_22-18-10.jpg
2025-04-17 00:58:35 [http-nio-8080-exec-9] [DEBUG] o.s.security.web.FilterChainProxy - Securing GET /images/advertisementRent/809047fb-7261-497f-b19e-b208d4480210_photo_2024-12-23_22-17-57.jpg
2025-04-17 00:58:35 [http-nio-8080-exec-7] [DEBUG] o.s.security.web.FilterChainProxy - Securing GET /images/advertisementSale/e63bba72-f8b1-4ec8-b621-657fbcd7b1e3_kozelsk.jpg
2025-04-17 00:58:35 [http-nio-8080-exec-6] [DEBUG] o.s.security.web.FilterChainProxy - Securing GET /images/advertisementRent/b02c42b7-b608-4169-93f2-7ad28d186517_photo_2024-12-23_22-18-01.jpg
2025-04-17 00:58:35 [http-nio-8080-exec-7] [DEBUG] o.s.s.w.c.HttpSessionSecurityContextRepository - Retrieved SecurityContextImpl [Authentication=UsernamePasswordAuthenticationToken [Principal=org.springframework.security.core.userdetails.User [Username=user4@gmail.com, Password=[PROTECTED], Enabled=true, AccountNonExpired=true, CredentialsNonExpired=true, AccountNonLocked=true, Granted Authorities=[ROLE_USER]], Credentials=[PROTECTED], Authenticated=true, Details=WebAuthenticationDetails [RemoteIpAddress=0:0:0:0:0:0:0:1, SessionId=A1931919CC9AA6DF7C3F05840B4C6100], Granted Authorities=[ROLE_USER]]]
2025-04-17 00:58:35 [http-nio-8080-exec-6] [DEBUG] o.s.s.w.c.HttpSessionSecurityContextRepository - Retrieved SecurityContextImpl [Authentication=UsernamePasswordAuthenticationToken [Principal=org.springframework.security.core.userdetails.User [Username=user4@gmail.com, Password=[PROTECTED], Enabled=true, AccountNonExpired=true, CredentialsNonExpired=true, AccountNonLocked=true, Granted Authorities=[ROLE_USER]], Credentials=[PROTECTED], Authenticated=true, Details=WebAuthenticationDetails [RemoteIpAddress=0:0:0:0:0:0:0:1, SessionId=A1931919CC9AA6DF7C3F05840B4C6100], Granted Authorities=[ROLE_USER]]]
2025-04-17 00:58:35 [http-nio-8080-exec-9] [DEBUG] o.s.s.w.c.HttpSessionSecurityContextRepository - Retrieved SecurityContextImpl [Authentication=UsernamePasswordAuthenticationToken [Principal=org.springframework.security.core.userdetails.User [Username=user4@gmail.com, Password=[PROTECTED], Enabled=true, AccountNonExpired=true, CredentialsNonExpired=true, AccountNonLocked=true, Granted Authorities=[ROLE_USER]], Credentials=[PROTECTED], Authenticated=true, Details=WebAuthenticationDetails [RemoteIpAddress=0:0:0:0:0:0:0:1, SessionId=A1931919CC9AA6DF7C3F05840B4C6100], Granted Authorities=[ROLE_USER]]]
2025-04-17 00:58:35 [http-nio-8080-exec-7] [DEBUG] o.s.s.w.a.i.FilterSecurityInterceptor - Authorized filter invocation [GET /images/advertisementSale/e63bba72-f8b1-4ec8-b621-657fbcd7b1e3_kozelsk.jpg] with attributes [permitAll]
2025-04-17 00:58:35 [http-nio-8080-exec-6] [DEBUG] o.s.s.w.a.i.FilterSecurityInterceptor - Authorized filter invocation [GET /images/advertisementRent/b02c42b7-b608-4169-93f2-7ad28d186517_photo_2024-12-23_22-18-01.jpg] with attributes [permitAll]
2025-04-17 00:58:35 [http-nio-8080-exec-9] [DEBUG] o.s.s.w.a.i.FilterSecurityInterceptor - Authorized filter invocation [GET /images/advertisementRent/809047fb-7261-497f-b19e-b208d4480210_photo_2024-12-23_22-17-57.jpg] with attributes [permitAll]
2025-04-17 00:58:35 [http-nio-8080-exec-6] [DEBUG] o.s.security.web.FilterChainProxy - Secured GET /images/advertisementRent/b02c42b7-b608-4169-93f2-7ad28d186517_photo_2024-12-23_22-18-01.jpg
2025-04-17 00:58:35 [http-nio-8080-exec-7] [DEBUG] o.s.security.web.FilterChainProxy - Secured GET /images/advertisementSale/e63bba72-f8b1-4ec8-b621-657fbcd7b1e3_kozelsk.jpg
2025-04-17 00:58:35 [http-nio-8080-exec-9] [DEBUG] o.s.security.web.FilterChainProxy - Secured GET /images/advertisementRent/809047fb-7261-497f-b19e-b208d4480210_photo_2024-12-23_22-17-57.jpg
2025-04-17 00:58:35 [http-nio-8080-exec-4] [DEBUG] o.s.security.web.FilterChainProxy - Securing GET /images/advertisementRent/0a1031cd-43b5-4402-87eb-04fa80f00918_photo_2024-12-23_22-18-03.jpg
2025-04-17 00:58:35 [http-nio-8080-exec-8] [DEBUG] o.s.security.web.FilterChainProxy - Securing GET /error
2025-04-17 00:58:35 [http-nio-8080-exec-1] [DEBUG] o.s.security.web.FilterChainProxy - Securing GET /images/advertisementRent/da667149-470d-4844-94d9-c5a37db0ed63_photo_2024-12-23_22-18-05.jpg
2025-04-17 00:58:35 [http-nio-8080-exec-4] [DEBUG] o.s.s.w.c.HttpSessionSecurityContextRepository - Retrieved SecurityContextImpl [Authentication=UsernamePasswordAuthenticationToken [Principal=org.springframework.security.core.userdetails.User [Username=user4@gmail.com, Password=[PROTECTED], Enabled=true, AccountNonExpired=true, CredentialsNonExpired=true, AccountNonLocked=true, Granted Authorities=[ROLE_USER]], Credentials=[PROTECTED], Authenticated=true, Details=WebAuthenticationDetails [RemoteIpAddress=0:0:0:0:0:0:0:1, SessionId=A1931919CC9AA6DF7C3F05840B4C6100], Granted Authorities=[ROLE_USER]]]
2025-04-17 00:58:35 [http-nio-8080-exec-8] [DEBUG] o.s.s.w.c.HttpSessionSecurityContextRepository - Retrieved SecurityContextImpl [Authentication=UsernamePasswordAuthenticationToken [Principal=org.springframework.security.core.userdetails.User [Username=user4@gmail.com, Password=[PROTECTED], Enabled=true, AccountNonExpired=true, CredentialsNonExpired=true, AccountNonLocked=true, Granted Authorities=[ROLE_USER]], Credentials=[PROTECTED], Authenticated=true, Details=WebAuthenticationDetails [RemoteIpAddress=0:0:0:0:0:0:0:1, SessionId=A1931919CC9AA6DF7C3F05840B4C6100], Granted Authorities=[ROLE_USER]]]
2025-04-17 00:58:35 [http-nio-8080-exec-1] [DEBUG] o.s.s.w.c.HttpSessionSecurityContextRepository - Retrieved SecurityContextImpl [Authentication=UsernamePasswordAuthenticationToken [Principal=org.springframework.security.core.userdetails.User [Username=user4@gmail.com, Password=[PROTECTED], Enabled=true, AccountNonExpired=true, CredentialsNonExpired=true, AccountNonLocked=true, Granted Authorities=[ROLE_USER]], Credentials=[PROTECTED], Authenticated=true, Details=WebAuthenticationDetails [RemoteIpAddress=0:0:0:0:0:0:0:1, SessionId=A1931919CC9AA6DF7C3F05840B4C6100], Granted Authorities=[ROLE_USER]]]
2025-04-17 00:58:35 [http-nio-8080-exec-4] [DEBUG] o.s.s.w.a.i.FilterSecurityInterceptor - Authorized filter invocation [GET /images/advertisementRent/0a1031cd-43b5-4402-87eb-04fa80f00918_photo_2024-12-23_22-18-03.jpg] with attributes [permitAll]
2025-04-17 00:58:35 [http-nio-8080-exec-8] [DEBUG] o.s.s.w.a.i.FilterSecurityInterceptor - Authorized filter invocation [GET /error] with attributes [permitAll]
2025-04-17 00:58:35 [http-nio-8080-exec-1] [DEBUG] o.s.s.w.a.i.FilterSecurityInterceptor - Authorized filter invocation [GET /images/advertisementRent/da667149-470d-4844-94d9-c5a37db0ed63_photo_2024-12-23_22-18-05.jpg] with attributes [permitAll]
2025-04-17 00:58:35 [http-nio-8080-exec-4] [DEBUG] o.s.security.web.FilterChainProxy - Secured GET /images/advertisementRent/0a1031cd-43b5-4402-87eb-04fa80f00918_photo_2024-12-23_22-18-03.jpg
2025-04-17 00:58:35 [http-nio-8080-exec-8] [DEBUG] o.s.security.web.FilterChainProxy - Secured GET /error
2025-04-17 00:58:35 [http-nio-8080-exec-1] [DEBUG] o.s.security.web.FilterChainProxy - Secured GET /images/advertisementRent/da667149-470d-4844-94d9-c5a37db0ed63_photo_2024-12-23_22-18-05.jpg
2025-04-17 00:58:47 [http-nio-8080-exec-10] [DEBUG] o.s.security.web.FilterChainProxy - Securing POST /realty/feedback
2025-04-17 00:58:47 [http-nio-8080-exec-10] [DEBUG] o.s.s.w.c.HttpSessionSecurityContextRepository - Retrieved SecurityContextImpl [Authentication=UsernamePasswordAuthenticationToken [Principal=org.springframework.security.core.userdetails.User [Username=user4@gmail.com, Password=[PROTECTED], Enabled=true, AccountNonExpired=true, CredentialsNonExpired=true, AccountNonLocked=true, Granted Authorities=[ROLE_USER]], Credentials=[PROTECTED], Authenticated=true, Details=WebAuthenticationDetails [RemoteIpAddress=0:0:0:0:0:0:0:1, SessionId=A1931919CC9AA6DF7C3F05840B4C6100], Granted Authorities=[ROLE_USER]]]
2025-04-17 00:58:47 [http-nio-8080-exec-10] [DEBUG] o.s.s.w.a.i.FilterSecurityInterceptor - Authorized filter invocation [POST /realty/feedback] with attributes [permitAll]
2025-04-17 00:58:47 [http-nio-8080-exec-10] [DEBUG] o.s.security.web.FilterChainProxy - Secured POST /realty/feedback
2025-04-17 00:58:47 [http-nio-8080-exec-3] [DEBUG] o.s.security.web.FilterChainProxy - Securing GET /realty
2025-04-17 00:58:47 [http-nio-8080-exec-3] [DEBUG] o.s.s.w.c.HttpSessionSecurityContextRepository - Retrieved SecurityContextImpl [Authentication=UsernamePasswordAuthenticationToken [Principal=org.springframework.security.core.userdetails.User [Username=user4@gmail.com, Password=[PROTECTED], Enabled=true, AccountNonExpired=true, CredentialsNonExpired=true, AccountNonLocked=true, Granted Authorities=[ROLE_USER]], Credentials=[PROTECTED], Authenticated=true, Details=WebAuthenticationDetails [RemoteIpAddress=0:0:0:0:0:0:0:1, SessionId=A1931919CC9AA6DF7C3F05840B4C6100], Granted Authorities=[ROLE_USER]]]
2025-04-17 00:58:47 [http-nio-8080-exec-3] [DEBUG] o.s.s.w.a.i.FilterSecurityInterceptor - Authorized filter invocation [GET /realty] with attributes [permitAll]
2025-04-17 00:58:47 [http-nio-8080-exec-3] [DEBUG] o.s.security.web.FilterChainProxy - Secured GET /realty
2025-04-17 00:58:47 [http-nio-8080-exec-3] [INFO] r.k.a.u.s.CheckAuthorizeService - checkAdmin is starting, principal: UsernamePasswordAuthenticationToken [Principal=org.springframework.security.core.userdetails.User [Username=user4@gmail.com, Password=[PROTECTED], Enabled=true, AccountNonExpired=true, CredentialsNonExpired=true, AccountNonLocked=true, Granted Authorities=[ROLE_USER]], Credentials=[PROTECTED], Authenticated=true, Details=WebAuthenticationDetails [RemoteIpAddress=0:0:0:0:0:0:0:1, SessionId=A1931919CC9AA6DF7C3F05840B4C6100], Granted Authorities=[ROLE_USER]]
2025-04-17 00:58:47 [http-nio-8080-exec-3] [INFO] r.k.a.u.s.CheckAuthorizeService - checkAdmin: principal != null
2025-04-17 00:58:47 [http-nio-8080-exec-3] [INFO] r.k.a.u.s.CheckAuthorizeService - Principal is regular authentication
2025-04-17 00:58:47 [http-nio-8080-exec-3] [INFO] r.k.a.u.s.CheckAuthorizeService - Checking admin rights for email: user4@gmail.com
2025-04-17 00:58:47 [http-nio-8080-exec-3] [INFO] r.k.a.u.s.CheckAuthorizeService - User roles: [USER]
2025-04-17 00:58:47 [http-nio-8080-exec-5] [DEBUG] o.s.security.web.FilterChainProxy - Securing GET /css/styles.css
2025-04-17 00:58:47 [http-nio-8080-exec-5] [DEBUG] o.s.s.w.c.HttpSessionSecurityContextRepository - Retrieved SecurityContextImpl [Authentication=UsernamePasswordAuthenticationToken [Principal=org.springframework.security.core.userdetails.User [Username=user4@gmail.com, Password=[PROTECTED], Enabled=true, AccountNonExpired=true, CredentialsNonExpired=true, AccountNonLocked=true, Granted Authorities=[ROLE_USER]], Credentials=[PROTECTED], Authenticated=true, Details=WebAuthenticationDetails [RemoteIpAddress=0:0:0:0:0:0:0:1, SessionId=A1931919CC9AA6DF7C3F05840B4C6100], Granted Authorities=[ROLE_USER]]]
2025-04-17 00:58:47 [http-nio-8080-exec-5] [DEBUG] o.s.s.w.a.i.FilterSecurityInterceptor - Authorized filter invocation [GET /css/styles.css] with attributes [permitAll]
2025-04-17 00:58:47 [http-nio-8080-exec-5] [DEBUG] o.s.security.web.FilterChainProxy - Secured GET /css/styles.css
2025-04-17 00:58:47 [http-nio-8080-exec-2] [DEBUG] o.s.security.web.FilterChainProxy - Securing GET /img/logo_alliance.png
2025-04-17 00:58:47 [http-nio-8080-exec-2] [DEBUG] o.s.s.w.c.HttpSessionSecurityContextRepository - Retrieved SecurityContextImpl [Authentication=UsernamePasswordAuthenticationToken [Principal=org.springframework.security.core.userdetails.User [Username=user4@gmail.com, Password=[PROTECTED], Enabled=true, AccountNonExpired=true, CredentialsNonExpired=true, AccountNonLocked=true, Granted Authorities=[ROLE_USER]], Credentials=[PROTECTED], Authenticated=true, Details=WebAuthenticationDetails [RemoteIpAddress=0:0:0:0:0:0:0:1, SessionId=A1931919CC9AA6DF7C3F05840B4C6100], Granted Authorities=[ROLE_USER]]]
2025-04-17 00:58:47 [http-nio-8080-exec-2] [DEBUG] o.s.s.w.a.i.FilterSecurityInterceptor - Authorized filter invocation [GET /img/logo_alliance.png] with attributes [permitAll]
2025-04-17 00:58:47 [http-nio-8080-exec-2] [DEBUG] o.s.security.web.FilterChainProxy - Secured GET /img/logo_alliance.png
2025-04-17 00:58:47 [http-nio-8080-exec-6] [DEBUG] o.s.security.web.FilterChainProxy - Securing GET /img/agency.jpg
2025-04-17 00:58:47 [http-nio-8080-exec-6] [DEBUG] o.s.s.w.c.HttpSessionSecurityContextRepository - Retrieved SecurityContextImpl [Authentication=UsernamePasswordAuthenticationToken [Principal=org.springframework.security.core.userdetails.User [Username=user4@gmail.com, Password=[PROTECTED], Enabled=true, AccountNonExpired=true, CredentialsNonExpired=true, AccountNonLocked=true, Granted Authorities=[ROLE_USER]], Credentials=[PROTECTED], Authenticated=true, Details=WebAuthenticationDetails [RemoteIpAddress=0:0:0:0:0:0:0:1, SessionId=A1931919CC9AA6DF7C3F05840B4C6100], Granted Authorities=[ROLE_USER]]]
2025-04-17 00:58:47 [http-nio-8080-exec-9] [DEBUG] o.s.security.web.FilterChainProxy - Securing GET /images/advertisementSale/d4315efc-c703-4501-a94b-81ff7ce200a0_photo_2024-12-23_22-17-59.jpg
2025-04-17 00:58:47 [http-nio-8080-exec-1] [DEBUG] o.s.security.web.FilterChainProxy - Securing GET /images/advertisementSale/0dab0807-9cf3-481e-9749-99e44f837125_photo_2024-12-23_22-18-04.jpg
2025-04-17 00:58:47 [http-nio-8080-exec-7] [DEBUG] o.s.security.web.FilterChainProxy - Securing GET /images/advertisementSale/f59acdf2-baf6-4bc0-b36b-35e41bacd18b_photo_2024-12-23_22-17-54.jpg
2025-04-17 00:58:47 [http-nio-8080-exec-4] [DEBUG] o.s.security.web.FilterChainProxy - Securing GET /images/advertisementSale/199952c8-f50d-4f4d-bedc-5c44f013ee64_Снимок экрана (6).png
2025-04-17 00:58:47 [http-nio-8080-exec-8] [DEBUG] o.s.security.web.FilterChainProxy - Securing GET /images/advertisementSale/8712f027-90a6-4f31-aeed-9b8fbd323086_Снимок экрана (8).png
2025-04-17 00:58:47 [http-nio-8080-exec-6] [DEBUG] o.s.s.w.a.i.FilterSecurityInterceptor - Authorized filter invocation [GET /img/agency.jpg] with attributes [permitAll]
2025-04-17 00:58:47 [http-nio-8080-exec-1] [DEBUG] o.s.s.w.c.HttpSessionSecurityContextRepository - Retrieved SecurityContextImpl [Authentication=UsernamePasswordAuthenticationToken [Principal=org.springframework.security.core.userdetails.User [Username=user4@gmail.com, Password=[PROTECTED], Enabled=true, AccountNonExpired=true, CredentialsNonExpired=true, AccountNonLocked=true, Granted Authorities=[ROLE_USER]], Credentials=[PROTECTED], Authenticated=true, Details=WebAuthenticationDetails [RemoteIpAddress=0:0:0:0:0:0:0:1, SessionId=A1931919CC9AA6DF7C3F05840B4C6100], Granted Authorities=[ROLE_USER]]]
2025-04-17 00:58:47 [http-nio-8080-exec-9] [DEBUG] o.s.s.w.c.HttpSessionSecurityContextRepository - Retrieved SecurityContextImpl [Authentication=UsernamePasswordAuthenticationToken [Principal=org.springframework.security.core.userdetails.User [Username=user4@gmail.com, Password=[PROTECTED], Enabled=true, AccountNonExpired=true, CredentialsNonExpired=true, AccountNonLocked=true, Granted Authorities=[ROLE_USER]], Credentials=[PROTECTED], Authenticated=true, Details=WebAuthenticationDetails [RemoteIpAddress=0:0:0:0:0:0:0:1, SessionId=A1931919CC9AA6DF7C3F05840B4C6100], Granted Authorities=[ROLE_USER]]]
2025-04-17 00:58:47 [http-nio-8080-exec-7] [DEBUG] o.s.s.w.c.HttpSessionSecurityContextRepository - Retrieved SecurityContextImpl [Authentication=UsernamePasswordAuthenticationToken [Principal=org.springframework.security.core.userdetails.User [Username=user4@gmail.com, Password=[PROTECTED], Enabled=true, AccountNonExpired=true, CredentialsNonExpired=true, AccountNonLocked=true, Granted Authorities=[ROLE_USER]], Credentials=[PROTECTED], Authenticated=true, Details=WebAuthenticationDetails [RemoteIpAddress=0:0:0:0:0:0:0:1, SessionId=A1931919CC9AA6DF7C3F05840B4C6100], Granted Authorities=[ROLE_USER]]]
2025-04-17 00:58:47 [http-nio-8080-exec-6] [DEBUG] o.s.security.web.FilterChainProxy - Secured GET /img/agency.jpg
2025-04-17 00:58:47 [http-nio-8080-exec-1] [DEBUG] o.s.s.w.a.i.FilterSecurityInterceptor - Authorized filter invocation [GET /images/advertisementSale/0dab0807-9cf3-481e-9749-99e44f837125_photo_2024-12-23_22-18-04.jpg] with attributes [permitAll]
2025-04-17 00:58:47 [http-nio-8080-exec-9] [DEBUG] o.s.s.w.a.i.FilterSecurityInterceptor - Authorized filter invocation [GET /images/advertisementSale/d4315efc-c703-4501-a94b-81ff7ce200a0_photo_2024-12-23_22-17-59.jpg] with attributes [permitAll]
2025-04-17 00:58:47 [http-nio-8080-exec-1] [DEBUG] o.s.security.web.FilterChainProxy - Secured GET /images/advertisementSale/0dab0807-9cf3-481e-9749-99e44f837125_photo_2024-12-23_22-18-04.jpg
2025-04-17 00:58:47 [http-nio-8080-exec-8] [DEBUG] o.s.s.w.c.HttpSessionSecurityContextRepository - Retrieved SecurityContextImpl [Authentication=UsernamePasswordAuthenticationToken [Principal=org.springframework.security.core.userdetails.User [Username=user4@gmail.com, Password=[PROTECTED], Enabled=true, AccountNonExpired=true, CredentialsNonExpired=true, AccountNonLocked=true, Granted Authorities=[ROLE_USER]], Credentials=[PROTECTED], Authenticated=true, Details=WebAuthenticationDetails [RemoteIpAddress=0:0:0:0:0:0:0:1, SessionId=A1931919CC9AA6DF7C3F05840B4C6100], Granted Authorities=[ROLE_USER]]]
2025-04-17 00:58:47 [http-nio-8080-exec-7] [DEBUG] o.s.s.w.a.i.FilterSecurityInterceptor - Authorized filter invocation [GET /images/advertisementSale/f59acdf2-baf6-4bc0-b36b-35e41bacd18b_photo_2024-12-23_22-17-54.jpg] with attributes [permitAll]
2025-04-17 00:58:47 [http-nio-8080-exec-9] [DEBUG] o.s.security.web.FilterChainProxy - Secured GET /images/advertisementSale/d4315efc-c703-4501-a94b-81ff7ce200a0_photo_2024-12-23_22-17-59.jpg
2025-04-17 00:58:47 [http-nio-8080-exec-4] [DEBUG] o.s.s.w.c.HttpSessionSecurityContextRepository - Retrieved SecurityContextImpl [Authentication=UsernamePasswordAuthenticationToken [Principal=org.springframework.security.core.userdetails.User [Username=user4@gmail.com, Password=[PROTECTED], Enabled=true, AccountNonExpired=true, CredentialsNonExpired=true, AccountNonLocked=true, Granted Authorities=[ROLE_USER]], Credentials=[PROTECTED], Authenticated=true, Details=WebAuthenticationDetails [RemoteIpAddress=0:0:0:0:0:0:0:1, SessionId=A1931919CC9AA6DF7C3F05840B4C6100], Granted Authorities=[ROLE_USER]]]
2025-04-17 00:58:47 [http-nio-8080-exec-8] [DEBUG] o.s.s.w.a.i.FilterSecurityInterceptor - Authorized filter invocation [GET /images/advertisementSale/8712f027-90a6-4f31-aeed-9b8fbd323086_Снимок экрана (8).png] with attributes [permitAll]
2025-04-17 00:58:47 [http-nio-8080-exec-7] [DEBUG] o.s.security.web.FilterChainProxy - Secured GET /images/advertisementSale/f59acdf2-baf6-4bc0-b36b-35e41bacd18b_photo_2024-12-23_22-17-54.jpg
2025-04-17 00:58:47 [http-nio-8080-exec-8] [DEBUG] o.s.security.web.FilterChainProxy - Secured GET /images/advertisementSale/8712f027-90a6-4f31-aeed-9b8fbd323086_Снимок экрана (8).png
2025-04-17 00:58:47 [http-nio-8080-exec-4] [DEBUG] o.s.s.w.a.i.FilterSecurityInterceptor - Authorized filter invocation [GET /images/advertisementSale/199952c8-f50d-4f4d-bedc-5c44f013ee64_Снимок экрана (6).png] with attributes [permitAll]
2025-04-17 00:58:47 [http-nio-8080-exec-4] [DEBUG] o.s.security.web.FilterChainProxy - Secured GET /images/advertisementSale/199952c8-f50d-4f4d-bedc-5c44f013ee64_Снимок экрана (6).png
2025-04-17 00:58:47 [http-nio-8080-exec-2] [DEBUG] o.s.security.web.FilterChainProxy - Securing GET /images/advertisementSale/0673bdb4-3423-44e8-8636-a66497d7ab52_photo_2024-12-23_22-18-01.jpg
2025-04-17 00:58:47 [http-nio-8080-exec-10] [DEBUG] o.s.security.web.FilterChainProxy - Securing GET /images/advertisementSale/76d213ca-dba5-4b57-88f5-b6b4129f212e_photo_2024-12-23_22-17-54.jpg
2025-04-17 00:58:47 [http-nio-8080-exec-3] [DEBUG] o.s.security.web.FilterChainProxy - Securing GET /images/advertisementSale/770d16f9-e061-46fc-94e4-17e8e3e3588a_photo_2024-12-23_22-18-11.jpg
2025-04-17 00:58:47 [http-nio-8080-exec-5] [DEBUG] o.s.security.web.FilterChainProxy - Securing GET /images/advertisementSale/f11f04c5-71bc-4048-ad70-323ba1188611_Снимок экрана (2).png
2025-04-17 00:58:47 [http-nio-8080-exec-1] [DEBUG] o.s.security.web.FilterChainProxy - Securing GET /images/advertisementSale/15c13dfd-2da8-4565-ae8d-d9857bb9f550_photo_2024-12-23_22-17-54.jpg
2025-04-17 00:58:47 [http-nio-8080-exec-3] [DEBUG] o.s.s.w.c.HttpSessionSecurityContextRepository - Retrieved SecurityContextImpl [Authentication=UsernamePasswordAuthenticationToken [Principal=org.springframework.security.core.userdetails.User [Username=user4@gmail.com, Password=[PROTECTED], Enabled=true, AccountNonExpired=true, CredentialsNonExpired=true, AccountNonLocked=true, Granted Authorities=[ROLE_USER]], Credentials=[PROTECTED], Authenticated=true, Details=WebAuthenticationDetails [RemoteIpAddress=0:0:0:0:0:0:0:1, SessionId=A1931919CC9AA6DF7C3F05840B4C6100], Granted Authorities=[ROLE_USER]]]
2025-04-17 00:58:47 [http-nio-8080-exec-5] [DEBUG] o.s.s.w.c.HttpSessionSecurityContextRepository - Retrieved SecurityContextImpl [Authentication=UsernamePasswordAuthenticationToken [Principal=org.springframework.security.core.userdetails.User [Username=user4@gmail.com, Password=[PROTECTED], Enabled=true, AccountNonExpired=true, CredentialsNonExpired=true, AccountNonLocked=true, Granted Authorities=[ROLE_USER]], Credentials=[PROTECTED], Authenticated=true, Details=WebAuthenticationDetails [RemoteIpAddress=0:0:0:0:0:0:0:1, SessionId=A1931919CC9AA6DF7C3F05840B4C6100], Granted Authorities=[ROLE_USER]]]
2025-04-17 00:58:47 [http-nio-8080-exec-10] [DEBUG] o.s.s.w.c.HttpSessionSecurityContextRepository - Retrieved SecurityContextImpl [Authentication=UsernamePasswordAuthenticationToken [Principal=org.springframework.security.core.userdetails.User [Username=user4@gmail.com, Password=[PROTECTED], Enabled=true, AccountNonExpired=true, CredentialsNonExpired=true, AccountNonLocked=true, Granted Authorities=[ROLE_USER]], Credentials=[PROTECTED], Authenticated=true, Details=WebAuthenticationDetails [RemoteIpAddress=0:0:0:0:0:0:0:1, SessionId=A1931919CC9AA6DF7C3F05840B4C6100], Granted Authorities=[ROLE_USER]]]
2025-04-17 00:58:47 [http-nio-8080-exec-2] [DEBUG] o.s.s.w.c.HttpSessionSecurityContextRepository - Retrieved SecurityContextImpl [Authentication=UsernamePasswordAuthenticationToken [Principal=org.springframework.security.core.userdetails.User [Username=user4@gmail.com, Password=[PROTECTED], Enabled=true, AccountNonExpired=true, CredentialsNonExpired=true, AccountNonLocked=true, Granted Authorities=[ROLE_USER]], Credentials=[PROTECTED], Authenticated=true, Details=WebAuthenticationDetails [RemoteIpAddress=0:0:0:0:0:0:0:1, SessionId=A1931919CC9AA6DF7C3F05840B4C6100], Granted Authorities=[ROLE_USER]]]
2025-04-17 00:58:47 [http-nio-8080-exec-1] [DEBUG] o.s.s.w.c.HttpSessionSecurityContextRepository - Retrieved SecurityContextImpl [Authentication=UsernamePasswordAuthenticationToken [Principal=org.springframework.security.core.userdetails.User [Username=user4@gmail.com, Password=[PROTECTED], Enabled=true, AccountNonExpired=true, CredentialsNonExpired=true, AccountNonLocked=true, Granted Authorities=[ROLE_USER]], Credentials=[PROTECTED], Authenticated=true, Details=WebAuthenticationDetails [RemoteIpAddress=0:0:0:0:0:0:0:1, SessionId=A1931919CC9AA6DF7C3F05840B4C6100], Granted Authorities=[ROLE_USER]]]
2025-04-17 00:58:47 [http-nio-8080-exec-3] [DEBUG] o.s.s.w.a.i.FilterSecurityInterceptor - Authorized filter invocation [GET /images/advertisementSale/770d16f9-e061-46fc-94e4-17e8e3e3588a_photo_2024-12-23_22-18-11.jpg] with attributes [permitAll]
2025-04-17 00:58:47 [http-nio-8080-exec-2] [DEBUG] o.s.s.w.a.i.FilterSecurityInterceptor - Authorized filter invocation [GET /images/advertisementSale/0673bdb4-3423-44e8-8636-a66497d7ab52_photo_2024-12-23_22-18-01.jpg] with attributes [permitAll]
2025-04-17 00:58:47 [http-nio-8080-exec-10] [DEBUG] o.s.s.w.a.i.FilterSecurityInterceptor - Authorized filter invocation [GET /images/advertisementSale/76d213ca-dba5-4b57-88f5-b6b4129f212e_photo_2024-12-23_22-17-54.jpg] with attributes [permitAll]
2025-04-17 00:58:47 [http-nio-8080-exec-1] [DEBUG] o.s.s.w.a.i.FilterSecurityInterceptor - Authorized filter invocation [GET /images/advertisementSale/15c13dfd-2da8-4565-ae8d-d9857bb9f550_photo_2024-12-23_22-17-54.jpg] with attributes [permitAll]
2025-04-17 00:58:47 [http-nio-8080-exec-5] [DEBUG] o.s.s.w.a.i.FilterSecurityInterceptor - Authorized filter invocation [GET /images/advertisementSale/f11f04c5-71bc-4048-ad70-323ba1188611_Снимок экрана (2).png] with attributes [permitAll]
2025-04-17 00:58:47 [http-nio-8080-exec-2] [DEBUG] o.s.security.web.FilterChainProxy - Secured GET /images/advertisementSale/0673bdb4-3423-44e8-8636-a66497d7ab52_photo_2024-12-23_22-18-01.jpg
2025-04-17 00:58:47 [http-nio-8080-exec-10] [DEBUG] o.s.security.web.FilterChainProxy - Secured GET /images/advertisementSale/76d213ca-dba5-4b57-88f5-b6b4129f212e_photo_2024-12-23_22-17-54.jpg
2025-04-17 00:58:47 [http-nio-8080-exec-3] [DEBUG] o.s.security.web.FilterChainProxy - Secured GET /images/advertisementSale/770d16f9-e061-46fc-94e4-17e8e3e3588a_photo_2024-12-23_22-18-11.jpg
2025-04-17 00:58:47 [http-nio-8080-exec-1] [DEBUG] o.s.security.web.FilterChainProxy - Secured GET /images/advertisementSale/15c13dfd-2da8-4565-ae8d-d9857bb9f550_photo_2024-12-23_22-17-54.jpg
2025-04-17 00:58:47 [http-nio-8080-exec-5] [DEBUG] o.s.security.web.FilterChainProxy - Secured GET /images/advertisementSale/f11f04c5-71bc-4048-ad70-323ba1188611_Снимок экрана (2).png
2025-04-17 00:58:47 [http-nio-8080-exec-7] [DEBUG] o.s.security.web.FilterChainProxy - Securing GET /images/advertisementSale/6d439031-8c11-4cfd-9007-7047bd94ec62_photo_2024-12-23_22-18-10.jpg
2025-04-17 00:58:47 [http-nio-8080-exec-7] [DEBUG] o.s.s.w.c.HttpSessionSecurityContextRepository - Retrieved SecurityContextImpl [Authentication=UsernamePasswordAuthenticationToken [Principal=org.springframework.security.core.userdetails.User [Username=user4@gmail.com, Password=[PROTECTED], Enabled=true, AccountNonExpired=true, CredentialsNonExpired=true, AccountNonLocked=true, Granted Authorities=[ROLE_USER]], Credentials=[PROTECTED], Authenticated=true, Details=WebAuthenticationDetails [RemoteIpAddress=0:0:0:0:0:0:0:1, SessionId=A1931919CC9AA6DF7C3F05840B4C6100], Granted Authorities=[ROLE_USER]]]
2025-04-17 00:58:47 [http-nio-8080-exec-7] [DEBUG] o.s.s.w.a.i.FilterSecurityInterceptor - Authorized filter invocation [GET /images/advertisementSale/6d439031-8c11-4cfd-9007-7047bd94ec62_photo_2024-12-23_22-18-10.jpg] with attributes [permitAll]
2025-04-17 00:58:47 [http-nio-8080-exec-7] [DEBUG] o.s.security.web.FilterChainProxy - Secured GET /images/advertisementSale/6d439031-8c11-4cfd-9007-7047bd94ec62_photo_2024-12-23_22-18-10.jpg
2025-04-17 00:58:47 [http-nio-8080-exec-9] [DEBUG] o.s.security.web.FilterChainProxy - Securing GET /images/advertisementSale/2703da27-c848-4e9d-a261-4d33ee79f79c_photo_2024-12-23_22-17-59.jpg
2025-04-17 00:58:47 [http-nio-8080-exec-6] [DEBUG] o.s.security.web.FilterChainProxy - Securing GET /images/advertisementSale/e63bba72-f8b1-4ec8-b621-657fbcd7b1e3_kozelsk.jpg
2025-04-17 00:58:47 [http-nio-8080-exec-8] [DEBUG] o.s.security.web.FilterChainProxy - Securing GET /images/advertisementRent/809047fb-7261-497f-b19e-b208d4480210_photo_2024-12-23_22-17-57.jpg
2025-04-17 00:58:47 [http-nio-8080-exec-4] [DEBUG] o.s.security.web.FilterChainProxy - Securing GET /images/advertisementRent/b02c42b7-b608-4169-93f2-7ad28d186517_photo_2024-12-23_22-18-01.jpg
2025-04-17 00:58:47 [http-nio-8080-exec-6] [DEBUG] o.s.s.w.c.HttpSessionSecurityContextRepository - Retrieved SecurityContextImpl [Authentication=UsernamePasswordAuthenticationToken [Principal=org.springframework.security.core.userdetails.User [Username=user4@gmail.com, Password=[PROTECTED], Enabled=true, AccountNonExpired=true, CredentialsNonExpired=true, AccountNonLocked=true, Granted Authorities=[ROLE_USER]], Credentials=[PROTECTED], Authenticated=true, Details=WebAuthenticationDetails [RemoteIpAddress=0:0:0:0:0:0:0:1, SessionId=A1931919CC9AA6DF7C3F05840B4C6100], Granted Authorities=[ROLE_USER]]]
2025-04-17 00:58:47 [http-nio-8080-exec-9] [DEBUG] o.s.s.w.c.HttpSessionSecurityContextRepository - Retrieved SecurityContextImpl [Authentication=UsernamePasswordAuthenticationToken [Principal=org.springframework.security.core.userdetails.User [Username=user4@gmail.com, Password=[PROTECTED], Enabled=true, AccountNonExpired=true, CredentialsNonExpired=true, AccountNonLocked=true, Granted Authorities=[ROLE_USER]], Credentials=[PROTECTED], Authenticated=true, Details=WebAuthenticationDetails [RemoteIpAddress=0:0:0:0:0:0:0:1, SessionId=A1931919CC9AA6DF7C3F05840B4C6100], Granted Authorities=[ROLE_USER]]]
2025-04-17 00:58:47 [http-nio-8080-exec-8] [DEBUG] o.s.s.w.c.HttpSessionSecurityContextRepository - Retrieved SecurityContextImpl [Authentication=UsernamePasswordAuthenticationToken [Principal=org.springframework.security.core.userdetails.User [Username=user4@gmail.com, Password=[PROTECTED], Enabled=true, AccountNonExpired=true, CredentialsNonExpired=true, AccountNonLocked=true, Granted Authorities=[ROLE_USER]], Credentials=[PROTECTED], Authenticated=true, Details=WebAuthenticationDetails [RemoteIpAddress=0:0:0:0:0:0:0:1, SessionId=A1931919CC9AA6DF7C3F05840B4C6100], Granted Authorities=[ROLE_USER]]]
2025-04-17 00:58:47 [http-nio-8080-exec-4] [DEBUG] o.s.s.w.c.HttpSessionSecurityContextRepository - Retrieved SecurityContextImpl [Authentication=UsernamePasswordAuthenticationToken [Principal=org.springframework.security.core.userdetails.User [Username=user4@gmail.com, Password=[PROTECTED], Enabled=true, AccountNonExpired=true, CredentialsNonExpired=true, AccountNonLocked=true, Granted Authorities=[ROLE_USER]], Credentials=[PROTECTED], Authenticated=true, Details=WebAuthenticationDetails [RemoteIpAddress=0:0:0:0:0:0:0:1, SessionId=A1931919CC9AA6DF7C3F05840B4C6100], Granted Authorities=[ROLE_USER]]]
2025-04-17 00:58:47 [http-nio-8080-exec-6] [DEBUG] o.s.s.w.a.i.FilterSecurityInterceptor - Authorized filter invocation [GET /images/advertisementSale/e63bba72-f8b1-4ec8-b621-657fbcd7b1e3_kozelsk.jpg] with attributes [permitAll]
2025-04-17 00:58:47 [http-nio-8080-exec-9] [DEBUG] o.s.s.w.a.i.FilterSecurityInterceptor - Authorized filter invocation [GET /images/advertisementSale/2703da27-c848-4e9d-a261-4d33ee79f79c_photo_2024-12-23_22-17-59.jpg] with attributes [permitAll]
2025-04-17 00:58:47 [http-nio-8080-exec-8] [DEBUG] o.s.s.w.a.i.FilterSecurityInterceptor - Authorized filter invocation [GET /images/advertisementRent/809047fb-7261-497f-b19e-b208d4480210_photo_2024-12-23_22-17-57.jpg] with attributes [permitAll]
2025-04-17 00:58:47 [http-nio-8080-exec-4] [DEBUG] o.s.s.w.a.i.FilterSecurityInterceptor - Authorized filter invocation [GET /images/advertisementRent/b02c42b7-b608-4169-93f2-7ad28d186517_photo_2024-12-23_22-18-01.jpg] with attributes [permitAll]
2025-04-17 00:58:47 [http-nio-8080-exec-6] [DEBUG] o.s.security.web.FilterChainProxy - Secured GET /images/advertisementSale/e63bba72-f8b1-4ec8-b621-657fbcd7b1e3_kozelsk.jpg
2025-04-17 00:58:47 [http-nio-8080-exec-4] [DEBUG] o.s.security.web.FilterChainProxy - Secured GET /images/advertisementRent/b02c42b7-b608-4169-93f2-7ad28d186517_photo_2024-12-23_22-18-01.jpg
2025-04-17 00:58:47 [http-nio-8080-exec-8] [DEBUG] o.s.security.web.FilterChainProxy - Secured GET /images/advertisementRent/809047fb-7261-497f-b19e-b208d4480210_photo_2024-12-23_22-17-57.jpg
2025-04-17 00:58:47 [http-nio-8080-exec-9] [DEBUG] o.s.security.web.FilterChainProxy - Secured GET /images/advertisementSale/2703da27-c848-4e9d-a261-4d33ee79f79c_photo_2024-12-23_22-17-59.jpg
2025-04-17 00:58:47 [http-nio-8080-exec-3] [DEBUG] o.s.security.web.FilterChainProxy - Securing GET /images/advertisementRent/da667149-470d-4844-94d9-c5a37db0ed63_photo_2024-12-23_22-18-05.jpg
2025-04-17 00:58:47 [http-nio-8080-exec-10] [DEBUG] o.s.security.web.FilterChainProxy - Securing GET /images/advertisementRent/0a1031cd-43b5-4402-87eb-04fa80f00918_photo_2024-12-23_22-18-03.jpg
2025-04-17 00:58:47 [http-nio-8080-exec-3] [DEBUG] o.s.s.w.c.HttpSessionSecurityContextRepository - Retrieved SecurityContextImpl [Authentication=UsernamePasswordAuthenticationToken [Principal=org.springframework.security.core.userdetails.User [Username=user4@gmail.com, Password=[PROTECTED], Enabled=true, AccountNonExpired=true, CredentialsNonExpired=true, AccountNonLocked=true, Granted Authorities=[ROLE_USER]], Credentials=[PROTECTED], Authenticated=true, Details=WebAuthenticationDetails [RemoteIpAddress=0:0:0:0:0:0:0:1, SessionId=A1931919CC9AA6DF7C3F05840B4C6100], Granted Authorities=[ROLE_USER]]]
2025-04-17 00:58:47 [http-nio-8080-exec-10] [DEBUG] o.s.s.w.c.HttpSessionSecurityContextRepository - Retrieved SecurityContextImpl [Authentication=UsernamePasswordAuthenticationToken [Principal=org.springframework.security.core.userdetails.User [Username=user4@gmail.com, Password=[PROTECTED], Enabled=true, AccountNonExpired=true, CredentialsNonExpired=true, AccountNonLocked=true, Granted Authorities=[ROLE_USER]], Credentials=[PROTECTED], Authenticated=true, Details=WebAuthenticationDetails [RemoteIpAddress=0:0:0:0:0:0:0:1, SessionId=A1931919CC9AA6DF7C3F05840B4C6100], Granted Authorities=[ROLE_USER]]]
2025-04-17 00:58:47 [http-nio-8080-exec-3] [DEBUG] o.s.s.w.a.i.FilterSecurityInterceptor - Authorized filter invocation [GET /images/advertisementRent/da667149-470d-4844-94d9-c5a37db0ed63_photo_2024-12-23_22-18-05.jpg] with attributes [permitAll]
2025-04-17 00:58:47 [http-nio-8080-exec-10] [DEBUG] o.s.s.w.a.i.FilterSecurityInterceptor - Authorized filter invocation [GET /images/advertisementRent/0a1031cd-43b5-4402-87eb-04fa80f00918_photo_2024-12-23_22-18-03.jpg] with attributes [permitAll]
2025-04-17 00:58:47 [http-nio-8080-exec-3] [DEBUG] o.s.security.web.FilterChainProxy - Secured GET /images/advertisementRent/da667149-470d-4844-94d9-c5a37db0ed63_photo_2024-12-23_22-18-05.jpg
2025-04-17 00:58:47 [http-nio-8080-exec-10] [DEBUG] o.s.security.web.FilterChainProxy - Secured GET /images/advertisementRent/0a1031cd-43b5-4402-87eb-04fa80f00918_photo_2024-12-23_22-18-03.jpg
2025-04-17 00:58:47 [http-nio-8080-exec-1] [DEBUG] o.s.security.web.FilterChainProxy - Securing GET /images/placeholder.jpg
2025-04-17 00:58:47 [http-nio-8080-exec-1] [DEBUG] o.s.s.w.c.HttpSessionSecurityContextRepository - Retrieved SecurityContextImpl [Authentication=UsernamePasswordAuthenticationToken [Principal=org.springframework.security.core.userdetails.User [Username=user4@gmail.com, Password=[PROTECTED], Enabled=true, AccountNonExpired=true, CredentialsNonExpired=true, AccountNonLocked=true, Granted Authorities=[ROLE_USER]], Credentials=[PROTECTED], Authenticated=true, Details=WebAuthenticationDetails [RemoteIpAddress=0:0:0:0:0:0:0:1, SessionId=A1931919CC9AA6DF7C3F05840B4C6100], Granted Authorities=[ROLE_USER]]]
2025-04-17 00:58:47 [http-nio-8080-exec-1] [DEBUG] o.s.s.w.a.i.FilterSecurityInterceptor - Authorized filter invocation [GET /images/placeholder.jpg] with attributes [permitAll]
2025-04-17 00:58:47 [http-nio-8080-exec-1] [DEBUG] o.s.security.web.FilterChainProxy - Secured GET /images/placeholder.jpg
2025-04-17 00:58:47 [http-nio-8080-exec-1] [DEBUG] o.s.security.web.FilterChainProxy - Securing GET /error
2025-04-17 00:58:47 [http-nio-8080-exec-1] [DEBUG] o.s.s.w.c.HttpSessionSecurityContextRepository - Retrieved SecurityContextImpl [Authentication=UsernamePasswordAuthenticationToken [Principal=org.springframework.security.core.userdetails.User [Username=user4@gmail.com, Password=[PROTECTED], Enabled=true, AccountNonExpired=true, CredentialsNonExpired=true, AccountNonLocked=true, Granted Authorities=[ROLE_USER]], Credentials=[PROTECTED], Authenticated=true, Details=WebAuthenticationDetails [RemoteIpAddress=0:0:0:0:0:0:0:1, SessionId=A1931919CC9AA6DF7C3F05840B4C6100], Granted Authorities=[ROLE_USER]]]
2025-04-17 00:58:47 [http-nio-8080-exec-1] [DEBUG] o.s.s.w.a.i.FilterSecurityInterceptor - Authorized filter invocation [GET /error] with attributes [permitAll]
2025-04-17 00:58:47 [http-nio-8080-exec-1] [DEBUG] o.s.security.web.FilterChainProxy - Secured GET /error
2025-04-17 00:58:52 [http-nio-8080-exec-2] [DEBUG] o.s.security.web.FilterChainProxy - Securing GET /excursion
2025-04-17 00:58:52 [http-nio-8080-exec-2] [DEBUG] o.s.s.w.c.HttpSessionSecurityContextRepository - Retrieved SecurityContextImpl [Authentication=UsernamePasswordAuthenticationToken [Principal=org.springframework.security.core.userdetails.User [Username=user4@gmail.com, Password=[PROTECTED], Enabled=true, AccountNonExpired=true, CredentialsNonExpired=true, AccountNonLocked=true, Granted Authorities=[ROLE_USER]], Credentials=[PROTECTED], Authenticated=true, Details=WebAuthenticationDetails [RemoteIpAddress=0:0:0:0:0:0:0:1, SessionId=A1931919CC9AA6DF7C3F05840B4C6100], Granted Authorities=[ROLE_USER]]]
2025-04-17 00:58:52 [http-nio-8080-exec-2] [DEBUG] o.s.s.w.a.i.FilterSecurityInterceptor - Authorized filter invocation [GET /excursion] with attributes [permitAll]
2025-04-17 00:58:52 [http-nio-8080-exec-2] [DEBUG] o.s.security.web.FilterChainProxy - Secured GET /excursion
2025-04-17 00:58:52 [http-nio-8080-exec-2] [INFO] r.k.a.u.s.CheckAuthorizeService - checkAdmin is starting, principal: UsernamePasswordAuthenticationToken [Principal=org.springframework.security.core.userdetails.User [Username=user4@gmail.com, Password=[PROTECTED], Enabled=true, AccountNonExpired=true, CredentialsNonExpired=true, AccountNonLocked=true, Granted Authorities=[ROLE_USER]], Credentials=[PROTECTED], Authenticated=true, Details=WebAuthenticationDetails [RemoteIpAddress=0:0:0:0:0:0:0:1, SessionId=A1931919CC9AA6DF7C3F05840B4C6100], Granted Authorities=[ROLE_USER]]
2025-04-17 00:58:52 [http-nio-8080-exec-2] [INFO] r.k.a.u.s.CheckAuthorizeService - checkAdmin: principal != null
2025-04-17 00:58:52 [http-nio-8080-exec-2] [INFO] r.k.a.u.s.CheckAuthorizeService - Principal is regular authentication
2025-04-17 00:58:52 [http-nio-8080-exec-2] [INFO] r.k.a.u.s.CheckAuthorizeService - Checking admin rights for email: user4@gmail.com
2025-04-17 00:58:52 [http-nio-8080-exec-2] [INFO] r.k.a.u.s.CheckAuthorizeService - User roles: [USER]
2025-04-17 00:58:52 [http-nio-8080-exec-5] [DEBUG] o.s.security.web.FilterChainProxy - Securing GET /css/styles.css
2025-04-17 00:58:52 [http-nio-8080-exec-5] [DEBUG] o.s.s.w.c.HttpSessionSecurityContextRepository - Retrieved SecurityContextImpl [Authentication=UsernamePasswordAuthenticationToken [Principal=org.springframework.security.core.userdetails.User [Username=user4@gmail.com, Password=[PROTECTED], Enabled=true, AccountNonExpired=true, CredentialsNonExpired=true, AccountNonLocked=true, Granted Authorities=[ROLE_USER]], Credentials=[PROTECTED], Authenticated=true, Details=WebAuthenticationDetails [RemoteIpAddress=0:0:0:0:0:0:0:1, SessionId=A1931919CC9AA6DF7C3F05840B4C6100], Granted Authorities=[ROLE_USER]]]
2025-04-17 00:58:52 [http-nio-8080-exec-5] [DEBUG] o.s.s.w.a.i.FilterSecurityInterceptor - Authorized filter invocation [GET /css/styles.css] with attributes [permitAll]
2025-04-17 00:58:52 [http-nio-8080-exec-5] [DEBUG] o.s.security.web.FilterChainProxy - Secured GET /css/styles.css
2025-04-17 00:58:52 [http-nio-8080-exec-7] [DEBUG] o.s.security.web.FilterChainProxy - Securing GET /img/logo_alliance.png
2025-04-17 00:58:52 [http-nio-8080-exec-7] [DEBUG] o.s.s.w.c.HttpSessionSecurityContextRepository - Retrieved SecurityContextImpl [Authentication=UsernamePasswordAuthenticationToken [Principal=org.springframework.security.core.userdetails.User [Username=user4@gmail.com, Password=[PROTECTED], Enabled=true, AccountNonExpired=true, CredentialsNonExpired=true, AccountNonLocked=true, Granted Authorities=[ROLE_USER]], Credentials=[PROTECTED], Authenticated=true, Details=WebAuthenticationDetails [RemoteIpAddress=0:0:0:0:0:0:0:1, SessionId=A1931919CC9AA6DF7C3F05840B4C6100], Granted Authorities=[ROLE_USER]]]
2025-04-17 00:58:52 [http-nio-8080-exec-7] [DEBUG] o.s.s.w.a.i.FilterSecurityInterceptor - Authorized filter invocation [GET /img/logo_alliance.png] with attributes [permitAll]
2025-04-17 00:58:52 [http-nio-8080-exec-7] [DEBUG] o.s.security.web.FilterChainProxy - Secured GET /img/logo_alliance.png
2025-04-17 00:58:52 [http-nio-8080-exec-9] [DEBUG] o.s.security.web.FilterChainProxy - Securing GET /images/tour/77da970b-1e81-439d-a952-267262094a8c_kozelsk.jpg
2025-04-17 00:58:52 [http-nio-8080-exec-8] [DEBUG] o.s.security.web.FilterChainProxy - Securing GET /img/tour-agency.jpg
2025-04-17 00:58:52 [http-nio-8080-exec-10] [DEBUG] o.s.security.web.FilterChainProxy - Securing GET /images/placeholder.jpg
2025-04-17 00:58:52 [http-nio-8080-exec-4] [DEBUG] o.s.security.web.FilterChainProxy - Securing GET /images/tour/70efb4f2-568c-40d0-b39f-55ed0ccbc07e_00-Козельск.jpg
2025-04-17 00:58:52 [http-nio-8080-exec-9] [DEBUG] o.s.s.w.c.HttpSessionSecurityContextRepository - Retrieved SecurityContextImpl [Authentication=UsernamePasswordAuthenticationToken [Principal=org.springframework.security.core.userdetails.User [Username=user4@gmail.com, Password=[PROTECTED], Enabled=true, AccountNonExpired=true, CredentialsNonExpired=true, AccountNonLocked=true, Granted Authorities=[ROLE_USER]], Credentials=[PROTECTED], Authenticated=true, Details=WebAuthenticationDetails [RemoteIpAddress=0:0:0:0:0:0:0:1, SessionId=A1931919CC9AA6DF7C3F05840B4C6100], Granted Authorities=[ROLE_USER]]]
2025-04-17 00:58:52 [http-nio-8080-exec-8] [DEBUG] o.s.s.w.c.HttpSessionSecurityContextRepository - Retrieved SecurityContextImpl [Authentication=UsernamePasswordAuthenticationToken [Principal=org.springframework.security.core.userdetails.User [Username=user4@gmail.com, Password=[PROTECTED], Enabled=true, AccountNonExpired=true, CredentialsNonExpired=true, AccountNonLocked=true, Granted Authorities=[ROLE_USER]], Credentials=[PROTECTED], Authenticated=true, Details=WebAuthenticationDetails [RemoteIpAddress=0:0:0:0:0:0:0:1, SessionId=A1931919CC9AA6DF7C3F05840B4C6100], Granted Authorities=[ROLE_USER]]]
2025-04-17 00:58:52 [http-nio-8080-exec-10] [DEBUG] o.s.s.w.c.HttpSessionSecurityContextRepository - Retrieved SecurityContextImpl [Authentication=UsernamePasswordAuthenticationToken [Principal=org.springframework.security.core.userdetails.User [Username=user4@gmail.com, Password=[PROTECTED], Enabled=true, AccountNonExpired=true, CredentialsNonExpired=true, AccountNonLocked=true, Granted Authorities=[ROLE_USER]], Credentials=[PROTECTED], Authenticated=true, Details=WebAuthenticationDetails [RemoteIpAddress=0:0:0:0:0:0:0:1, SessionId=A1931919CC9AA6DF7C3F05840B4C6100], Granted Authorities=[ROLE_USER]]]
2025-04-17 00:58:52 [http-nio-8080-exec-4] [DEBUG] o.s.s.w.c.HttpSessionSecurityContextRepository - Retrieved SecurityContextImpl [Authentication=UsernamePasswordAuthenticationToken [Principal=org.springframework.security.core.userdetails.User [Username=user4@gmail.com, Password=[PROTECTED], Enabled=true, AccountNonExpired=true, CredentialsNonExpired=true, AccountNonLocked=true, Granted Authorities=[ROLE_USER]], Credentials=[PROTECTED], Authenticated=true, Details=WebAuthenticationDetails [RemoteIpAddress=0:0:0:0:0:0:0:1, SessionId=A1931919CC9AA6DF7C3F05840B4C6100], Granted Authorities=[ROLE_USER]]]
2025-04-17 00:58:52 [http-nio-8080-exec-9] [DEBUG] o.s.s.w.a.i.FilterSecurityInterceptor - Authorized filter invocation [GET /images/tour/77da970b-1e81-439d-a952-267262094a8c_kozelsk.jpg] with attributes [permitAll]
2025-04-17 00:58:52 [http-nio-8080-exec-4] [DEBUG] o.s.s.w.a.i.FilterSecurityInterceptor - Authorized filter invocation [GET /images/tour/70efb4f2-568c-40d0-b39f-55ed0ccbc07e_00-Козельск.jpg] with attributes [permitAll]
2025-04-17 00:58:52 [http-nio-8080-exec-8] [DEBUG] o.s.s.w.a.i.FilterSecurityInterceptor - Authorized filter invocation [GET /img/tour-agency.jpg] with attributes [permitAll]
2025-04-17 00:58:52 [http-nio-8080-exec-10] [DEBUG] o.s.s.w.a.i.FilterSecurityInterceptor - Authorized filter invocation [GET /images/placeholder.jpg] with attributes [permitAll]
2025-04-17 00:58:52 [http-nio-8080-exec-4] [DEBUG] o.s.security.web.FilterChainProxy - Secured GET /images/tour/70efb4f2-568c-40d0-b39f-55ed0ccbc07e_00-Козельск.jpg
2025-04-17 00:58:52 [http-nio-8080-exec-9] [DEBUG] o.s.security.web.FilterChainProxy - Secured GET /images/tour/77da970b-1e81-439d-a952-267262094a8c_kozelsk.jpg
2025-04-17 00:58:52 [http-nio-8080-exec-8] [DEBUG] o.s.security.web.FilterChainProxy - Secured GET /img/tour-agency.jpg
2025-04-17 00:58:52 [http-nio-8080-exec-10] [DEBUG] o.s.security.web.FilterChainProxy - Secured GET /images/placeholder.jpg
2025-04-17 00:58:52 [http-nio-8080-exec-10] [DEBUG] o.s.security.web.FilterChainProxy - Securing GET /error
2025-04-17 00:58:52 [http-nio-8080-exec-8] [DEBUG] o.s.security.web.FilterChainProxy - Securing GET /error
2025-04-17 00:58:52 [http-nio-8080-exec-10] [DEBUG] o.s.s.w.c.HttpSessionSecurityContextRepository - Retrieved SecurityContextImpl [Authentication=UsernamePasswordAuthenticationToken [Principal=org.springframework.security.core.userdetails.User [Username=user4@gmail.com, Password=[PROTECTED], Enabled=true, AccountNonExpired=true, CredentialsNonExpired=true, AccountNonLocked=true, Granted Authorities=[ROLE_USER]], Credentials=[PROTECTED], Authenticated=true, Details=WebAuthenticationDetails [RemoteIpAddress=0:0:0:0:0:0:0:1, SessionId=A1931919CC9AA6DF7C3F05840B4C6100], Granted Authorities=[ROLE_USER]]]
2025-04-17 00:58:52 [http-nio-8080-exec-8] [DEBUG] o.s.s.w.c.HttpSessionSecurityContextRepository - Retrieved SecurityContextImpl [Authentication=UsernamePasswordAuthenticationToken [Principal=org.springframework.security.core.userdetails.User [Username=user4@gmail.com, Password=[PROTECTED], Enabled=true, AccountNonExpired=true, CredentialsNonExpired=true, AccountNonLocked=true, Granted Authorities=[ROLE_USER]], Credentials=[PROTECTED], Authenticated=true, Details=WebAuthenticationDetails [RemoteIpAddress=0:0:0:0:0:0:0:1, SessionId=A1931919CC9AA6DF7C3F05840B4C6100], Granted Authorities=[ROLE_USER]]]
2025-04-17 00:58:52 [http-nio-8080-exec-10] [DEBUG] o.s.s.w.a.i.FilterSecurityInterceptor - Authorized filter invocation [GET /error] with attributes [permitAll]
2025-04-17 00:58:52 [http-nio-8080-exec-8] [DEBUG] o.s.s.w.a.i.FilterSecurityInterceptor - Authorized filter invocation [GET /error] with attributes [permitAll]
2025-04-17 00:58:52 [http-nio-8080-exec-10] [DEBUG] o.s.security.web.FilterChainProxy - Secured GET /error
2025-04-17 00:58:52 [http-nio-8080-exec-8] [DEBUG] o.s.security.web.FilterChainProxy - Secured GET /error
2025-04-17 00:58:54 [http-nio-8080-exec-6] [DEBUG] o.s.security.web.FilterChainProxy - Securing GET /excursion/tour/10
2025-04-17 00:58:54 [http-nio-8080-exec-6] [DEBUG] o.s.s.w.c.HttpSessionSecurityContextRepository - Retrieved SecurityContextImpl [Authentication=UsernamePasswordAuthenticationToken [Principal=org.springframework.security.core.userdetails.User [Username=user4@gmail.com, Password=[PROTECTED], Enabled=true, AccountNonExpired=true, CredentialsNonExpired=true, AccountNonLocked=true, Granted Authorities=[ROLE_USER]], Credentials=[PROTECTED], Authenticated=true, Details=WebAuthenticationDetails [RemoteIpAddress=0:0:0:0:0:0:0:1, SessionId=A1931919CC9AA6DF7C3F05840B4C6100], Granted Authorities=[ROLE_USER]]]
2025-04-17 00:58:54 [http-nio-8080-exec-6] [DEBUG] o.s.s.w.a.i.FilterSecurityInterceptor - Authorized filter invocation [GET /excursion/tour/10] with attributes [permitAll]
2025-04-17 00:58:54 [http-nio-8080-exec-6] [DEBUG] o.s.security.web.FilterChainProxy - Secured GET /excursion/tour/10
2025-04-17 00:58:54 [http-nio-8080-exec-6] [INFO] r.k.a.u.s.CheckAuthorizeService - checkAdmin is starting, principal: UsernamePasswordAuthenticationToken [Principal=org.springframework.security.core.userdetails.User [Username=user4@gmail.com, Password=[PROTECTED], Enabled=true, AccountNonExpired=true, CredentialsNonExpired=true, AccountNonLocked=true, Granted Authorities=[ROLE_USER]], Credentials=[PROTECTED], Authenticated=true, Details=WebAuthenticationDetails [RemoteIpAddress=0:0:0:0:0:0:0:1, SessionId=A1931919CC9AA6DF7C3F05840B4C6100], Granted Authorities=[ROLE_USER]]
2025-04-17 00:58:54 [http-nio-8080-exec-6] [INFO] r.k.a.u.s.CheckAuthorizeService - checkAdmin: principal != null
2025-04-17 00:58:54 [http-nio-8080-exec-6] [INFO] r.k.a.u.s.CheckAuthorizeService - Principal is regular authentication
2025-04-17 00:58:54 [http-nio-8080-exec-6] [INFO] r.k.a.u.s.CheckAuthorizeService - Checking admin rights for email: user4@gmail.com
2025-04-17 00:58:54 [http-nio-8080-exec-6] [INFO] r.k.a.u.s.CheckAuthorizeService - User roles: [USER]
2025-04-17 00:58:54 [http-nio-8080-exec-3] [DEBUG] o.s.security.web.FilterChainProxy - Securing GET /css/styles.css
2025-04-17 00:58:54 [http-nio-8080-exec-1] [DEBUG] o.s.security.web.FilterChainProxy - Securing GET /img/logo_alliance.png
2025-04-17 00:58:54 [http-nio-8080-exec-3] [DEBUG] o.s.s.w.c.HttpSessionSecurityContextRepository - Retrieved SecurityContextImpl [Authentication=UsernamePasswordAuthenticationToken [Principal=org.springframework.security.core.userdetails.User [Username=user4@gmail.com, Password=[PROTECTED], Enabled=true, AccountNonExpired=true, CredentialsNonExpired=true, AccountNonLocked=true, Granted Authorities=[ROLE_USER]], Credentials=[PROTECTED], Authenticated=true, Details=WebAuthenticationDetails [RemoteIpAddress=0:0:0:0:0:0:0:1, SessionId=A1931919CC9AA6DF7C3F05840B4C6100], Granted Authorities=[ROLE_USER]]]
2025-04-17 00:58:54 [http-nio-8080-exec-1] [DEBUG] o.s.s.w.c.HttpSessionSecurityContextRepository - Retrieved SecurityContextImpl [Authentication=UsernamePasswordAuthenticationToken [Principal=org.springframework.security.core.userdetails.User [Username=user4@gmail.com, Password=[PROTECTED], Enabled=true, AccountNonExpired=true, CredentialsNonExpired=true, AccountNonLocked=true, Granted Authorities=[ROLE_USER]], Credentials=[PROTECTED], Authenticated=true, Details=WebAuthenticationDetails [RemoteIpAddress=0:0:0:0:0:0:0:1, SessionId=A1931919CC9AA6DF7C3F05840B4C6100], Granted Authorities=[ROLE_USER]]]
2025-04-17 00:58:54 [http-nio-8080-exec-3] [DEBUG] o.s.s.w.a.i.FilterSecurityInterceptor - Authorized filter invocation [GET /css/styles.css] with attributes [permitAll]
2025-04-17 00:58:54 [http-nio-8080-exec-1] [DEBUG] o.s.s.w.a.i.FilterSecurityInterceptor - Authorized filter invocation [GET /img/logo_alliance.png] with attributes [permitAll]
2025-04-17 00:58:54 [http-nio-8080-exec-3] [DEBUG] o.s.security.web.FilterChainProxy - Secured GET /css/styles.css
2025-04-17 00:58:54 [http-nio-8080-exec-1] [DEBUG] o.s.security.web.FilterChainProxy - Secured GET /img/logo_alliance.png
2025-04-17 00:58:55 [http-nio-8080-exec-2] [DEBUG] o.s.security.web.FilterChainProxy - Securing GET /excursion/booking/10
2025-04-17 00:58:55 [http-nio-8080-exec-2] [DEBUG] o.s.s.w.c.HttpSessionSecurityContextRepository - Retrieved SecurityContextImpl [Authentication=UsernamePasswordAuthenticationToken [Principal=org.springframework.security.core.userdetails.User [Username=user4@gmail.com, Password=[PROTECTED], Enabled=true, AccountNonExpired=true, CredentialsNonExpired=true, AccountNonLocked=true, Granted Authorities=[ROLE_USER]], Credentials=[PROTECTED], Authenticated=true, Details=WebAuthenticationDetails [RemoteIpAddress=0:0:0:0:0:0:0:1, SessionId=A1931919CC9AA6DF7C3F05840B4C6100], Granted Authorities=[ROLE_USER]]]
2025-04-17 00:58:55 [http-nio-8080-exec-2] [DEBUG] o.s.s.w.a.i.FilterSecurityInterceptor - Authorized filter invocation [GET /excursion/booking/10] with attributes [permitAll]
2025-04-17 00:58:55 [http-nio-8080-exec-2] [DEBUG] o.s.security.web.FilterChainProxy - Secured GET /excursion/booking/10
2025-04-17 00:58:55 [http-nio-8080-exec-5] [DEBUG] o.s.security.web.FilterChainProxy - Securing GET /img/logo_alliance.png
2025-04-17 00:58:55 [http-nio-8080-exec-5] [DEBUG] o.s.s.w.c.HttpSessionSecurityContextRepository - Retrieved SecurityContextImpl [Authentication=UsernamePasswordAuthenticationToken [Principal=org.springframework.security.core.userdetails.User [Username=user4@gmail.com, Password=[PROTECTED], Enabled=true, AccountNonExpired=true, CredentialsNonExpired=true, AccountNonLocked=true, Granted Authorities=[ROLE_USER]], Credentials=[PROTECTED], Authenticated=true, Details=WebAuthenticationDetails [RemoteIpAddress=0:0:0:0:0:0:0:1, SessionId=A1931919CC9AA6DF7C3F05840B4C6100], Granted Authorities=[ROLE_USER]]]
2025-04-17 00:58:55 [http-nio-8080-exec-5] [DEBUG] o.s.s.w.a.i.FilterSecurityInterceptor - Authorized filter invocation [GET /img/logo_alliance.png] with attributes [permitAll]
2025-04-17 00:58:55 [http-nio-8080-exec-5] [DEBUG] o.s.security.web.FilterChainProxy - Secured GET /img/logo_alliance.png
2025-04-17 00:59:00 [http-nio-8080-exec-7] [DEBUG] o.s.security.web.FilterChainProxy - Securing GET /excursion/booking/10?date=2025-04-22
2025-04-17 00:59:00 [http-nio-8080-exec-7] [DEBUG] o.s.s.w.c.HttpSessionSecurityContextRepository - Retrieved SecurityContextImpl [Authentication=UsernamePasswordAuthenticationToken [Principal=org.springframework.security.core.userdetails.User [Username=user4@gmail.com, Password=[PROTECTED], Enabled=true, AccountNonExpired=true, CredentialsNonExpired=true, AccountNonLocked=true, Granted Authorities=[ROLE_USER]], Credentials=[PROTECTED], Authenticated=true, Details=WebAuthenticationDetails [RemoteIpAddress=0:0:0:0:0:0:0:1, SessionId=A1931919CC9AA6DF7C3F05840B4C6100], Granted Authorities=[ROLE_USER]]]
2025-04-17 00:59:00 [http-nio-8080-exec-7] [DEBUG] o.s.s.w.a.i.FilterSecurityInterceptor - Authorized filter invocation [GET /excursion/booking/10?date=2025-04-22] with attributes [permitAll]
2025-04-17 00:59:00 [http-nio-8080-exec-7] [DEBUG] o.s.security.web.FilterChainProxy - Secured GET /excursion/booking/10?date=2025-04-22
2025-04-17 00:59:00 [http-nio-8080-exec-9] [DEBUG] o.s.security.web.FilterChainProxy - Securing GET /img/logo_alliance.png
2025-04-17 00:59:00 [http-nio-8080-exec-9] [DEBUG] o.s.s.w.c.HttpSessionSecurityContextRepository - Retrieved SecurityContextImpl [Authentication=UsernamePasswordAuthenticationToken [Principal=org.springframework.security.core.userdetails.User [Username=user4@gmail.com, Password=[PROTECTED], Enabled=true, AccountNonExpired=true, CredentialsNonExpired=true, AccountNonLocked=true, Granted Authorities=[ROLE_USER]], Credentials=[PROTECTED], Authenticated=true, Details=WebAuthenticationDetails [RemoteIpAddress=0:0:0:0:0:0:0:1, SessionId=A1931919CC9AA6DF7C3F05840B4C6100], Granted Authorities=[ROLE_USER]]]
2025-04-17 00:59:00 [http-nio-8080-exec-9] [DEBUG] o.s.s.w.a.i.FilterSecurityInterceptor - Authorized filter invocation [GET /img/logo_alliance.png] with attributes [permitAll]
2025-04-17 00:59:00 [http-nio-8080-exec-9] [DEBUG] o.s.security.web.FilterChainProxy - Secured GET /img/logo_alliance.png
2025-04-17 00:59:07 [http-nio-8080-exec-4] [DEBUG] o.s.security.web.FilterChainProxy - Securing GET /excursion/booking/10?date=2025-04-01
2025-04-17 00:59:07 [http-nio-8080-exec-4] [DEBUG] o.s.s.w.c.HttpSessionSecurityContextRepository - Retrieved SecurityContextImpl [Authentication=UsernamePasswordAuthenticationToken [Principal=org.springframework.security.core.userdetails.User [Username=user4@gmail.com, Password=[PROTECTED], Enabled=true, AccountNonExpired=true, CredentialsNonExpired=true, AccountNonLocked=true, Granted Authorities=[ROLE_USER]], Credentials=[PROTECTED], Authenticated=true, Details=WebAuthenticationDetails [RemoteIpAddress=0:0:0:0:0:0:0:1, SessionId=A1931919CC9AA6DF7C3F05840B4C6100], Granted Authorities=[ROLE_USER]]]
2025-04-17 00:59:07 [http-nio-8080-exec-4] [DEBUG] o.s.s.w.a.i.FilterSecurityInterceptor - Authorized filter invocation [GET /excursion/booking/10?date=2025-04-01] with attributes [permitAll]
2025-04-17 00:59:07 [http-nio-8080-exec-4] [DEBUG] o.s.security.web.FilterChainProxy - Secured GET /excursion/booking/10?date=2025-04-01
2025-04-17 00:59:07 [http-nio-8080-exec-8] [DEBUG] o.s.security.web.FilterChainProxy - Securing GET /img/logo_alliance.png
2025-04-17 00:59:07 [http-nio-8080-exec-8] [DEBUG] o.s.s.w.c.HttpSessionSecurityContextRepository - Retrieved SecurityContextImpl [Authentication=UsernamePasswordAuthenticationToken [Principal=org.springframework.security.core.userdetails.User [Username=user4@gmail.com, Password=[PROTECTED], Enabled=true, AccountNonExpired=true, CredentialsNonExpired=true, AccountNonLocked=true, Granted Authorities=[ROLE_USER]], Credentials=[PROTECTED], Authenticated=true, Details=WebAuthenticationDetails [RemoteIpAddress=0:0:0:0:0:0:0:1, SessionId=A1931919CC9AA6DF7C3F05840B4C6100], Granted Authorities=[ROLE_USER]]]
2025-04-17 00:59:07 [http-nio-8080-exec-8] [DEBUG] o.s.s.w.a.i.FilterSecurityInterceptor - Authorized filter invocation [GET /img/logo_alliance.png] with attributes [permitAll]
2025-04-17 00:59:07 [http-nio-8080-exec-8] [DEBUG] o.s.security.web.FilterChainProxy - Secured GET /img/logo_alliance.png
2025-04-17 00:59:13 [http-nio-8080-exec-10] [DEBUG] o.s.security.web.FilterChainProxy - Securing GET /excursion/booking/10?date=2025-03-15
2025-04-17 00:59:13 [http-nio-8080-exec-10] [DEBUG] o.s.s.w.c.HttpSessionSecurityContextRepository - Retrieved SecurityContextImpl [Authentication=UsernamePasswordAuthenticationToken [Principal=org.springframework.security.core.userdetails.User [Username=user4@gmail.com, Password=[PROTECTED], Enabled=true, AccountNonExpired=true, CredentialsNonExpired=true, AccountNonLocked=true, Granted Authorities=[ROLE_USER]], Credentials=[PROTECTED], Authenticated=true, Details=WebAuthenticationDetails [RemoteIpAddress=0:0:0:0:0:0:0:1, SessionId=A1931919CC9AA6DF7C3F05840B4C6100], Granted Authorities=[ROLE_USER]]]
2025-04-17 00:59:13 [http-nio-8080-exec-10] [DEBUG] o.s.s.w.a.i.FilterSecurityInterceptor - Authorized filter invocation [GET /excursion/booking/10?date=2025-03-15] with attributes [permitAll]
2025-04-17 00:59:13 [http-nio-8080-exec-10] [DEBUG] o.s.security.web.FilterChainProxy - Secured GET /excursion/booking/10?date=2025-03-15
2025-04-17 00:59:13 [http-nio-8080-exec-6] [DEBUG] o.s.security.web.FilterChainProxy - Securing GET /img/logo_alliance.png
2025-04-17 00:59:13 [http-nio-8080-exec-6] [DEBUG] o.s.s.w.c.HttpSessionSecurityContextRepository - Retrieved SecurityContextImpl [Authentication=UsernamePasswordAuthenticationToken [Principal=org.springframework.security.core.userdetails.User [Username=user4@gmail.com, Password=[PROTECTED], Enabled=true, AccountNonExpired=true, CredentialsNonExpired=true, AccountNonLocked=true, Granted Authorities=[ROLE_USER]], Credentials=[PROTECTED], Authenticated=true, Details=WebAuthenticationDetails [RemoteIpAddress=0:0:0:0:0:0:0:1, SessionId=A1931919CC9AA6DF7C3F05840B4C6100], Granted Authorities=[ROLE_USER]]]
2025-04-17 00:59:13 [http-nio-8080-exec-6] [DEBUG] o.s.s.w.a.i.FilterSecurityInterceptor - Authorized filter invocation [GET /img/logo_alliance.png] with attributes [permitAll]
2025-04-17 00:59:13 [http-nio-8080-exec-6] [DEBUG] o.s.security.web.FilterChainProxy - Secured GET /img/logo_alliance.png
2025-04-17 00:59:28 [SpringApplicationShutdownHook] [INFO] o.s.o.j.LocalContainerEntityManagerFactoryBean - Closing JPA EntityManagerFactory for persistence unit 'default'
2025-04-17 00:59:28 [SpringApplicationShutdownHook] [INFO] com.zaxxer.hikari.HikariDataSource - HikariPool-1 - Shutdown initiated...
2025-04-17 00:59:28 [SpringApplicationShutdownHook] [INFO] com.zaxxer.hikari.HikariDataSource - HikariPool-1 - Shutdown completed.
2025-04-17 00:59:30 [background-preinit] [INFO] o.h.validator.internal.util.Version - HV000001: Hibernate Validator 8.0.1.Final
2025-04-17 00:59:30 [restartedMain] [INFO] r.k.alliance.AllianceApplication - Starting AllianceApplication using Java 23.0.1 with PID 27984 (C:\Users\Zver\Desktop\Projects\alliance\target\classes started by pavel in C:\Users\Zver\Desktop\Projects\alliance)
2025-04-17 00:59:30 [restartedMain] [INFO] r.k.alliance.AllianceApplication - No active profile set, falling back to 1 default profile: "default"
2025-04-17 00:59:30 [restartedMain] [INFO] o.s.b.d.e.DevToolsPropertyDefaultsPostProcessor - Devtools property defaults active! Set 'spring.devtools.add-properties' to 'false' to disable
2025-04-17 00:59:30 [restartedMain] [INFO] o.s.b.d.e.DevToolsPropertyDefaultsPostProcessor - For additional web related logging consider setting the 'logging.level.web' property to 'DEBUG'
2025-04-17 00:59:31 [restartedMain] [INFO] o.s.d.r.c.RepositoryConfigurationDelegate - Bootstrapping Spring Data JPA repositories in DEFAULT mode.
2025-04-17 00:59:31 [restartedMain] [INFO] o.s.d.r.c.RepositoryConfigurationDelegate - Finished Spring Data repository scanning in 53 ms. Found 11 JPA repository interfaces.
2025-04-17 00:59:32 [restartedMain] [INFO] o.s.b.w.e.tomcat.TomcatWebServer - Tomcat initialized with port 8080 (http)
2025-04-17 00:59:32 [restartedMain] [INFO] o.a.coyote.http11.Http11NioProtocol - Initializing ProtocolHandler ["http-nio-8080"]
2025-04-17 00:59:32 [restartedMain] [INFO] o.a.catalina.core.StandardService - Starting service [Tomcat]
2025-04-17 00:59:32 [restartedMain] [INFO] o.a.catalina.core.StandardEngine - Starting Servlet engine: [Apache Tomcat/10.1.31]
2025-04-17 00:59:32 [restartedMain] [INFO] o.a.c.c.C.[Tomcat].[localhost].[/] - Initializing Spring embedded WebApplicationContext
2025-04-17 00:59:32 [restartedMain] [INFO] o.s.b.w.s.c.ServletWebServerApplicationContext - Root WebApplicationContext: initialization completed in 1411 ms
2025-04-17 00:59:32 [restartedMain] [INFO] com.zaxxer.hikari.HikariDataSource - HikariPool-1 - Starting...
2025-04-17 00:59:32 [restartedMain] [INFO] com.zaxxer.hikari.pool.HikariPool - HikariPool-1 - Added connection org.postgresql.jdbc.PgConnection@2722a2e3
2025-04-17 00:59:32 [restartedMain] [INFO] com.zaxxer.hikari.HikariDataSource - HikariPool-1 - Start completed.
2025-04-17 00:59:32 [restartedMain] [INFO] o.h.jpa.internal.util.LogHelper - HHH000204: Processing PersistenceUnitInfo [name: default]
2025-04-17 00:59:32 [restartedMain] [INFO] org.hibernate.Version - HHH000412: Hibernate ORM core version 6.5.3.Final
2025-04-17 00:59:32 [restartedMain] [INFO] o.h.c.i.RegionFactoryInitiator - HHH000026: Second-level cache disabled
2025-04-17 00:59:32 [restartedMain] [INFO] o.s.o.j.p.SpringPersistenceUnitInfo - No LoadTimeWeaver setup: ignoring JPA class transformer
2025-04-17 00:59:33 [restartedMain] [INFO] o.h.e.t.j.p.i.JtaPlatformInitiator - HHH000489: No JTA platform available (set 'hibernate.transaction.jta.platform' to enable JTA platform integration)
2025-04-17 00:59:33 [restartedMain] [INFO] o.s.o.j.LocalContainerEntityManagerFactoryBean - Initialized JPA EntityManagerFactory for persistence unit 'default'
2025-04-17 00:59:33 [restartedMain] [INFO] o.s.d.j.r.query.QueryEnhancerFactory - Hibernate is in classpath; If applicable, HQL parser will be used.
2025-04-17 00:59:34 [restartedMain] [WARN] o.s.b.a.o.j.JpaBaseConfiguration$JpaWebConfiguration - spring.jpa.open-in-view is enabled by default. Therefore, database queries may be performed during view rendering. Explicitly configure spring.jpa.open-in-view to disable this warning
2025-04-17 00:59:34 [restartedMain] [INFO] o.s.s.c.a.a.c.InitializeUserDetailsBeanManagerConfigurer$InitializeUserDetailsManagerConfigurer - Global AuthenticationManager configured with UserDetailsService bean with name myUserDetailsService
2025-04-17 00:59:35 [restartedMain] [INFO] o.s.b.a.e.web.EndpointLinksResolver - Exposing 1 endpoint beneath base path '/actuator'
2025-04-17 00:59:35 [restartedMain] [DEBUG] o.s.s.w.a.e.ExpressionBasedFilterInvocationSecurityMetadataSource - Adding web access control expression [permitAll] for ExactUrl [processUrl='/login?error']
2025-04-17 00:59:35 [restartedMain] [DEBUG] o.s.s.w.a.e.ExpressionBasedFilterInvocationSecurityMetadataSource - Adding web access control expression [permitAll] for ExactUrl [processUrl='/login']
2025-04-17 00:59:35 [restartedMain] [DEBUG] o.s.s.w.a.e.ExpressionBasedFilterInvocationSecurityMetadataSource - Adding web access control expression [permitAll] for ExactUrl [processUrl='/login']
2025-04-17 00:59:35 [restartedMain] [DEBUG] o.s.s.w.a.e.ExpressionBasedFilterInvocationSecurityMetadataSource - Adding web access control expression [permitAll] for Ant [pattern='/logout', POST]
2025-04-17 00:59:35 [restartedMain] [DEBUG] o.s.s.w.a.e.ExpressionBasedFilterInvocationSecurityMetadataSource - Adding web access control expression [permitAll] for ExactUrl [processUrl='/realty']
2025-04-17 00:59:35 [restartedMain] [DEBUG] o.s.s.w.a.e.ExpressionBasedFilterInvocationSecurityMetadataSource - Adding web access control expression [authenticated] for Deferred [Mvc [pattern='/realty/new'], Ant [pattern='/realty/new']]
2025-04-17 00:59:35 [restartedMain] [DEBUG] o.s.s.w.a.e.ExpressionBasedFilterInvocationSecurityMetadataSource - Adding web access control expression [authenticated] for Deferred [Mvc [pattern='/realty/edit/**'], Ant [pattern='/realty/edit/**']]
2025-04-17 00:59:35 [restartedMain] [DEBUG] o.s.s.w.a.e.ExpressionBasedFilterInvocationSecurityMetadataSource - Adding web access control expression [authenticated] for Deferred [Mvc [pattern='/realty/delete/**'], Ant [pattern='/realty/delete/**']]
2025-04-17 00:59:35 [restartedMain] [DEBUG] o.s.s.w.a.e.ExpressionBasedFilterInvocationSecurityMetadataSource - Adding web access control expression [permitAll] for any request
2025-04-17 00:59:35 [restartedMain] [DEBUG] o.s.s.web.DefaultSecurityFilterChain - Will secure any request with filters: DisableEncodeUrlFilter, WebAsyncManagerIntegrationFilter, SecurityContextHolderFilter, HeaderWriterFilter, CsrfFilter, LogoutFilter, OAuth2AuthorizationRequestRedirectFilter, OAuth2LoginAuthenticationFilter, UsernamePasswordAuthenticationFilter, ConcurrentSessionFilter, RequestCacheAwareFilter, SecurityContextHolderAwareRequestFilter, AnonymousAuthenticationFilter, SessionManagementFilter, ExceptionTranslationFilter, FilterSecurityInterceptor
2025-04-17 00:59:35 [restartedMain] [INFO] o.s.b.d.a.OptionalLiveReloadServer - LiveReload server is running on port 35729
2025-04-17 00:59:35 [restartedMain] [INFO] o.a.coyote.http11.Http11NioProtocol - Starting ProtocolHandler ["http-nio-8080"]
2025-04-17 00:59:35 [restartedMain] [INFO] o.s.b.w.e.tomcat.TomcatWebServer - Tomcat started on port 8080 (http) with context path '/'
2025-04-17 00:59:35 [restartedMain] [INFO] r.k.alliance.AllianceApplication - Started AllianceApplication in 5.382 seconds (process running for 6.457)
2025-04-17 00:59:36 [RMI TCP Connection(3)-192.168.100.28] [INFO] o.a.c.c.C.[Tomcat].[localhost].[/] - Initializing Spring DispatcherServlet 'dispatcherServlet'
2025-04-17 00:59:36 [RMI TCP Connection(3)-192.168.100.28] [INFO] o.s.web.servlet.DispatcherServlet - Initializing Servlet 'dispatcherServlet'
2025-04-17 00:59:36 [RMI TCP Connection(3)-192.168.100.28] [INFO] o.s.web.servlet.DispatcherServlet - Completed initialization in 1 ms
2025-04-17 00:59:38 [http-nio-8080-exec-1] [DEBUG] o.s.security.web.FilterChainProxy - Securing GET /excursion/booking/10?date=2025-03-15
2025-04-17 00:59:38 [http-nio-8080-exec-1] [DEBUG] o.s.s.w.c.HttpSessionSecurityContextRepository - Retrieved SecurityContextImpl [Authentication=UsernamePasswordAuthenticationToken [Principal=org.springframework.security.core.userdetails.User [Username=user4@gmail.com, Password=[PROTECTED], Enabled=true, AccountNonExpired=true, CredentialsNonExpired=true, AccountNonLocked=true, Granted Authorities=[ROLE_USER]], Credentials=[PROTECTED], Authenticated=true, Details=WebAuthenticationDetails [RemoteIpAddress=0:0:0:0:0:0:0:1, SessionId=A1931919CC9AA6DF7C3F05840B4C6100], Granted Authorities=[ROLE_USER]]]
2025-04-17 00:59:38 [http-nio-8080-exec-1] [DEBUG] o.s.s.w.a.i.FilterSecurityInterceptor - Authorized filter invocation [GET /excursion/booking/10?date=2025-03-15] with attributes [permitAll]
2025-04-17 00:59:38 [http-nio-8080-exec-1] [DEBUG] o.s.security.web.FilterChainProxy - Secured GET /excursion/booking/10?date=2025-03-15
2025-04-17 00:59:38 [http-nio-8080-exec-2] [DEBUG] o.s.security.web.FilterChainProxy - Securing GET /img/logo_alliance.png
2025-04-17 00:59:38 [http-nio-8080-exec-2] [DEBUG] o.s.s.w.c.HttpSessionSecurityContextRepository - Retrieved SecurityContextImpl [Authentication=UsernamePasswordAuthenticationToken [Principal=org.springframework.security.core.userdetails.User [Username=user4@gmail.com, Password=[PROTECTED], Enabled=true, AccountNonExpired=true, CredentialsNonExpired=true, AccountNonLocked=true, Granted Authorities=[ROLE_USER]], Credentials=[PROTECTED], Authenticated=true, Details=WebAuthenticationDetails [RemoteIpAddress=0:0:0:0:0:0:0:1, SessionId=A1931919CC9AA6DF7C3F05840B4C6100], Granted Authorities=[ROLE_USER]]]
2025-04-17 00:59:38 [http-nio-8080-exec-2] [DEBUG] o.s.s.w.a.i.FilterSecurityInterceptor - Authorized filter invocation [GET /img/logo_alliance.png] with attributes [permitAll]
2025-04-17 00:59:38 [http-nio-8080-exec-2] [DEBUG] o.s.security.web.FilterChainProxy - Secured GET /img/logo_alliance.png
2025-04-17 00:59:42 [http-nio-8080-exec-3] [DEBUG] o.s.security.web.FilterChainProxy - Securing GET /excursion/tour/10
2025-04-17 00:59:42 [http-nio-8080-exec-3] [DEBUG] o.s.s.w.c.HttpSessionSecurityContextRepository - Retrieved SecurityContextImpl [Authentication=UsernamePasswordAuthenticationToken [Principal=org.springframework.security.core.userdetails.User [Username=user4@gmail.com, Password=[PROTECTED], Enabled=true, AccountNonExpired=true, CredentialsNonExpired=true, AccountNonLocked=true, Granted Authorities=[ROLE_USER]], Credentials=[PROTECTED], Authenticated=true, Details=WebAuthenticationDetails [RemoteIpAddress=0:0:0:0:0:0:0:1, SessionId=A1931919CC9AA6DF7C3F05840B4C6100], Granted Authorities=[ROLE_USER]]]
2025-04-17 00:59:42 [http-nio-8080-exec-3] [DEBUG] o.s.s.w.a.i.FilterSecurityInterceptor - Authorized filter invocation [GET /excursion/tour/10] with attributes [permitAll]
2025-04-17 00:59:42 [http-nio-8080-exec-3] [DEBUG] o.s.security.web.FilterChainProxy - Secured GET /excursion/tour/10
2025-04-17 00:59:42 [http-nio-8080-exec-3] [INFO] r.k.a.u.s.CheckAuthorizeService - checkAdmin is starting, principal: UsernamePasswordAuthenticationToken [Principal=org.springframework.security.core.userdetails.User [Username=user4@gmail.com, Password=[PROTECTED], Enabled=true, AccountNonExpired=true, CredentialsNonExpired=true, AccountNonLocked=true, Granted Authorities=[ROLE_USER]], Credentials=[PROTECTED], Authenticated=true, Details=WebAuthenticationDetails [RemoteIpAddress=0:0:0:0:0:0:0:1, SessionId=A1931919CC9AA6DF7C3F05840B4C6100], Granted Authorities=[ROLE_USER]]
2025-04-17 00:59:42 [http-nio-8080-exec-3] [INFO] r.k.a.u.s.CheckAuthorizeService - checkAdmin: principal != null
2025-04-17 00:59:42 [http-nio-8080-exec-3] [INFO] r.k.a.u.s.CheckAuthorizeService - Principal is regular authentication
2025-04-17 00:59:42 [http-nio-8080-exec-3] [INFO] r.k.a.u.s.CheckAuthorizeService - Checking admin rights for email: user4@gmail.com
2025-04-17 00:59:42 [http-nio-8080-exec-3] [INFO] r.k.a.u.s.CheckAuthorizeService - User roles: [USER]
2025-04-17 00:59:42 [http-nio-8080-exec-4] [DEBUG] o.s.security.web.FilterChainProxy - Securing GET /css/styles.css
2025-04-17 00:59:42 [http-nio-8080-exec-4] [DEBUG] o.s.s.w.c.HttpSessionSecurityContextRepository - Retrieved SecurityContextImpl [Authentication=UsernamePasswordAuthenticationToken [Principal=org.springframework.security.core.userdetails.User [Username=user4@gmail.com, Password=[PROTECTED], Enabled=true, AccountNonExpired=true, CredentialsNonExpired=true, AccountNonLocked=true, Granted Authorities=[ROLE_USER]], Credentials=[PROTECTED], Authenticated=true, Details=WebAuthenticationDetails [RemoteIpAddress=0:0:0:0:0:0:0:1, SessionId=A1931919CC9AA6DF7C3F05840B4C6100], Granted Authorities=[ROLE_USER]]]
2025-04-17 00:59:42 [http-nio-8080-exec-4] [DEBUG] o.s.s.w.a.i.FilterSecurityInterceptor - Authorized filter invocation [GET /css/styles.css] with attributes [permitAll]
2025-04-17 00:59:42 [http-nio-8080-exec-4] [DEBUG] o.s.security.web.FilterChainProxy - Secured GET /css/styles.css
2025-04-17 00:59:42 [http-nio-8080-exec-4] [DEBUG] o.s.security.web.FilterChainProxy - Securing GET /img/logo_alliance.png
2025-04-17 00:59:42 [http-nio-8080-exec-4] [DEBUG] o.s.s.w.c.HttpSessionSecurityContextRepository - Retrieved SecurityContextImpl [Authentication=UsernamePasswordAuthenticationToken [Principal=org.springframework.security.core.userdetails.User [Username=user4@gmail.com, Password=[PROTECTED], Enabled=true, AccountNonExpired=true, CredentialsNonExpired=true, AccountNonLocked=true, Granted Authorities=[ROLE_USER]], Credentials=[PROTECTED], Authenticated=true, Details=WebAuthenticationDetails [RemoteIpAddress=0:0:0:0:0:0:0:1, SessionId=A1931919CC9AA6DF7C3F05840B4C6100], Granted Authorities=[ROLE_USER]]]
2025-04-17 00:59:42 [http-nio-8080-exec-4] [DEBUG] o.s.s.w.a.i.FilterSecurityInterceptor - Authorized filter invocation [GET /img/logo_alliance.png] with attributes [permitAll]
2025-04-17 00:59:42 [http-nio-8080-exec-4] [DEBUG] o.s.security.web.FilterChainProxy - Secured GET /img/logo_alliance.png
2025-04-17 00:59:43 [http-nio-8080-exec-5] [DEBUG] o.s.security.web.FilterChainProxy - Securing GET /excursion/booking/10
2025-04-17 00:59:43 [http-nio-8080-exec-5] [DEBUG] o.s.s.w.c.HttpSessionSecurityContextRepository - Retrieved SecurityContextImpl [Authentication=UsernamePasswordAuthenticationToken [Principal=org.springframework.security.core.userdetails.User [Username=user4@gmail.com, Password=[PROTECTED], Enabled=true, AccountNonExpired=true, CredentialsNonExpired=true, AccountNonLocked=true, Granted Authorities=[ROLE_USER]], Credentials=[PROTECTED], Authenticated=true, Details=WebAuthenticationDetails [RemoteIpAddress=0:0:0:0:0:0:0:1, SessionId=A1931919CC9AA6DF7C3F05840B4C6100], Granted Authorities=[ROLE_USER]]]
2025-04-17 00:59:43 [http-nio-8080-exec-5] [DEBUG] o.s.s.w.a.i.FilterSecurityInterceptor - Authorized filter invocation [GET /excursion/booking/10] with attributes [permitAll]
2025-04-17 00:59:43 [http-nio-8080-exec-5] [DEBUG] o.s.security.web.FilterChainProxy - Secured GET /excursion/booking/10
2025-04-17 00:59:43 [http-nio-8080-exec-6] [DEBUG] o.s.security.web.FilterChainProxy - Securing GET /img/logo_alliance.png
2025-04-17 00:59:43 [http-nio-8080-exec-6] [DEBUG] o.s.s.w.c.HttpSessionSecurityContextRepository - Retrieved SecurityContextImpl [Authentication=UsernamePasswordAuthenticationToken [Principal=org.springframework.security.core.userdetails.User [Username=user4@gmail.com, Password=[PROTECTED], Enabled=true, AccountNonExpired=true, CredentialsNonExpired=true, AccountNonLocked=true, Granted Authorities=[ROLE_USER]], Credentials=[PROTECTED], Authenticated=true, Details=WebAuthenticationDetails [RemoteIpAddress=0:0:0:0:0:0:0:1, SessionId=A1931919CC9AA6DF7C3F05840B4C6100], Granted Authorities=[ROLE_USER]]]
2025-04-17 00:59:43 [http-nio-8080-exec-6] [DEBUG] o.s.s.w.a.i.FilterSecurityInterceptor - Authorized filter invocation [GET /img/logo_alliance.png] with attributes [permitAll]
2025-04-17 00:59:43 [http-nio-8080-exec-6] [DEBUG] o.s.security.web.FilterChainProxy - Secured GET /img/logo_alliance.png
2025-04-17 00:59:50 [http-nio-8080-exec-7] [DEBUG] o.s.security.web.FilterChainProxy - Securing GET /excursion/booking/10?date=2025-04-17
2025-04-17 00:59:50 [http-nio-8080-exec-7] [DEBUG] o.s.s.w.c.HttpSessionSecurityContextRepository - Retrieved SecurityContextImpl [Authentication=UsernamePasswordAuthenticationToken [Principal=org.springframework.security.core.userdetails.User [Username=user4@gmail.com, Password=[PROTECTED], Enabled=true, AccountNonExpired=true, CredentialsNonExpired=true, AccountNonLocked=true, Granted Authorities=[ROLE_USER]], Credentials=[PROTECTED], Authenticated=true, Details=WebAuthenticationDetails [RemoteIpAddress=0:0:0:0:0:0:0:1, SessionId=A1931919CC9AA6DF7C3F05840B4C6100], Granted Authorities=[ROLE_USER]]]
2025-04-17 00:59:50 [http-nio-8080-exec-7] [DEBUG] o.s.s.w.a.i.FilterSecurityInterceptor - Authorized filter invocation [GET /excursion/booking/10?date=2025-04-17] with attributes [permitAll]
2025-04-17 00:59:50 [http-nio-8080-exec-7] [DEBUG] o.s.security.web.FilterChainProxy - Secured GET /excursion/booking/10?date=2025-04-17
2025-04-17 00:59:50 [http-nio-8080-exec-8] [DEBUG] o.s.security.web.FilterChainProxy - Securing GET /img/logo_alliance.png
2025-04-17 00:59:50 [http-nio-8080-exec-8] [DEBUG] o.s.s.w.c.HttpSessionSecurityContextRepository - Retrieved SecurityContextImpl [Authentication=UsernamePasswordAuthenticationToken [Principal=org.springframework.security.core.userdetails.User [Username=user4@gmail.com, Password=[PROTECTED], Enabled=true, AccountNonExpired=true, CredentialsNonExpired=true, AccountNonLocked=true, Granted Authorities=[ROLE_USER]], Credentials=[PROTECTED], Authenticated=true, Details=WebAuthenticationDetails [RemoteIpAddress=0:0:0:0:0:0:0:1, SessionId=A1931919CC9AA6DF7C3F05840B4C6100], Granted Authorities=[ROLE_USER]]]
2025-04-17 00:59:50 [http-nio-8080-exec-8] [DEBUG] o.s.s.w.a.i.FilterSecurityInterceptor - Authorized filter invocation [GET /img/logo_alliance.png] with attributes [permitAll]
2025-04-17 00:59:50 [http-nio-8080-exec-8] [DEBUG] o.s.security.web.FilterChainProxy - Secured GET /img/logo_alliance.png
2025-04-17 01:03:12 [SpringApplicationShutdownHook] [INFO] o.s.o.j.LocalContainerEntityManagerFactoryBean - Closing JPA EntityManagerFactory for persistence unit 'default'
2025-04-17 01:03:12 [SpringApplicationShutdownHook] [INFO] com.zaxxer.hikari.HikariDataSource - HikariPool-1 - Shutdown initiated...
2025-04-17 01:03:12 [SpringApplicationShutdownHook] [INFO] com.zaxxer.hikari.HikariDataSource - HikariPool-1 - Shutdown completed.
2025-04-17 01:03:15 [background-preinit] [INFO] o.h.validator.internal.util.Version - HV000001: Hibernate Validator 8.0.1.Final
2025-04-17 01:03:15 [restartedMain] [INFO] r.k.alliance.AllianceApplication - Starting AllianceApplication using Java 23.0.1 with PID 20180 (C:\Users\Zver\Desktop\Projects\alliance\target\classes started by pavel in C:\Users\Zver\Desktop\Projects\alliance)
2025-04-17 01:03:15 [restartedMain] [INFO] r.k.alliance.AllianceApplication - No active profile set, falling back to 1 default profile: "default"
2025-04-17 01:03:15 [restartedMain] [INFO] o.s.b.d.e.DevToolsPropertyDefaultsPostProcessor - Devtools property defaults active! Set 'spring.devtools.add-properties' to 'false' to disable
2025-04-17 01:03:15 [restartedMain] [INFO] o.s.b.d.e.DevToolsPropertyDefaultsPostProcessor - For additional web related logging consider setting the 'logging.level.web' property to 'DEBUG'
2025-04-17 01:03:15 [restartedMain] [INFO] o.s.d.r.c.RepositoryConfigurationDelegate - Bootstrapping Spring Data JPA repositories in DEFAULT mode.
2025-04-17 01:03:15 [restartedMain] [INFO] o.s.d.r.c.RepositoryConfigurationDelegate - Finished Spring Data repository scanning in 56 ms. Found 11 JPA repository interfaces.
2025-04-17 01:03:16 [restartedMain] [INFO] o.s.b.w.e.tomcat.TomcatWebServer - Tomcat initialized with port 8080 (http)
2025-04-17 01:03:16 [restartedMain] [INFO] o.a.coyote.http11.Http11NioProtocol - Initializing ProtocolHandler ["http-nio-8080"]
2025-04-17 01:03:16 [restartedMain] [INFO] o.a.catalina.core.StandardService - Starting service [Tomcat]
2025-04-17 01:03:16 [restartedMain] [INFO] o.a.catalina.core.StandardEngine - Starting Servlet engine: [Apache Tomcat/10.1.31]
2025-04-17 01:03:16 [restartedMain] [INFO] o.a.c.c.C.[Tomcat].[localhost].[/] - Initializing Spring embedded WebApplicationContext
2025-04-17 01:03:16 [restartedMain] [INFO] o.s.b.w.s.c.ServletWebServerApplicationContext - Root WebApplicationContext: initialization completed in 1453 ms
2025-04-17 01:03:16 [restartedMain] [INFO] com.zaxxer.hikari.HikariDataSource - HikariPool-1 - Starting...
2025-04-17 01:03:16 [restartedMain] [INFO] com.zaxxer.hikari.pool.HikariPool - HikariPool-1 - Added connection org.postgresql.jdbc.PgConnection@3634c769
2025-04-17 01:03:16 [restartedMain] [INFO] com.zaxxer.hikari.HikariDataSource - HikariPool-1 - Start completed.
2025-04-17 01:03:16 [restartedMain] [INFO] o.h.jpa.internal.util.LogHelper - HHH000204: Processing PersistenceUnitInfo [name: default]
2025-04-17 01:03:16 [restartedMain] [INFO] org.hibernate.Version - HHH000412: Hibernate ORM core version 6.5.3.Final
2025-04-17 01:03:17 [restartedMain] [INFO] o.h.c.i.RegionFactoryInitiator - HHH000026: Second-level cache disabled
2025-04-17 01:03:17 [restartedMain] [INFO] o.s.o.j.p.SpringPersistenceUnitInfo - No LoadTimeWeaver setup: ignoring JPA class transformer
2025-04-17 01:03:18 [restartedMain] [INFO] o.h.e.t.j.p.i.JtaPlatformInitiator - HHH000489: No JTA platform available (set 'hibernate.transaction.jta.platform' to enable JTA platform integration)
2025-04-17 01:03:18 [restartedMain] [INFO] o.s.o.j.LocalContainerEntityManagerFactoryBean - Initialized JPA EntityManagerFactory for persistence unit 'default'
2025-04-17 01:03:18 [restartedMain] [INFO] o.s.d.j.r.query.QueryEnhancerFactory - Hibernate is in classpath; If applicable, HQL parser will be used.
2025-04-17 01:03:19 [restartedMain] [WARN] o.s.b.a.o.j.JpaBaseConfiguration$JpaWebConfiguration - spring.jpa.open-in-view is enabled by default. Therefore, database queries may be performed during view rendering. Explicitly configure spring.jpa.open-in-view to disable this warning
2025-04-17 01:03:19 [restartedMain] [INFO] o.s.s.c.a.a.c.InitializeUserDetailsBeanManagerConfigurer$InitializeUserDetailsManagerConfigurer - Global AuthenticationManager configured with UserDetailsService bean with name myUserDetailsService
2025-04-17 01:03:19 [restartedMain] [INFO] o.s.b.a.e.web.EndpointLinksResolver - Exposing 1 endpoint beneath base path '/actuator'
2025-04-17 01:03:19 [restartedMain] [DEBUG] o.s.s.w.a.e.ExpressionBasedFilterInvocationSecurityMetadataSource - Adding web access control expression [permitAll] for ExactUrl [processUrl='/login?error']
2025-04-17 01:03:19 [restartedMain] [DEBUG] o.s.s.w.a.e.ExpressionBasedFilterInvocationSecurityMetadataSource - Adding web access control expression [permitAll] for ExactUrl [processUrl='/login']
2025-04-17 01:03:19 [restartedMain] [DEBUG] o.s.s.w.a.e.ExpressionBasedFilterInvocationSecurityMetadataSource - Adding web access control expression [permitAll] for ExactUrl [processUrl='/login']
2025-04-17 01:03:19 [restartedMain] [DEBUG] o.s.s.w.a.e.ExpressionBasedFilterInvocationSecurityMetadataSource - Adding web access control expression [permitAll] for Ant [pattern='/logout', POST]
2025-04-17 01:03:19 [restartedMain] [DEBUG] o.s.s.w.a.e.ExpressionBasedFilterInvocationSecurityMetadataSource - Adding web access control expression [permitAll] for ExactUrl [processUrl='/realty']
2025-04-17 01:03:19 [restartedMain] [DEBUG] o.s.s.w.a.e.ExpressionBasedFilterInvocationSecurityMetadataSource - Adding web access control expression [authenticated] for Deferred [Mvc [pattern='/realty/new'], Ant [pattern='/realty/new']]
2025-04-17 01:03:19 [restartedMain] [DEBUG] o.s.s.w.a.e.ExpressionBasedFilterInvocationSecurityMetadataSource - Adding web access control expression [authenticated] for Deferred [Mvc [pattern='/realty/edit/**'], Ant [pattern='/realty/edit/**']]
2025-04-17 01:03:19 [restartedMain] [DEBUG] o.s.s.w.a.e.ExpressionBasedFilterInvocationSecurityMetadataSource - Adding web access control expression [authenticated] for Deferred [Mvc [pattern='/realty/delete/**'], Ant [pattern='/realty/delete/**']]
2025-04-17 01:03:19 [restartedMain] [DEBUG] o.s.s.w.a.e.ExpressionBasedFilterInvocationSecurityMetadataSource - Adding web access control expression [permitAll] for any request
2025-04-17 01:03:19 [restartedMain] [DEBUG] o.s.s.web.DefaultSecurityFilterChain - Will secure any request with filters: DisableEncodeUrlFilter, WebAsyncManagerIntegrationFilter, SecurityContextHolderFilter, HeaderWriterFilter, CsrfFilter, LogoutFilter, OAuth2AuthorizationRequestRedirectFilter, OAuth2LoginAuthenticationFilter, UsernamePasswordAuthenticationFilter, ConcurrentSessionFilter, RequestCacheAwareFilter, SecurityContextHolderAwareRequestFilter, AnonymousAuthenticationFilter, SessionManagementFilter, ExceptionTranslationFilter, FilterSecurityInterceptor
2025-04-17 01:03:20 [restartedMain] [INFO] o.s.b.d.a.OptionalLiveReloadServer - LiveReload server is running on port 35729
2025-04-17 01:03:20 [restartedMain] [INFO] o.a.coyote.http11.Http11NioProtocol - Starting ProtocolHandler ["http-nio-8080"]
2025-04-17 01:03:20 [restartedMain] [INFO] o.s.b.w.e.tomcat.TomcatWebServer - Tomcat started on port 8080 (http) with context path '/'
2025-04-17 01:03:20 [restartedMain] [INFO] r.k.alliance.AllianceApplication - Started AllianceApplication in 5.33 seconds (process running for 6.276)
2025-04-17 01:03:20 [RMI TCP Connection(2)-192.168.100.28] [INFO] o.a.c.c.C.[Tomcat].[localhost].[/] - Initializing Spring DispatcherServlet 'dispatcherServlet'
2025-04-17 01:03:20 [RMI TCP Connection(2)-192.168.100.28] [INFO] o.s.web.servlet.DispatcherServlet - Initializing Servlet 'dispatcherServlet'
2025-04-17 01:03:20 [RMI TCP Connection(2)-192.168.100.28] [INFO] o.s.web.servlet.DispatcherServlet - Completed initialization in 1 ms
2025-04-17 01:03:23 [http-nio-8080-exec-1] [DEBUG] o.s.security.web.FilterChainProxy - Securing GET /excursion/booking/10?date=2025-04-17
2025-04-17 01:03:23 [http-nio-8080-exec-1] [DEBUG] o.s.s.w.c.HttpSessionSecurityContextRepository - Retrieved SecurityContextImpl [Authentication=UsernamePasswordAuthenticationToken [Principal=org.springframework.security.core.userdetails.User [Username=user4@gmail.com, Password=[PROTECTED], Enabled=true, AccountNonExpired=true, CredentialsNonExpired=true, AccountNonLocked=true, Granted Authorities=[ROLE_USER]], Credentials=[PROTECTED], Authenticated=true, Details=WebAuthenticationDetails [RemoteIpAddress=0:0:0:0:0:0:0:1, SessionId=A1931919CC9AA6DF7C3F05840B4C6100], Granted Authorities=[ROLE_USER]]]
2025-04-17 01:03:23 [http-nio-8080-exec-1] [DEBUG] o.s.s.w.a.i.FilterSecurityInterceptor - Authorized filter invocation [GET /excursion/booking/10?date=2025-04-17] with attributes [permitAll]
2025-04-17 01:03:23 [http-nio-8080-exec-1] [DEBUG] o.s.security.web.FilterChainProxy - Secured GET /excursion/booking/10?date=2025-04-17
2025-04-17 01:03:23 [http-nio-8080-exec-2] [DEBUG] o.s.security.web.FilterChainProxy - Securing GET /img/logo_alliance.png
2025-04-17 01:03:23 [http-nio-8080-exec-2] [DEBUG] o.s.s.w.c.HttpSessionSecurityContextRepository - Retrieved SecurityContextImpl [Authentication=UsernamePasswordAuthenticationToken [Principal=org.springframework.security.core.userdetails.User [Username=user4@gmail.com, Password=[PROTECTED], Enabled=true, AccountNonExpired=true, CredentialsNonExpired=true, AccountNonLocked=true, Granted Authorities=[ROLE_USER]], Credentials=[PROTECTED], Authenticated=true, Details=WebAuthenticationDetails [RemoteIpAddress=0:0:0:0:0:0:0:1, SessionId=A1931919CC9AA6DF7C3F05840B4C6100], Granted Authorities=[ROLE_USER]]]
2025-04-17 01:03:23 [http-nio-8080-exec-2] [DEBUG] o.s.s.w.a.i.FilterSecurityInterceptor - Authorized filter invocation [GET /img/logo_alliance.png] with attributes [permitAll]
2025-04-17 01:03:23 [http-nio-8080-exec-2] [DEBUG] o.s.security.web.FilterChainProxy - Secured GET /img/logo_alliance.png
2025-04-17 01:03:26 [http-nio-8080-exec-3] [DEBUG] o.s.security.web.FilterChainProxy - Securing GET /excursion/booking/10
2025-04-17 01:03:26 [http-nio-8080-exec-3] [DEBUG] o.s.s.w.c.HttpSessionSecurityContextRepository - Retrieved SecurityContextImpl [Authentication=UsernamePasswordAuthenticationToken [Principal=org.springframework.security.core.userdetails.User [Username=user4@gmail.com, Password=[PROTECTED], Enabled=true, AccountNonExpired=true, CredentialsNonExpired=true, AccountNonLocked=true, Granted Authorities=[ROLE_USER]], Credentials=[PROTECTED], Authenticated=true, Details=WebAuthenticationDetails [RemoteIpAddress=0:0:0:0:0:0:0:1, SessionId=A1931919CC9AA6DF7C3F05840B4C6100], Granted Authorities=[ROLE_USER]]]
2025-04-17 01:03:26 [http-nio-8080-exec-3] [DEBUG] o.s.s.w.a.i.FilterSecurityInterceptor - Authorized filter invocation [GET /excursion/booking/10] with attributes [permitAll]
2025-04-17 01:03:26 [http-nio-8080-exec-3] [DEBUG] o.s.security.web.FilterChainProxy - Secured GET /excursion/booking/10
2025-04-17 01:03:27 [http-nio-8080-exec-4] [DEBUG] o.s.security.web.FilterChainProxy - Securing GET /excursion/tour/10
2025-04-17 01:03:27 [http-nio-8080-exec-4] [DEBUG] o.s.s.w.c.HttpSessionSecurityContextRepository - Retrieved SecurityContextImpl [Authentication=UsernamePasswordAuthenticationToken [Principal=org.springframework.security.core.userdetails.User [Username=user4@gmail.com, Password=[PROTECTED], Enabled=true, AccountNonExpired=true, CredentialsNonExpired=true, AccountNonLocked=true, Granted Authorities=[ROLE_USER]], Credentials=[PROTECTED], Authenticated=true, Details=WebAuthenticationDetails [RemoteIpAddress=0:0:0:0:0:0:0:1, SessionId=A1931919CC9AA6DF7C3F05840B4C6100], Granted Authorities=[ROLE_USER]]]
2025-04-17 01:03:27 [http-nio-8080-exec-4] [DEBUG] o.s.s.w.a.i.FilterSecurityInterceptor - Authorized filter invocation [GET /excursion/tour/10] with attributes [permitAll]
2025-04-17 01:03:27 [http-nio-8080-exec-4] [DEBUG] o.s.security.web.FilterChainProxy - Secured GET /excursion/tour/10
2025-04-17 01:03:27 [http-nio-8080-exec-4] [INFO] r.k.a.u.s.CheckAuthorizeService - checkAdmin is starting, principal: UsernamePasswordAuthenticationToken [Principal=org.springframework.security.core.userdetails.User [Username=user4@gmail.com, Password=[PROTECTED], Enabled=true, AccountNonExpired=true, CredentialsNonExpired=true, AccountNonLocked=true, Granted Authorities=[ROLE_USER]], Credentials=[PROTECTED], Authenticated=true, Details=WebAuthenticationDetails [RemoteIpAddress=0:0:0:0:0:0:0:1, SessionId=A1931919CC9AA6DF7C3F05840B4C6100], Granted Authorities=[ROLE_USER]]
2025-04-17 01:03:27 [http-nio-8080-exec-4] [INFO] r.k.a.u.s.CheckAuthorizeService - checkAdmin: principal != null
2025-04-17 01:03:27 [http-nio-8080-exec-4] [INFO] r.k.a.u.s.CheckAuthorizeService - Principal is regular authentication
2025-04-17 01:03:27 [http-nio-8080-exec-4] [INFO] r.k.a.u.s.CheckAuthorizeService - Checking admin rights for email: user4@gmail.com
2025-04-17 01:03:27 [http-nio-8080-exec-4] [INFO] r.k.a.u.s.CheckAuthorizeService - User roles: [USER]
2025-04-17 01:03:27 [http-nio-8080-exec-7] [DEBUG] o.s.security.web.FilterChainProxy - Securing GET /img/logo_alliance.png
2025-04-17 01:03:27 [http-nio-8080-exec-5] [DEBUG] o.s.security.web.FilterChainProxy - Securing GET /css/styles.css
2025-04-17 01:03:27 [http-nio-8080-exec-7] [DEBUG] o.s.s.w.c.HttpSessionSecurityContextRepository - Retrieved SecurityContextImpl [Authentication=UsernamePasswordAuthenticationToken [Principal=org.springframework.security.core.userdetails.User [Username=user4@gmail.com, Password=[PROTECTED], Enabled=true, AccountNonExpired=true, CredentialsNonExpired=true, AccountNonLocked=true, Granted Authorities=[ROLE_USER]], Credentials=[PROTECTED], Authenticated=true, Details=WebAuthenticationDetails [RemoteIpAddress=0:0:0:0:0:0:0:1, SessionId=A1931919CC9AA6DF7C3F05840B4C6100], Granted Authorities=[ROLE_USER]]]
2025-04-17 01:03:27 [http-nio-8080-exec-5] [DEBUG] o.s.s.w.c.HttpSessionSecurityContextRepository - Retrieved SecurityContextImpl [Authentication=UsernamePasswordAuthenticationToken [Principal=org.springframework.security.core.userdetails.User [Username=user4@gmail.com, Password=[PROTECTED], Enabled=true, AccountNonExpired=true, CredentialsNonExpired=true, AccountNonLocked=true, Granted Authorities=[ROLE_USER]], Credentials=[PROTECTED], Authenticated=true, Details=WebAuthenticationDetails [RemoteIpAddress=0:0:0:0:0:0:0:1, SessionId=A1931919CC9AA6DF7C3F05840B4C6100], Granted Authorities=[ROLE_USER]]]
2025-04-17 01:03:27 [http-nio-8080-exec-5] [DEBUG] o.s.s.w.a.i.FilterSecurityInterceptor - Authorized filter invocation [GET /css/styles.css] with attributes [permitAll]
2025-04-17 01:03:27 [http-nio-8080-exec-7] [DEBUG] o.s.s.w.a.i.FilterSecurityInterceptor - Authorized filter invocation [GET /img/logo_alliance.png] with attributes [permitAll]
2025-04-17 01:03:27 [http-nio-8080-exec-5] [DEBUG] o.s.security.web.FilterChainProxy - Secured GET /css/styles.css
2025-04-17 01:03:27 [http-nio-8080-exec-7] [DEBUG] o.s.security.web.FilterChainProxy - Secured GET /img/logo_alliance.png
2025-04-17 01:03:29 [http-nio-8080-exec-6] [DEBUG] o.s.security.web.FilterChainProxy - Securing GET /excursion/booking/10
2025-04-17 01:03:29 [http-nio-8080-exec-6] [DEBUG] o.s.s.w.c.HttpSessionSecurityContextRepository - Retrieved SecurityContextImpl [Authentication=UsernamePasswordAuthenticationToken [Principal=org.springframework.security.core.userdetails.User [Username=user4@gmail.com, Password=[PROTECTED], Enabled=true, AccountNonExpired=true, CredentialsNonExpired=true, AccountNonLocked=true, Granted Authorities=[ROLE_USER]], Credentials=[PROTECTED], Authenticated=true, Details=WebAuthenticationDetails [RemoteIpAddress=0:0:0:0:0:0:0:1, SessionId=A1931919CC9AA6DF7C3F05840B4C6100], Granted Authorities=[ROLE_USER]]]
2025-04-17 01:03:29 [http-nio-8080-exec-6] [DEBUG] o.s.s.w.a.i.FilterSecurityInterceptor - Authorized filter invocation [GET /excursion/booking/10] with attributes [permitAll]
2025-04-17 01:03:29 [http-nio-8080-exec-6] [DEBUG] o.s.security.web.FilterChainProxy - Secured GET /excursion/booking/10
2025-04-17 01:03:29 [http-nio-8080-exec-8] [DEBUG] o.s.security.web.FilterChainProxy - Securing GET /img/logo_alliance.png
2025-04-17 01:03:29 [http-nio-8080-exec-8] [DEBUG] o.s.s.w.c.HttpSessionSecurityContextRepository - Retrieved SecurityContextImpl [Authentication=UsernamePasswordAuthenticationToken [Principal=org.springframework.security.core.userdetails.User [Username=user4@gmail.com, Password=[PROTECTED], Enabled=true, AccountNonExpired=true, CredentialsNonExpired=true, AccountNonLocked=true, Granted Authorities=[ROLE_USER]], Credentials=[PROTECTED], Authenticated=true, Details=WebAuthenticationDetails [RemoteIpAddress=0:0:0:0:0:0:0:1, SessionId=A1931919CC9AA6DF7C3F05840B4C6100], Granted Authorities=[ROLE_USER]]]
2025-04-17 01:03:29 [http-nio-8080-exec-8] [DEBUG] o.s.s.w.a.i.FilterSecurityInterceptor - Authorized filter invocation [GET /img/logo_alliance.png] with attributes [permitAll]
2025-04-17 01:03:29 [http-nio-8080-exec-8] [DEBUG] o.s.security.web.FilterChainProxy - Secured GET /img/logo_alliance.png
2025-04-17 01:03:36 [http-nio-8080-exec-9] [DEBUG] o.s.security.web.FilterChainProxy - Securing GET /excursion/booking/10?date=2025-04-18
2025-04-17 01:03:36 [http-nio-8080-exec-9] [DEBUG] o.s.s.w.c.HttpSessionSecurityContextRepository - Retrieved SecurityContextImpl [Authentication=UsernamePasswordAuthenticationToken [Principal=org.springframework.security.core.userdetails.User [Username=user4@gmail.com, Password=[PROTECTED], Enabled=true, AccountNonExpired=true, CredentialsNonExpired=true, AccountNonLocked=true, Granted Authorities=[ROLE_USER]], Credentials=[PROTECTED], Authenticated=true, Details=WebAuthenticationDetails [RemoteIpAddress=0:0:0:0:0:0:0:1, SessionId=A1931919CC9AA6DF7C3F05840B4C6100], Granted Authorities=[ROLE_USER]]]
2025-04-17 01:03:36 [http-nio-8080-exec-9] [DEBUG] o.s.s.w.a.i.FilterSecurityInterceptor - Authorized filter invocation [GET /excursion/booking/10?date=2025-04-18] with attributes [permitAll]
2025-04-17 01:03:36 [http-nio-8080-exec-9] [DEBUG] o.s.security.web.FilterChainProxy - Secured GET /excursion/booking/10?date=2025-04-18
2025-04-17 01:03:36 [http-nio-8080-exec-10] [DEBUG] o.s.security.web.FilterChainProxy - Securing GET /img/logo_alliance.png
2025-04-17 01:03:36 [http-nio-8080-exec-10] [DEBUG] o.s.s.w.c.HttpSessionSecurityContextRepository - Retrieved SecurityContextImpl [Authentication=UsernamePasswordAuthenticationToken [Principal=org.springframework.security.core.userdetails.User [Username=user4@gmail.com, Password=[PROTECTED], Enabled=true, AccountNonExpired=true, CredentialsNonExpired=true, AccountNonLocked=true, Granted Authorities=[ROLE_USER]], Credentials=[PROTECTED], Authenticated=true, Details=WebAuthenticationDetails [RemoteIpAddress=0:0:0:0:0:0:0:1, SessionId=A1931919CC9AA6DF7C3F05840B4C6100], Granted Authorities=[ROLE_USER]]]
2025-04-17 01:03:36 [http-nio-8080-exec-10] [DEBUG] o.s.s.w.a.i.FilterSecurityInterceptor - Authorized filter invocation [GET /img/logo_alliance.png] with attributes [permitAll]
2025-04-17 01:03:36 [http-nio-8080-exec-10] [DEBUG] o.s.security.web.FilterChainProxy - Secured GET /img/logo_alliance.png
2025-04-17 01:03:41 [http-nio-8080-exec-1] [DEBUG] o.s.security.web.FilterChainProxy - Securing GET /excursion/booking/10?date=2025-04-21
2025-04-17 01:03:41 [http-nio-8080-exec-1] [DEBUG] o.s.s.w.c.HttpSessionSecurityContextRepository - Retrieved SecurityContextImpl [Authentication=UsernamePasswordAuthenticationToken [Principal=org.springframework.security.core.userdetails.User [Username=user4@gmail.com, Password=[PROTECTED], Enabled=true, AccountNonExpired=true, CredentialsNonExpired=true, AccountNonLocked=true, Granted Authorities=[ROLE_USER]], Credentials=[PROTECTED], Authenticated=true, Details=WebAuthenticationDetails [RemoteIpAddress=0:0:0:0:0:0:0:1, SessionId=A1931919CC9AA6DF7C3F05840B4C6100], Granted Authorities=[ROLE_USER]]]
2025-04-17 01:03:41 [http-nio-8080-exec-1] [DEBUG] o.s.s.w.a.i.FilterSecurityInterceptor - Authorized filter invocation [GET /excursion/booking/10?date=2025-04-21] with attributes [permitAll]
2025-04-17 01:03:41 [http-nio-8080-exec-1] [DEBUG] o.s.security.web.FilterChainProxy - Secured GET /excursion/booking/10?date=2025-04-21
2025-04-17 01:03:41 [http-nio-8080-exec-2] [DEBUG] o.s.security.web.FilterChainProxy - Securing GET /img/logo_alliance.png
2025-04-17 01:03:41 [http-nio-8080-exec-2] [DEBUG] o.s.s.w.c.HttpSessionSecurityContextRepository - Retrieved SecurityContextImpl [Authentication=UsernamePasswordAuthenticationToken [Principal=org.springframework.security.core.userdetails.User [Username=user4@gmail.com, Password=[PROTECTED], Enabled=true, AccountNonExpired=true, CredentialsNonExpired=true, AccountNonLocked=true, Granted Authorities=[ROLE_USER]], Credentials=[PROTECTED], Authenticated=true, Details=WebAuthenticationDetails [RemoteIpAddress=0:0:0:0:0:0:0:1, SessionId=A1931919CC9AA6DF7C3F05840B4C6100], Granted Authorities=[ROLE_USER]]]
2025-04-17 01:03:41 [http-nio-8080-exec-2] [DEBUG] o.s.s.w.a.i.FilterSecurityInterceptor - Authorized filter invocation [GET /img/logo_alliance.png] with attributes [permitAll]
2025-04-17 01:03:41 [http-nio-8080-exec-2] [DEBUG] o.s.security.web.FilterChainProxy - Secured GET /img/logo_alliance.png
2025-04-17 01:03:44 [http-nio-8080-exec-3] [DEBUG] o.s.security.web.FilterChainProxy - Securing GET /excursion/booking/10?date=2025-04-20
2025-04-17 01:03:44 [http-nio-8080-exec-3] [DEBUG] o.s.s.w.c.HttpSessionSecurityContextRepository - Retrieved SecurityContextImpl [Authentication=UsernamePasswordAuthenticationToken [Principal=org.springframework.security.core.userdetails.User [Username=user4@gmail.com, Password=[PROTECTED], Enabled=true, AccountNonExpired=true, CredentialsNonExpired=true, AccountNonLocked=true, Granted Authorities=[ROLE_USER]], Credentials=[PROTECTED], Authenticated=true, Details=WebAuthenticationDetails [RemoteIpAddress=0:0:0:0:0:0:0:1, SessionId=A1931919CC9AA6DF7C3F05840B4C6100], Granted Authorities=[ROLE_USER]]]
2025-04-17 01:03:44 [http-nio-8080-exec-3] [DEBUG] o.s.s.w.a.i.FilterSecurityInterceptor - Authorized filter invocation [GET /excursion/booking/10?date=2025-04-20] with attributes [permitAll]
2025-04-17 01:03:44 [http-nio-8080-exec-3] [DEBUG] o.s.security.web.FilterChainProxy - Secured GET /excursion/booking/10?date=2025-04-20
2025-04-17 01:03:44 [http-nio-8080-exec-4] [DEBUG] o.s.security.web.FilterChainProxy - Securing GET /img/logo_alliance.png
2025-04-17 01:03:44 [http-nio-8080-exec-4] [DEBUG] o.s.s.w.c.HttpSessionSecurityContextRepository - Retrieved SecurityContextImpl [Authentication=UsernamePasswordAuthenticationToken [Principal=org.springframework.security.core.userdetails.User [Username=user4@gmail.com, Password=[PROTECTED], Enabled=true, AccountNonExpired=true, CredentialsNonExpired=true, AccountNonLocked=true, Granted Authorities=[ROLE_USER]], Credentials=[PROTECTED], Authenticated=true, Details=WebAuthenticationDetails [RemoteIpAddress=0:0:0:0:0:0:0:1, SessionId=A1931919CC9AA6DF7C3F05840B4C6100], Granted Authorities=[ROLE_USER]]]
2025-04-17 01:03:44 [http-nio-8080-exec-4] [DEBUG] o.s.s.w.a.i.FilterSecurityInterceptor - Authorized filter invocation [GET /img/logo_alliance.png] with attributes [permitAll]
2025-04-17 01:03:44 [http-nio-8080-exec-4] [DEBUG] o.s.security.web.FilterChainProxy - Secured GET /img/logo_alliance.png
2025-04-17 01:03:52 [http-nio-8080-exec-5] [DEBUG] o.s.security.web.FilterChainProxy - Securing POST /excursion/booking/10
2025-04-17 01:03:52 [http-nio-8080-exec-5] [DEBUG] o.s.s.w.c.HttpSessionSecurityContextRepository - Retrieved SecurityContextImpl [Authentication=UsernamePasswordAuthenticationToken [Principal=org.springframework.security.core.userdetails.User [Username=user4@gmail.com, Password=[PROTECTED], Enabled=true, AccountNonExpired=true, CredentialsNonExpired=true, AccountNonLocked=true, Granted Authorities=[ROLE_USER]], Credentials=[PROTECTED], Authenticated=true, Details=WebAuthenticationDetails [RemoteIpAddress=0:0:0:0:0:0:0:1, SessionId=A1931919CC9AA6DF7C3F05840B4C6100], Granted Authorities=[ROLE_USER]]]
2025-04-17 01:03:52 [http-nio-8080-exec-5] [DEBUG] o.s.s.w.a.i.FilterSecurityInterceptor - Authorized filter invocation [POST /excursion/booking/10] with attributes [permitAll]
2025-04-17 01:03:52 [http-nio-8080-exec-5] [DEBUG] o.s.security.web.FilterChainProxy - Secured POST /excursion/booking/10
2025-04-17 01:03:52 [http-nio-8080-exec-7] [DEBUG] o.s.security.web.FilterChainProxy - Securing GET /excursion/tour/10
2025-04-17 01:03:52 [http-nio-8080-exec-7] [DEBUG] o.s.s.w.c.HttpSessionSecurityContextRepository - Retrieved SecurityContextImpl [Authentication=UsernamePasswordAuthenticationToken [Principal=org.springframework.security.core.userdetails.User [Username=user4@gmail.com, Password=[PROTECTED], Enabled=true, AccountNonExpired=true, CredentialsNonExpired=true, AccountNonLocked=true, Granted Authorities=[ROLE_USER]], Credentials=[PROTECTED], Authenticated=true, Details=WebAuthenticationDetails [RemoteIpAddress=0:0:0:0:0:0:0:1, SessionId=A1931919CC9AA6DF7C3F05840B4C6100], Granted Authorities=[ROLE_USER]]]
2025-04-17 01:03:52 [http-nio-8080-exec-7] [DEBUG] o.s.s.w.a.i.FilterSecurityInterceptor - Authorized filter invocation [GET /excursion/tour/10] with attributes [permitAll]
2025-04-17 01:03:52 [http-nio-8080-exec-7] [DEBUG] o.s.security.web.FilterChainProxy - Secured GET /excursion/tour/10
2025-04-17 01:03:52 [http-nio-8080-exec-7] [INFO] r.k.a.u.s.CheckAuthorizeService - checkAdmin is starting, principal: UsernamePasswordAuthenticationToken [Principal=org.springframework.security.core.userdetails.User [Username=user4@gmail.com, Password=[PROTECTED], Enabled=true, AccountNonExpired=true, CredentialsNonExpired=true, AccountNonLocked=true, Granted Authorities=[ROLE_USER]], Credentials=[PROTECTED], Authenticated=true, Details=WebAuthenticationDetails [RemoteIpAddress=0:0:0:0:0:0:0:1, SessionId=A1931919CC9AA6DF7C3F05840B4C6100], Granted Authorities=[ROLE_USER]]
2025-04-17 01:03:52 [http-nio-8080-exec-7] [INFO] r.k.a.u.s.CheckAuthorizeService - checkAdmin: principal != null
2025-04-17 01:03:52 [http-nio-8080-exec-7] [INFO] r.k.a.u.s.CheckAuthorizeService - Principal is regular authentication
2025-04-17 01:03:52 [http-nio-8080-exec-7] [INFO] r.k.a.u.s.CheckAuthorizeService - Checking admin rights for email: user4@gmail.com
2025-04-17 01:03:52 [http-nio-8080-exec-7] [INFO] r.k.a.u.s.CheckAuthorizeService - User roles: [USER]
2025-04-17 01:03:52 [http-nio-8080-exec-6] [DEBUG] o.s.security.web.FilterChainProxy - Securing GET /css/styles.css
2025-04-17 01:03:52 [http-nio-8080-exec-6] [DEBUG] o.s.s.w.c.HttpSessionSecurityContextRepository - Retrieved SecurityContextImpl [Authentication=UsernamePasswordAuthenticationToken [Principal=org.springframework.security.core.userdetails.User [Username=user4@gmail.com, Password=[PROTECTED], Enabled=true, AccountNonExpired=true, CredentialsNonExpired=true, AccountNonLocked=true, Granted Authorities=[ROLE_USER]], Credentials=[PROTECTED], Authenticated=true, Details=WebAuthenticationDetails [RemoteIpAddress=0:0:0:0:0:0:0:1, SessionId=A1931919CC9AA6DF7C3F05840B4C6100], Granted Authorities=[ROLE_USER]]]
2025-04-17 01:03:52 [http-nio-8080-exec-6] [DEBUG] o.s.s.w.a.i.FilterSecurityInterceptor - Authorized filter invocation [GET /css/styles.css] with attributes [permitAll]
2025-04-17 01:03:52 [http-nio-8080-exec-8] [DEBUG] o.s.security.web.FilterChainProxy - Securing GET /img/logo_alliance.png
2025-04-17 01:03:52 [http-nio-8080-exec-6] [DEBUG] o.s.security.web.FilterChainProxy - Secured GET /css/styles.css
2025-04-17 01:03:52 [http-nio-8080-exec-8] [DEBUG] o.s.s.w.c.HttpSessionSecurityContextRepository - Retrieved SecurityContextImpl [Authentication=UsernamePasswordAuthenticationToken [Principal=org.springframework.security.core.userdetails.User [Username=user4@gmail.com, Password=[PROTECTED], Enabled=true, AccountNonExpired=true, CredentialsNonExpired=true, AccountNonLocked=true, Granted Authorities=[ROLE_USER]], Credentials=[PROTECTED], Authenticated=true, Details=WebAuthenticationDetails [RemoteIpAddress=0:0:0:0:0:0:0:1, SessionId=A1931919CC9AA6DF7C3F05840B4C6100], Granted Authorities=[ROLE_USER]]]
2025-04-17 01:03:52 [http-nio-8080-exec-8] [DEBUG] o.s.s.w.a.i.FilterSecurityInterceptor - Authorized filter invocation [GET /img/logo_alliance.png] with attributes [permitAll]
2025-04-17 01:03:52 [http-nio-8080-exec-8] [DEBUG] o.s.security.web.FilterChainProxy - Secured GET /img/logo_alliance.png
2025-04-17 01:03:59 [http-nio-8080-exec-9] [DEBUG] o.s.security.web.FilterChainProxy - Securing GET /excursion
2025-04-17 01:03:59 [http-nio-8080-exec-9] [DEBUG] o.s.s.w.c.HttpSessionSecurityContextRepository - Retrieved SecurityContextImpl [Authentication=UsernamePasswordAuthenticationToken [Principal=org.springframework.security.core.userdetails.User [Username=user4@gmail.com, Password=[PROTECTED], Enabled=true, AccountNonExpired=true, CredentialsNonExpired=true, AccountNonLocked=true, Granted Authorities=[ROLE_USER]], Credentials=[PROTECTED], Authenticated=true, Details=WebAuthenticationDetails [RemoteIpAddress=0:0:0:0:0:0:0:1, SessionId=A1931919CC9AA6DF7C3F05840B4C6100], Granted Authorities=[ROLE_USER]]]
2025-04-17 01:03:59 [http-nio-8080-exec-9] [DEBUG] o.s.s.w.a.i.FilterSecurityInterceptor - Authorized filter invocation [GET /excursion] with attributes [permitAll]
2025-04-17 01:03:59 [http-nio-8080-exec-9] [DEBUG] o.s.security.web.FilterChainProxy - Secured GET /excursion
2025-04-17 01:03:59 [http-nio-8080-exec-9] [INFO] r.k.a.u.s.CheckAuthorizeService - checkAdmin is starting, principal: UsernamePasswordAuthenticationToken [Principal=org.springframework.security.core.userdetails.User [Username=user4@gmail.com, Password=[PROTECTED], Enabled=true, AccountNonExpired=true, CredentialsNonExpired=true, AccountNonLocked=true, Granted Authorities=[ROLE_USER]], Credentials=[PROTECTED], Authenticated=true, Details=WebAuthenticationDetails [RemoteIpAddress=0:0:0:0:0:0:0:1, SessionId=A1931919CC9AA6DF7C3F05840B4C6100], Granted Authorities=[ROLE_USER]]
2025-04-17 01:03:59 [http-nio-8080-exec-9] [INFO] r.k.a.u.s.CheckAuthorizeService - checkAdmin: principal != null
2025-04-17 01:03:59 [http-nio-8080-exec-9] [INFO] r.k.a.u.s.CheckAuthorizeService - Principal is regular authentication
2025-04-17 01:03:59 [http-nio-8080-exec-9] [INFO] r.k.a.u.s.CheckAuthorizeService - Checking admin rights for email: user4@gmail.com
2025-04-17 01:03:59 [http-nio-8080-exec-9] [INFO] r.k.a.u.s.CheckAuthorizeService - User roles: [USER]
2025-04-17 01:03:59 [http-nio-8080-exec-10] [DEBUG] o.s.security.web.FilterChainProxy - Securing GET /css/styles.css
2025-04-17 01:03:59 [http-nio-8080-exec-1] [DEBUG] o.s.security.web.FilterChainProxy - Securing GET /img/logo_alliance.png
2025-04-17 01:03:59 [http-nio-8080-exec-1] [DEBUG] o.s.s.w.c.HttpSessionSecurityContextRepository - Retrieved SecurityContextImpl [Authentication=UsernamePasswordAuthenticationToken [Principal=org.springframework.security.core.userdetails.User [Username=user4@gmail.com, Password=[PROTECTED], Enabled=true, AccountNonExpired=true, CredentialsNonExpired=true, AccountNonLocked=true, Granted Authorities=[ROLE_USER]], Credentials=[PROTECTED], Authenticated=true, Details=WebAuthenticationDetails [RemoteIpAddress=0:0:0:0:0:0:0:1, SessionId=A1931919CC9AA6DF7C3F05840B4C6100], Granted Authorities=[ROLE_USER]]]
2025-04-17 01:03:59 [http-nio-8080-exec-10] [DEBUG] o.s.s.w.c.HttpSessionSecurityContextRepository - Retrieved SecurityContextImpl [Authentication=UsernamePasswordAuthenticationToken [Principal=org.springframework.security.core.userdetails.User [Username=user4@gmail.com, Password=[PROTECTED], Enabled=true, AccountNonExpired=true, CredentialsNonExpired=true, AccountNonLocked=true, Granted Authorities=[ROLE_USER]], Credentials=[PROTECTED], Authenticated=true, Details=WebAuthenticationDetails [RemoteIpAddress=0:0:0:0:0:0:0:1, SessionId=A1931919CC9AA6DF7C3F05840B4C6100], Granted Authorities=[ROLE_USER]]]
2025-04-17 01:03:59 [http-nio-8080-exec-10] [DEBUG] o.s.s.w.a.i.FilterSecurityInterceptor - Authorized filter invocation [GET /css/styles.css] with attributes [permitAll]
2025-04-17 01:03:59 [http-nio-8080-exec-1] [DEBUG] o.s.s.w.a.i.FilterSecurityInterceptor - Authorized filter invocation [GET /img/logo_alliance.png] with attributes [permitAll]
2025-04-17 01:03:59 [http-nio-8080-exec-10] [DEBUG] o.s.security.web.FilterChainProxy - Secured GET /css/styles.css
2025-04-17 01:03:59 [http-nio-8080-exec-1] [DEBUG] o.s.security.web.FilterChainProxy - Secured GET /img/logo_alliance.png
2025-04-17 01:04:00 [http-nio-8080-exec-2] [DEBUG] o.s.security.web.FilterChainProxy - Securing GET /img/tour-agency.jpg
2025-04-17 01:04:00 [http-nio-8080-exec-4] [DEBUG] o.s.security.web.FilterChainProxy - Securing GET /images/tour/77da970b-1e81-439d-a952-267262094a8c_kozelsk.jpg
2025-04-17 01:04:00 [http-nio-8080-exec-3] [DEBUG] o.s.security.web.FilterChainProxy - Securing GET /images/placeholder.jpg
2025-04-17 01:04:00 [http-nio-8080-exec-5] [DEBUG] o.s.security.web.FilterChainProxy - Securing GET /images/tour/70efb4f2-568c-40d0-b39f-55ed0ccbc07e_00-Козельск.jpg
2025-04-17 01:04:00 [http-nio-8080-exec-5] [DEBUG] o.s.s.w.c.HttpSessionSecurityContextRepository - Retrieved SecurityContextImpl [Authentication=UsernamePasswordAuthenticationToken [Principal=org.springframework.security.core.userdetails.User [Username=user4@gmail.com, Password=[PROTECTED], Enabled=true, AccountNonExpired=true, CredentialsNonExpired=true, AccountNonLocked=true, Granted Authorities=[ROLE_USER]], Credentials=[PROTECTED], Authenticated=true, Details=WebAuthenticationDetails [RemoteIpAddress=0:0:0:0:0:0:0:1, SessionId=A1931919CC9AA6DF7C3F05840B4C6100], Granted Authorities=[ROLE_USER]]]
2025-04-17 01:04:00 [http-nio-8080-exec-4] [DEBUG] o.s.s.w.c.HttpSessionSecurityContextRepository - Retrieved SecurityContextImpl [Authentication=UsernamePasswordAuthenticationToken [Principal=org.springframework.security.core.userdetails.User [Username=user4@gmail.com, Password=[PROTECTED], Enabled=true, AccountNonExpired=true, CredentialsNonExpired=true, AccountNonLocked=true, Granted Authorities=[ROLE_USER]], Credentials=[PROTECTED], Authenticated=true, Details=WebAuthenticationDetails [RemoteIpAddress=0:0:0:0:0:0:0:1, SessionId=A1931919CC9AA6DF7C3F05840B4C6100], Granted Authorities=[ROLE_USER]]]
2025-04-17 01:04:00 [http-nio-8080-exec-2] [DEBUG] o.s.s.w.c.HttpSessionSecurityContextRepository - Retrieved SecurityContextImpl [Authentication=UsernamePasswordAuthenticationToken [Principal=org.springframework.security.core.userdetails.User [Username=user4@gmail.com, Password=[PROTECTED], Enabled=true, AccountNonExpired=true, CredentialsNonExpired=true, AccountNonLocked=true, Granted Authorities=[ROLE_USER]], Credentials=[PROTECTED], Authenticated=true, Details=WebAuthenticationDetails [RemoteIpAddress=0:0:0:0:0:0:0:1, SessionId=A1931919CC9AA6DF7C3F05840B4C6100], Granted Authorities=[ROLE_USER]]]
2025-04-17 01:04:00 [http-nio-8080-exec-3] [DEBUG] o.s.s.w.c.HttpSessionSecurityContextRepository - Retrieved SecurityContextImpl [Authentication=UsernamePasswordAuthenticationToken [Principal=org.springframework.security.core.userdetails.User [Username=user4@gmail.com, Password=[PROTECTED], Enabled=true, AccountNonExpired=true, CredentialsNonExpired=true, AccountNonLocked=true, Granted Authorities=[ROLE_USER]], Credentials=[PROTECTED], Authenticated=true, Details=WebAuthenticationDetails [RemoteIpAddress=0:0:0:0:0:0:0:1, SessionId=A1931919CC9AA6DF7C3F05840B4C6100], Granted Authorities=[ROLE_USER]]]
2025-04-17 01:04:00 [http-nio-8080-exec-2] [DEBUG] o.s.s.w.a.i.FilterSecurityInterceptor - Authorized filter invocation [GET /img/tour-agency.jpg] with attributes [permitAll]
2025-04-17 01:04:00 [http-nio-8080-exec-3] [DEBUG] o.s.s.w.a.i.FilterSecurityInterceptor - Authorized filter invocation [GET /images/placeholder.jpg] with attributes [permitAll]
2025-04-17 01:04:00 [http-nio-8080-exec-4] [DEBUG] o.s.s.w.a.i.FilterSecurityInterceptor - Authorized filter invocation [GET /images/tour/77da970b-1e81-439d-a952-267262094a8c_kozelsk.jpg] with attributes [permitAll]
2025-04-17 01:04:00 [http-nio-8080-exec-5] [DEBUG] o.s.s.w.a.i.FilterSecurityInterceptor - Authorized filter invocation [GET /images/tour/70efb4f2-568c-40d0-b39f-55ed0ccbc07e_00-Козельск.jpg] with attributes [permitAll]
2025-04-17 01:04:00 [http-nio-8080-exec-4] [DEBUG] o.s.security.web.FilterChainProxy - Secured GET /images/tour/77da970b-1e81-439d-a952-267262094a8c_kozelsk.jpg
2025-04-17 01:04:00 [http-nio-8080-exec-3] [DEBUG] o.s.security.web.FilterChainProxy - Secured GET /images/placeholder.jpg
2025-04-17 01:04:00 [http-nio-8080-exec-2] [DEBUG] o.s.security.web.FilterChainProxy - Secured GET /img/tour-agency.jpg
2025-04-17 01:04:00 [http-nio-8080-exec-5] [DEBUG] o.s.security.web.FilterChainProxy - Secured GET /images/tour/70efb4f2-568c-40d0-b39f-55ed0ccbc07e_00-Козельск.jpg
2025-04-17 01:04:00 [http-nio-8080-exec-2] [DEBUG] o.s.security.web.FilterChainProxy - Securing GET /error
2025-04-17 01:04:00 [http-nio-8080-exec-3] [DEBUG] o.s.security.web.FilterChainProxy - Securing GET /error
2025-04-17 01:04:00 [http-nio-8080-exec-3] [DEBUG] o.s.s.w.c.HttpSessionSecurityContextRepository - Retrieved SecurityContextImpl [Authentication=UsernamePasswordAuthenticationToken [Principal=org.springframework.security.core.userdetails.User [Username=user4@gmail.com, Password=[PROTECTED], Enabled=true, AccountNonExpired=true, CredentialsNonExpired=true, AccountNonLocked=true, Granted Authorities=[ROLE_USER]], Credentials=[PROTECTED], Authenticated=true, Details=WebAuthenticationDetails [RemoteIpAddress=0:0:0:0:0:0:0:1, SessionId=A1931919CC9AA6DF7C3F05840B4C6100], Granted Authorities=[ROLE_USER]]]
2025-04-17 01:04:00 [http-nio-8080-exec-2] [DEBUG] o.s.s.w.c.HttpSessionSecurityContextRepository - Retrieved SecurityContextImpl [Authentication=UsernamePasswordAuthenticationToken [Principal=org.springframework.security.core.userdetails.User [Username=user4@gmail.com, Password=[PROTECTED], Enabled=true, AccountNonExpired=true, CredentialsNonExpired=true, AccountNonLocked=true, Granted Authorities=[ROLE_USER]], Credentials=[PROTECTED], Authenticated=true, Details=WebAuthenticationDetails [RemoteIpAddress=0:0:0:0:0:0:0:1, SessionId=A1931919CC9AA6DF7C3F05840B4C6100], Granted Authorities=[ROLE_USER]]]
2025-04-17 01:04:00 [http-nio-8080-exec-3] [DEBUG] o.s.s.w.a.i.FilterSecurityInterceptor - Authorized filter invocation [GET /error] with attributes [permitAll]
2025-04-17 01:04:00 [http-nio-8080-exec-2] [DEBUG] o.s.s.w.a.i.FilterSecurityInterceptor - Authorized filter invocation [GET /error] with attributes [permitAll]
2025-04-17 01:04:00 [http-nio-8080-exec-2] [DEBUG] o.s.security.web.FilterChainProxy - Secured GET /error
2025-04-17 01:04:00 [http-nio-8080-exec-3] [DEBUG] o.s.security.web.FilterChainProxy - Secured GET /error
2025-04-17 01:04:41 [http-nio-8080-exec-7] [DEBUG] o.s.security.web.FilterChainProxy - Securing POST /logout
2025-04-17 01:04:41 [http-nio-8080-exec-7] [DEBUG] o.s.s.w.c.HttpSessionSecurityContextRepository - Retrieved SecurityContextImpl [Authentication=UsernamePasswordAuthenticationToken [Principal=org.springframework.security.core.userdetails.User [Username=user4@gmail.com, Password=[PROTECTED], Enabled=true, AccountNonExpired=true, CredentialsNonExpired=true, AccountNonLocked=true, Granted Authorities=[ROLE_USER]], Credentials=[PROTECTED], Authenticated=true, Details=WebAuthenticationDetails [RemoteIpAddress=0:0:0:0:0:0:0:1, SessionId=A1931919CC9AA6DF7C3F05840B4C6100], Granted Authorities=[ROLE_USER]]]
2025-04-17 01:04:41 [http-nio-8080-exec-7] [DEBUG] o.s.s.w.a.logout.LogoutFilter - Logging out [UsernamePasswordAuthenticationToken [Principal=org.springframework.security.core.userdetails.User [Username=user4@gmail.com, Password=[PROTECTED], Enabled=true, AccountNonExpired=true, CredentialsNonExpired=true, AccountNonLocked=true, Granted Authorities=[ROLE_USER]], Credentials=[PROTECTED], Authenticated=true, Details=WebAuthenticationDetails [RemoteIpAddress=0:0:0:0:0:0:0:1, SessionId=A1931919CC9AA6DF7C3F05840B4C6100], Granted Authorities=[ROLE_USER]]]
2025-04-17 01:04:41 [http-nio-8080-exec-7] [DEBUG] o.s.s.w.a.l.SecurityContextLogoutHandler - Invalidated session B311A488258A22BC4601649F044ECC7C
2025-04-17 01:04:41 [http-nio-8080-exec-7] [DEBUG] o.s.s.web.DefaultRedirectStrategy - Redirecting to /realty
2025-04-17 01:04:41 [http-nio-8080-exec-8] [DEBUG] o.s.security.web.FilterChainProxy - Securing GET /realty
2025-04-17 01:04:41 [http-nio-8080-exec-8] [DEBUG] o.s.s.w.a.AnonymousAuthenticationFilter - Set SecurityContextHolder to anonymous SecurityContext
2025-04-17 01:04:41 [http-nio-8080-exec-8] [DEBUG] o.s.s.w.a.i.FilterSecurityInterceptor - Authorized filter invocation [GET /realty] with attributes [permitAll]
2025-04-17 01:04:41 [http-nio-8080-exec-8] [DEBUG] o.s.security.web.FilterChainProxy - Secured GET /realty
2025-04-17 01:04:41 [http-nio-8080-exec-8] [INFO] r.k.a.u.s.CheckAuthorizeService - checkAdmin is starting, principal: null
2025-04-17 01:04:41 [http-nio-8080-exec-6] [DEBUG] o.s.security.web.FilterChainProxy - Securing GET /css/styles.css
2025-04-17 01:04:41 [http-nio-8080-exec-6] [DEBUG] o.s.s.w.a.AnonymousAuthenticationFilter - Set SecurityContextHolder to anonymous SecurityContext
2025-04-17 01:04:41 [http-nio-8080-exec-6] [DEBUG] o.s.s.w.a.i.FilterSecurityInterceptor - Authorized filter invocation [GET /css/styles.css] with attributes [permitAll]
2025-04-17 01:04:41 [http-nio-8080-exec-6] [DEBUG] o.s.security.web.FilterChainProxy - Secured GET /css/styles.css
2025-04-17 01:04:42 [http-nio-8080-exec-9] [DEBUG] o.s.security.web.FilterChainProxy - Securing GET /img/logo_alliance.png
2025-04-17 01:04:42 [http-nio-8080-exec-9] [DEBUG] o.s.s.w.a.AnonymousAuthenticationFilter - Set SecurityContextHolder to anonymous SecurityContext
2025-04-17 01:04:42 [http-nio-8080-exec-9] [DEBUG] o.s.s.w.a.i.FilterSecurityInterceptor - Authorized filter invocation [GET /img/logo_alliance.png] with attributes [permitAll]
2025-04-17 01:04:42 [http-nio-8080-exec-9] [DEBUG] o.s.security.web.FilterChainProxy - Secured GET /img/logo_alliance.png
2025-04-17 01:04:42 [http-nio-8080-exec-1] [DEBUG] o.s.security.web.FilterChainProxy - Securing GET /images/advertisementSale/d4315efc-c703-4501-a94b-81ff7ce200a0_photo_2024-12-23_22-17-59.jpg
2025-04-17 01:04:42 [http-nio-8080-exec-10] [DEBUG] o.s.security.web.FilterChainProxy - Securing GET /img/agency.jpg
2025-04-17 01:04:42 [http-nio-8080-exec-1] [DEBUG] o.s.s.w.a.AnonymousAuthenticationFilter - Set SecurityContextHolder to anonymous SecurityContext
2025-04-17 01:04:42 [http-nio-8080-exec-10] [DEBUG] o.s.s.w.a.AnonymousAuthenticationFilter - Set SecurityContextHolder to anonymous SecurityContext
2025-04-17 01:04:42 [http-nio-8080-exec-5] [DEBUG] o.s.security.web.FilterChainProxy - Securing GET /images/placeholder.jpg
2025-04-17 01:04:42 [http-nio-8080-exec-4] [DEBUG] o.s.security.web.FilterChainProxy - Securing GET /images/advertisementSale/f59acdf2-baf6-4bc0-b36b-35e41bacd18b_photo_2024-12-23_22-17-54.jpg
2025-04-17 01:04:42 [http-nio-8080-exec-1] [DEBUG] o.s.s.w.a.i.FilterSecurityInterceptor - Authorized filter invocation [GET /images/advertisementSale/d4315efc-c703-4501-a94b-81ff7ce200a0_photo_2024-12-23_22-17-59.jpg] with attributes [permitAll]
2025-04-17 01:04:42 [http-nio-8080-exec-10] [DEBUG] o.s.s.w.a.i.FilterSecurityInterceptor - Authorized filter invocation [GET /img/agency.jpg] with attributes [permitAll]
2025-04-17 01:04:42 [http-nio-8080-exec-4] [DEBUG] o.s.s.w.a.AnonymousAuthenticationFilter - Set SecurityContextHolder to anonymous SecurityContext
2025-04-17 01:04:42 [http-nio-8080-exec-5] [DEBUG] o.s.s.w.a.AnonymousAuthenticationFilter - Set SecurityContextHolder to anonymous SecurityContext
2025-04-17 01:04:42 [http-nio-8080-exec-10] [DEBUG] o.s.security.web.FilterChainProxy - Secured GET /img/agency.jpg
2025-04-17 01:04:42 [http-nio-8080-exec-1] [DEBUG] o.s.security.web.FilterChainProxy - Secured GET /images/advertisementSale/d4315efc-c703-4501-a94b-81ff7ce200a0_photo_2024-12-23_22-17-59.jpg
2025-04-17 01:04:42 [http-nio-8080-exec-4] [DEBUG] o.s.s.w.a.i.FilterSecurityInterceptor - Authorized filter invocation [GET /images/advertisementSale/f59acdf2-baf6-4bc0-b36b-35e41bacd18b_photo_2024-12-23_22-17-54.jpg] with attributes [permitAll]
2025-04-17 01:04:42 [http-nio-8080-exec-2] [DEBUG] o.s.security.web.FilterChainProxy - Securing GET /images/advertisementSale/199952c8-f50d-4f4d-bedc-5c44f013ee64_Снимок экрана (6).png
2025-04-17 01:04:42 [http-nio-8080-exec-5] [DEBUG] o.s.s.w.a.i.FilterSecurityInterceptor - Authorized filter invocation [GET /images/placeholder.jpg] with attributes [permitAll]
2025-04-17 01:04:42 [http-nio-8080-exec-4] [DEBUG] o.s.security.web.FilterChainProxy - Secured GET /images/advertisementSale/f59acdf2-baf6-4bc0-b36b-35e41bacd18b_photo_2024-12-23_22-17-54.jpg
2025-04-17 01:04:42 [http-nio-8080-exec-5] [DEBUG] o.s.security.web.FilterChainProxy - Secured GET /images/placeholder.jpg
2025-04-17 01:04:42 [http-nio-8080-exec-2] [DEBUG] o.s.s.w.a.AnonymousAuthenticationFilter - Set SecurityContextHolder to anonymous SecurityContext
2025-04-17 01:04:42 [http-nio-8080-exec-2] [DEBUG] o.s.s.w.a.i.FilterSecurityInterceptor - Authorized filter invocation [GET /images/advertisementSale/199952c8-f50d-4f4d-bedc-5c44f013ee64_Снимок экрана (6).png] with attributes [permitAll]
2025-04-17 01:04:42 [http-nio-8080-exec-2] [DEBUG] o.s.security.web.FilterChainProxy - Secured GET /images/advertisementSale/199952c8-f50d-4f4d-bedc-5c44f013ee64_Снимок экрана (6).png
2025-04-17 01:04:42 [http-nio-8080-exec-5] [DEBUG] o.s.security.web.FilterChainProxy - Securing GET /error
2025-04-17 01:04:42 [http-nio-8080-exec-5] [DEBUG] o.s.s.w.a.AnonymousAuthenticationFilter - Set SecurityContextHolder to anonymous SecurityContext
2025-04-17 01:04:42 [http-nio-8080-exec-5] [DEBUG] o.s.s.w.a.i.FilterSecurityInterceptor - Authorized filter invocation [GET /error] with attributes [permitAll]
2025-04-17 01:04:42 [http-nio-8080-exec-5] [DEBUG] o.s.security.web.FilterChainProxy - Secured GET /error
2025-04-17 01:04:42 [http-nio-8080-exec-3] [DEBUG] o.s.security.web.FilterChainProxy - Securing GET /images/advertisementSale/0dab0807-9cf3-481e-9749-99e44f837125_photo_2024-12-23_22-18-04.jpg
2025-04-17 01:04:42 [http-nio-8080-exec-6] [DEBUG] o.s.security.web.FilterChainProxy - Securing GET /images/advertisementSale/76d213ca-dba5-4b57-88f5-b6b4129f212e_photo_2024-12-23_22-17-54.jpg
2025-04-17 01:04:42 [http-nio-8080-exec-7] [DEBUG] o.s.security.web.FilterChainProxy - Securing GET /images/advertisementSale/8712f027-90a6-4f31-aeed-9b8fbd323086_Снимок экрана (8).png
2025-04-17 01:04:42 [http-nio-8080-exec-6] [DEBUG] o.s.s.w.a.AnonymousAuthenticationFilter - Set SecurityContextHolder to anonymous SecurityContext
2025-04-17 01:04:42 [http-nio-8080-exec-3] [DEBUG] o.s.s.w.a.AnonymousAuthenticationFilter - Set SecurityContextHolder to anonymous SecurityContext
2025-04-17 01:04:42 [http-nio-8080-exec-6] [DEBUG] o.s.s.w.a.i.FilterSecurityInterceptor - Authorized filter invocation [GET /images/advertisementSale/76d213ca-dba5-4b57-88f5-b6b4129f212e_photo_2024-12-23_22-17-54.jpg] with attributes [permitAll]
2025-04-17 01:04:42 [http-nio-8080-exec-3] [DEBUG] o.s.s.w.a.i.FilterSecurityInterceptor - Authorized filter invocation [GET /images/advertisementSale/0dab0807-9cf3-481e-9749-99e44f837125_photo_2024-12-23_22-18-04.jpg] with attributes [permitAll]
2025-04-17 01:04:42 [http-nio-8080-exec-7] [DEBUG] o.s.s.w.a.AnonymousAuthenticationFilter - Set SecurityContextHolder to anonymous SecurityContext
2025-04-17 01:04:42 [http-nio-8080-exec-3] [DEBUG] o.s.security.web.FilterChainProxy - Secured GET /images/advertisementSale/0dab0807-9cf3-481e-9749-99e44f837125_photo_2024-12-23_22-18-04.jpg
2025-04-17 01:04:42 [http-nio-8080-exec-6] [DEBUG] o.s.security.web.FilterChainProxy - Secured GET /images/advertisementSale/76d213ca-dba5-4b57-88f5-b6b4129f212e_photo_2024-12-23_22-17-54.jpg
2025-04-17 01:04:42 [http-nio-8080-exec-7] [DEBUG] o.s.s.w.a.i.FilterSecurityInterceptor - Authorized filter invocation [GET /images/advertisementSale/8712f027-90a6-4f31-aeed-9b8fbd323086_Снимок экрана (8).png] with attributes [permitAll]
2025-04-17 01:04:42 [http-nio-8080-exec-7] [DEBUG] o.s.security.web.FilterChainProxy - Secured GET /images/advertisementSale/8712f027-90a6-4f31-aeed-9b8fbd323086_Снимок экрана (8).png
2025-04-17 01:04:42 [http-nio-8080-exec-9] [DEBUG] o.s.security.web.FilterChainProxy - Securing GET /images/advertisementSale/f11f04c5-71bc-4048-ad70-323ba1188611_Снимок экрана (2).png
2025-04-17 01:04:42 [http-nio-8080-exec-9] [DEBUG] o.s.s.w.a.AnonymousAuthenticationFilter - Set SecurityContextHolder to anonymous SecurityContext
2025-04-17 01:04:42 [http-nio-8080-exec-9] [DEBUG] o.s.s.w.a.i.FilterSecurityInterceptor - Authorized filter invocation [GET /images/advertisementSale/f11f04c5-71bc-4048-ad70-323ba1188611_Снимок экрана (2).png] with attributes [permitAll]
2025-04-17 01:04:42 [http-nio-8080-exec-9] [DEBUG] o.s.security.web.FilterChainProxy - Secured GET /images/advertisementSale/f11f04c5-71bc-4048-ad70-323ba1188611_Снимок экрана (2).png
2025-04-17 01:04:42 [http-nio-8080-exec-10] [DEBUG] o.s.security.web.FilterChainProxy - Securing GET /images/advertisementSale/0673bdb4-3423-44e8-8636-a66497d7ab52_photo_2024-12-23_22-18-01.jpg
2025-04-17 01:04:42 [http-nio-8080-exec-1] [DEBUG] o.s.security.web.FilterChainProxy - Securing GET /images/advertisementSale/15c13dfd-2da8-4565-ae8d-d9857bb9f550_photo_2024-12-23_22-17-54.jpg
2025-04-17 01:04:42 [http-nio-8080-exec-10] [DEBUG] o.s.s.w.a.AnonymousAuthenticationFilter - Set SecurityContextHolder to anonymous SecurityContext
2025-04-17 01:04:42 [http-nio-8080-exec-4] [DEBUG] o.s.security.web.FilterChainProxy - Securing GET /images/advertisementSale/770d16f9-e061-46fc-94e4-17e8e3e3588a_photo_2024-12-23_22-18-11.jpg
2025-04-17 01:04:42 [http-nio-8080-exec-2] [DEBUG] o.s.security.web.FilterChainProxy - Securing GET /images/advertisementSale/6d439031-8c11-4cfd-9007-7047bd94ec62_photo_2024-12-23_22-18-10.jpg
2025-04-17 01:04:42 [http-nio-8080-exec-1] [DEBUG] o.s.s.w.a.AnonymousAuthenticationFilter - Set SecurityContextHolder to anonymous SecurityContext
2025-04-17 01:04:42 [http-nio-8080-exec-4] [DEBUG] o.s.s.w.a.AnonymousAuthenticationFilter - Set SecurityContextHolder to anonymous SecurityContext
2025-04-17 01:04:42 [http-nio-8080-exec-10] [DEBUG] o.s.s.w.a.i.FilterSecurityInterceptor - Authorized filter invocation [GET /images/advertisementSale/0673bdb4-3423-44e8-8636-a66497d7ab52_photo_2024-12-23_22-18-01.jpg] with attributes [permitAll]
2025-04-17 01:04:42 [http-nio-8080-exec-2] [DEBUG] o.s.s.w.a.AnonymousAuthenticationFilter - Set SecurityContextHolder to anonymous SecurityContext
2025-04-17 01:04:42 [http-nio-8080-exec-1] [DEBUG] o.s.s.w.a.i.FilterSecurityInterceptor - Authorized filter invocation [GET /images/advertisementSale/15c13dfd-2da8-4565-ae8d-d9857bb9f550_photo_2024-12-23_22-17-54.jpg] with attributes [permitAll]
2025-04-17 01:04:42 [http-nio-8080-exec-3] [DEBUG] o.s.security.web.FilterChainProxy - Securing GET /images/advertisementSale/2703da27-c848-4e9d-a261-4d33ee79f79c_photo_2024-12-23_22-17-59.jpg
2025-04-17 01:04:42 [http-nio-8080-exec-10] [DEBUG] o.s.security.web.FilterChainProxy - Secured GET /images/advertisementSale/0673bdb4-3423-44e8-8636-a66497d7ab52_photo_2024-12-23_22-18-01.jpg
2025-04-17 01:04:42 [http-nio-8080-exec-4] [DEBUG] o.s.s.w.a.i.FilterSecurityInterceptor - Authorized filter invocation [GET /images/advertisementSale/770d16f9-e061-46fc-94e4-17e8e3e3588a_photo_2024-12-23_22-18-11.jpg] with attributes [permitAll]
2025-04-17 01:04:42 [http-nio-8080-exec-2] [DEBUG] o.s.s.w.a.i.FilterSecurityInterceptor - Authorized filter invocation [GET /images/advertisementSale/6d439031-8c11-4cfd-9007-7047bd94ec62_photo_2024-12-23_22-18-10.jpg] with attributes [permitAll]
2025-04-17 01:04:42 [http-nio-8080-exec-1] [DEBUG] o.s.security.web.FilterChainProxy - Secured GET /images/advertisementSale/15c13dfd-2da8-4565-ae8d-d9857bb9f550_photo_2024-12-23_22-17-54.jpg
2025-04-17 01:04:42 [http-nio-8080-exec-4] [DEBUG] o.s.security.web.FilterChainProxy - Secured GET /images/advertisementSale/770d16f9-e061-46fc-94e4-17e8e3e3588a_photo_2024-12-23_22-18-11.jpg
2025-04-17 01:04:42 [http-nio-8080-exec-2] [DEBUG] o.s.security.web.FilterChainProxy - Secured GET /images/advertisementSale/6d439031-8c11-4cfd-9007-7047bd94ec62_photo_2024-12-23_22-18-10.jpg
2025-04-17 01:04:42 [http-nio-8080-exec-3] [DEBUG] o.s.s.w.a.AnonymousAuthenticationFilter - Set SecurityContextHolder to anonymous SecurityContext
2025-04-17 01:04:42 [http-nio-8080-exec-3] [DEBUG] o.s.s.w.a.i.FilterSecurityInterceptor - Authorized filter invocation [GET /images/advertisementSale/2703da27-c848-4e9d-a261-4d33ee79f79c_photo_2024-12-23_22-17-59.jpg] with attributes [permitAll]
2025-04-17 01:04:42 [http-nio-8080-exec-3] [DEBUG] o.s.security.web.FilterChainProxy - Secured GET /images/advertisementSale/2703da27-c848-4e9d-a261-4d33ee79f79c_photo_2024-12-23_22-17-59.jpg
2025-04-17 01:04:42 [http-nio-8080-exec-6] [DEBUG] o.s.security.web.FilterChainProxy - Securing GET /images/advertisementSale/e63bba72-f8b1-4ec8-b621-657fbcd7b1e3_kozelsk.jpg
2025-04-17 01:04:42 [http-nio-8080-exec-8] [DEBUG] o.s.security.web.FilterChainProxy - Securing GET /images/advertisementRent/b02c42b7-b608-4169-93f2-7ad28d186517_photo_2024-12-23_22-18-01.jpg
2025-04-17 01:04:42 [http-nio-8080-exec-5] [DEBUG] o.s.security.web.FilterChainProxy - Securing GET /images/placeholder.jpg
2025-04-17 01:04:42 [http-nio-8080-exec-7] [DEBUG] o.s.security.web.FilterChainProxy - Securing GET /images/advertisementRent/809047fb-7261-497f-b19e-b208d4480210_photo_2024-12-23_22-17-57.jpg
2025-04-17 01:04:42 [http-nio-8080-exec-9] [DEBUG] o.s.security.web.FilterChainProxy - Securing GET /images/advertisementRent/da667149-470d-4844-94d9-c5a37db0ed63_photo_2024-12-23_22-18-05.jpg
2025-04-17 01:04:42 [http-nio-8080-exec-2] [DEBUG] o.s.security.web.FilterChainProxy - Securing GET /images/advertisementRent/0a1031cd-43b5-4402-87eb-04fa80f00918_photo_2024-12-23_22-18-03.jpg
2025-04-17 01:04:42 [http-nio-8080-exec-6] [DEBUG] o.s.s.w.a.AnonymousAuthenticationFilter - Set SecurityContextHolder to anonymous SecurityContext
2025-04-17 01:04:42 [http-nio-8080-exec-9] [DEBUG] o.s.s.w.a.AnonymousAuthenticationFilter - Set SecurityContextHolder to anonymous SecurityContext
2025-04-17 01:04:42 [http-nio-8080-exec-8] [DEBUG] o.s.s.w.a.AnonymousAuthenticationFilter - Set SecurityContextHolder to anonymous SecurityContext
2025-04-17 01:04:42 [http-nio-8080-exec-5] [DEBUG] o.s.s.w.a.AnonymousAuthenticationFilter - Set SecurityContextHolder to anonymous SecurityContext
2025-04-17 01:04:42 [http-nio-8080-exec-7] [DEBUG] o.s.s.w.a.AnonymousAuthenticationFilter - Set SecurityContextHolder to anonymous SecurityContext
2025-04-17 01:04:42 [http-nio-8080-exec-2] [DEBUG] o.s.s.w.a.AnonymousAuthenticationFilter - Set SecurityContextHolder to anonymous SecurityContext
2025-04-17 01:04:42 [http-nio-8080-exec-8] [DEBUG] o.s.s.w.a.i.FilterSecurityInterceptor - Authorized filter invocation [GET /images/advertisementRent/b02c42b7-b608-4169-93f2-7ad28d186517_photo_2024-12-23_22-18-01.jpg] with attributes [permitAll]
2025-04-17 01:04:42 [http-nio-8080-exec-7] [DEBUG] o.s.s.w.a.i.FilterSecurityInterceptor - Authorized filter invocation [GET /images/advertisementRent/809047fb-7261-497f-b19e-b208d4480210_photo_2024-12-23_22-17-57.jpg] with attributes [permitAll]
2025-04-17 01:04:42 [http-nio-8080-exec-9] [DEBUG] o.s.s.w.a.i.FilterSecurityInterceptor - Authorized filter invocation [GET /images/advertisementRent/da667149-470d-4844-94d9-c5a37db0ed63_photo_2024-12-23_22-18-05.jpg] with attributes [permitAll]
2025-04-17 01:04:42 [http-nio-8080-exec-6] [DEBUG] o.s.s.w.a.i.FilterSecurityInterceptor - Authorized filter invocation [GET /images/advertisementSale/e63bba72-f8b1-4ec8-b621-657fbcd7b1e3_kozelsk.jpg] with attributes [permitAll]
2025-04-17 01:04:42 [http-nio-8080-exec-5] [DEBUG] o.s.s.w.a.i.FilterSecurityInterceptor - Authorized filter invocation [GET /images/placeholder.jpg] with attributes [permitAll]
2025-04-17 01:04:42 [http-nio-8080-exec-2] [DEBUG] o.s.s.w.a.i.FilterSecurityInterceptor - Authorized filter invocation [GET /images/advertisementRent/0a1031cd-43b5-4402-87eb-04fa80f00918_photo_2024-12-23_22-18-03.jpg] with attributes [permitAll]
2025-04-17 01:04:42 [http-nio-8080-exec-7] [DEBUG] o.s.security.web.FilterChainProxy - Secured GET /images/advertisementRent/809047fb-7261-497f-b19e-b208d4480210_photo_2024-12-23_22-17-57.jpg
2025-04-17 01:04:42 [http-nio-8080-exec-8] [DEBUG] o.s.security.web.FilterChainProxy - Secured GET /images/advertisementRent/b02c42b7-b608-4169-93f2-7ad28d186517_photo_2024-12-23_22-18-01.jpg
2025-04-17 01:04:42 [http-nio-8080-exec-5] [DEBUG] o.s.security.web.FilterChainProxy - Secured GET /images/placeholder.jpg
2025-04-17 01:04:42 [http-nio-8080-exec-6] [DEBUG] o.s.security.web.FilterChainProxy - Secured GET /images/advertisementSale/e63bba72-f8b1-4ec8-b621-657fbcd7b1e3_kozelsk.jpg
2025-04-17 01:04:42 [http-nio-8080-exec-9] [DEBUG] o.s.security.web.FilterChainProxy - Secured GET /images/advertisementRent/da667149-470d-4844-94d9-c5a37db0ed63_photo_2024-12-23_22-18-05.jpg
2025-04-17 01:04:42 [http-nio-8080-exec-2] [DEBUG] o.s.security.web.FilterChainProxy - Secured GET /images/advertisementRent/0a1031cd-43b5-4402-87eb-04fa80f00918_photo_2024-12-23_22-18-03.jpg
2025-04-17 01:04:42 [http-nio-8080-exec-5] [DEBUG] o.s.security.web.FilterChainProxy - Securing GET /error
2025-04-17 01:04:42 [http-nio-8080-exec-5] [DEBUG] o.s.s.w.a.AnonymousAuthenticationFilter - Set SecurityContextHolder to anonymous SecurityContext
2025-04-17 01:04:42 [http-nio-8080-exec-5] [DEBUG] o.s.s.w.a.i.FilterSecurityInterceptor - Authorized filter invocation [GET /error] with attributes [permitAll]
2025-04-17 01:04:42 [http-nio-8080-exec-5] [DEBUG] o.s.security.web.FilterChainProxy - Secured GET /error
2025-04-17 01:04:42 [http-nio-8080-exec-4] [DEBUG] o.s.security.web.FilterChainProxy - Securing GET /img/logo_alliance.png
2025-04-17 01:04:42 [http-nio-8080-exec-10] [DEBUG] o.s.security.web.FilterChainProxy - Securing GET /images/advertisementSale/d4315efc-c703-4501-a94b-81ff7ce200a0_photo_2024-12-23_22-17-59.jpg
2025-04-17 01:04:42 [http-nio-8080-exec-1] [DEBUG] o.s.security.web.FilterChainProxy - Securing GET /img/agency.jpg
2025-04-17 01:04:42 [http-nio-8080-exec-3] [DEBUG] o.s.security.web.FilterChainProxy - Securing GET /images/advertisementSale/f59acdf2-baf6-4bc0-b36b-35e41bacd18b_photo_2024-12-23_22-17-54.jpg
2025-04-17 01:04:42 [http-nio-8080-exec-10] [DEBUG] o.s.s.w.a.AnonymousAuthenticationFilter - Set SecurityContextHolder to anonymous SecurityContext
2025-04-17 01:04:42 [http-nio-8080-exec-3] [DEBUG] o.s.s.w.a.AnonymousAuthenticationFilter - Set SecurityContextHolder to anonymous SecurityContext
2025-04-17 01:04:42 [http-nio-8080-exec-4] [DEBUG] o.s.s.w.a.AnonymousAuthenticationFilter - Set SecurityContextHolder to anonymous SecurityContext
2025-04-17 01:04:42 [http-nio-8080-exec-1] [DEBUG] o.s.s.w.a.AnonymousAuthenticationFilter - Set SecurityContextHolder to anonymous SecurityContext
2025-04-17 01:04:42 [http-nio-8080-exec-8] [DEBUG] o.s.security.web.FilterChainProxy - Securing GET /images/advertisementSale/199952c8-f50d-4f4d-bedc-5c44f013ee64_Снимок экрана (6).png
2025-04-17 01:04:42 [http-nio-8080-exec-10] [DEBUG] o.s.s.w.a.i.FilterSecurityInterceptor - Authorized filter invocation [GET /images/advertisementSale/d4315efc-c703-4501-a94b-81ff7ce200a0_photo_2024-12-23_22-17-59.jpg] with attributes [permitAll]
2025-04-17 01:04:42 [http-nio-8080-exec-1] [DEBUG] o.s.s.w.a.i.FilterSecurityInterceptor - Authorized filter invocation [GET /img/agency.jpg] with attributes [permitAll]
2025-04-17 01:04:42 [http-nio-8080-exec-3] [DEBUG] o.s.s.w.a.i.FilterSecurityInterceptor - Authorized filter invocation [GET /images/advertisementSale/f59acdf2-baf6-4bc0-b36b-35e41bacd18b_photo_2024-12-23_22-17-54.jpg] with attributes [permitAll]
2025-04-17 01:04:42 [http-nio-8080-exec-4] [DEBUG] o.s.s.w.a.i.FilterSecurityInterceptor - Authorized filter invocation [GET /img/logo_alliance.png] with attributes [permitAll]
2025-04-17 01:04:42 [http-nio-8080-exec-8] [DEBUG] o.s.s.w.a.AnonymousAuthenticationFilter - Set SecurityContextHolder to anonymous SecurityContext
2025-04-17 01:04:42 [http-nio-8080-exec-10] [DEBUG] o.s.security.web.FilterChainProxy - Secured GET /images/advertisementSale/d4315efc-c703-4501-a94b-81ff7ce200a0_photo_2024-12-23_22-17-59.jpg
2025-04-17 01:04:42 [http-nio-8080-exec-3] [DEBUG] o.s.security.web.FilterChainProxy - Secured GET /images/advertisementSale/f59acdf2-baf6-4bc0-b36b-35e41bacd18b_photo_2024-12-23_22-17-54.jpg
2025-04-17 01:04:42 [http-nio-8080-exec-1] [DEBUG] o.s.security.web.FilterChainProxy - Secured GET /img/agency.jpg
2025-04-17 01:04:42 [http-nio-8080-exec-4] [DEBUG] o.s.security.web.FilterChainProxy - Secured GET /img/logo_alliance.png
2025-04-17 01:04:42 [http-nio-8080-exec-8] [DEBUG] o.s.s.w.a.i.FilterSecurityInterceptor - Authorized filter invocation [GET /images/advertisementSale/199952c8-f50d-4f4d-bedc-5c44f013ee64_Снимок экрана (6).png] with attributes [permitAll]
2025-04-17 01:04:42 [http-nio-8080-exec-8] [DEBUG] o.s.security.web.FilterChainProxy - Secured GET /images/advertisementSale/199952c8-f50d-4f4d-bedc-5c44f013ee64_Снимок экрана (6).png
2025-04-17 01:04:42 [http-nio-8080-exec-9] [DEBUG] o.s.security.web.FilterChainProxy - Securing GET /images/advertisementSale/76d213ca-dba5-4b57-88f5-b6b4129f212e_photo_2024-12-23_22-17-54.jpg
2025-04-17 01:04:42 [http-nio-8080-exec-2] [DEBUG] o.s.security.web.FilterChainProxy - Securing GET /images/advertisementSale/0dab0807-9cf3-481e-9749-99e44f837125_photo_2024-12-23_22-18-04.jpg
2025-04-17 01:04:42 [http-nio-8080-exec-7] [DEBUG] o.s.security.web.FilterChainProxy - Securing GET /images/advertisementSale/8712f027-90a6-4f31-aeed-9b8fbd323086_Снимок экрана (8).png
2025-04-17 01:04:42 [http-nio-8080-exec-3] [DEBUG] o.s.security.web.FilterChainProxy - Securing GET /images/advertisementSale/0673bdb4-3423-44e8-8636-a66497d7ab52_photo_2024-12-23_22-18-01.jpg
2025-04-17 01:04:42 [http-nio-8080-exec-6] [DEBUG] o.s.security.web.FilterChainProxy - Securing GET /images/advertisementSale/f11f04c5-71bc-4048-ad70-323ba1188611_Снимок экрана (2).png
2025-04-17 01:04:42 [http-nio-8080-exec-9] [DEBUG] o.s.s.w.a.AnonymousAuthenticationFilter - Set SecurityContextHolder to anonymous SecurityContext
2025-04-17 01:04:42 [http-nio-8080-exec-7] [DEBUG] o.s.s.w.a.AnonymousAuthenticationFilter - Set SecurityContextHolder to anonymous SecurityContext
2025-04-17 01:04:42 [http-nio-8080-exec-3] [DEBUG] o.s.s.w.a.AnonymousAuthenticationFilter - Set SecurityContextHolder to anonymous SecurityContext
2025-04-17 01:04:42 [http-nio-8080-exec-2] [DEBUG] o.s.s.w.a.AnonymousAuthenticationFilter - Set SecurityContextHolder to anonymous SecurityContext
2025-04-17 01:04:42 [http-nio-8080-exec-6] [DEBUG] o.s.s.w.a.AnonymousAuthenticationFilter - Set SecurityContextHolder to anonymous SecurityContext
2025-04-17 01:04:42 [http-nio-8080-exec-3] [DEBUG] o.s.s.w.a.i.FilterSecurityInterceptor - Authorized filter invocation [GET /images/advertisementSale/0673bdb4-3423-44e8-8636-a66497d7ab52_photo_2024-12-23_22-18-01.jpg] with attributes [permitAll]
2025-04-17 01:04:42 [http-nio-8080-exec-9] [DEBUG] o.s.s.w.a.i.FilterSecurityInterceptor - Authorized filter invocation [GET /images/advertisementSale/76d213ca-dba5-4b57-88f5-b6b4129f212e_photo_2024-12-23_22-17-54.jpg] with attributes [permitAll]
2025-04-17 01:04:42 [http-nio-8080-exec-7] [DEBUG] o.s.s.w.a.i.FilterSecurityInterceptor - Authorized filter invocation [GET /images/advertisementSale/8712f027-90a6-4f31-aeed-9b8fbd323086_Снимок экрана (8).png] with attributes [permitAll]
2025-04-17 01:04:42 [http-nio-8080-exec-6] [DEBUG] o.s.s.w.a.i.FilterSecurityInterceptor - Authorized filter invocation [GET /images/advertisementSale/f11f04c5-71bc-4048-ad70-323ba1188611_Снимок экрана (2).png] with attributes [permitAll]
2025-04-17 01:04:42 [http-nio-8080-exec-2] [DEBUG] o.s.s.w.a.i.FilterSecurityInterceptor - Authorized filter invocation [GET /images/advertisementSale/0dab0807-9cf3-481e-9749-99e44f837125_photo_2024-12-23_22-18-04.jpg] with attributes [permitAll]
2025-04-17 01:04:42 [http-nio-8080-exec-3] [DEBUG] o.s.security.web.FilterChainProxy - Secured GET /images/advertisementSale/0673bdb4-3423-44e8-8636-a66497d7ab52_photo_2024-12-23_22-18-01.jpg
2025-04-17 01:04:42 [http-nio-8080-exec-9] [DEBUG] o.s.security.web.FilterChainProxy - Secured GET /images/advertisementSale/76d213ca-dba5-4b57-88f5-b6b4129f212e_photo_2024-12-23_22-17-54.jpg
2025-04-17 01:04:42 [http-nio-8080-exec-7] [DEBUG] o.s.security.web.FilterChainProxy - Secured GET /images/advertisementSale/8712f027-90a6-4f31-aeed-9b8fbd323086_Снимок экрана (8).png
2025-04-17 01:04:42 [http-nio-8080-exec-6] [DEBUG] o.s.security.web.FilterChainProxy - Secured GET /images/advertisementSale/f11f04c5-71bc-4048-ad70-323ba1188611_Снимок экрана (2).png
2025-04-17 01:04:42 [http-nio-8080-exec-2] [DEBUG] o.s.security.web.FilterChainProxy - Secured GET /images/advertisementSale/0dab0807-9cf3-481e-9749-99e44f837125_photo_2024-12-23_22-18-04.jpg
2025-04-17 01:04:42 [http-nio-8080-exec-10] [DEBUG] o.s.security.web.FilterChainProxy - Securing GET /images/advertisementSale/770d16f9-e061-46fc-94e4-17e8e3e3588a_photo_2024-12-23_22-18-11.jpg
2025-04-17 01:04:42 [http-nio-8080-exec-10] [DEBUG] o.s.s.w.a.AnonymousAuthenticationFilter - Set SecurityContextHolder to anonymous SecurityContext
2025-04-17 01:04:42 [http-nio-8080-exec-10] [DEBUG] o.s.s.w.a.i.FilterSecurityInterceptor - Authorized filter invocation [GET /images/advertisementSale/770d16f9-e061-46fc-94e4-17e8e3e3588a_photo_2024-12-23_22-18-11.jpg] with attributes [permitAll]
2025-04-17 01:04:42 [http-nio-8080-exec-10] [DEBUG] o.s.security.web.FilterChainProxy - Secured GET /images/advertisementSale/770d16f9-e061-46fc-94e4-17e8e3e3588a_photo_2024-12-23_22-18-11.jpg
2025-04-17 01:04:42 [http-nio-8080-exec-4] [DEBUG] o.s.security.web.FilterChainProxy - Securing GET /images/advertisementSale/2703da27-c848-4e9d-a261-4d33ee79f79c_photo_2024-12-23_22-17-59.jpg
2025-04-17 01:04:42 [http-nio-8080-exec-5] [DEBUG] o.s.security.web.FilterChainProxy - Securing GET /images/advertisementSale/15c13dfd-2da8-4565-ae8d-d9857bb9f550_photo_2024-12-23_22-17-54.jpg
2025-04-17 01:04:42 [http-nio-8080-exec-1] [DEBUG] o.s.security.web.FilterChainProxy - Securing GET /images/advertisementSale/6d439031-8c11-4cfd-9007-7047bd94ec62_photo_2024-12-23_22-18-10.jpg
2025-04-17 01:04:42 [http-nio-8080-exec-4] [DEBUG] o.s.s.w.a.AnonymousAuthenticationFilter - Set SecurityContextHolder to anonymous SecurityContext
2025-04-17 01:04:42 [http-nio-8080-exec-1] [DEBUG] o.s.s.w.a.AnonymousAuthenticationFilter - Set SecurityContextHolder to anonymous SecurityContext
2025-04-17 01:04:42 [http-nio-8080-exec-5] [DEBUG] o.s.s.w.a.AnonymousAuthenticationFilter - Set SecurityContextHolder to anonymous SecurityContext
2025-04-17 01:04:42 [http-nio-8080-exec-4] [DEBUG] o.s.s.w.a.i.FilterSecurityInterceptor - Authorized filter invocation [GET /images/advertisementSale/2703da27-c848-4e9d-a261-4d33ee79f79c_photo_2024-12-23_22-17-59.jpg] with attributes [permitAll]
2025-04-17 01:04:42 [http-nio-8080-exec-1] [DEBUG] o.s.s.w.a.i.FilterSecurityInterceptor - Authorized filter invocation [GET /images/advertisementSale/6d439031-8c11-4cfd-9007-7047bd94ec62_photo_2024-12-23_22-18-10.jpg] with attributes [permitAll]
2025-04-17 01:04:42 [http-nio-8080-exec-5] [DEBUG] o.s.s.w.a.i.FilterSecurityInterceptor - Authorized filter invocation [GET /images/advertisementSale/15c13dfd-2da8-4565-ae8d-d9857bb9f550_photo_2024-12-23_22-17-54.jpg] with attributes [permitAll]
2025-04-17 01:04:42 [http-nio-8080-exec-4] [DEBUG] o.s.security.web.FilterChainProxy - Secured GET /images/advertisementSale/2703da27-c848-4e9d-a261-4d33ee79f79c_photo_2024-12-23_22-17-59.jpg
2025-04-17 01:04:42 [http-nio-8080-exec-5] [DEBUG] o.s.security.web.FilterChainProxy - Secured GET /images/advertisementSale/15c13dfd-2da8-4565-ae8d-d9857bb9f550_photo_2024-12-23_22-17-54.jpg
2025-04-17 01:04:42 [http-nio-8080-exec-1] [DEBUG] o.s.security.web.FilterChainProxy - Secured GET /images/advertisementSale/6d439031-8c11-4cfd-9007-7047bd94ec62_photo_2024-12-23_22-18-10.jpg
2025-04-17 01:04:43 [http-nio-8080-exec-8] [DEBUG] o.s.security.web.FilterChainProxy - Securing GET /login
2025-04-17 01:04:43 [http-nio-8080-exec-8] [DEBUG] o.s.s.w.a.AnonymousAuthenticationFilter - Set SecurityContextHolder to anonymous SecurityContext
2025-04-17 01:04:43 [http-nio-8080-exec-8] [DEBUG] o.s.s.w.a.i.FilterSecurityInterceptor - Authorized filter invocation [GET /login] with attributes [permitAll]
2025-04-17 01:04:43 [http-nio-8080-exec-8] [DEBUG] o.s.security.web.FilterChainProxy - Secured GET /login
2025-04-17 01:04:43 [http-nio-8080-exec-9] [DEBUG] o.s.security.web.FilterChainProxy - Securing GET /img/logo_alliance.png
2025-04-17 01:04:43 [http-nio-8080-exec-9] [DEBUG] o.s.s.w.a.AnonymousAuthenticationFilter - Set SecurityContextHolder to anonymous SecurityContext
2025-04-17 01:04:43 [http-nio-8080-exec-9] [DEBUG] o.s.s.w.a.i.FilterSecurityInterceptor - Authorized filter invocation [GET /img/logo_alliance.png] with attributes [permitAll]
2025-04-17 01:04:43 [http-nio-8080-exec-9] [DEBUG] o.s.security.web.FilterChainProxy - Secured GET /img/logo_alliance.png
2025-04-17 01:04:44 [http-nio-8080-exec-3] [DEBUG] o.s.security.web.FilterChainProxy - Securing GET /reset-password
2025-04-17 01:04:44 [http-nio-8080-exec-3] [DEBUG] o.s.s.w.a.AnonymousAuthenticationFilter - Set SecurityContextHolder to anonymous SecurityContext
2025-04-17 01:04:44 [http-nio-8080-exec-3] [DEBUG] o.s.s.w.a.i.FilterSecurityInterceptor - Authorized filter invocation [GET /reset-password] with attributes [permitAll]
2025-04-17 01:04:44 [http-nio-8080-exec-3] [DEBUG] o.s.security.web.FilterChainProxy - Secured GET /reset-password
2025-04-17 01:04:47 [http-nio-8080-exec-2] [DEBUG] o.s.security.web.FilterChainProxy - Securing GET /oauth2/authorization/google
2025-04-17 01:04:47 [http-nio-8080-exec-2] [DEBUG] o.s.s.web.DefaultRedirectStrategy - Redirecting to https://accounts.google.com/o/oauth2/v2/auth?response_type=code&client_id=909915657042-l07l5jl8r3v54r15k12hp7vev9dor6r7.apps.googleusercontent.com&scope=openid%20email%20profile&state=mR8hImOJxM_jicZZVmUVvUTERLctCa15PS1pfGZRbyM%3D&redirect_uri=http://localhost:8080/login/oauth2/code/google&nonce=8Qt59fWYfMeFQUA2_SVF6J9Has2Kz6h3Ub85vX-P0T0
2025-04-17 01:04:49 [http-nio-8080-exec-7] [DEBUG] o.s.security.web.FilterChainProxy - Securing GET /login/oauth2/code/google?state=mR8hImOJxM_jicZZVmUVvUTERLctCa15PS1pfGZRbyM%3D&code=4%2F0Ab_5qlnu3f0iqKY8oZgsp6chxsfK2qR2vyq14rFKJ7UvkQXbznWwF6iO3xKMq6P8ZRGACQ&scope=email+profile+https%3A%2F%2Fwww.googleapis.com%2Fauth%2Fuserinfo.email+https%3A%2F%2Fwww.googleapis.com%2Fauth%2Fuserinfo.profile+openid&authuser=0&prompt=none
2025-04-17 01:04:50 [http-nio-8080-exec-7] [DEBUG] o.s.s.w.a.s.SessionFixationProtectionStrategy - Invalidating session with Id '18FC5C86CA7512B4994A46339D0A1603' and migrating attributes.
2025-04-17 01:04:50 [http-nio-8080-exec-7] [DEBUG] o.s.s.w.a.s.SessionFixationProtectionStrategy - Started new session: 61C41C09E0D2C32FD1859EFE6915F536
2025-04-17 01:04:50 [http-nio-8080-exec-7] [DEBUG] o.s.s.w.a.s.SessionFixationProtectionStrategy - Changed session id from 18FC5C86CA7512B4994A46339D0A1603
2025-04-17 01:04:50 [http-nio-8080-exec-7] [DEBUG] o.s.s.c.session.SessionRegistryImpl - Registering session 61C41C09E0D2C32FD1859EFE6915F536, for principal Name: [107234087105093742255], Granted Authorities: [[OIDC_USER, SCOPE_https://www.googleapis.com/auth/userinfo.email, SCOPE_https://www.googleapis.com/auth/userinfo.profile, SCOPE_openid]], User Attributes: [{at_hash=D05y8WM0mlpixJgpuakpnA, sub=107234087105093742255, email_verified=true, iss=https://accounts.google.com, given_name=Павел, nonce=8Qt59fWYfMeFQUA2_SVF6J9Has2Kz6h3Ub85vX-P0T0, picture=https://lh3.googleusercontent.com/a/ACg8ocJJoh9jonlTH61VWgvXCiXb0zCDjifGZZtZ30sCErS3N5ntDw=s96-c, aud=[909915657042-l07l5jl8r3v54r15k12hp7vev9dor6r7.apps.googleusercontent.com], azp=909915657042-l07l5jl8r3v54r15k12hp7vev9dor6r7.apps.googleusercontent.com, name=Павел Королев, exp=2025-04-16T23:04:49Z, family_name=Королев, iat=2025-04-16T22:04:49Z, email=passapdom@gmail.com}]
2025-04-17 01:04:50 [http-nio-8080-exec-7] [DEBUG] o.s.s.w.c.CsrfAuthenticationStrategy - Replaced CSRF Token
2025-04-17 01:04:50 [http-nio-8080-exec-7] [DEBUG] o.s.s.w.c.HttpSessionSecurityContextRepository - Stored SecurityContextImpl [Authentication=OAuth2AuthenticationToken [Principal=Name: [107234087105093742255], Granted Authorities: [[OIDC_USER, SCOPE_https://www.googleapis.com/auth/userinfo.email, SCOPE_https://www.googleapis.com/auth/userinfo.profile, SCOPE_openid]], User Attributes: [{at_hash=D05y8WM0mlpixJgpuakpnA, sub=107234087105093742255, email_verified=true, iss=https://accounts.google.com, given_name=Павел, nonce=8Qt59fWYfMeFQUA2_SVF6J9Has2Kz6h3Ub85vX-P0T0, picture=https://lh3.googleusercontent.com/a/ACg8ocJJoh9jonlTH61VWgvXCiXb0zCDjifGZZtZ30sCErS3N5ntDw=s96-c, aud=[909915657042-l07l5jl8r3v54r15k12hp7vev9dor6r7.apps.googleusercontent.com], azp=909915657042-l07l5jl8r3v54r15k12hp7vev9dor6r7.apps.googleusercontent.com, name=Павел Королев, exp=2025-04-16T23:04:49Z, family_name=Королев, iat=2025-04-16T22:04:49Z, email=passapdom@gmail.com}], Credentials=[PROTECTED], Authenticated=true, Details=WebAuthenticationDetails [RemoteIpAddress=0:0:0:0:0:0:0:1, SessionId=18FC5C86CA7512B4994A46339D0A1603], Granted Authorities=[OIDC_USER, SCOPE_https://www.googleapis.com/auth/userinfo.email, SCOPE_https://www.googleapis.com/auth/userinfo.profile, SCOPE_openid]]] to HttpSession [org.apache.catalina.session.StandardSessionFacade@7c85770d]
2025-04-17 01:04:50 [http-nio-8080-exec-7] [DEBUG] o.s.s.o.c.w.OAuth2LoginAuthenticationFilter - Set SecurityContextHolder to OAuth2AuthenticationToken [Principal=Name: [107234087105093742255], Granted Authorities: [[OIDC_USER, SCOPE_https://www.googleapis.com/auth/userinfo.email, SCOPE_https://www.googleapis.com/auth/userinfo.profile, SCOPE_openid]], User Attributes: [{at_hash=D05y8WM0mlpixJgpuakpnA, sub=107234087105093742255, email_verified=true, iss=https://accounts.google.com, given_name=Павел, nonce=8Qt59fWYfMeFQUA2_SVF6J9Has2Kz6h3Ub85vX-P0T0, picture=https://lh3.googleusercontent.com/a/ACg8ocJJoh9jonlTH61VWgvXCiXb0zCDjifGZZtZ30sCErS3N5ntDw=s96-c, aud=[909915657042-l07l5jl8r3v54r15k12hp7vev9dor6r7.apps.googleusercontent.com], azp=909915657042-l07l5jl8r3v54r15k12hp7vev9dor6r7.apps.googleusercontent.com, name=Павел Королев, exp=2025-04-16T23:04:49Z, family_name=Королев, iat=2025-04-16T22:04:49Z, email=passapdom@gmail.com}], Credentials=[PROTECTED], Authenticated=true, Details=WebAuthenticationDetails [RemoteIpAddress=0:0:0:0:0:0:0:1, SessionId=18FC5C86CA7512B4994A46339D0A1603], Granted Authorities=[OIDC_USER, SCOPE_https://www.googleapis.com/auth/userinfo.email, SCOPE_https://www.googleapis.com/auth/userinfo.profile, SCOPE_openid]]
2025-04-17 01:04:50 [http-nio-8080-exec-7] [INFO] r.k.a.c.MyCustomAuthenticationSuccessHandler - onAuthenticationSuccess os starting
2025-04-17 01:04:50 [http-nio-8080-exec-7] [INFO] r.k.a.s.users.MyUserDetailsService - registerUser in service is starting
2025-04-17 01:04:50 [http-nio-8080-exec-10] [DEBUG] o.s.security.web.FilterChainProxy - Securing GET /realty
2025-04-17 01:04:50 [http-nio-8080-exec-10] [DEBUG] o.s.s.w.c.HttpSessionSecurityContextRepository - Retrieved SecurityContextImpl [Authentication=OAuth2AuthenticationToken [Principal=Name: [107234087105093742255], Granted Authorities: [[OIDC_USER, SCOPE_https://www.googleapis.com/auth/userinfo.email, SCOPE_https://www.googleapis.com/auth/userinfo.profile, SCOPE_openid]], User Attributes: [{at_hash=D05y8WM0mlpixJgpuakpnA, sub=107234087105093742255, email_verified=true, iss=https://accounts.google.com, given_name=Павел, nonce=8Qt59fWYfMeFQUA2_SVF6J9Has2Kz6h3Ub85vX-P0T0, picture=https://lh3.googleusercontent.com/a/ACg8ocJJoh9jonlTH61VWgvXCiXb0zCDjifGZZtZ30sCErS3N5ntDw=s96-c, aud=[909915657042-l07l5jl8r3v54r15k12hp7vev9dor6r7.apps.googleusercontent.com], azp=909915657042-l07l5jl8r3v54r15k12hp7vev9dor6r7.apps.googleusercontent.com, name=Павел Королев, exp=2025-04-16T23:04:49Z, family_name=Королев, iat=2025-04-16T22:04:49Z, email=passapdom@gmail.com}], Credentials=[PROTECTED], Authenticated=true, Details=WebAuthenticationDetails [RemoteIpAddress=0:0:0:0:0:0:0:1, SessionId=18FC5C86CA7512B4994A46339D0A1603], Granted Authorities=[OIDC_USER, SCOPE_https://www.googleapis.com/auth/userinfo.email, SCOPE_https://www.googleapis.com/auth/userinfo.profile, SCOPE_openid]]]
2025-04-17 01:04:50 [http-nio-8080-exec-10] [DEBUG] o.s.s.w.a.i.FilterSecurityInterceptor - Authorized filter invocation [GET /realty] with attributes [permitAll]
2025-04-17 01:04:50 [http-nio-8080-exec-10] [DEBUG] o.s.security.web.FilterChainProxy - Secured GET /realty
2025-04-17 01:04:50 [http-nio-8080-exec-10] [INFO] r.k.a.u.s.CheckAuthorizeService - checkAdmin is starting, principal: OAuth2AuthenticationToken [Principal=Name: [107234087105093742255], Granted Authorities: [[OIDC_USER, SCOPE_https://www.googleapis.com/auth/userinfo.email, SCOPE_https://www.googleapis.com/auth/userinfo.profile, SCOPE_openid]], User Attributes: [{at_hash=D05y8WM0mlpixJgpuakpnA, sub=107234087105093742255, email_verified=true, iss=https://accounts.google.com, given_name=Павел, nonce=8Qt59fWYfMeFQUA2_SVF6J9Has2Kz6h3Ub85vX-P0T0, picture=https://lh3.googleusercontent.com/a/ACg8ocJJoh9jonlTH61VWgvXCiXb0zCDjifGZZtZ30sCErS3N5ntDw=s96-c, aud=[909915657042-l07l5jl8r3v54r15k12hp7vev9dor6r7.apps.googleusercontent.com], azp=909915657042-l07l5jl8r3v54r15k12hp7vev9dor6r7.apps.googleusercontent.com, name=Павел Королев, exp=2025-04-16T23:04:49Z, family_name=Королев, iat=2025-04-16T22:04:49Z, email=passapdom@gmail.com}], Credentials=[PROTECTED], Authenticated=true, Details=WebAuthenticationDetails [RemoteIpAddress=0:0:0:0:0:0:0:1, SessionId=18FC5C86CA7512B4994A46339D0A1603], Granted Authorities=[OIDC_USER, SCOPE_https://www.googleapis.com/auth/userinfo.email, SCOPE_https://www.googleapis.com/auth/userinfo.profile, SCOPE_openid]]
2025-04-17 01:04:50 [http-nio-8080-exec-10] [INFO] r.k.a.u.s.CheckAuthorizeService - checkAdmin: principal != null
2025-04-17 01:04:50 [http-nio-8080-exec-10] [INFO] r.k.a.u.s.CheckAuthorizeService - Principal is OAuth2AuthenticationToken
2025-04-17 01:04:50 [http-nio-8080-exec-10] [INFO] r.k.a.u.s.CheckAuthorizeService - Checking admin rights for email: passapdom@gmail.com
2025-04-17 01:04:50 [http-nio-8080-exec-10] [INFO] r.k.a.u.s.CheckAuthorizeService - User roles: [ADMIN]
2025-04-17 01:04:50 [http-nio-8080-exec-5] [DEBUG] o.s.security.web.FilterChainProxy - Securing GET /img/logo_alliance.png
2025-04-17 01:04:50 [http-nio-8080-exec-6] [DEBUG] o.s.security.web.FilterChainProxy - Securing GET /css/styles.css
2025-04-17 01:04:50 [http-nio-8080-exec-5] [DEBUG] o.s.s.w.c.HttpSessionSecurityContextRepository - Retrieved SecurityContextImpl [Authentication=OAuth2AuthenticationToken [Principal=Name: [107234087105093742255], Granted Authorities: [[OIDC_USER, SCOPE_https://www.googleapis.com/auth/userinfo.email, SCOPE_https://www.googleapis.com/auth/userinfo.profile, SCOPE_openid]], User Attributes: [{at_hash=D05y8WM0mlpixJgpuakpnA, sub=107234087105093742255, email_verified=true, iss=https://accounts.google.com, given_name=Павел, nonce=8Qt59fWYfMeFQUA2_SVF6J9Has2Kz6h3Ub85vX-P0T0, picture=https://lh3.googleusercontent.com/a/ACg8ocJJoh9jonlTH61VWgvXCiXb0zCDjifGZZtZ30sCErS3N5ntDw=s96-c, aud=[909915657042-l07l5jl8r3v54r15k12hp7vev9dor6r7.apps.googleusercontent.com], azp=909915657042-l07l5jl8r3v54r15k12hp7vev9dor6r7.apps.googleusercontent.com, name=Павел Королев, exp=2025-04-16T23:04:49Z, family_name=Королев, iat=2025-04-16T22:04:49Z, email=passapdom@gmail.com}], Credentials=[PROTECTED], Authenticated=true, Details=WebAuthenticationDetails [RemoteIpAddress=0:0:0:0:0:0:0:1, SessionId=18FC5C86CA7512B4994A46339D0A1603], Granted Authorities=[OIDC_USER, SCOPE_https://www.googleapis.com/auth/userinfo.email, SCOPE_https://www.googleapis.com/auth/userinfo.profile, SCOPE_openid]]]
2025-04-17 01:04:50 [http-nio-8080-exec-6] [DEBUG] o.s.s.w.c.HttpSessionSecurityContextRepository - Retrieved SecurityContextImpl [Authentication=OAuth2AuthenticationToken [Principal=Name: [107234087105093742255], Granted Authorities: [[OIDC_USER, SCOPE_https://www.googleapis.com/auth/userinfo.email, SCOPE_https://www.googleapis.com/auth/userinfo.profile, SCOPE_openid]], User Attributes: [{at_hash=D05y8WM0mlpixJgpuakpnA, sub=107234087105093742255, email_verified=true, iss=https://accounts.google.com, given_name=Павел, nonce=8Qt59fWYfMeFQUA2_SVF6J9Has2Kz6h3Ub85vX-P0T0, picture=https://lh3.googleusercontent.com/a/ACg8ocJJoh9jonlTH61VWgvXCiXb0zCDjifGZZtZ30sCErS3N5ntDw=s96-c, aud=[909915657042-l07l5jl8r3v54r15k12hp7vev9dor6r7.apps.googleusercontent.com], azp=909915657042-l07l5jl8r3v54r15k12hp7vev9dor6r7.apps.googleusercontent.com, name=Павел Королев, exp=2025-04-16T23:04:49Z, family_name=Королев, iat=2025-04-16T22:04:49Z, email=passapdom@gmail.com}], Credentials=[PROTECTED], Authenticated=true, Details=WebAuthenticationDetails [RemoteIpAddress=0:0:0:0:0:0:0:1, SessionId=18FC5C86CA7512B4994A46339D0A1603], Granted Authorities=[OIDC_USER, SCOPE_https://www.googleapis.com/auth/userinfo.email, SCOPE_https://www.googleapis.com/auth/userinfo.profile, SCOPE_openid]]]
2025-04-17 01:04:50 [http-nio-8080-exec-5] [DEBUG] o.s.s.w.a.i.FilterSecurityInterceptor - Authorized filter invocation [GET /img/logo_alliance.png] with attributes [permitAll]
2025-04-17 01:04:50 [http-nio-8080-exec-6] [DEBUG] o.s.s.w.a.i.FilterSecurityInterceptor - Authorized filter invocation [GET /css/styles.css] with attributes [permitAll]
2025-04-17 01:04:50 [http-nio-8080-exec-5] [DEBUG] o.s.security.web.FilterChainProxy - Secured GET /img/logo_alliance.png
2025-04-17 01:04:50 [http-nio-8080-exec-6] [DEBUG] o.s.security.web.FilterChainProxy - Secured GET /css/styles.css
2025-04-17 01:04:50 [http-nio-8080-exec-1] [DEBUG] o.s.security.web.FilterChainProxy - Securing GET /img/agency.jpg
2025-04-17 01:04:50 [http-nio-8080-exec-4] [DEBUG] o.s.security.web.FilterChainProxy - Securing GET /images/advertisementSale/d4315efc-c703-4501-a94b-81ff7ce200a0_photo_2024-12-23_22-17-59.jpg
2025-04-17 01:04:50 [http-nio-8080-exec-8] [DEBUG] o.s.security.web.FilterChainProxy - Securing GET /images/advertisementSale/f59acdf2-baf6-4bc0-b36b-35e41bacd18b_photo_2024-12-23_22-17-54.jpg
2025-04-17 01:04:50 [http-nio-8080-exec-4] [DEBUG] o.s.s.w.c.HttpSessionSecurityContextRepository - Retrieved SecurityContextImpl [Authentication=OAuth2AuthenticationToken [Principal=Name: [107234087105093742255], Granted Authorities: [[OIDC_USER, SCOPE_https://www.googleapis.com/auth/userinfo.email, SCOPE_https://www.googleapis.com/auth/userinfo.profile, SCOPE_openid]], User Attributes: [{at_hash=D05y8WM0mlpixJgpuakpnA, sub=107234087105093742255, email_verified=true, iss=https://accounts.google.com, given_name=Павел, nonce=8Qt59fWYfMeFQUA2_SVF6J9Has2Kz6h3Ub85vX-P0T0, picture=https://lh3.googleusercontent.com/a/ACg8ocJJoh9jonlTH61VWgvXCiXb0zCDjifGZZtZ30sCErS3N5ntDw=s96-c, aud=[909915657042-l07l5jl8r3v54r15k12hp7vev9dor6r7.apps.googleusercontent.com], azp=909915657042-l07l5jl8r3v54r15k12hp7vev9dor6r7.apps.googleusercontent.com, name=Павел Королев, exp=2025-04-16T23:04:49Z, family_name=Королев, iat=2025-04-16T22:04:49Z, email=passapdom@gmail.com}], Credentials=[PROTECTED], Authenticated=true, Details=WebAuthenticationDetails [RemoteIpAddress=0:0:0:0:0:0:0:1, SessionId=18FC5C86CA7512B4994A46339D0A1603], Granted Authorities=[OIDC_USER, SCOPE_https://www.googleapis.com/auth/userinfo.email, SCOPE_https://www.googleapis.com/auth/userinfo.profile, SCOPE_openid]]]
2025-04-17 01:04:50 [http-nio-8080-exec-9] [DEBUG] o.s.security.web.FilterChainProxy - Securing GET /images/placeholder.jpg
2025-04-17 01:04:50 [http-nio-8080-exec-1] [DEBUG] o.s.s.w.c.HttpSessionSecurityContextRepository - Retrieved SecurityContextImpl [Authentication=OAuth2AuthenticationToken [Principal=Name: [107234087105093742255], Granted Authorities: [[OIDC_USER, SCOPE_https://www.googleapis.com/auth/userinfo.email, SCOPE_https://www.googleapis.com/auth/userinfo.profile, SCOPE_openid]], User Attributes: [{at_hash=D05y8WM0mlpixJgpuakpnA, sub=107234087105093742255, email_verified=true, iss=https://accounts.google.com, given_name=Павел, nonce=8Qt59fWYfMeFQUA2_SVF6J9Has2Kz6h3Ub85vX-P0T0, picture=https://lh3.googleusercontent.com/a/ACg8ocJJoh9jonlTH61VWgvXCiXb0zCDjifGZZtZ30sCErS3N5ntDw=s96-c, aud=[909915657042-l07l5jl8r3v54r15k12hp7vev9dor6r7.apps.googleusercontent.com], azp=909915657042-l07l5jl8r3v54r15k12hp7vev9dor6r7.apps.googleusercontent.com, name=Павел Королев, exp=2025-04-16T23:04:49Z, family_name=Королев, iat=2025-04-16T22:04:49Z, email=passapdom@gmail.com}], Credentials=[PROTECTED], Authenticated=true, Details=WebAuthenticationDetails [RemoteIpAddress=0:0:0:0:0:0:0:1, SessionId=18FC5C86CA7512B4994A46339D0A1603], Granted Authorities=[OIDC_USER, SCOPE_https://www.googleapis.com/auth/userinfo.email, SCOPE_https://www.googleapis.com/auth/userinfo.profile, SCOPE_openid]]]
2025-04-17 01:04:50 [http-nio-8080-exec-3] [DEBUG] o.s.security.web.FilterChainProxy - Securing GET /images/advertisementSale/199952c8-f50d-4f4d-bedc-5c44f013ee64_Снимок экрана (6).png
2025-04-17 01:04:50 [http-nio-8080-exec-4] [DEBUG] o.s.s.w.a.i.FilterSecurityInterceptor - Authorized filter invocation [GET /images/advertisementSale/d4315efc-c703-4501-a94b-81ff7ce200a0_photo_2024-12-23_22-17-59.jpg] with attributes [permitAll]
2025-04-17 01:04:50 [http-nio-8080-exec-1] [DEBUG] o.s.s.w.a.i.FilterSecurityInterceptor - Authorized filter invocation [GET /img/agency.jpg] with attributes [permitAll]
2025-04-17 01:04:50 [http-nio-8080-exec-2] [DEBUG] o.s.security.web.FilterChainProxy - Securing GET /images/advertisementSale/0dab0807-9cf3-481e-9749-99e44f837125_photo_2024-12-23_22-18-04.jpg
2025-04-17 01:04:50 [http-nio-8080-exec-8] [DEBUG] o.s.s.w.c.HttpSessionSecurityContextRepository - Retrieved SecurityContextImpl [Authentication=OAuth2AuthenticationToken [Principal=Name: [107234087105093742255], Granted Authorities: [[OIDC_USER, SCOPE_https://www.googleapis.com/auth/userinfo.email, SCOPE_https://www.googleapis.com/auth/userinfo.profile, SCOPE_openid]], User Attributes: [{at_hash=D05y8WM0mlpixJgpuakpnA, sub=107234087105093742255, email_verified=true, iss=https://accounts.google.com, given_name=Павел, nonce=8Qt59fWYfMeFQUA2_SVF6J9Has2Kz6h3Ub85vX-P0T0, picture=https://lh3.googleusercontent.com/a/ACg8ocJJoh9jonlTH61VWgvXCiXb0zCDjifGZZtZ30sCErS3N5ntDw=s96-c, aud=[909915657042-l07l5jl8r3v54r15k12hp7vev9dor6r7.apps.googleusercontent.com], azp=909915657042-l07l5jl8r3v54r15k12hp7vev9dor6r7.apps.googleusercontent.com, name=Павел Королев, exp=2025-04-16T23:04:49Z, family_name=Королев, iat=2025-04-16T22:04:49Z, email=passapdom@gmail.com}], Credentials=[PROTECTED], Authenticated=true, Details=WebAuthenticationDetails [RemoteIpAddress=0:0:0:0:0:0:0:1, SessionId=18FC5C86CA7512B4994A46339D0A1603], Granted Authorities=[OIDC_USER, SCOPE_https://www.googleapis.com/auth/userinfo.email, SCOPE_https://www.googleapis.com/auth/userinfo.profile, SCOPE_openid]]]
2025-04-17 01:04:50 [http-nio-8080-exec-4] [DEBUG] o.s.security.web.FilterChainProxy - Secured GET /images/advertisementSale/d4315efc-c703-4501-a94b-81ff7ce200a0_photo_2024-12-23_22-17-59.jpg
2025-04-17 01:04:50 [http-nio-8080-exec-1] [DEBUG] o.s.security.web.FilterChainProxy - Secured GET /img/agency.jpg
2025-04-17 01:04:50 [http-nio-8080-exec-3] [DEBUG] o.s.s.w.c.HttpSessionSecurityContextRepository - Retrieved SecurityContextImpl [Authentication=OAuth2AuthenticationToken [Principal=Name: [107234087105093742255], Granted Authorities: [[OIDC_USER, SCOPE_https://www.googleapis.com/auth/userinfo.email, SCOPE_https://www.googleapis.com/auth/userinfo.profile, SCOPE_openid]], User Attributes: [{at_hash=D05y8WM0mlpixJgpuakpnA, sub=107234087105093742255, email_verified=true, iss=https://accounts.google.com, given_name=Павел, nonce=8Qt59fWYfMeFQUA2_SVF6J9Has2Kz6h3Ub85vX-P0T0, picture=https://lh3.googleusercontent.com/a/ACg8ocJJoh9jonlTH61VWgvXCiXb0zCDjifGZZtZ30sCErS3N5ntDw=s96-c, aud=[909915657042-l07l5jl8r3v54r15k12hp7vev9dor6r7.apps.googleusercontent.com], azp=909915657042-l07l5jl8r3v54r15k12hp7vev9dor6r7.apps.googleusercontent.com, name=Павел Королев, exp=2025-04-16T23:04:49Z, family_name=Королев, iat=2025-04-16T22:04:49Z, email=passapdom@gmail.com}], Credentials=[PROTECTED], Authenticated=true, Details=WebAuthenticationDetails [RemoteIpAddress=0:0:0:0:0:0:0:1, SessionId=18FC5C86CA7512B4994A46339D0A1603], Granted Authorities=[OIDC_USER, SCOPE_https://www.googleapis.com/auth/userinfo.email, SCOPE_https://www.googleapis.com/auth/userinfo.profile, SCOPE_openid]]]
2025-04-17 01:04:50 [http-nio-8080-exec-9] [DEBUG] o.s.s.w.c.HttpSessionSecurityContextRepository - Retrieved SecurityContextImpl [Authentication=OAuth2AuthenticationToken [Principal=Name: [107234087105093742255], Granted Authorities: [[OIDC_USER, SCOPE_https://www.googleapis.com/auth/userinfo.email, SCOPE_https://www.googleapis.com/auth/userinfo.profile, SCOPE_openid]], User Attributes: [{at_hash=D05y8WM0mlpixJgpuakpnA, sub=107234087105093742255, email_verified=true, iss=https://accounts.google.com, given_name=Павел, nonce=8Qt59fWYfMeFQUA2_SVF6J9Has2Kz6h3Ub85vX-P0T0, picture=https://lh3.googleusercontent.com/a/ACg8ocJJoh9jonlTH61VWgvXCiXb0zCDjifGZZtZ30sCErS3N5ntDw=s96-c, aud=[909915657042-l07l5jl8r3v54r15k12hp7vev9dor6r7.apps.googleusercontent.com], azp=909915657042-l07l5jl8r3v54r15k12hp7vev9dor6r7.apps.googleusercontent.com, name=Павел Королев, exp=2025-04-16T23:04:49Z, family_name=Королев, iat=2025-04-16T22:04:49Z, email=passapdom@gmail.com}], Credentials=[PROTECTED], Authenticated=true, Details=WebAuthenticationDetails [RemoteIpAddress=0:0:0:0:0:0:0:1, SessionId=18FC5C86CA7512B4994A46339D0A1603], Granted Authorities=[OIDC_USER, SCOPE_https://www.googleapis.com/auth/userinfo.email, SCOPE_https://www.googleapis.com/auth/userinfo.profile, SCOPE_openid]]]
2025-04-17 01:04:50 [http-nio-8080-exec-8] [DEBUG] o.s.s.w.a.i.FilterSecurityInterceptor - Authorized filter invocation [GET /images/advertisementSale/f59acdf2-baf6-4bc0-b36b-35e41bacd18b_photo_2024-12-23_22-17-54.jpg] with attributes [permitAll]
2025-04-17 01:04:50 [http-nio-8080-exec-9] [DEBUG] o.s.s.w.a.i.FilterSecurityInterceptor - Authorized filter invocation [GET /images/placeholder.jpg] with attributes [permitAll]
2025-04-17 01:04:50 [http-nio-8080-exec-8] [DEBUG] o.s.security.web.FilterChainProxy - Secured GET /images/advertisementSale/f59acdf2-baf6-4bc0-b36b-35e41bacd18b_photo_2024-12-23_22-17-54.jpg
2025-04-17 01:04:50 [http-nio-8080-exec-2] [DEBUG] o.s.s.w.c.HttpSessionSecurityContextRepository - Retrieved SecurityContextImpl [Authentication=OAuth2AuthenticationToken [Principal=Name: [107234087105093742255], Granted Authorities: [[OIDC_USER, SCOPE_https://www.googleapis.com/auth/userinfo.email, SCOPE_https://www.googleapis.com/auth/userinfo.profile, SCOPE_openid]], User Attributes: [{at_hash=D05y8WM0mlpixJgpuakpnA, sub=107234087105093742255, email_verified=true, iss=https://accounts.google.com, given_name=Павел, nonce=8Qt59fWYfMeFQUA2_SVF6J9Has2Kz6h3Ub85vX-P0T0, picture=https://lh3.googleusercontent.com/a/ACg8ocJJoh9jonlTH61VWgvXCiXb0zCDjifGZZtZ30sCErS3N5ntDw=s96-c, aud=[909915657042-l07l5jl8r3v54r15k12hp7vev9dor6r7.apps.googleusercontent.com], azp=909915657042-l07l5jl8r3v54r15k12hp7vev9dor6r7.apps.googleusercontent.com, name=Павел Королев, exp=2025-04-16T23:04:49Z, family_name=Королев, iat=2025-04-16T22:04:49Z, email=passapdom@gmail.com}], Credentials=[PROTECTED], Authenticated=true, Details=WebAuthenticationDetails [RemoteIpAddress=0:0:0:0:0:0:0:1, SessionId=18FC5C86CA7512B4994A46339D0A1603], Granted Authorities=[OIDC_USER, SCOPE_https://www.googleapis.com/auth/userinfo.email, SCOPE_https://www.googleapis.com/auth/userinfo.profile, SCOPE_openid]]]
2025-04-17 01:04:50 [http-nio-8080-exec-3] [DEBUG] o.s.s.w.a.i.FilterSecurityInterceptor - Authorized filter invocation [GET /images/advertisementSale/199952c8-f50d-4f4d-bedc-5c44f013ee64_Снимок экрана (6).png] with attributes [permitAll]
2025-04-17 01:04:50 [http-nio-8080-exec-9] [DEBUG] o.s.security.web.FilterChainProxy - Secured GET /images/placeholder.jpg
2025-04-17 01:04:50 [http-nio-8080-exec-2] [DEBUG] o.s.s.w.a.i.FilterSecurityInterceptor - Authorized filter invocation [GET /images/advertisementSale/0dab0807-9cf3-481e-9749-99e44f837125_photo_2024-12-23_22-18-04.jpg] with attributes [permitAll]
2025-04-17 01:04:50 [http-nio-8080-exec-3] [DEBUG] o.s.security.web.FilterChainProxy - Secured GET /images/advertisementSale/199952c8-f50d-4f4d-bedc-5c44f013ee64_Снимок экрана (6).png
2025-04-17 01:04:50 [http-nio-8080-exec-2] [DEBUG] o.s.security.web.FilterChainProxy - Secured GET /images/advertisementSale/0dab0807-9cf3-481e-9749-99e44f837125_photo_2024-12-23_22-18-04.jpg
2025-04-17 01:04:50 [http-nio-8080-exec-9] [DEBUG] o.s.security.web.FilterChainProxy - Securing GET /error
2025-04-17 01:04:50 [http-nio-8080-exec-9] [DEBUG] o.s.s.w.c.HttpSessionSecurityContextRepository - Retrieved SecurityContextImpl [Authentication=OAuth2AuthenticationToken [Principal=Name: [107234087105093742255], Granted Authorities: [[OIDC_USER, SCOPE_https://www.googleapis.com/auth/userinfo.email, SCOPE_https://www.googleapis.com/auth/userinfo.profile, SCOPE_openid]], User Attributes: [{at_hash=D05y8WM0mlpixJgpuakpnA, sub=107234087105093742255, email_verified=true, iss=https://accounts.google.com, given_name=Павел, nonce=8Qt59fWYfMeFQUA2_SVF6J9Has2Kz6h3Ub85vX-P0T0, picture=https://lh3.googleusercontent.com/a/ACg8ocJJoh9jonlTH61VWgvXCiXb0zCDjifGZZtZ30sCErS3N5ntDw=s96-c, aud=[909915657042-l07l5jl8r3v54r15k12hp7vev9dor6r7.apps.googleusercontent.com], azp=909915657042-l07l5jl8r3v54r15k12hp7vev9dor6r7.apps.googleusercontent.com, name=Павел Королев, exp=2025-04-16T23:04:49Z, family_name=Королев, iat=2025-04-16T22:04:49Z, email=passapdom@gmail.com}], Credentials=[PROTECTED], Authenticated=true, Details=WebAuthenticationDetails [RemoteIpAddress=0:0:0:0:0:0:0:1, SessionId=18FC5C86CA7512B4994A46339D0A1603], Granted Authorities=[OIDC_USER, SCOPE_https://www.googleapis.com/auth/userinfo.email, SCOPE_https://www.googleapis.com/auth/userinfo.profile, SCOPE_openid]]]
2025-04-17 01:04:50 [http-nio-8080-exec-9] [DEBUG] o.s.s.w.a.i.FilterSecurityInterceptor - Authorized filter invocation [GET /error] with attributes [permitAll]
2025-04-17 01:04:50 [http-nio-8080-exec-9] [DEBUG] o.s.security.web.FilterChainProxy - Secured GET /error
2025-04-17 01:04:50 [http-nio-8080-exec-5] [DEBUG] o.s.security.web.FilterChainProxy - Securing GET /images/advertisementSale/76d213ca-dba5-4b57-88f5-b6b4129f212e_photo_2024-12-23_22-17-54.jpg
2025-04-17 01:04:50 [http-nio-8080-exec-6] [DEBUG] o.s.security.web.FilterChainProxy - Securing GET /images/advertisementSale/f11f04c5-71bc-4048-ad70-323ba1188611_Снимок экрана (2).png
2025-04-17 01:04:50 [http-nio-8080-exec-7] [DEBUG] o.s.security.web.FilterChainProxy - Securing GET /images/advertisementSale/8712f027-90a6-4f31-aeed-9b8fbd323086_Снимок экрана (8).png
2025-04-17 01:04:50 [http-nio-8080-exec-10] [DEBUG] o.s.security.web.FilterChainProxy - Securing GET /images/advertisementSale/0673bdb4-3423-44e8-8636-a66497d7ab52_photo_2024-12-23_22-18-01.jpg
2025-04-17 01:04:50 [http-nio-8080-exec-5] [DEBUG] o.s.s.w.c.HttpSessionSecurityContextRepository - Retrieved SecurityContextImpl [Authentication=OAuth2AuthenticationToken [Principal=Name: [107234087105093742255], Granted Authorities: [[OIDC_USER, SCOPE_https://www.googleapis.com/auth/userinfo.email, SCOPE_https://www.googleapis.com/auth/userinfo.profile, SCOPE_openid]], User Attributes: [{at_hash=D05y8WM0mlpixJgpuakpnA, sub=107234087105093742255, email_verified=true, iss=https://accounts.google.com, given_name=Павел, nonce=8Qt59fWYfMeFQUA2_SVF6J9Has2Kz6h3Ub85vX-P0T0, picture=https://lh3.googleusercontent.com/a/ACg8ocJJoh9jonlTH61VWgvXCiXb0zCDjifGZZtZ30sCErS3N5ntDw=s96-c, aud=[909915657042-l07l5jl8r3v54r15k12hp7vev9dor6r7.apps.googleusercontent.com], azp=909915657042-l07l5jl8r3v54r15k12hp7vev9dor6r7.apps.googleusercontent.com, name=Павел Королев, exp=2025-04-16T23:04:49Z, family_name=Королев, iat=2025-04-16T22:04:49Z, email=passapdom@gmail.com}], Credentials=[PROTECTED], Authenticated=true, Details=WebAuthenticationDetails [RemoteIpAddress=0:0:0:0:0:0:0:1, SessionId=18FC5C86CA7512B4994A46339D0A1603], Granted Authorities=[OIDC_USER, SCOPE_https://www.googleapis.com/auth/userinfo.email, SCOPE_https://www.googleapis.com/auth/userinfo.profile, SCOPE_openid]]]
2025-04-17 01:04:50 [http-nio-8080-exec-7] [DEBUG] o.s.s.w.c.HttpSessionSecurityContextRepository - Retrieved SecurityContextImpl [Authentication=OAuth2AuthenticationToken [Principal=Name: [107234087105093742255], Granted Authorities: [[OIDC_USER, SCOPE_https://www.googleapis.com/auth/userinfo.email, SCOPE_https://www.googleapis.com/auth/userinfo.profile, SCOPE_openid]], User Attributes: [{at_hash=D05y8WM0mlpixJgpuakpnA, sub=107234087105093742255, email_verified=true, iss=https://accounts.google.com, given_name=Павел, nonce=8Qt59fWYfMeFQUA2_SVF6J9Has2Kz6h3Ub85vX-P0T0, picture=https://lh3.googleusercontent.com/a/ACg8ocJJoh9jonlTH61VWgvXCiXb0zCDjifGZZtZ30sCErS3N5ntDw=s96-c, aud=[909915657042-l07l5jl8r3v54r15k12hp7vev9dor6r7.apps.googleusercontent.com], azp=909915657042-l07l5jl8r3v54r15k12hp7vev9dor6r7.apps.googleusercontent.com, name=Павел Королев, exp=2025-04-16T23:04:49Z, family_name=Королев, iat=2025-04-16T22:04:49Z, email=passapdom@gmail.com}], Credentials=[PROTECTED], Authenticated=true, Details=WebAuthenticationDetails [RemoteIpAddress=0:0:0:0:0:0:0:1, SessionId=18FC5C86CA7512B4994A46339D0A1603], Granted Authorities=[OIDC_USER, SCOPE_https://www.googleapis.com/auth/userinfo.email, SCOPE_https://www.googleapis.com/auth/userinfo.profile, SCOPE_openid]]]
2025-04-17 01:04:50 [http-nio-8080-exec-6] [DEBUG] o.s.s.w.c.HttpSessionSecurityContextRepository - Retrieved SecurityContextImpl [Authentication=OAuth2AuthenticationToken [Principal=Name: [107234087105093742255], Granted Authorities: [[OIDC_USER, SCOPE_https://www.googleapis.com/auth/userinfo.email, SCOPE_https://www.googleapis.com/auth/userinfo.profile, SCOPE_openid]], User Attributes: [{at_hash=D05y8WM0mlpixJgpuakpnA, sub=107234087105093742255, email_verified=true, iss=https://accounts.google.com, given_name=Павел, nonce=8Qt59fWYfMeFQUA2_SVF6J9Has2Kz6h3Ub85vX-P0T0, picture=https://lh3.googleusercontent.com/a/ACg8ocJJoh9jonlTH61VWgvXCiXb0zCDjifGZZtZ30sCErS3N5ntDw=s96-c, aud=[909915657042-l07l5jl8r3v54r15k12hp7vev9dor6r7.apps.googleusercontent.com], azp=909915657042-l07l5jl8r3v54r15k12hp7vev9dor6r7.apps.googleusercontent.com, name=Павел Королев, exp=2025-04-16T23:04:49Z, family_name=Королев, iat=2025-04-16T22:04:49Z, email=passapdom@gmail.com}], Credentials=[PROTECTED], Authenticated=true, Details=WebAuthenticationDetails [RemoteIpAddress=0:0:0:0:0:0:0:1, SessionId=18FC5C86CA7512B4994A46339D0A1603], Granted Authorities=[OIDC_USER, SCOPE_https://www.googleapis.com/auth/userinfo.email, SCOPE_https://www.googleapis.com/auth/userinfo.profile, SCOPE_openid]]]
2025-04-17 01:04:50 [http-nio-8080-exec-10] [DEBUG] o.s.s.w.c.HttpSessionSecurityContextRepository - Retrieved SecurityContextImpl [Authentication=OAuth2AuthenticationToken [Principal=Name: [107234087105093742255], Granted Authorities: [[OIDC_USER, SCOPE_https://www.googleapis.com/auth/userinfo.email, SCOPE_https://www.googleapis.com/auth/userinfo.profile, SCOPE_openid]], User Attributes: [{at_hash=D05y8WM0mlpixJgpuakpnA, sub=107234087105093742255, email_verified=true, iss=https://accounts.google.com, given_name=Павел, nonce=8Qt59fWYfMeFQUA2_SVF6J9Has2Kz6h3Ub85vX-P0T0, picture=https://lh3.googleusercontent.com/a/ACg8ocJJoh9jonlTH61VWgvXCiXb0zCDjifGZZtZ30sCErS3N5ntDw=s96-c, aud=[909915657042-l07l5jl8r3v54r15k12hp7vev9dor6r7.apps.googleusercontent.com], azp=909915657042-l07l5jl8r3v54r15k12hp7vev9dor6r7.apps.googleusercontent.com, name=Павел Королев, exp=2025-04-16T23:04:49Z, family_name=Королев, iat=2025-04-16T22:04:49Z, email=passapdom@gmail.com}], Credentials=[PROTECTED], Authenticated=true, Details=WebAuthenticationDetails [RemoteIpAddress=0:0:0:0:0:0:0:1, SessionId=18FC5C86CA7512B4994A46339D0A1603], Granted Authorities=[OIDC_USER, SCOPE_https://www.googleapis.com/auth/userinfo.email, SCOPE_https://www.googleapis.com/auth/userinfo.profile, SCOPE_openid]]]
2025-04-17 01:04:50 [http-nio-8080-exec-5] [DEBUG] o.s.s.w.a.i.FilterSecurityInterceptor - Authorized filter invocation [GET /images/advertisementSale/76d213ca-dba5-4b57-88f5-b6b4129f212e_photo_2024-12-23_22-17-54.jpg] with attributes [permitAll]
2025-04-17 01:04:50 [http-nio-8080-exec-10] [DEBUG] o.s.s.w.a.i.FilterSecurityInterceptor - Authorized filter invocation [GET /images/advertisementSale/0673bdb4-3423-44e8-8636-a66497d7ab52_photo_2024-12-23_22-18-01.jpg] with attributes [permitAll]
2025-04-17 01:04:50 [http-nio-8080-exec-7] [DEBUG] o.s.s.w.a.i.FilterSecurityInterceptor - Authorized filter invocation [GET /images/advertisementSale/8712f027-90a6-4f31-aeed-9b8fbd323086_Снимок экрана (8).png] with attributes [permitAll]
2025-04-17 01:04:50 [http-nio-8080-exec-6] [DEBUG] o.s.s.w.a.i.FilterSecurityInterceptor - Authorized filter invocation [GET /images/advertisementSale/f11f04c5-71bc-4048-ad70-323ba1188611_Снимок экрана (2).png] with attributes [permitAll]
2025-04-17 01:04:50 [http-nio-8080-exec-5] [DEBUG] o.s.security.web.FilterChainProxy - Secured GET /images/advertisementSale/76d213ca-dba5-4b57-88f5-b6b4129f212e_photo_2024-12-23_22-17-54.jpg
2025-04-17 01:04:50 [http-nio-8080-exec-7] [DEBUG] o.s.security.web.FilterChainProxy - Secured GET /images/advertisementSale/8712f027-90a6-4f31-aeed-9b8fbd323086_Снимок экрана (8).png
2025-04-17 01:04:50 [http-nio-8080-exec-10] [DEBUG] o.s.security.web.FilterChainProxy - Secured GET /images/advertisementSale/0673bdb4-3423-44e8-8636-a66497d7ab52_photo_2024-12-23_22-18-01.jpg
2025-04-17 01:04:50 [http-nio-8080-exec-6] [DEBUG] o.s.security.web.FilterChainProxy - Secured GET /images/advertisementSale/f11f04c5-71bc-4048-ad70-323ba1188611_Снимок экрана (2).png
2025-04-17 01:04:50 [http-nio-8080-exec-1] [DEBUG] o.s.security.web.FilterChainProxy - Securing GET /images/advertisementSale/770d16f9-e061-46fc-94e4-17e8e3e3588a_photo_2024-12-23_22-18-11.jpg
2025-04-17 01:04:50 [http-nio-8080-exec-1] [DEBUG] o.s.s.w.c.HttpSessionSecurityContextRepository - Retrieved SecurityContextImpl [Authentication=OAuth2AuthenticationToken [Principal=Name: [107234087105093742255], Granted Authorities: [[OIDC_USER, SCOPE_https://www.googleapis.com/auth/userinfo.email, SCOPE_https://www.googleapis.com/auth/userinfo.profile, SCOPE_openid]], User Attributes: [{at_hash=D05y8WM0mlpixJgpuakpnA, sub=107234087105093742255, email_verified=true, iss=https://accounts.google.com, given_name=Павел, nonce=8Qt59fWYfMeFQUA2_SVF6J9Has2Kz6h3Ub85vX-P0T0, picture=https://lh3.googleusercontent.com/a/ACg8ocJJoh9jonlTH61VWgvXCiXb0zCDjifGZZtZ30sCErS3N5ntDw=s96-c, aud=[909915657042-l07l5jl8r3v54r15k12hp7vev9dor6r7.apps.googleusercontent.com], azp=909915657042-l07l5jl8r3v54r15k12hp7vev9dor6r7.apps.googleusercontent.com, name=Павел Королев, exp=2025-04-16T23:04:49Z, family_name=Королев, iat=2025-04-16T22:04:49Z, email=passapdom@gmail.com}], Credentials=[PROTECTED], Authenticated=true, Details=WebAuthenticationDetails [RemoteIpAddress=0:0:0:0:0:0:0:1, SessionId=18FC5C86CA7512B4994A46339D0A1603], Granted Authorities=[OIDC_USER, SCOPE_https://www.googleapis.com/auth/userinfo.email, SCOPE_https://www.googleapis.com/auth/userinfo.profile, SCOPE_openid]]]
2025-04-17 01:04:50 [http-nio-8080-exec-1] [DEBUG] o.s.s.w.a.i.FilterSecurityInterceptor - Authorized filter invocation [GET /images/advertisementSale/770d16f9-e061-46fc-94e4-17e8e3e3588a_photo_2024-12-23_22-18-11.jpg] with attributes [permitAll]
2025-04-17 01:04:50 [http-nio-8080-exec-1] [DEBUG] o.s.security.web.FilterChainProxy - Secured GET /images/advertisementSale/770d16f9-e061-46fc-94e4-17e8e3e3588a_photo_2024-12-23_22-18-11.jpg
2025-04-17 01:04:50 [http-nio-8080-exec-8] [DEBUG] o.s.security.web.FilterChainProxy - Securing GET /images/advertisementSale/15c13dfd-2da8-4565-ae8d-d9857bb9f550_photo_2024-12-23_22-17-54.jpg
2025-04-17 01:04:50 [http-nio-8080-exec-8] [DEBUG] o.s.s.w.c.HttpSessionSecurityContextRepository - Retrieved SecurityContextImpl [Authentication=OAuth2AuthenticationToken [Principal=Name: [107234087105093742255], Granted Authorities: [[OIDC_USER, SCOPE_https://www.googleapis.com/auth/userinfo.email, SCOPE_https://www.googleapis.com/auth/userinfo.profile, SCOPE_openid]], User Attributes: [{at_hash=D05y8WM0mlpixJgpuakpnA, sub=107234087105093742255, email_verified=true, iss=https://accounts.google.com, given_name=Павел, nonce=8Qt59fWYfMeFQUA2_SVF6J9Has2Kz6h3Ub85vX-P0T0, picture=https://lh3.googleusercontent.com/a/ACg8ocJJoh9jonlTH61VWgvXCiXb0zCDjifGZZtZ30sCErS3N5ntDw=s96-c, aud=[909915657042-l07l5jl8r3v54r15k12hp7vev9dor6r7.apps.googleusercontent.com], azp=909915657042-l07l5jl8r3v54r15k12hp7vev9dor6r7.apps.googleusercontent.com, name=Павел Королев, exp=2025-04-16T23:04:49Z, family_name=Королев, iat=2025-04-16T22:04:49Z, email=passapdom@gmail.com}], Credentials=[PROTECTED], Authenticated=true, Details=WebAuthenticationDetails [RemoteIpAddress=0:0:0:0:0:0:0:1, SessionId=18FC5C86CA7512B4994A46339D0A1603], Granted Authorities=[OIDC_USER, SCOPE_https://www.googleapis.com/auth/userinfo.email, SCOPE_https://www.googleapis.com/auth/userinfo.profile, SCOPE_openid]]]
2025-04-17 01:04:50 [http-nio-8080-exec-8] [DEBUG] o.s.s.w.a.i.FilterSecurityInterceptor - Authorized filter invocation [GET /images/advertisementSale/15c13dfd-2da8-4565-ae8d-d9857bb9f550_photo_2024-12-23_22-17-54.jpg] with attributes [permitAll]
2025-04-17 01:04:50 [http-nio-8080-exec-8] [DEBUG] o.s.security.web.FilterChainProxy - Secured GET /images/advertisementSale/15c13dfd-2da8-4565-ae8d-d9857bb9f550_photo_2024-12-23_22-17-54.jpg
2025-04-17 01:04:50 [http-nio-8080-exec-2] [DEBUG] o.s.security.web.FilterChainProxy - Securing GET /images/advertisementSale/2703da27-c848-4e9d-a261-4d33ee79f79c_photo_2024-12-23_22-17-59.jpg
2025-04-17 01:04:50 [http-nio-8080-exec-4] [DEBUG] o.s.security.web.FilterChainProxy - Securing GET /images/advertisementSale/6d439031-8c11-4cfd-9007-7047bd94ec62_photo_2024-12-23_22-18-10.jpg
2025-04-17 01:04:50 [http-nio-8080-exec-2] [DEBUG] o.s.s.w.c.HttpSessionSecurityContextRepository - Retrieved SecurityContextImpl [Authentication=OAuth2AuthenticationToken [Principal=Name: [107234087105093742255], Granted Authorities: [[OIDC_USER, SCOPE_https://www.googleapis.com/auth/userinfo.email, SCOPE_https://www.googleapis.com/auth/userinfo.profile, SCOPE_openid]], User Attributes: [{at_hash=D05y8WM0mlpixJgpuakpnA, sub=107234087105093742255, email_verified=true, iss=https://accounts.google.com, given_name=Павел, nonce=8Qt59fWYfMeFQUA2_SVF6J9Has2Kz6h3Ub85vX-P0T0, picture=https://lh3.googleusercontent.com/a/ACg8ocJJoh9jonlTH61VWgvXCiXb0zCDjifGZZtZ30sCErS3N5ntDw=s96-c, aud=[909915657042-l07l5jl8r3v54r15k12hp7vev9dor6r7.apps.googleusercontent.com], azp=909915657042-l07l5jl8r3v54r15k12hp7vev9dor6r7.apps.googleusercontent.com, name=Павел Королев, exp=2025-04-16T23:04:49Z, family_name=Королев, iat=2025-04-16T22:04:49Z, email=passapdom@gmail.com}], Credentials=[PROTECTED], Authenticated=true, Details=WebAuthenticationDetails [RemoteIpAddress=0:0:0:0:0:0:0:1, SessionId=18FC5C86CA7512B4994A46339D0A1603], Granted Authorities=[OIDC_USER, SCOPE_https://www.googleapis.com/auth/userinfo.email, SCOPE_https://www.googleapis.com/auth/userinfo.profile, SCOPE_openid]]]
2025-04-17 01:04:50 [http-nio-8080-exec-4] [DEBUG] o.s.s.w.c.HttpSessionSecurityContextRepository - Retrieved SecurityContextImpl [Authentication=OAuth2AuthenticationToken [Principal=Name: [107234087105093742255], Granted Authorities: [[OIDC_USER, SCOPE_https://www.googleapis.com/auth/userinfo.email, SCOPE_https://www.googleapis.com/auth/userinfo.profile, SCOPE_openid]], User Attributes: [{at_hash=D05y8WM0mlpixJgpuakpnA, sub=107234087105093742255, email_verified=true, iss=https://accounts.google.com, given_name=Павел, nonce=8Qt59fWYfMeFQUA2_SVF6J9Has2Kz6h3Ub85vX-P0T0, picture=https://lh3.googleusercontent.com/a/ACg8ocJJoh9jonlTH61VWgvXCiXb0zCDjifGZZtZ30sCErS3N5ntDw=s96-c, aud=[909915657042-l07l5jl8r3v54r15k12hp7vev9dor6r7.apps.googleusercontent.com], azp=909915657042-l07l5jl8r3v54r15k12hp7vev9dor6r7.apps.googleusercontent.com, name=Павел Королев, exp=2025-04-16T23:04:49Z, family_name=Королев, iat=2025-04-16T22:04:49Z, email=passapdom@gmail.com}], Credentials=[PROTECTED], Authenticated=true, Details=WebAuthenticationDetails [RemoteIpAddress=0:0:0:0:0:0:0:1, SessionId=18FC5C86CA7512B4994A46339D0A1603], Granted Authorities=[OIDC_USER, SCOPE_https://www.googleapis.com/auth/userinfo.email, SCOPE_https://www.googleapis.com/auth/userinfo.profile, SCOPE_openid]]]
2025-04-17 01:04:50 [http-nio-8080-exec-3] [DEBUG] o.s.security.web.FilterChainProxy - Securing GET /images/advertisementSale/e63bba72-f8b1-4ec8-b621-657fbcd7b1e3_kozelsk.jpg
2025-04-17 01:04:50 [http-nio-8080-exec-2] [DEBUG] o.s.s.w.a.i.FilterSecurityInterceptor - Authorized filter invocation [GET /images/advertisementSale/2703da27-c848-4e9d-a261-4d33ee79f79c_photo_2024-12-23_22-17-59.jpg] with attributes [permitAll]
2025-04-17 01:04:50 [http-nio-8080-exec-4] [DEBUG] o.s.s.w.a.i.FilterSecurityInterceptor - Authorized filter invocation [GET /images/advertisementSale/6d439031-8c11-4cfd-9007-7047bd94ec62_photo_2024-12-23_22-18-10.jpg] with attributes [permitAll]
2025-04-17 01:04:50 [http-nio-8080-exec-2] [DEBUG] o.s.security.web.FilterChainProxy - Secured GET /images/advertisementSale/2703da27-c848-4e9d-a261-4d33ee79f79c_photo_2024-12-23_22-17-59.jpg
2025-04-17 01:04:50 [http-nio-8080-exec-4] [DEBUG] o.s.security.web.FilterChainProxy - Secured GET /images/advertisementSale/6d439031-8c11-4cfd-9007-7047bd94ec62_photo_2024-12-23_22-18-10.jpg
2025-04-17 01:04:50 [http-nio-8080-exec-3] [DEBUG] o.s.s.w.c.HttpSessionSecurityContextRepository - Retrieved SecurityContextImpl [Authentication=OAuth2AuthenticationToken [Principal=Name: [107234087105093742255], Granted Authorities: [[OIDC_USER, SCOPE_https://www.googleapis.com/auth/userinfo.email, SCOPE_https://www.googleapis.com/auth/userinfo.profile, SCOPE_openid]], User Attributes: [{at_hash=D05y8WM0mlpixJgpuakpnA, sub=107234087105093742255, email_verified=true, iss=https://accounts.google.com, given_name=Павел, nonce=8Qt59fWYfMeFQUA2_SVF6J9Has2Kz6h3Ub85vX-P0T0, picture=https://lh3.googleusercontent.com/a/ACg8ocJJoh9jonlTH61VWgvXCiXb0zCDjifGZZtZ30sCErS3N5ntDw=s96-c, aud=[909915657042-l07l5jl8r3v54r15k12hp7vev9dor6r7.apps.googleusercontent.com], azp=909915657042-l07l5jl8r3v54r15k12hp7vev9dor6r7.apps.googleusercontent.com, name=Павел Королев, exp=2025-04-16T23:04:49Z, family_name=Королев, iat=2025-04-16T22:04:49Z, email=passapdom@gmail.com}], Credentials=[PROTECTED], Authenticated=true, Details=WebAuthenticationDetails [RemoteIpAddress=0:0:0:0:0:0:0:1, SessionId=18FC5C86CA7512B4994A46339D0A1603], Granted Authorities=[OIDC_USER, SCOPE_https://www.googleapis.com/auth/userinfo.email, SCOPE_https://www.googleapis.com/auth/userinfo.profile, SCOPE_openid]]]
2025-04-17 01:04:50 [http-nio-8080-exec-9] [DEBUG] o.s.security.web.FilterChainProxy - Securing GET /images/advertisementRent/809047fb-7261-497f-b19e-b208d4480210_photo_2024-12-23_22-17-57.jpg
2025-04-17 01:04:50 [http-nio-8080-exec-3] [DEBUG] o.s.s.w.a.i.FilterSecurityInterceptor - Authorized filter invocation [GET /images/advertisementSale/e63bba72-f8b1-4ec8-b621-657fbcd7b1e3_kozelsk.jpg] with attributes [permitAll]
2025-04-17 01:04:50 [http-nio-8080-exec-3] [DEBUG] o.s.security.web.FilterChainProxy - Secured GET /images/advertisementSale/e63bba72-f8b1-4ec8-b621-657fbcd7b1e3_kozelsk.jpg
2025-04-17 01:04:50 [http-nio-8080-exec-9] [DEBUG] o.s.s.w.c.HttpSessionSecurityContextRepository - Retrieved SecurityContextImpl [Authentication=OAuth2AuthenticationToken [Principal=Name: [107234087105093742255], Granted Authorities: [[OIDC_USER, SCOPE_https://www.googleapis.com/auth/userinfo.email, SCOPE_https://www.googleapis.com/auth/userinfo.profile, SCOPE_openid]], User Attributes: [{at_hash=D05y8WM0mlpixJgpuakpnA, sub=107234087105093742255, email_verified=true, iss=https://accounts.google.com, given_name=Павел, nonce=8Qt59fWYfMeFQUA2_SVF6J9Has2Kz6h3Ub85vX-P0T0, picture=https://lh3.googleusercontent.com/a/ACg8ocJJoh9jonlTH61VWgvXCiXb0zCDjifGZZtZ30sCErS3N5ntDw=s96-c, aud=[909915657042-l07l5jl8r3v54r15k12hp7vev9dor6r7.apps.googleusercontent.com], azp=909915657042-l07l5jl8r3v54r15k12hp7vev9dor6r7.apps.googleusercontent.com, name=Павел Королев, exp=2025-04-16T23:04:49Z, family_name=Королев, iat=2025-04-16T22:04:49Z, email=passapdom@gmail.com}], Credentials=[PROTECTED], Authenticated=true, Details=WebAuthenticationDetails [RemoteIpAddress=0:0:0:0:0:0:0:1, SessionId=18FC5C86CA7512B4994A46339D0A1603], Granted Authorities=[OIDC_USER, SCOPE_https://www.googleapis.com/auth/userinfo.email, SCOPE_https://www.googleapis.com/auth/userinfo.profile, SCOPE_openid]]]
2025-04-17 01:04:50 [http-nio-8080-exec-9] [DEBUG] o.s.s.w.a.i.FilterSecurityInterceptor - Authorized filter invocation [GET /images/advertisementRent/809047fb-7261-497f-b19e-b208d4480210_photo_2024-12-23_22-17-57.jpg] with attributes [permitAll]
2025-04-17 01:04:50 [http-nio-8080-exec-9] [DEBUG] o.s.security.web.FilterChainProxy - Secured GET /images/advertisementRent/809047fb-7261-497f-b19e-b208d4480210_photo_2024-12-23_22-17-57.jpg
2025-04-17 01:04:50 [http-nio-8080-exec-10] [DEBUG] o.s.security.web.FilterChainProxy - Securing GET /images/advertisementRent/b02c42b7-b608-4169-93f2-7ad28d186517_photo_2024-12-23_22-18-01.jpg
2025-04-17 01:04:50 [http-nio-8080-exec-10] [DEBUG] o.s.s.w.c.HttpSessionSecurityContextRepository - Retrieved SecurityContextImpl [Authentication=OAuth2AuthenticationToken [Principal=Name: [107234087105093742255], Granted Authorities: [[OIDC_USER, SCOPE_https://www.googleapis.com/auth/userinfo.email, SCOPE_https://www.googleapis.com/auth/userinfo.profile, SCOPE_openid]], User Attributes: [{at_hash=D05y8WM0mlpixJgpuakpnA, sub=107234087105093742255, email_verified=true, iss=https://accounts.google.com, given_name=Павел, nonce=8Qt59fWYfMeFQUA2_SVF6J9Has2Kz6h3Ub85vX-P0T0, picture=https://lh3.googleusercontent.com/a/ACg8ocJJoh9jonlTH61VWgvXCiXb0zCDjifGZZtZ30sCErS3N5ntDw=s96-c, aud=[909915657042-l07l5jl8r3v54r15k12hp7vev9dor6r7.apps.googleusercontent.com], azp=909915657042-l07l5jl8r3v54r15k12hp7vev9dor6r7.apps.googleusercontent.com, name=Павел Королев, exp=2025-04-16T23:04:49Z, family_name=Королев, iat=2025-04-16T22:04:49Z, email=passapdom@gmail.com}], Credentials=[PROTECTED], Authenticated=true, Details=WebAuthenticationDetails [RemoteIpAddress=0:0:0:0:0:0:0:1, SessionId=18FC5C86CA7512B4994A46339D0A1603], Granted Authorities=[OIDC_USER, SCOPE_https://www.googleapis.com/auth/userinfo.email, SCOPE_https://www.googleapis.com/auth/userinfo.profile, SCOPE_openid]]]
2025-04-17 01:04:50 [http-nio-8080-exec-5] [DEBUG] o.s.security.web.FilterChainProxy - Securing GET /images/advertisementRent/da667149-470d-4844-94d9-c5a37db0ed63_photo_2024-12-23_22-18-05.jpg
2025-04-17 01:04:50 [http-nio-8080-exec-10] [DEBUG] o.s.s.w.a.i.FilterSecurityInterceptor - Authorized filter invocation [GET /images/advertisementRent/b02c42b7-b608-4169-93f2-7ad28d186517_photo_2024-12-23_22-18-01.jpg] with attributes [permitAll]
2025-04-17 01:04:50 [http-nio-8080-exec-10] [DEBUG] o.s.security.web.FilterChainProxy - Secured GET /images/advertisementRent/b02c42b7-b608-4169-93f2-7ad28d186517_photo_2024-12-23_22-18-01.jpg
2025-04-17 01:04:50 [http-nio-8080-exec-5] [DEBUG] o.s.s.w.c.HttpSessionSecurityContextRepository - Retrieved SecurityContextImpl [Authentication=OAuth2AuthenticationToken [Principal=Name: [107234087105093742255], Granted Authorities: [[OIDC_USER, SCOPE_https://www.googleapis.com/auth/userinfo.email, SCOPE_https://www.googleapis.com/auth/userinfo.profile, SCOPE_openid]], User Attributes: [{at_hash=D05y8WM0mlpixJgpuakpnA, sub=107234087105093742255, email_verified=true, iss=https://accounts.google.com, given_name=Павел, nonce=8Qt59fWYfMeFQUA2_SVF6J9Has2Kz6h3Ub85vX-P0T0, picture=https://lh3.googleusercontent.com/a/ACg8ocJJoh9jonlTH61VWgvXCiXb0zCDjifGZZtZ30sCErS3N5ntDw=s96-c, aud=[909915657042-l07l5jl8r3v54r15k12hp7vev9dor6r7.apps.googleusercontent.com], azp=909915657042-l07l5jl8r3v54r15k12hp7vev9dor6r7.apps.googleusercontent.com, name=Павел Королев, exp=2025-04-16T23:04:49Z, family_name=Королев, iat=2025-04-16T22:04:49Z, email=passapdom@gmail.com}], Credentials=[PROTECTED], Authenticated=true, Details=WebAuthenticationDetails [RemoteIpAddress=0:0:0:0:0:0:0:1, SessionId=18FC5C86CA7512B4994A46339D0A1603], Granted Authorities=[OIDC_USER, SCOPE_https://www.googleapis.com/auth/userinfo.email, SCOPE_https://www.googleapis.com/auth/userinfo.profile, SCOPE_openid]]]
2025-04-17 01:04:50 [http-nio-8080-exec-5] [DEBUG] o.s.s.w.a.i.FilterSecurityInterceptor - Authorized filter invocation [GET /images/advertisementRent/da667149-470d-4844-94d9-c5a37db0ed63_photo_2024-12-23_22-18-05.jpg] with attributes [permitAll]
2025-04-17 01:04:50 [http-nio-8080-exec-5] [DEBUG] o.s.security.web.FilterChainProxy - Secured GET /images/advertisementRent/da667149-470d-4844-94d9-c5a37db0ed63_photo_2024-12-23_22-18-05.jpg
2025-04-17 01:04:50 [http-nio-8080-exec-7] [DEBUG] o.s.security.web.FilterChainProxy - Securing GET /images/advertisementRent/0a1031cd-43b5-4402-87eb-04fa80f00918_photo_2024-12-23_22-18-03.jpg
2025-04-17 01:04:50 [http-nio-8080-exec-7] [DEBUG] o.s.s.w.c.HttpSessionSecurityContextRepository - Retrieved SecurityContextImpl [Authentication=OAuth2AuthenticationToken [Principal=Name: [107234087105093742255], Granted Authorities: [[OIDC_USER, SCOPE_https://www.googleapis.com/auth/userinfo.email, SCOPE_https://www.googleapis.com/auth/userinfo.profile, SCOPE_openid]], User Attributes: [{at_hash=D05y8WM0mlpixJgpuakpnA, sub=107234087105093742255, email_verified=true, iss=https://accounts.google.com, given_name=Павел, nonce=8Qt59fWYfMeFQUA2_SVF6J9Has2Kz6h3Ub85vX-P0T0, picture=https://lh3.googleusercontent.com/a/ACg8ocJJoh9jonlTH61VWgvXCiXb0zCDjifGZZtZ30sCErS3N5ntDw=s96-c, aud=[909915657042-l07l5jl8r3v54r15k12hp7vev9dor6r7.apps.googleusercontent.com], azp=909915657042-l07l5jl8r3v54r15k12hp7vev9dor6r7.apps.googleusercontent.com, name=Павел Королев, exp=2025-04-16T23:04:49Z, family_name=Королев, iat=2025-04-16T22:04:49Z, email=passapdom@gmail.com}], Credentials=[PROTECTED], Authenticated=true, Details=WebAuthenticationDetails [RemoteIpAddress=0:0:0:0:0:0:0:1, SessionId=18FC5C86CA7512B4994A46339D0A1603], Granted Authorities=[OIDC_USER, SCOPE_https://www.googleapis.com/auth/userinfo.email, SCOPE_https://www.googleapis.com/auth/userinfo.profile, SCOPE_openid]]]
2025-04-17 01:04:50 [http-nio-8080-exec-7] [DEBUG] o.s.s.w.a.i.FilterSecurityInterceptor - Authorized filter invocation [GET /images/advertisementRent/0a1031cd-43b5-4402-87eb-04fa80f00918_photo_2024-12-23_22-18-03.jpg] with attributes [permitAll]
2025-04-17 01:04:50 [http-nio-8080-exec-7] [DEBUG] o.s.security.web.FilterChainProxy - Secured GET /images/advertisementRent/0a1031cd-43b5-4402-87eb-04fa80f00918_photo_2024-12-23_22-18-03.jpg
2025-04-17 01:04:52 [http-nio-8080-exec-1] [DEBUG] o.s.security.web.FilterChainProxy - Securing GET /excursion
2025-04-17 01:04:52 [http-nio-8080-exec-1] [DEBUG] o.s.s.w.c.HttpSessionSecurityContextRepository - Retrieved SecurityContextImpl [Authentication=OAuth2AuthenticationToken [Principal=Name: [107234087105093742255], Granted Authorities: [[OIDC_USER, SCOPE_https://www.googleapis.com/auth/userinfo.email, SCOPE_https://www.googleapis.com/auth/userinfo.profile, SCOPE_openid]], User Attributes: [{at_hash=D05y8WM0mlpixJgpuakpnA, sub=107234087105093742255, email_verified=true, iss=https://accounts.google.com, given_name=Павел, nonce=8Qt59fWYfMeFQUA2_SVF6J9Has2Kz6h3Ub85vX-P0T0, picture=https://lh3.googleusercontent.com/a/ACg8ocJJoh9jonlTH61VWgvXCiXb0zCDjifGZZtZ30sCErS3N5ntDw=s96-c, aud=[909915657042-l07l5jl8r3v54r15k12hp7vev9dor6r7.apps.googleusercontent.com], azp=909915657042-l07l5jl8r3v54r15k12hp7vev9dor6r7.apps.googleusercontent.com, name=Павел Королев, exp=2025-04-16T23:04:49Z, family_name=Королев, iat=2025-04-16T22:04:49Z, email=passapdom@gmail.com}], Credentials=[PROTECTED], Authenticated=true, Details=WebAuthenticationDetails [RemoteIpAddress=0:0:0:0:0:0:0:1, SessionId=18FC5C86CA7512B4994A46339D0A1603], Granted Authorities=[OIDC_USER, SCOPE_https://www.googleapis.com/auth/userinfo.email, SCOPE_https://www.googleapis.com/auth/userinfo.profile, SCOPE_openid]]]
2025-04-17 01:04:52 [http-nio-8080-exec-1] [DEBUG] o.s.s.w.a.i.FilterSecurityInterceptor - Authorized filter invocation [GET /excursion] with attributes [permitAll]
2025-04-17 01:04:52 [http-nio-8080-exec-1] [DEBUG] o.s.security.web.FilterChainProxy - Secured GET /excursion
2025-04-17 01:04:52 [http-nio-8080-exec-1] [INFO] r.k.a.u.s.CheckAuthorizeService - checkAdmin is starting, principal: OAuth2AuthenticationToken [Principal=Name: [107234087105093742255], Granted Authorities: [[OIDC_USER, SCOPE_https://www.googleapis.com/auth/userinfo.email, SCOPE_https://www.googleapis.com/auth/userinfo.profile, SCOPE_openid]], User Attributes: [{at_hash=D05y8WM0mlpixJgpuakpnA, sub=107234087105093742255, email_verified=true, iss=https://accounts.google.com, given_name=Павел, nonce=8Qt59fWYfMeFQUA2_SVF6J9Has2Kz6h3Ub85vX-P0T0, picture=https://lh3.googleusercontent.com/a/ACg8ocJJoh9jonlTH61VWgvXCiXb0zCDjifGZZtZ30sCErS3N5ntDw=s96-c, aud=[909915657042-l07l5jl8r3v54r15k12hp7vev9dor6r7.apps.googleusercontent.com], azp=909915657042-l07l5jl8r3v54r15k12hp7vev9dor6r7.apps.googleusercontent.com, name=Павел Королев, exp=2025-04-16T23:04:49Z, family_name=Королев, iat=2025-04-16T22:04:49Z, email=passapdom@gmail.com}], Credentials=[PROTECTED], Authenticated=true, Details=WebAuthenticationDetails [RemoteIpAddress=0:0:0:0:0:0:0:1, SessionId=18FC5C86CA7512B4994A46339D0A1603], Granted Authorities=[OIDC_USER, SCOPE_https://www.googleapis.com/auth/userinfo.email, SCOPE_https://www.googleapis.com/auth/userinfo.profile, SCOPE_openid]]
2025-04-17 01:04:52 [http-nio-8080-exec-1] [INFO] r.k.a.u.s.CheckAuthorizeService - checkAdmin: principal != null
2025-04-17 01:04:52 [http-nio-8080-exec-1] [INFO] r.k.a.u.s.CheckAuthorizeService - Principal is OAuth2AuthenticationToken
2025-04-17 01:04:52 [http-nio-8080-exec-1] [INFO] r.k.a.u.s.CheckAuthorizeService - Checking admin rights for email: passapdom@gmail.com
2025-04-17 01:04:52 [http-nio-8080-exec-1] [INFO] r.k.a.u.s.CheckAuthorizeService - User roles: [ADMIN]
2025-04-17 01:04:52 [http-nio-8080-exec-8] [DEBUG] o.s.security.web.FilterChainProxy - Securing GET /img/logo_alliance.png
2025-04-17 01:04:52 [http-nio-8080-exec-6] [DEBUG] o.s.security.web.FilterChainProxy - Securing GET /css/styles.css
2025-04-17 01:04:52 [http-nio-8080-exec-6] [DEBUG] o.s.s.w.c.HttpSessionSecurityContextRepository - Retrieved SecurityContextImpl [Authentication=OAuth2AuthenticationToken [Principal=Name: [107234087105093742255], Granted Authorities: [[OIDC_USER, SCOPE_https://www.googleapis.com/auth/userinfo.email, SCOPE_https://www.googleapis.com/auth/userinfo.profile, SCOPE_openid]], User Attributes: [{at_hash=D05y8WM0mlpixJgpuakpnA, sub=107234087105093742255, email_verified=true, iss=https://accounts.google.com, given_name=Павел, nonce=8Qt59fWYfMeFQUA2_SVF6J9Has2Kz6h3Ub85vX-P0T0, picture=https://lh3.googleusercontent.com/a/ACg8ocJJoh9jonlTH61VWgvXCiXb0zCDjifGZZtZ30sCErS3N5ntDw=s96-c, aud=[909915657042-l07l5jl8r3v54r15k12hp7vev9dor6r7.apps.googleusercontent.com], azp=909915657042-l07l5jl8r3v54r15k12hp7vev9dor6r7.apps.googleusercontent.com, name=Павел Королев, exp=2025-04-16T23:04:49Z, family_name=Королев, iat=2025-04-16T22:04:49Z, email=passapdom@gmail.com}], Credentials=[PROTECTED], Authenticated=true, Details=WebAuthenticationDetails [RemoteIpAddress=0:0:0:0:0:0:0:1, SessionId=18FC5C86CA7512B4994A46339D0A1603], Granted Authorities=[OIDC_USER, SCOPE_https://www.googleapis.com/auth/userinfo.email, SCOPE_https://www.googleapis.com/auth/userinfo.profile, SCOPE_openid]]]
2025-04-17 01:04:52 [http-nio-8080-exec-8] [DEBUG] o.s.s.w.c.HttpSessionSecurityContextRepository - Retrieved SecurityContextImpl [Authentication=OAuth2AuthenticationToken [Principal=Name: [107234087105093742255], Granted Authorities: [[OIDC_USER, SCOPE_https://www.googleapis.com/auth/userinfo.email, SCOPE_https://www.googleapis.com/auth/userinfo.profile, SCOPE_openid]], User Attributes: [{at_hash=D05y8WM0mlpixJgpuakpnA, sub=107234087105093742255, email_verified=true, iss=https://accounts.google.com, given_name=Павел, nonce=8Qt59fWYfMeFQUA2_SVF6J9Has2Kz6h3Ub85vX-P0T0, picture=https://lh3.googleusercontent.com/a/ACg8ocJJoh9jonlTH61VWgvXCiXb0zCDjifGZZtZ30sCErS3N5ntDw=s96-c, aud=[909915657042-l07l5jl8r3v54r15k12hp7vev9dor6r7.apps.googleusercontent.com], azp=909915657042-l07l5jl8r3v54r15k12hp7vev9dor6r7.apps.googleusercontent.com, name=Павел Королев, exp=2025-04-16T23:04:49Z, family_name=Королев, iat=2025-04-16T22:04:49Z, email=passapdom@gmail.com}], Credentials=[PROTECTED], Authenticated=true, Details=WebAuthenticationDetails [RemoteIpAddress=0:0:0:0:0:0:0:1, SessionId=18FC5C86CA7512B4994A46339D0A1603], Granted Authorities=[OIDC_USER, SCOPE_https://www.googleapis.com/auth/userinfo.email, SCOPE_https://www.googleapis.com/auth/userinfo.profile, SCOPE_openid]]]
2025-04-17 01:04:52 [http-nio-8080-exec-6] [DEBUG] o.s.s.w.a.i.FilterSecurityInterceptor - Authorized filter invocation [GET /css/styles.css] with attributes [permitAll]
2025-04-17 01:04:52 [http-nio-8080-exec-8] [DEBUG] o.s.s.w.a.i.FilterSecurityInterceptor - Authorized filter invocation [GET /img/logo_alliance.png] with attributes [permitAll]
2025-04-17 01:04:52 [http-nio-8080-exec-6] [DEBUG] o.s.security.web.FilterChainProxy - Secured GET /css/styles.css
2025-04-17 01:04:52 [http-nio-8080-exec-8] [DEBUG] o.s.security.web.FilterChainProxy - Secured GET /img/logo_alliance.png
2025-04-17 01:04:52 [http-nio-8080-exec-4] [DEBUG] o.s.security.web.FilterChainProxy - Securing GET /images/placeholder.jpg
2025-04-17 01:04:52 [http-nio-8080-exec-9] [DEBUG] o.s.security.web.FilterChainProxy - Securing GET /images/tour/77da970b-1e81-439d-a952-267262094a8c_kozelsk.jpg
2025-04-17 01:04:52 [http-nio-8080-exec-2] [DEBUG] o.s.security.web.FilterChainProxy - Securing GET /img/tour-agency.jpg
2025-04-17 01:04:52 [http-nio-8080-exec-3] [DEBUG] o.s.security.web.FilterChainProxy - Securing GET /images/tour/70efb4f2-568c-40d0-b39f-55ed0ccbc07e_00-Козельск.jpg
2025-04-17 01:04:52 [http-nio-8080-exec-3] [DEBUG] o.s.s.w.c.HttpSessionSecurityContextRepository - Retrieved SecurityContextImpl [Authentication=OAuth2AuthenticationToken [Principal=Name: [107234087105093742255], Granted Authorities: [[OIDC_USER, SCOPE_https://www.googleapis.com/auth/userinfo.email, SCOPE_https://www.googleapis.com/auth/userinfo.profile, SCOPE_openid]], User Attributes: [{at_hash=D05y8WM0mlpixJgpuakpnA, sub=107234087105093742255, email_verified=true, iss=https://accounts.google.com, given_name=Павел, nonce=8Qt59fWYfMeFQUA2_SVF6J9Has2Kz6h3Ub85vX-P0T0, picture=https://lh3.googleusercontent.com/a/ACg8ocJJoh9jonlTH61VWgvXCiXb0zCDjifGZZtZ30sCErS3N5ntDw=s96-c, aud=[909915657042-l07l5jl8r3v54r15k12hp7vev9dor6r7.apps.googleusercontent.com], azp=909915657042-l07l5jl8r3v54r15k12hp7vev9dor6r7.apps.googleusercontent.com, name=Павел Королев, exp=2025-04-16T23:04:49Z, family_name=Королев, iat=2025-04-16T22:04:49Z, email=passapdom@gmail.com}], Credentials=[PROTECTED], Authenticated=true, Details=WebAuthenticationDetails [RemoteIpAddress=0:0:0:0:0:0:0:1, SessionId=18FC5C86CA7512B4994A46339D0A1603], Granted Authorities=[OIDC_USER, SCOPE_https://www.googleapis.com/auth/userinfo.email, SCOPE_https://www.googleapis.com/auth/userinfo.profile, SCOPE_openid]]]
2025-04-17 01:04:52 [http-nio-8080-exec-4] [DEBUG] o.s.s.w.c.HttpSessionSecurityContextRepository - Retrieved SecurityContextImpl [Authentication=OAuth2AuthenticationToken [Principal=Name: [107234087105093742255], Granted Authorities: [[OIDC_USER, SCOPE_https://www.googleapis.com/auth/userinfo.email, SCOPE_https://www.googleapis.com/auth/userinfo.profile, SCOPE_openid]], User Attributes: [{at_hash=D05y8WM0mlpixJgpuakpnA, sub=107234087105093742255, email_verified=true, iss=https://accounts.google.com, given_name=Павел, nonce=8Qt59fWYfMeFQUA2_SVF6J9Has2Kz6h3Ub85vX-P0T0, picture=https://lh3.googleusercontent.com/a/ACg8ocJJoh9jonlTH61VWgvXCiXb0zCDjifGZZtZ30sCErS3N5ntDw=s96-c, aud=[909915657042-l07l5jl8r3v54r15k12hp7vev9dor6r7.apps.googleusercontent.com], azp=909915657042-l07l5jl8r3v54r15k12hp7vev9dor6r7.apps.googleusercontent.com, name=Павел Королев, exp=2025-04-16T23:04:49Z, family_name=Королев, iat=2025-04-16T22:04:49Z, email=passapdom@gmail.com}], Credentials=[PROTECTED], Authenticated=true, Details=WebAuthenticationDetails [RemoteIpAddress=0:0:0:0:0:0:0:1, SessionId=18FC5C86CA7512B4994A46339D0A1603], Granted Authorities=[OIDC_USER, SCOPE_https://www.googleapis.com/auth/userinfo.email, SCOPE_https://www.googleapis.com/auth/userinfo.profile, SCOPE_openid]]]
2025-04-17 01:04:52 [http-nio-8080-exec-2] [DEBUG] o.s.s.w.c.HttpSessionSecurityContextRepository - Retrieved SecurityContextImpl [Authentication=OAuth2AuthenticationToken [Principal=Name: [107234087105093742255], Granted Authorities: [[OIDC_USER, SCOPE_https://www.googleapis.com/auth/userinfo.email, SCOPE_https://www.googleapis.com/auth/userinfo.profile, SCOPE_openid]], User Attributes: [{at_hash=D05y8WM0mlpixJgpuakpnA, sub=107234087105093742255, email_verified=true, iss=https://accounts.google.com, given_name=Павел, nonce=8Qt59fWYfMeFQUA2_SVF6J9Has2Kz6h3Ub85vX-P0T0, picture=https://lh3.googleusercontent.com/a/ACg8ocJJoh9jonlTH61VWgvXCiXb0zCDjifGZZtZ30sCErS3N5ntDw=s96-c, aud=[909915657042-l07l5jl8r3v54r15k12hp7vev9dor6r7.apps.googleusercontent.com], azp=909915657042-l07l5jl8r3v54r15k12hp7vev9dor6r7.apps.googleusercontent.com, name=Павел Королев, exp=2025-04-16T23:04:49Z, family_name=Королев, iat=2025-04-16T22:04:49Z, email=passapdom@gmail.com}], Credentials=[PROTECTED], Authenticated=true, Details=WebAuthenticationDetails [RemoteIpAddress=0:0:0:0:0:0:0:1, SessionId=18FC5C86CA7512B4994A46339D0A1603], Granted Authorities=[OIDC_USER, SCOPE_https://www.googleapis.com/auth/userinfo.email, SCOPE_https://www.googleapis.com/auth/userinfo.profile, SCOPE_openid]]]
2025-04-17 01:04:52 [http-nio-8080-exec-9] [DEBUG] o.s.s.w.c.HttpSessionSecurityContextRepository - Retrieved SecurityContextImpl [Authentication=OAuth2AuthenticationToken [Principal=Name: [107234087105093742255], Granted Authorities: [[OIDC_USER, SCOPE_https://www.googleapis.com/auth/userinfo.email, SCOPE_https://www.googleapis.com/auth/userinfo.profile, SCOPE_openid]], User Attributes: [{at_hash=D05y8WM0mlpixJgpuakpnA, sub=107234087105093742255, email_verified=true, iss=https://accounts.google.com, given_name=Павел, nonce=8Qt59fWYfMeFQUA2_SVF6J9Has2Kz6h3Ub85vX-P0T0, picture=https://lh3.googleusercontent.com/a/ACg8ocJJoh9jonlTH61VWgvXCiXb0zCDjifGZZtZ30sCErS3N5ntDw=s96-c, aud=[909915657042-l07l5jl8r3v54r15k12hp7vev9dor6r7.apps.googleusercontent.com], azp=909915657042-l07l5jl8r3v54r15k12hp7vev9dor6r7.apps.googleusercontent.com, name=Павел Королев, exp=2025-04-16T23:04:49Z, family_name=Королев, iat=2025-04-16T22:04:49Z, email=passapdom@gmail.com}], Credentials=[PROTECTED], Authenticated=true, Details=WebAuthenticationDetails [RemoteIpAddress=0:0:0:0:0:0:0:1, SessionId=18FC5C86CA7512B4994A46339D0A1603], Granted Authorities=[OIDC_USER, SCOPE_https://www.googleapis.com/auth/userinfo.email, SCOPE_https://www.googleapis.com/auth/userinfo.profile, SCOPE_openid]]]
2025-04-17 01:04:52 [http-nio-8080-exec-4] [DEBUG] o.s.s.w.a.i.FilterSecurityInterceptor - Authorized filter invocation [GET /images/placeholder.jpg] with attributes [permitAll]
2025-04-17 01:04:52 [http-nio-8080-exec-2] [DEBUG] o.s.s.w.a.i.FilterSecurityInterceptor - Authorized filter invocation [GET /img/tour-agency.jpg] with attributes [permitAll]
2025-04-17 01:04:52 [http-nio-8080-exec-9] [DEBUG] o.s.s.w.a.i.FilterSecurityInterceptor - Authorized filter invocation [GET /images/tour/77da970b-1e81-439d-a952-267262094a8c_kozelsk.jpg] with attributes [permitAll]
2025-04-17 01:04:52 [http-nio-8080-exec-3] [DEBUG] o.s.s.w.a.i.FilterSecurityInterceptor - Authorized filter invocation [GET /images/tour/70efb4f2-568c-40d0-b39f-55ed0ccbc07e_00-Козельск.jpg] with attributes [permitAll]
2025-04-17 01:04:52 [http-nio-8080-exec-4] [DEBUG] o.s.security.web.FilterChainProxy - Secured GET /images/placeholder.jpg
2025-04-17 01:04:52 [http-nio-8080-exec-2] [DEBUG] o.s.security.web.FilterChainProxy - Secured GET /img/tour-agency.jpg
2025-04-17 01:04:52 [http-nio-8080-exec-3] [DEBUG] o.s.security.web.FilterChainProxy - Secured GET /images/tour/70efb4f2-568c-40d0-b39f-55ed0ccbc07e_00-Козельск.jpg
2025-04-17 01:04:52 [http-nio-8080-exec-9] [DEBUG] o.s.security.web.FilterChainProxy - Secured GET /images/tour/77da970b-1e81-439d-a952-267262094a8c_kozelsk.jpg
2025-04-17 01:04:52 [http-nio-8080-exec-4] [DEBUG] o.s.security.web.FilterChainProxy - Securing GET /error
2025-04-17 01:04:52 [http-nio-8080-exec-2] [DEBUG] o.s.security.web.FilterChainProxy - Securing GET /error
2025-04-17 01:04:52 [http-nio-8080-exec-4] [DEBUG] o.s.s.w.c.HttpSessionSecurityContextRepository - Retrieved SecurityContextImpl [Authentication=OAuth2AuthenticationToken [Principal=Name: [107234087105093742255], Granted Authorities: [[OIDC_USER, SCOPE_https://www.googleapis.com/auth/userinfo.email, SCOPE_https://www.googleapis.com/auth/userinfo.profile, SCOPE_openid]], User Attributes: [{at_hash=D05y8WM0mlpixJgpuakpnA, sub=107234087105093742255, email_verified=true, iss=https://accounts.google.com, given_name=Павел, nonce=8Qt59fWYfMeFQUA2_SVF6J9Has2Kz6h3Ub85vX-P0T0, picture=https://lh3.googleusercontent.com/a/ACg8ocJJoh9jonlTH61VWgvXCiXb0zCDjifGZZtZ30sCErS3N5ntDw=s96-c, aud=[909915657042-l07l5jl8r3v54r15k12hp7vev9dor6r7.apps.googleusercontent.com], azp=909915657042-l07l5jl8r3v54r15k12hp7vev9dor6r7.apps.googleusercontent.com, name=Павел Королев, exp=2025-04-16T23:04:49Z, family_name=Королев, iat=2025-04-16T22:04:49Z, email=passapdom@gmail.com}], Credentials=[PROTECTED], Authenticated=true, Details=WebAuthenticationDetails [RemoteIpAddress=0:0:0:0:0:0:0:1, SessionId=18FC5C86CA7512B4994A46339D0A1603], Granted Authorities=[OIDC_USER, SCOPE_https://www.googleapis.com/auth/userinfo.email, SCOPE_https://www.googleapis.com/auth/userinfo.profile, SCOPE_openid]]]
2025-04-17 01:04:52 [http-nio-8080-exec-2] [DEBUG] o.s.s.w.c.HttpSessionSecurityContextRepository - Retrieved SecurityContextImpl [Authentication=OAuth2AuthenticationToken [Principal=Name: [107234087105093742255], Granted Authorities: [[OIDC_USER, SCOPE_https://www.googleapis.com/auth/userinfo.email, SCOPE_https://www.googleapis.com/auth/userinfo.profile, SCOPE_openid]], User Attributes: [{at_hash=D05y8WM0mlpixJgpuakpnA, sub=107234087105093742255, email_verified=true, iss=https://accounts.google.com, given_name=Павел, nonce=8Qt59fWYfMeFQUA2_SVF6J9Has2Kz6h3Ub85vX-P0T0, picture=https://lh3.googleusercontent.com/a/ACg8ocJJoh9jonlTH61VWgvXCiXb0zCDjifGZZtZ30sCErS3N5ntDw=s96-c, aud=[909915657042-l07l5jl8r3v54r15k12hp7vev9dor6r7.apps.googleusercontent.com], azp=909915657042-l07l5jl8r3v54r15k12hp7vev9dor6r7.apps.googleusercontent.com, name=Павел Королев, exp=2025-04-16T23:04:49Z, family_name=Королев, iat=2025-04-16T22:04:49Z, email=passapdom@gmail.com}], Credentials=[PROTECTED], Authenticated=true, Details=WebAuthenticationDetails [RemoteIpAddress=0:0:0:0:0:0:0:1, SessionId=18FC5C86CA7512B4994A46339D0A1603], Granted Authorities=[OIDC_USER, SCOPE_https://www.googleapis.com/auth/userinfo.email, SCOPE_https://www.googleapis.com/auth/userinfo.profile, SCOPE_openid]]]
2025-04-17 01:04:52 [http-nio-8080-exec-4] [DEBUG] o.s.s.w.a.i.FilterSecurityInterceptor - Authorized filter invocation [GET /error] with attributes [permitAll]
2025-04-17 01:04:52 [http-nio-8080-exec-2] [DEBUG] o.s.s.w.a.i.FilterSecurityInterceptor - Authorized filter invocation [GET /error] with attributes [permitAll]
2025-04-17 01:04:52 [http-nio-8080-exec-2] [DEBUG] o.s.security.web.FilterChainProxy - Secured GET /error
2025-04-17 01:04:52 [http-nio-8080-exec-4] [DEBUG] o.s.security.web.FilterChainProxy - Secured GET /error
2025-04-17 01:04:55 [http-nio-8080-exec-10] [DEBUG] o.s.security.web.FilterChainProxy - Securing GET /excursion/tour/7
2025-04-17 01:04:55 [http-nio-8080-exec-10] [DEBUG] o.s.s.w.c.HttpSessionSecurityContextRepository - Retrieved SecurityContextImpl [Authentication=OAuth2AuthenticationToken [Principal=Name: [107234087105093742255], Granted Authorities: [[OIDC_USER, SCOPE_https://www.googleapis.com/auth/userinfo.email, SCOPE_https://www.googleapis.com/auth/userinfo.profile, SCOPE_openid]], User Attributes: [{at_hash=D05y8WM0mlpixJgpuakpnA, sub=107234087105093742255, email_verified=true, iss=https://accounts.google.com, given_name=Павел, nonce=8Qt59fWYfMeFQUA2_SVF6J9Has2Kz6h3Ub85vX-P0T0, picture=https://lh3.googleusercontent.com/a/ACg8ocJJoh9jonlTH61VWgvXCiXb0zCDjifGZZtZ30sCErS3N5ntDw=s96-c, aud=[909915657042-l07l5jl8r3v54r15k12hp7vev9dor6r7.apps.googleusercontent.com], azp=909915657042-l07l5jl8r3v54r15k12hp7vev9dor6r7.apps.googleusercontent.com, name=Павел Королев, exp=2025-04-16T23:04:49Z, family_name=Королев, iat=2025-04-16T22:04:49Z, email=passapdom@gmail.com}], Credentials=[PROTECTED], Authenticated=true, Details=WebAuthenticationDetails [RemoteIpAddress=0:0:0:0:0:0:0:1, SessionId=18FC5C86CA7512B4994A46339D0A1603], Granted Authorities=[OIDC_USER, SCOPE_https://www.googleapis.com/auth/userinfo.email, SCOPE_https://www.googleapis.com/auth/userinfo.profile, SCOPE_openid]]]
2025-04-17 01:04:55 [http-nio-8080-exec-10] [DEBUG] o.s.s.w.a.i.FilterSecurityInterceptor - Authorized filter invocation [GET /excursion/tour/7] with attributes [permitAll]
2025-04-17 01:04:55 [http-nio-8080-exec-10] [DEBUG] o.s.security.web.FilterChainProxy - Secured GET /excursion/tour/7
2025-04-17 01:04:55 [http-nio-8080-exec-10] [INFO] r.k.a.u.s.CheckAuthorizeService - checkAdmin is starting, principal: OAuth2AuthenticationToken [Principal=Name: [107234087105093742255], Granted Authorities: [[OIDC_USER, SCOPE_https://www.googleapis.com/auth/userinfo.email, SCOPE_https://www.googleapis.com/auth/userinfo.profile, SCOPE_openid]], User Attributes: [{at_hash=D05y8WM0mlpixJgpuakpnA, sub=107234087105093742255, email_verified=true, iss=https://accounts.google.com, given_name=Павел, nonce=8Qt59fWYfMeFQUA2_SVF6J9Has2Kz6h3Ub85vX-P0T0, picture=https://lh3.googleusercontent.com/a/ACg8ocJJoh9jonlTH61VWgvXCiXb0zCDjifGZZtZ30sCErS3N5ntDw=s96-c, aud=[909915657042-l07l5jl8r3v54r15k12hp7vev9dor6r7.apps.googleusercontent.com], azp=909915657042-l07l5jl8r3v54r15k12hp7vev9dor6r7.apps.googleusercontent.com, name=Павел Королев, exp=2025-04-16T23:04:49Z, family_name=Королев, iat=2025-04-16T22:04:49Z, email=passapdom@gmail.com}], Credentials=[PROTECTED], Authenticated=true, Details=WebAuthenticationDetails [RemoteIpAddress=0:0:0:0:0:0:0:1, SessionId=18FC5C86CA7512B4994A46339D0A1603], Granted Authorities=[OIDC_USER, SCOPE_https://www.googleapis.com/auth/userinfo.email, SCOPE_https://www.googleapis.com/auth/userinfo.profile, SCOPE_openid]]
2025-04-17 01:04:55 [http-nio-8080-exec-10] [INFO] r.k.a.u.s.CheckAuthorizeService - checkAdmin: principal != null
2025-04-17 01:04:55 [http-nio-8080-exec-10] [INFO] r.k.a.u.s.CheckAuthorizeService - Principal is OAuth2AuthenticationToken
2025-04-17 01:04:55 [http-nio-8080-exec-10] [INFO] r.k.a.u.s.CheckAuthorizeService - Checking admin rights for email: passapdom@gmail.com
2025-04-17 01:04:55 [http-nio-8080-exec-10] [INFO] r.k.a.u.s.CheckAuthorizeService - User roles: [ADMIN]
2025-04-17 01:04:55 [http-nio-8080-exec-5] [DEBUG] o.s.security.web.FilterChainProxy - Securing GET /css/styles.css
2025-04-17 01:04:55 [http-nio-8080-exec-7] [DEBUG] o.s.security.web.FilterChainProxy - Securing GET /img/logo_alliance.png
2025-04-17 01:04:55 [http-nio-8080-exec-1] [DEBUG] o.s.security.web.FilterChainProxy - Securing GET /images/tour/70efb4f2-568c-40d0-b39f-55ed0ccbc07e_00-Козельск.jpg
2025-04-17 01:04:55 [http-nio-8080-exec-1] [DEBUG] o.s.s.w.c.HttpSessionSecurityContextRepository - Retrieved SecurityContextImpl [Authentication=OAuth2AuthenticationToken [Principal=Name: [107234087105093742255], Granted Authorities: [[OIDC_USER, SCOPE_https://www.googleapis.com/auth/userinfo.email, SCOPE_https://www.googleapis.com/auth/userinfo.profile, SCOPE_openid]], User Attributes: [{at_hash=D05y8WM0mlpixJgpuakpnA, sub=107234087105093742255, email_verified=true, iss=https://accounts.google.com, given_name=Павел, nonce=8Qt59fWYfMeFQUA2_SVF6J9Has2Kz6h3Ub85vX-P0T0, picture=https://lh3.googleusercontent.com/a/ACg8ocJJoh9jonlTH61VWgvXCiXb0zCDjifGZZtZ30sCErS3N5ntDw=s96-c, aud=[909915657042-l07l5jl8r3v54r15k12hp7vev9dor6r7.apps.googleusercontent.com], azp=909915657042-l07l5jl8r3v54r15k12hp7vev9dor6r7.apps.googleusercontent.com, name=Павел Королев, exp=2025-04-16T23:04:49Z, family_name=Королев, iat=2025-04-16T22:04:49Z, email=passapdom@gmail.com}], Credentials=[PROTECTED], Authenticated=true, Details=WebAuthenticationDetails [RemoteIpAddress=0:0:0:0:0:0:0:1, SessionId=18FC5C86CA7512B4994A46339D0A1603], Granted Authorities=[OIDC_USER, SCOPE_https://www.googleapis.com/auth/userinfo.email, SCOPE_https://www.googleapis.com/auth/userinfo.profile, SCOPE_openid]]]
2025-04-17 01:04:55 [http-nio-8080-exec-7] [DEBUG] o.s.s.w.c.HttpSessionSecurityContextRepository - Retrieved SecurityContextImpl [Authentication=OAuth2AuthenticationToken [Principal=Name: [107234087105093742255], Granted Authorities: [[OIDC_USER, SCOPE_https://www.googleapis.com/auth/userinfo.email, SCOPE_https://www.googleapis.com/auth/userinfo.profile, SCOPE_openid]], User Attributes: [{at_hash=D05y8WM0mlpixJgpuakpnA, sub=107234087105093742255, email_verified=true, iss=https://accounts.google.com, given_name=Павел, nonce=8Qt59fWYfMeFQUA2_SVF6J9Has2Kz6h3Ub85vX-P0T0, picture=https://lh3.googleusercontent.com/a/ACg8ocJJoh9jonlTH61VWgvXCiXb0zCDjifGZZtZ30sCErS3N5ntDw=s96-c, aud=[909915657042-l07l5jl8r3v54r15k12hp7vev9dor6r7.apps.googleusercontent.com], azp=909915657042-l07l5jl8r3v54r15k12hp7vev9dor6r7.apps.googleusercontent.com, name=Павел Королев, exp=2025-04-16T23:04:49Z, family_name=Королев, iat=2025-04-16T22:04:49Z, email=passapdom@gmail.com}], Credentials=[PROTECTED], Authenticated=true, Details=WebAuthenticationDetails [RemoteIpAddress=0:0:0:0:0:0:0:1, SessionId=18FC5C86CA7512B4994A46339D0A1603], Granted Authorities=[OIDC_USER, SCOPE_https://www.googleapis.com/auth/userinfo.email, SCOPE_https://www.googleapis.com/auth/userinfo.profile, SCOPE_openid]]]
2025-04-17 01:04:55 [http-nio-8080-exec-5] [DEBUG] o.s.s.w.c.HttpSessionSecurityContextRepository - Retrieved SecurityContextImpl [Authentication=OAuth2AuthenticationToken [Principal=Name: [107234087105093742255], Granted Authorities: [[OIDC_USER, SCOPE_https://www.googleapis.com/auth/userinfo.email, SCOPE_https://www.googleapis.com/auth/userinfo.profile, SCOPE_openid]], User Attributes: [{at_hash=D05y8WM0mlpixJgpuakpnA, sub=107234087105093742255, email_verified=true, iss=https://accounts.google.com, given_name=Павел, nonce=8Qt59fWYfMeFQUA2_SVF6J9Has2Kz6h3Ub85vX-P0T0, picture=https://lh3.googleusercontent.com/a/ACg8ocJJoh9jonlTH61VWgvXCiXb0zCDjifGZZtZ30sCErS3N5ntDw=s96-c, aud=[909915657042-l07l5jl8r3v54r15k12hp7vev9dor6r7.apps.googleusercontent.com], azp=909915657042-l07l5jl8r3v54r15k12hp7vev9dor6r7.apps.googleusercontent.com, name=Павел Королев, exp=2025-04-16T23:04:49Z, family_name=Королев, iat=2025-04-16T22:04:49Z, email=passapdom@gmail.com}], Credentials=[PROTECTED], Authenticated=true, Details=WebAuthenticationDetails [RemoteIpAddress=0:0:0:0:0:0:0:1, SessionId=18FC5C86CA7512B4994A46339D0A1603], Granted Authorities=[OIDC_USER, SCOPE_https://www.googleapis.com/auth/userinfo.email, SCOPE_https://www.googleapis.com/auth/userinfo.profile, SCOPE_openid]]]
2025-04-17 01:04:55 [http-nio-8080-exec-5] [DEBUG] o.s.s.w.a.i.FilterSecurityInterceptor - Authorized filter invocation [GET /css/styles.css] with attributes [permitAll]
2025-04-17 01:04:55 [http-nio-8080-exec-7] [DEBUG] o.s.s.w.a.i.FilterSecurityInterceptor - Authorized filter invocation [GET /img/logo_alliance.png] with attributes [permitAll]
2025-04-17 01:04:55 [http-nio-8080-exec-1] [DEBUG] o.s.s.w.a.i.FilterSecurityInterceptor - Authorized filter invocation [GET /images/tour/70efb4f2-568c-40d0-b39f-55ed0ccbc07e_00-Козельск.jpg] with attributes [permitAll]
2025-04-17 01:04:55 [http-nio-8080-exec-5] [DEBUG] o.s.security.web.FilterChainProxy - Secured GET /css/styles.css
2025-04-17 01:04:55 [http-nio-8080-exec-7] [DEBUG] o.s.security.web.FilterChainProxy - Secured GET /img/logo_alliance.png
2025-04-17 01:04:55 [http-nio-8080-exec-1] [DEBUG] o.s.security.web.FilterChainProxy - Secured GET /images/tour/70efb4f2-568c-40d0-b39f-55ed0ccbc07e_00-Козельск.jpg
2025-04-17 01:04:55 [http-nio-8080-exec-6] [DEBUG] o.s.security.web.FilterChainProxy - Securing GET /images/tour/2fda8126-ebe8-4ae8-8cc0-41fba6cc8428_photo_2024-12-23_22-18-01.jpg
2025-04-17 01:04:55 [http-nio-8080-exec-8] [DEBUG] o.s.security.web.FilterChainProxy - Securing GET /images/tour/9a82b164-22ad-4d36-b819-c6f0b357f20e_01.jpg
2025-04-17 01:04:55 [http-nio-8080-exec-9] [DEBUG] o.s.security.web.FilterChainProxy - Securing GET /images/tour/ab411480-0960-49e0-851d-d9a6ee643bbf_photo_2024-12-23_22-18-02.jpg
2025-04-17 01:04:55 [http-nio-8080-exec-3] [DEBUG] o.s.security.web.FilterChainProxy - Securing GET /images/tour/414b0294-d609-404f-b29e-bce0b3a8dd2d_2.jpg
2025-04-17 01:04:55 [http-nio-8080-exec-9] [DEBUG] o.s.s.w.c.HttpSessionSecurityContextRepository - Retrieved SecurityContextImpl [Authentication=OAuth2AuthenticationToken [Principal=Name: [107234087105093742255], Granted Authorities: [[OIDC_USER, SCOPE_https://www.googleapis.com/auth/userinfo.email, SCOPE_https://www.googleapis.com/auth/userinfo.profile, SCOPE_openid]], User Attributes: [{at_hash=D05y8WM0mlpixJgpuakpnA, sub=107234087105093742255, email_verified=true, iss=https://accounts.google.com, given_name=Павел, nonce=8Qt59fWYfMeFQUA2_SVF6J9Has2Kz6h3Ub85vX-P0T0, picture=https://lh3.googleusercontent.com/a/ACg8ocJJoh9jonlTH61VWgvXCiXb0zCDjifGZZtZ30sCErS3N5ntDw=s96-c, aud=[909915657042-l07l5jl8r3v54r15k12hp7vev9dor6r7.apps.googleusercontent.com], azp=909915657042-l07l5jl8r3v54r15k12hp7vev9dor6r7.apps.googleusercontent.com, name=Павел Королев, exp=2025-04-16T23:04:49Z, family_name=Королев, iat=2025-04-16T22:04:49Z, email=passapdom@gmail.com}], Credentials=[PROTECTED], Authenticated=true, Details=WebAuthenticationDetails [RemoteIpAddress=0:0:0:0:0:0:0:1, SessionId=18FC5C86CA7512B4994A46339D0A1603], Granted Authorities=[OIDC_USER, SCOPE_https://www.googleapis.com/auth/userinfo.email, SCOPE_https://www.googleapis.com/auth/userinfo.profile, SCOPE_openid]]]
2025-04-17 01:04:55 [http-nio-8080-exec-6] [DEBUG] o.s.s.w.c.HttpSessionSecurityContextRepository - Retrieved SecurityContextImpl [Authentication=OAuth2AuthenticationToken [Principal=Name: [107234087105093742255], Granted Authorities: [[OIDC_USER, SCOPE_https://www.googleapis.com/auth/userinfo.email, SCOPE_https://www.googleapis.com/auth/userinfo.profile, SCOPE_openid]], User Attributes: [{at_hash=D05y8WM0mlpixJgpuakpnA, sub=107234087105093742255, email_verified=true, iss=https://accounts.google.com, given_name=Павел, nonce=8Qt59fWYfMeFQUA2_SVF6J9Has2Kz6h3Ub85vX-P0T0, picture=https://lh3.googleusercontent.com/a/ACg8ocJJoh9jonlTH61VWgvXCiXb0zCDjifGZZtZ30sCErS3N5ntDw=s96-c, aud=[909915657042-l07l5jl8r3v54r15k12hp7vev9dor6r7.apps.googleusercontent.com], azp=909915657042-l07l5jl8r3v54r15k12hp7vev9dor6r7.apps.googleusercontent.com, name=Павел Королев, exp=2025-04-16T23:04:49Z, family_name=Королев, iat=2025-04-16T22:04:49Z, email=passapdom@gmail.com}], Credentials=[PROTECTED], Authenticated=true, Details=WebAuthenticationDetails [RemoteIpAddress=0:0:0:0:0:0:0:1, SessionId=18FC5C86CA7512B4994A46339D0A1603], Granted Authorities=[OIDC_USER, SCOPE_https://www.googleapis.com/auth/userinfo.email, SCOPE_https://www.googleapis.com/auth/userinfo.profile, SCOPE_openid]]]
2025-04-17 01:04:55 [http-nio-8080-exec-8] [DEBUG] o.s.s.w.c.HttpSessionSecurityContextRepository - Retrieved SecurityContextImpl [Authentication=OAuth2AuthenticationToken [Principal=Name: [107234087105093742255], Granted Authorities: [[OIDC_USER, SCOPE_https://www.googleapis.com/auth/userinfo.email, SCOPE_https://www.googleapis.com/auth/userinfo.profile, SCOPE_openid]], User Attributes: [{at_hash=D05y8WM0mlpixJgpuakpnA, sub=107234087105093742255, email_verified=true, iss=https://accounts.google.com, given_name=Павел, nonce=8Qt59fWYfMeFQUA2_SVF6J9Has2Kz6h3Ub85vX-P0T0, picture=https://lh3.googleusercontent.com/a/ACg8ocJJoh9jonlTH61VWgvXCiXb0zCDjifGZZtZ30sCErS3N5ntDw=s96-c, aud=[909915657042-l07l5jl8r3v54r15k12hp7vev9dor6r7.apps.googleusercontent.com], azp=909915657042-l07l5jl8r3v54r15k12hp7vev9dor6r7.apps.googleusercontent.com, name=Павел Королев, exp=2025-04-16T23:04:49Z, family_name=Королев, iat=2025-04-16T22:04:49Z, email=passapdom@gmail.com}], Credentials=[PROTECTED], Authenticated=true, Details=WebAuthenticationDetails [RemoteIpAddress=0:0:0:0:0:0:0:1, SessionId=18FC5C86CA7512B4994A46339D0A1603], Granted Authorities=[OIDC_USER, SCOPE_https://www.googleapis.com/auth/userinfo.email, SCOPE_https://www.googleapis.com/auth/userinfo.profile, SCOPE_openid]]]
2025-04-17 01:04:55 [http-nio-8080-exec-3] [DEBUG] o.s.s.w.c.HttpSessionSecurityContextRepository - Retrieved SecurityContextImpl [Authentication=OAuth2AuthenticationToken [Principal=Name: [107234087105093742255], Granted Authorities: [[OIDC_USER, SCOPE_https://www.googleapis.com/auth/userinfo.email, SCOPE_https://www.googleapis.com/auth/userinfo.profile, SCOPE_openid]], User Attributes: [{at_hash=D05y8WM0mlpixJgpuakpnA, sub=107234087105093742255, email_verified=true, iss=https://accounts.google.com, given_name=Павел, nonce=8Qt59fWYfMeFQUA2_SVF6J9Has2Kz6h3Ub85vX-P0T0, picture=https://lh3.googleusercontent.com/a/ACg8ocJJoh9jonlTH61VWgvXCiXb0zCDjifGZZtZ30sCErS3N5ntDw=s96-c, aud=[909915657042-l07l5jl8r3v54r15k12hp7vev9dor6r7.apps.googleusercontent.com], azp=909915657042-l07l5jl8r3v54r15k12hp7vev9dor6r7.apps.googleusercontent.com, name=Павел Королев, exp=2025-04-16T23:04:49Z, family_name=Королев, iat=2025-04-16T22:04:49Z, email=passapdom@gmail.com}], Credentials=[PROTECTED], Authenticated=true, Details=WebAuthenticationDetails [RemoteIpAddress=0:0:0:0:0:0:0:1, SessionId=18FC5C86CA7512B4994A46339D0A1603], Granted Authorities=[OIDC_USER, SCOPE_https://www.googleapis.com/auth/userinfo.email, SCOPE_https://www.googleapis.com/auth/userinfo.profile, SCOPE_openid]]]
2025-04-17 01:04:55 [http-nio-8080-exec-6] [DEBUG] o.s.s.w.a.i.FilterSecurityInterceptor - Authorized filter invocation [GET /images/tour/2fda8126-ebe8-4ae8-8cc0-41fba6cc8428_photo_2024-12-23_22-18-01.jpg] with attributes [permitAll]
2025-04-17 01:04:55 [http-nio-8080-exec-9] [DEBUG] o.s.s.w.a.i.FilterSecurityInterceptor - Authorized filter invocation [GET /images/tour/ab411480-0960-49e0-851d-d9a6ee643bbf_photo_2024-12-23_22-18-02.jpg] with attributes [permitAll]
2025-04-17 01:04:55 [http-nio-8080-exec-8] [DEBUG] o.s.s.w.a.i.FilterSecurityInterceptor - Authorized filter invocation [GET /images/tour/9a82b164-22ad-4d36-b819-c6f0b357f20e_01.jpg] with attributes [permitAll]
2025-04-17 01:04:55 [http-nio-8080-exec-3] [DEBUG] o.s.s.w.a.i.FilterSecurityInterceptor - Authorized filter invocation [GET /images/tour/414b0294-d609-404f-b29e-bce0b3a8dd2d_2.jpg] with attributes [permitAll]
2025-04-17 01:04:55 [http-nio-8080-exec-6] [DEBUG] o.s.security.web.FilterChainProxy - Secured GET /images/tour/2fda8126-ebe8-4ae8-8cc0-41fba6cc8428_photo_2024-12-23_22-18-01.jpg
2025-04-17 01:04:55 [http-nio-8080-exec-9] [DEBUG] o.s.security.web.FilterChainProxy - Secured GET /images/tour/ab411480-0960-49e0-851d-d9a6ee643bbf_photo_2024-12-23_22-18-02.jpg
2025-04-17 01:04:55 [http-nio-8080-exec-8] [DEBUG] o.s.security.web.FilterChainProxy - Secured GET /images/tour/9a82b164-22ad-4d36-b819-c6f0b357f20e_01.jpg
2025-04-17 01:04:55 [http-nio-8080-exec-3] [DEBUG] o.s.security.web.FilterChainProxy - Secured GET /images/tour/414b0294-d609-404f-b29e-bce0b3a8dd2d_2.jpg
2025-04-17 01:10:36 [SpringApplicationShutdownHook] [INFO] o.s.o.j.LocalContainerEntityManagerFactoryBean - Closing JPA EntityManagerFactory for persistence unit 'default'
2025-04-17 01:10:36 [SpringApplicationShutdownHook] [INFO] com.zaxxer.hikari.HikariDataSource - HikariPool-1 - Shutdown initiated...
2025-04-17 01:10:36 [SpringApplicationShutdownHook] [INFO] com.zaxxer.hikari.HikariDataSource - HikariPool-1 - Shutdown completed.
2025-04-17 01:10:41 [background-preinit] [INFO] o.h.validator.internal.util.Version - HV000001: Hibernate Validator 8.0.1.Final
2025-04-17 01:10:41 [restartedMain] [INFO] r.k.alliance.AllianceApplication - Starting AllianceApplication using Java 23.0.1 with PID 28940 (C:\Users\Zver\Desktop\Projects\alliance\target\classes started by pavel in C:\Users\Zver\Desktop\Projects\alliance)
2025-04-17 01:10:41 [restartedMain] [INFO] r.k.alliance.AllianceApplication - No active profile set, falling back to 1 default profile: "default"
2025-04-17 01:10:41 [restartedMain] [INFO] o.s.b.d.e.DevToolsPropertyDefaultsPostProcessor - Devtools property defaults active! Set 'spring.devtools.add-properties' to 'false' to disable
2025-04-17 01:10:41 [restartedMain] [INFO] o.s.b.d.e.DevToolsPropertyDefaultsPostProcessor - For additional web related logging consider setting the 'logging.level.web' property to 'DEBUG'
2025-04-17 01:10:41 [restartedMain] [INFO] o.s.d.r.c.RepositoryConfigurationDelegate - Bootstrapping Spring Data JPA repositories in DEFAULT mode.
2025-04-17 01:10:42 [restartedMain] [INFO] o.s.d.r.c.RepositoryConfigurationDelegate - Finished Spring Data repository scanning in 52 ms. Found 11 JPA repository interfaces.
2025-04-17 01:10:42 [restartedMain] [INFO] o.s.b.w.e.tomcat.TomcatWebServer - Tomcat initialized with port 8080 (http)
2025-04-17 01:10:42 [restartedMain] [INFO] o.a.coyote.http11.Http11NioProtocol - Initializing ProtocolHandler ["http-nio-8080"]
2025-04-17 01:10:42 [restartedMain] [INFO] o.a.catalina.core.StandardService - Starting service [Tomcat]
2025-04-17 01:10:42 [restartedMain] [INFO] o.a.catalina.core.StandardEngine - Starting Servlet engine: [Apache Tomcat/10.1.31]
2025-04-17 01:10:42 [restartedMain] [INFO] o.a.c.c.C.[Tomcat].[localhost].[/] - Initializing Spring embedded WebApplicationContext
2025-04-17 01:10:42 [restartedMain] [INFO] o.s.b.w.s.c.ServletWebServerApplicationContext - Root WebApplicationContext: initialization completed in 1413 ms
2025-04-17 01:10:42 [restartedMain] [INFO] com.zaxxer.hikari.HikariDataSource - HikariPool-1 - Starting...
2025-04-17 01:10:43 [restartedMain] [INFO] com.zaxxer.hikari.pool.HikariPool - HikariPool-1 - Added connection org.postgresql.jdbc.PgConnection@281d0eea
2025-04-17 01:10:43 [restartedMain] [INFO] com.zaxxer.hikari.HikariDataSource - HikariPool-1 - Start completed.
2025-04-17 01:10:43 [restartedMain] [INFO] o.h.jpa.internal.util.LogHelper - HHH000204: Processing PersistenceUnitInfo [name: default]
2025-04-17 01:10:43 [restartedMain] [INFO] org.hibernate.Version - HHH000412: Hibernate ORM core version 6.5.3.Final
2025-04-17 01:10:43 [restartedMain] [INFO] o.h.c.i.RegionFactoryInitiator - HHH000026: Second-level cache disabled
2025-04-17 01:10:43 [restartedMain] [INFO] o.s.o.j.p.SpringPersistenceUnitInfo - No LoadTimeWeaver setup: ignoring JPA class transformer
2025-04-17 01:10:44 [restartedMain] [INFO] o.h.e.t.j.p.i.JtaPlatformInitiator - HHH000489: No JTA platform available (set 'hibernate.transaction.jta.platform' to enable JTA platform integration)
2025-04-17 01:10:44 [restartedMain] [INFO] o.s.o.j.LocalContainerEntityManagerFactoryBean - Initialized JPA EntityManagerFactory for persistence unit 'default'
2025-04-17 01:10:44 [restartedMain] [INFO] o.s.d.j.r.query.QueryEnhancerFactory - Hibernate is in classpath; If applicable, HQL parser will be used.
2025-04-17 01:10:45 [restartedMain] [WARN] o.s.b.a.o.j.JpaBaseConfiguration$JpaWebConfiguration - spring.jpa.open-in-view is enabled by default. Therefore, database queries may be performed during view rendering. Explicitly configure spring.jpa.open-in-view to disable this warning
2025-04-17 01:10:45 [restartedMain] [INFO] o.s.s.c.a.a.c.InitializeUserDetailsBeanManagerConfigurer$InitializeUserDetailsManagerConfigurer - Global AuthenticationManager configured with UserDetailsService bean with name myUserDetailsService
2025-04-17 01:10:45 [restartedMain] [INFO] o.s.b.a.e.web.EndpointLinksResolver - Exposing 1 endpoint beneath base path '/actuator'
2025-04-17 01:10:45 [restartedMain] [DEBUG] o.s.s.w.a.e.ExpressionBasedFilterInvocationSecurityMetadataSource - Adding web access control expression [permitAll] for ExactUrl [processUrl='/login?error']
2025-04-17 01:10:45 [restartedMain] [DEBUG] o.s.s.w.a.e.ExpressionBasedFilterInvocationSecurityMetadataSource - Adding web access control expression [permitAll] for ExactUrl [processUrl='/login']
2025-04-17 01:10:45 [restartedMain] [DEBUG] o.s.s.w.a.e.ExpressionBasedFilterInvocationSecurityMetadataSource - Adding web access control expression [permitAll] for ExactUrl [processUrl='/login']
2025-04-17 01:10:45 [restartedMain] [DEBUG] o.s.s.w.a.e.ExpressionBasedFilterInvocationSecurityMetadataSource - Adding web access control expression [permitAll] for Ant [pattern='/logout', POST]
2025-04-17 01:10:45 [restartedMain] [DEBUG] o.s.s.w.a.e.ExpressionBasedFilterInvocationSecurityMetadataSource - Adding web access control expression [permitAll] for ExactUrl [processUrl='/realty']
2025-04-17 01:10:45 [restartedMain] [DEBUG] o.s.s.w.a.e.ExpressionBasedFilterInvocationSecurityMetadataSource - Adding web access control expression [authenticated] for Deferred [Mvc [pattern='/realty/new'], Ant [pattern='/realty/new']]
2025-04-17 01:10:45 [restartedMain] [DEBUG] o.s.s.w.a.e.ExpressionBasedFilterInvocationSecurityMetadataSource - Adding web access control expression [authenticated] for Deferred [Mvc [pattern='/realty/edit/**'], Ant [pattern='/realty/edit/**']]
2025-04-17 01:10:45 [restartedMain] [DEBUG] o.s.s.w.a.e.ExpressionBasedFilterInvocationSecurityMetadataSource - Adding web access control expression [authenticated] for Deferred [Mvc [pattern='/realty/delete/**'], Ant [pattern='/realty/delete/**']]
2025-04-17 01:10:45 [restartedMain] [DEBUG] o.s.s.w.a.e.ExpressionBasedFilterInvocationSecurityMetadataSource - Adding web access control expression [permitAll] for any request
2025-04-17 01:10:45 [restartedMain] [DEBUG] o.s.s.web.DefaultSecurityFilterChain - Will secure any request with filters: DisableEncodeUrlFilter, WebAsyncManagerIntegrationFilter, SecurityContextHolderFilter, HeaderWriterFilter, CsrfFilter, LogoutFilter, OAuth2AuthorizationRequestRedirectFilter, OAuth2LoginAuthenticationFilter, UsernamePasswordAuthenticationFilter, ConcurrentSessionFilter, RequestCacheAwareFilter, SecurityContextHolderAwareRequestFilter, AnonymousAuthenticationFilter, SessionManagementFilter, ExceptionTranslationFilter, FilterSecurityInterceptor
2025-04-17 01:10:46 [restartedMain] [INFO] o.s.b.d.a.OptionalLiveReloadServer - LiveReload server is running on port 35729
2025-04-17 01:10:46 [restartedMain] [INFO] o.a.coyote.http11.Http11NioProtocol - Starting ProtocolHandler ["http-nio-8080"]
2025-04-17 01:10:46 [restartedMain] [INFO] o.s.b.w.e.tomcat.TomcatWebServer - Tomcat started on port 8080 (http) with context path '/'
2025-04-17 01:10:46 [restartedMain] [INFO] r.k.alliance.AllianceApplication - Started AllianceApplication in 5.411 seconds (process running for 6.164)
2025-04-17 01:10:46 [RMI TCP Connection(3)-192.168.100.28] [INFO] o.a.c.c.C.[Tomcat].[localhost].[/] - Initializing Spring DispatcherServlet 'dispatcherServlet'
2025-04-17 01:10:46 [RMI TCP Connection(3)-192.168.100.28] [INFO] o.s.web.servlet.DispatcherServlet - Initializing Servlet 'dispatcherServlet'
2025-04-17 01:10:46 [RMI TCP Connection(3)-192.168.100.28] [INFO] o.s.web.servlet.DispatcherServlet - Completed initialization in 1 ms
2025-04-17 01:10:48 [http-nio-8080-exec-1] [DEBUG] o.s.security.web.FilterChainProxy - Securing GET /excursion/tour/7
2025-04-17 01:10:48 [http-nio-8080-exec-1] [DEBUG] o.s.s.w.c.HttpSessionSecurityContextRepository - Retrieved SecurityContextImpl [Authentication=OAuth2AuthenticationToken [Principal=Name: [107234087105093742255], Granted Authorities: [[OIDC_USER, SCOPE_https://www.googleapis.com/auth/userinfo.email, SCOPE_https://www.googleapis.com/auth/userinfo.profile, SCOPE_openid]], User Attributes: [{at_hash=D05y8WM0mlpixJgpuakpnA, sub=107234087105093742255, email_verified=true, iss=https://accounts.google.com, given_name=Павел, nonce=8Qt59fWYfMeFQUA2_SVF6J9Has2Kz6h3Ub85vX-P0T0, picture=https://lh3.googleusercontent.com/a/ACg8ocJJoh9jonlTH61VWgvXCiXb0zCDjifGZZtZ30sCErS3N5ntDw=s96-c, aud=[909915657042-l07l5jl8r3v54r15k12hp7vev9dor6r7.apps.googleusercontent.com], azp=909915657042-l07l5jl8r3v54r15k12hp7vev9dor6r7.apps.googleusercontent.com, name=Павел Королев, exp=2025-04-16T23:04:49Z, family_name=Королев, iat=2025-04-16T22:04:49Z, email=passapdom@gmail.com}], Credentials=[PROTECTED], Authenticated=true, Details=WebAuthenticationDetails [RemoteIpAddress=0:0:0:0:0:0:0:1, SessionId=18FC5C86CA7512B4994A46339D0A1603], Granted Authorities=[OIDC_USER, SCOPE_https://www.googleapis.com/auth/userinfo.email, SCOPE_https://www.googleapis.com/auth/userinfo.profile, SCOPE_openid]]]
2025-04-17 01:10:48 [http-nio-8080-exec-1] [DEBUG] o.s.s.w.a.i.FilterSecurityInterceptor - Authorized filter invocation [GET /excursion/tour/7] with attributes [permitAll]
2025-04-17 01:10:48 [http-nio-8080-exec-1] [DEBUG] o.s.security.web.FilterChainProxy - Secured GET /excursion/tour/7
2025-04-17 01:10:48 [http-nio-8080-exec-1] [INFO] r.k.a.u.s.CheckAuthorizeService - checkAdmin is starting, principal: OAuth2AuthenticationToken [Principal=Name: [107234087105093742255], Granted Authorities: [[OIDC_USER, SCOPE_https://www.googleapis.com/auth/userinfo.email, SCOPE_https://www.googleapis.com/auth/userinfo.profile, SCOPE_openid]], User Attributes: [{at_hash=D05y8WM0mlpixJgpuakpnA, sub=107234087105093742255, email_verified=true, iss=https://accounts.google.com, given_name=Павел, nonce=8Qt59fWYfMeFQUA2_SVF6J9Has2Kz6h3Ub85vX-P0T0, picture=https://lh3.googleusercontent.com/a/ACg8ocJJoh9jonlTH61VWgvXCiXb0zCDjifGZZtZ30sCErS3N5ntDw=s96-c, aud=[909915657042-l07l5jl8r3v54r15k12hp7vev9dor6r7.apps.googleusercontent.com], azp=909915657042-l07l5jl8r3v54r15k12hp7vev9dor6r7.apps.googleusercontent.com, name=Павел Королев, exp=2025-04-16T23:04:49Z, family_name=Королев, iat=2025-04-16T22:04:49Z, email=passapdom@gmail.com}], Credentials=[PROTECTED], Authenticated=true, Details=WebAuthenticationDetails [RemoteIpAddress=0:0:0:0:0:0:0:1, SessionId=18FC5C86CA7512B4994A46339D0A1603], Granted Authorities=[OIDC_USER, SCOPE_https://www.googleapis.com/auth/userinfo.email, SCOPE_https://www.googleapis.com/auth/userinfo.profile, SCOPE_openid]]
2025-04-17 01:10:48 [http-nio-8080-exec-1] [INFO] r.k.a.u.s.CheckAuthorizeService - checkAdmin: principal != null
2025-04-17 01:10:48 [http-nio-8080-exec-1] [INFO] r.k.a.u.s.CheckAuthorizeService - Principal is OAuth2AuthenticationToken
2025-04-17 01:10:48 [http-nio-8080-exec-1] [INFO] r.k.a.u.s.CheckAuthorizeService - Checking admin rights for email: passapdom@gmail.com
2025-04-17 01:10:48 [http-nio-8080-exec-1] [INFO] r.k.a.u.s.CheckAuthorizeService - User roles: [ADMIN]
2025-04-17 01:10:48 [http-nio-8080-exec-2] [DEBUG] o.s.security.web.FilterChainProxy - Securing GET /css/styles.css
2025-04-17 01:10:48 [http-nio-8080-exec-3] [DEBUG] o.s.security.web.FilterChainProxy - Securing GET /images/tour/70efb4f2-568c-40d0-b39f-55ed0ccbc07e_00-Козельск.jpg
2025-04-17 01:10:48 [http-nio-8080-exec-4] [DEBUG] o.s.security.web.FilterChainProxy - Securing GET /img/logo_alliance.png
2025-04-17 01:10:48 [http-nio-8080-exec-3] [DEBUG] o.s.s.w.c.HttpSessionSecurityContextRepository - Retrieved SecurityContextImpl [Authentication=OAuth2AuthenticationToken [Principal=Name: [107234087105093742255], Granted Authorities: [[OIDC_USER, SCOPE_https://www.googleapis.com/auth/userinfo.email, SCOPE_https://www.googleapis.com/auth/userinfo.profile, SCOPE_openid]], User Attributes: [{at_hash=D05y8WM0mlpixJgpuakpnA, sub=107234087105093742255, email_verified=true, iss=https://accounts.google.com, given_name=Павел, nonce=8Qt59fWYfMeFQUA2_SVF6J9Has2Kz6h3Ub85vX-P0T0, picture=https://lh3.googleusercontent.com/a/ACg8ocJJoh9jonlTH61VWgvXCiXb0zCDjifGZZtZ30sCErS3N5ntDw=s96-c, aud=[909915657042-l07l5jl8r3v54r15k12hp7vev9dor6r7.apps.googleusercontent.com], azp=909915657042-l07l5jl8r3v54r15k12hp7vev9dor6r7.apps.googleusercontent.com, name=Павел Королев, exp=2025-04-16T23:04:49Z, family_name=Королев, iat=2025-04-16T22:04:49Z, email=passapdom@gmail.com}], Credentials=[PROTECTED], Authenticated=true, Details=WebAuthenticationDetails [RemoteIpAddress=0:0:0:0:0:0:0:1, SessionId=18FC5C86CA7512B4994A46339D0A1603], Granted Authorities=[OIDC_USER, SCOPE_https://www.googleapis.com/auth/userinfo.email, SCOPE_https://www.googleapis.com/auth/userinfo.profile, SCOPE_openid]]]
2025-04-17 01:10:48 [http-nio-8080-exec-2] [DEBUG] o.s.s.w.c.HttpSessionSecurityContextRepository - Retrieved SecurityContextImpl [Authentication=OAuth2AuthenticationToken [Principal=Name: [107234087105093742255], Granted Authorities: [[OIDC_USER, SCOPE_https://www.googleapis.com/auth/userinfo.email, SCOPE_https://www.googleapis.com/auth/userinfo.profile, SCOPE_openid]], User Attributes: [{at_hash=D05y8WM0mlpixJgpuakpnA, sub=107234087105093742255, email_verified=true, iss=https://accounts.google.com, given_name=Павел, nonce=8Qt59fWYfMeFQUA2_SVF6J9Has2Kz6h3Ub85vX-P0T0, picture=https://lh3.googleusercontent.com/a/ACg8ocJJoh9jonlTH61VWgvXCiXb0zCDjifGZZtZ30sCErS3N5ntDw=s96-c, aud=[909915657042-l07l5jl8r3v54r15k12hp7vev9dor6r7.apps.googleusercontent.com], azp=909915657042-l07l5jl8r3v54r15k12hp7vev9dor6r7.apps.googleusercontent.com, name=Павел Королев, exp=2025-04-16T23:04:49Z, family_name=Королев, iat=2025-04-16T22:04:49Z, email=passapdom@gmail.com}], Credentials=[PROTECTED], Authenticated=true, Details=WebAuthenticationDetails [RemoteIpAddress=0:0:0:0:0:0:0:1, SessionId=18FC5C86CA7512B4994A46339D0A1603], Granted Authorities=[OIDC_USER, SCOPE_https://www.googleapis.com/auth/userinfo.email, SCOPE_https://www.googleapis.com/auth/userinfo.profile, SCOPE_openid]]]
2025-04-17 01:10:48 [http-nio-8080-exec-4] [DEBUG] o.s.s.w.c.HttpSessionSecurityContextRepository - Retrieved SecurityContextImpl [Authentication=OAuth2AuthenticationToken [Principal=Name: [107234087105093742255], Granted Authorities: [[OIDC_USER, SCOPE_https://www.googleapis.com/auth/userinfo.email, SCOPE_https://www.googleapis.com/auth/userinfo.profile, SCOPE_openid]], User Attributes: [{at_hash=D05y8WM0mlpixJgpuakpnA, sub=107234087105093742255, email_verified=true, iss=https://accounts.google.com, given_name=Павел, nonce=8Qt59fWYfMeFQUA2_SVF6J9Has2Kz6h3Ub85vX-P0T0, picture=https://lh3.googleusercontent.com/a/ACg8ocJJoh9jonlTH61VWgvXCiXb0zCDjifGZZtZ30sCErS3N5ntDw=s96-c, aud=[909915657042-l07l5jl8r3v54r15k12hp7vev9dor6r7.apps.googleusercontent.com], azp=909915657042-l07l5jl8r3v54r15k12hp7vev9dor6r7.apps.googleusercontent.com, name=Павел Королев, exp=2025-04-16T23:04:49Z, family_name=Королев, iat=2025-04-16T22:04:49Z, email=passapdom@gmail.com}], Credentials=[PROTECTED], Authenticated=true, Details=WebAuthenticationDetails [RemoteIpAddress=0:0:0:0:0:0:0:1, SessionId=18FC5C86CA7512B4994A46339D0A1603], Granted Authorities=[OIDC_USER, SCOPE_https://www.googleapis.com/auth/userinfo.email, SCOPE_https://www.googleapis.com/auth/userinfo.profile, SCOPE_openid]]]
2025-04-17 01:10:48 [http-nio-8080-exec-2] [DEBUG] o.s.s.w.a.i.FilterSecurityInterceptor - Authorized filter invocation [GET /css/styles.css] with attributes [permitAll]
2025-04-17 01:10:48 [http-nio-8080-exec-3] [DEBUG] o.s.s.w.a.i.FilterSecurityInterceptor - Authorized filter invocation [GET /images/tour/70efb4f2-568c-40d0-b39f-55ed0ccbc07e_00-Козельск.jpg] with attributes [permitAll]
2025-04-17 01:10:48 [http-nio-8080-exec-4] [DEBUG] o.s.s.w.a.i.FilterSecurityInterceptor - Authorized filter invocation [GET /img/logo_alliance.png] with attributes [permitAll]
2025-04-17 01:10:48 [http-nio-8080-exec-2] [DEBUG] o.s.security.web.FilterChainProxy - Secured GET /css/styles.css
2025-04-17 01:10:48 [http-nio-8080-exec-3] [DEBUG] o.s.security.web.FilterChainProxy - Secured GET /images/tour/70efb4f2-568c-40d0-b39f-55ed0ccbc07e_00-Козельск.jpg
2025-04-17 01:10:48 [http-nio-8080-exec-4] [DEBUG] o.s.security.web.FilterChainProxy - Secured GET /img/logo_alliance.png
2025-04-17 01:10:48 [http-nio-8080-exec-6] [DEBUG] o.s.security.web.FilterChainProxy - Securing GET /images/tour/ab411480-0960-49e0-851d-d9a6ee643bbf_photo_2024-12-23_22-18-02.jpg
2025-04-17 01:10:48 [http-nio-8080-exec-5] [DEBUG] o.s.security.web.FilterChainProxy - Securing GET /images/tour/9a82b164-22ad-4d36-b819-c6f0b357f20e_01.jpg
2025-04-17 01:10:48 [http-nio-8080-exec-8] [DEBUG] o.s.security.web.FilterChainProxy - Securing GET /images/tour/414b0294-d609-404f-b29e-bce0b3a8dd2d_2.jpg
2025-04-17 01:10:48 [http-nio-8080-exec-7] [DEBUG] o.s.security.web.FilterChainProxy - Securing GET /images/tour/2fda8126-ebe8-4ae8-8cc0-41fba6cc8428_photo_2024-12-23_22-18-01.jpg
2025-04-17 01:10:48 [http-nio-8080-exec-5] [DEBUG] o.s.s.w.c.HttpSessionSecurityContextRepository - Retrieved SecurityContextImpl [Authentication=OAuth2AuthenticationToken [Principal=Name: [107234087105093742255], Granted Authorities: [[OIDC_USER, SCOPE_https://www.googleapis.com/auth/userinfo.email, SCOPE_https://www.googleapis.com/auth/userinfo.profile, SCOPE_openid]], User Attributes: [{at_hash=D05y8WM0mlpixJgpuakpnA, sub=107234087105093742255, email_verified=true, iss=https://accounts.google.com, given_name=Павел, nonce=8Qt59fWYfMeFQUA2_SVF6J9Has2Kz6h3Ub85vX-P0T0, picture=https://lh3.googleusercontent.com/a/ACg8ocJJoh9jonlTH61VWgvXCiXb0zCDjifGZZtZ30sCErS3N5ntDw=s96-c, aud=[909915657042-l07l5jl8r3v54r15k12hp7vev9dor6r7.apps.googleusercontent.com], azp=909915657042-l07l5jl8r3v54r15k12hp7vev9dor6r7.apps.googleusercontent.com, name=Павел Королев, exp=2025-04-16T23:04:49Z, family_name=Королев, iat=2025-04-16T22:04:49Z, email=passapdom@gmail.com}], Credentials=[PROTECTED], Authenticated=true, Details=WebAuthenticationDetails [RemoteIpAddress=0:0:0:0:0:0:0:1, SessionId=18FC5C86CA7512B4994A46339D0A1603], Granted Authorities=[OIDC_USER, SCOPE_https://www.googleapis.com/auth/userinfo.email, SCOPE_https://www.googleapis.com/auth/userinfo.profile, SCOPE_openid]]]
2025-04-17 01:10:48 [http-nio-8080-exec-6] [DEBUG] o.s.s.w.c.HttpSessionSecurityContextRepository - Retrieved SecurityContextImpl [Authentication=OAuth2AuthenticationToken [Principal=Name: [107234087105093742255], Granted Authorities: [[OIDC_USER, SCOPE_https://www.googleapis.com/auth/userinfo.email, SCOPE_https://www.googleapis.com/auth/userinfo.profile, SCOPE_openid]], User Attributes: [{at_hash=D05y8WM0mlpixJgpuakpnA, sub=107234087105093742255, email_verified=true, iss=https://accounts.google.com, given_name=Павел, nonce=8Qt59fWYfMeFQUA2_SVF6J9Has2Kz6h3Ub85vX-P0T0, picture=https://lh3.googleusercontent.com/a/ACg8ocJJoh9jonlTH61VWgvXCiXb0zCDjifGZZtZ30sCErS3N5ntDw=s96-c, aud=[909915657042-l07l5jl8r3v54r15k12hp7vev9dor6r7.apps.googleusercontent.com], azp=909915657042-l07l5jl8r3v54r15k12hp7vev9dor6r7.apps.googleusercontent.com, name=Павел Королев, exp=2025-04-16T23:04:49Z, family_name=Королев, iat=2025-04-16T22:04:49Z, email=passapdom@gmail.com}], Credentials=[PROTECTED], Authenticated=true, Details=WebAuthenticationDetails [RemoteIpAddress=0:0:0:0:0:0:0:1, SessionId=18FC5C86CA7512B4994A46339D0A1603], Granted Authorities=[OIDC_USER, SCOPE_https://www.googleapis.com/auth/userinfo.email, SCOPE_https://www.googleapis.com/auth/userinfo.profile, SCOPE_openid]]]
2025-04-17 01:10:48 [http-nio-8080-exec-7] [DEBUG] o.s.s.w.c.HttpSessionSecurityContextRepository - Retrieved SecurityContextImpl [Authentication=OAuth2AuthenticationToken [Principal=Name: [107234087105093742255], Granted Authorities: [[OIDC_USER, SCOPE_https://www.googleapis.com/auth/userinfo.email, SCOPE_https://www.googleapis.com/auth/userinfo.profile, SCOPE_openid]], User Attributes: [{at_hash=D05y8WM0mlpixJgpuakpnA, sub=107234087105093742255, email_verified=true, iss=https://accounts.google.com, given_name=Павел, nonce=8Qt59fWYfMeFQUA2_SVF6J9Has2Kz6h3Ub85vX-P0T0, picture=https://lh3.googleusercontent.com/a/ACg8ocJJoh9jonlTH61VWgvXCiXb0zCDjifGZZtZ30sCErS3N5ntDw=s96-c, aud=[909915657042-l07l5jl8r3v54r15k12hp7vev9dor6r7.apps.googleusercontent.com], azp=909915657042-l07l5jl8r3v54r15k12hp7vev9dor6r7.apps.googleusercontent.com, name=Павел Королев, exp=2025-04-16T23:04:49Z, family_name=Королев, iat=2025-04-16T22:04:49Z, email=passapdom@gmail.com}], Credentials=[PROTECTED], Authenticated=true, Details=WebAuthenticationDetails [RemoteIpAddress=0:0:0:0:0:0:0:1, SessionId=18FC5C86CA7512B4994A46339D0A1603], Granted Authorities=[OIDC_USER, SCOPE_https://www.googleapis.com/auth/userinfo.email, SCOPE_https://www.googleapis.com/auth/userinfo.profile, SCOPE_openid]]]
2025-04-17 01:10:48 [http-nio-8080-exec-8] [DEBUG] o.s.s.w.c.HttpSessionSecurityContextRepository - Retrieved SecurityContextImpl [Authentication=OAuth2AuthenticationToken [Principal=Name: [107234087105093742255], Granted Authorities: [[OIDC_USER, SCOPE_https://www.googleapis.com/auth/userinfo.email, SCOPE_https://www.googleapis.com/auth/userinfo.profile, SCOPE_openid]], User Attributes: [{at_hash=D05y8WM0mlpixJgpuakpnA, sub=107234087105093742255, email_verified=true, iss=https://accounts.google.com, given_name=Павел, nonce=8Qt59fWYfMeFQUA2_SVF6J9Has2Kz6h3Ub85vX-P0T0, picture=https://lh3.googleusercontent.com/a/ACg8ocJJoh9jonlTH61VWgvXCiXb0zCDjifGZZtZ30sCErS3N5ntDw=s96-c, aud=[909915657042-l07l5jl8r3v54r15k12hp7vev9dor6r7.apps.googleusercontent.com], azp=909915657042-l07l5jl8r3v54r15k12hp7vev9dor6r7.apps.googleusercontent.com, name=Павел Королев, exp=2025-04-16T23:04:49Z, family_name=Королев, iat=2025-04-16T22:04:49Z, email=passapdom@gmail.com}], Credentials=[PROTECTED], Authenticated=true, Details=WebAuthenticationDetails [RemoteIpAddress=0:0:0:0:0:0:0:1, SessionId=18FC5C86CA7512B4994A46339D0A1603], Granted Authorities=[OIDC_USER, SCOPE_https://www.googleapis.com/auth/userinfo.email, SCOPE_https://www.googleapis.com/auth/userinfo.profile, SCOPE_openid]]]
2025-04-17 01:10:48 [http-nio-8080-exec-5] [DEBUG] o.s.s.w.a.i.FilterSecurityInterceptor - Authorized filter invocation [GET /images/tour/9a82b164-22ad-4d36-b819-c6f0b357f20e_01.jpg] with attributes [permitAll]
2025-04-17 01:10:48 [http-nio-8080-exec-7] [DEBUG] o.s.s.w.a.i.FilterSecurityInterceptor - Authorized filter invocation [GET /images/tour/2fda8126-ebe8-4ae8-8cc0-41fba6cc8428_photo_2024-12-23_22-18-01.jpg] with attributes [permitAll]
2025-04-17 01:10:48 [http-nio-8080-exec-6] [DEBUG] o.s.s.w.a.i.FilterSecurityInterceptor - Authorized filter invocation [GET /images/tour/ab411480-0960-49e0-851d-d9a6ee643bbf_photo_2024-12-23_22-18-02.jpg] with attributes [permitAll]
2025-04-17 01:10:48 [http-nio-8080-exec-8] [DEBUG] o.s.s.w.a.i.FilterSecurityInterceptor - Authorized filter invocation [GET /images/tour/414b0294-d609-404f-b29e-bce0b3a8dd2d_2.jpg] with attributes [permitAll]
2025-04-17 01:10:48 [http-nio-8080-exec-5] [DEBUG] o.s.security.web.FilterChainProxy - Secured GET /images/tour/9a82b164-22ad-4d36-b819-c6f0b357f20e_01.jpg
2025-04-17 01:10:48 [http-nio-8080-exec-6] [DEBUG] o.s.security.web.FilterChainProxy - Secured GET /images/tour/ab411480-0960-49e0-851d-d9a6ee643bbf_photo_2024-12-23_22-18-02.jpg
2025-04-17 01:10:48 [http-nio-8080-exec-8] [DEBUG] o.s.security.web.FilterChainProxy - Secured GET /images/tour/414b0294-d609-404f-b29e-bce0b3a8dd2d_2.jpg
2025-04-17 01:10:48 [http-nio-8080-exec-7] [DEBUG] o.s.security.web.FilterChainProxy - Secured GET /images/tour/2fda8126-ebe8-4ae8-8cc0-41fba6cc8428_photo_2024-12-23_22-18-01.jpg
2025-04-17 01:10:50 [http-nio-8080-exec-9] [DEBUG] o.s.security.web.FilterChainProxy - Securing GET /excursion/tour/7
2025-04-17 01:10:50 [http-nio-8080-exec-9] [DEBUG] o.s.s.w.c.HttpSessionSecurityContextRepository - Retrieved SecurityContextImpl [Authentication=OAuth2AuthenticationToken [Principal=Name: [107234087105093742255], Granted Authorities: [[OIDC_USER, SCOPE_https://www.googleapis.com/auth/userinfo.email, SCOPE_https://www.googleapis.com/auth/userinfo.profile, SCOPE_openid]], User Attributes: [{at_hash=D05y8WM0mlpixJgpuakpnA, sub=107234087105093742255, email_verified=true, iss=https://accounts.google.com, given_name=Павел, nonce=8Qt59fWYfMeFQUA2_SVF6J9Has2Kz6h3Ub85vX-P0T0, picture=https://lh3.googleusercontent.com/a/ACg8ocJJoh9jonlTH61VWgvXCiXb0zCDjifGZZtZ30sCErS3N5ntDw=s96-c, aud=[909915657042-l07l5jl8r3v54r15k12hp7vev9dor6r7.apps.googleusercontent.com], azp=909915657042-l07l5jl8r3v54r15k12hp7vev9dor6r7.apps.googleusercontent.com, name=Павел Королев, exp=2025-04-16T23:04:49Z, family_name=Королев, iat=2025-04-16T22:04:49Z, email=passapdom@gmail.com}], Credentials=[PROTECTED], Authenticated=true, Details=WebAuthenticationDetails [RemoteIpAddress=0:0:0:0:0:0:0:1, SessionId=18FC5C86CA7512B4994A46339D0A1603], Granted Authorities=[OIDC_USER, SCOPE_https://www.googleapis.com/auth/userinfo.email, SCOPE_https://www.googleapis.com/auth/userinfo.profile, SCOPE_openid]]]
2025-04-17 01:10:50 [http-nio-8080-exec-9] [DEBUG] o.s.s.w.a.i.FilterSecurityInterceptor - Authorized filter invocation [GET /excursion/tour/7] with attributes [permitAll]
2025-04-17 01:10:50 [http-nio-8080-exec-9] [DEBUG] o.s.security.web.FilterChainProxy - Secured GET /excursion/tour/7
2025-04-17 01:10:50 [http-nio-8080-exec-9] [INFO] r.k.a.u.s.CheckAuthorizeService - checkAdmin is starting, principal: OAuth2AuthenticationToken [Principal=Name: [107234087105093742255], Granted Authorities: [[OIDC_USER, SCOPE_https://www.googleapis.com/auth/userinfo.email, SCOPE_https://www.googleapis.com/auth/userinfo.profile, SCOPE_openid]], User Attributes: [{at_hash=D05y8WM0mlpixJgpuakpnA, sub=107234087105093742255, email_verified=true, iss=https://accounts.google.com, given_name=Павел, nonce=8Qt59fWYfMeFQUA2_SVF6J9Has2Kz6h3Ub85vX-P0T0, picture=https://lh3.googleusercontent.com/a/ACg8ocJJoh9jonlTH61VWgvXCiXb0zCDjifGZZtZ30sCErS3N5ntDw=s96-c, aud=[909915657042-l07l5jl8r3v54r15k12hp7vev9dor6r7.apps.googleusercontent.com], azp=909915657042-l07l5jl8r3v54r15k12hp7vev9dor6r7.apps.googleusercontent.com, name=Павел Королев, exp=2025-04-16T23:04:49Z, family_name=Королев, iat=2025-04-16T22:04:49Z, email=passapdom@gmail.com}], Credentials=[PROTECTED], Authenticated=true, Details=WebAuthenticationDetails [RemoteIpAddress=0:0:0:0:0:0:0:1, SessionId=18FC5C86CA7512B4994A46339D0A1603], Granted Authorities=[OIDC_USER, SCOPE_https://www.googleapis.com/auth/userinfo.email, SCOPE_https://www.googleapis.com/auth/userinfo.profile, SCOPE_openid]]
2025-04-17 01:10:50 [http-nio-8080-exec-9] [INFO] r.k.a.u.s.CheckAuthorizeService - checkAdmin: principal != null
2025-04-17 01:10:50 [http-nio-8080-exec-9] [INFO] r.k.a.u.s.CheckAuthorizeService - Principal is OAuth2AuthenticationToken
2025-04-17 01:10:50 [http-nio-8080-exec-9] [INFO] r.k.a.u.s.CheckAuthorizeService - Checking admin rights for email: passapdom@gmail.com
2025-04-17 01:10:50 [http-nio-8080-exec-9] [INFO] r.k.a.u.s.CheckAuthorizeService - User roles: [ADMIN]
2025-04-17 01:10:50 [http-nio-8080-exec-10] [DEBUG] o.s.security.web.FilterChainProxy - Securing GET /css/styles.css
2025-04-17 01:10:50 [http-nio-8080-exec-1] [DEBUG] o.s.security.web.FilterChainProxy - Securing GET /img/logo_alliance.png
2025-04-17 01:10:50 [http-nio-8080-exec-4] [DEBUG] o.s.security.web.FilterChainProxy - Securing GET /images/tour/70efb4f2-568c-40d0-b39f-55ed0ccbc07e_00-Козельск.jpg
2025-04-17 01:10:50 [http-nio-8080-exec-1] [DEBUG] o.s.s.w.c.HttpSessionSecurityContextRepository - Retrieved SecurityContextImpl [Authentication=OAuth2AuthenticationToken [Principal=Name: [107234087105093742255], Granted Authorities: [[OIDC_USER, SCOPE_https://www.googleapis.com/auth/userinfo.email, SCOPE_https://www.googleapis.com/auth/userinfo.profile, SCOPE_openid]], User Attributes: [{at_hash=D05y8WM0mlpixJgpuakpnA, sub=107234087105093742255, email_verified=true, iss=https://accounts.google.com, given_name=Павел, nonce=8Qt59fWYfMeFQUA2_SVF6J9Has2Kz6h3Ub85vX-P0T0, picture=https://lh3.googleusercontent.com/a/ACg8ocJJoh9jonlTH61VWgvXCiXb0zCDjifGZZtZ30sCErS3N5ntDw=s96-c, aud=[909915657042-l07l5jl8r3v54r15k12hp7vev9dor6r7.apps.googleusercontent.com], azp=909915657042-l07l5jl8r3v54r15k12hp7vev9dor6r7.apps.googleusercontent.com, name=Павел Королев, exp=2025-04-16T23:04:49Z, family_name=Королев, iat=2025-04-16T22:04:49Z, email=passapdom@gmail.com}], Credentials=[PROTECTED], Authenticated=true, Details=WebAuthenticationDetails [RemoteIpAddress=0:0:0:0:0:0:0:1, SessionId=18FC5C86CA7512B4994A46339D0A1603], Granted Authorities=[OIDC_USER, SCOPE_https://www.googleapis.com/auth/userinfo.email, SCOPE_https://www.googleapis.com/auth/userinfo.profile, SCOPE_openid]]]
2025-04-17 01:10:50 [http-nio-8080-exec-4] [DEBUG] o.s.s.w.c.HttpSessionSecurityContextRepository - Retrieved SecurityContextImpl [Authentication=OAuth2AuthenticationToken [Principal=Name: [107234087105093742255], Granted Authorities: [[OIDC_USER, SCOPE_https://www.googleapis.com/auth/userinfo.email, SCOPE_https://www.googleapis.com/auth/userinfo.profile, SCOPE_openid]], User Attributes: [{at_hash=D05y8WM0mlpixJgpuakpnA, sub=107234087105093742255, email_verified=true, iss=https://accounts.google.com, given_name=Павел, nonce=8Qt59fWYfMeFQUA2_SVF6J9Has2Kz6h3Ub85vX-P0T0, picture=https://lh3.googleusercontent.com/a/ACg8ocJJoh9jonlTH61VWgvXCiXb0zCDjifGZZtZ30sCErS3N5ntDw=s96-c, aud=[909915657042-l07l5jl8r3v54r15k12hp7vev9dor6r7.apps.googleusercontent.com], azp=909915657042-l07l5jl8r3v54r15k12hp7vev9dor6r7.apps.googleusercontent.com, name=Павел Королев, exp=2025-04-16T23:04:49Z, family_name=Королев, iat=2025-04-16T22:04:49Z, email=passapdom@gmail.com}], Credentials=[PROTECTED], Authenticated=true, Details=WebAuthenticationDetails [RemoteIpAddress=0:0:0:0:0:0:0:1, SessionId=18FC5C86CA7512B4994A46339D0A1603], Granted Authorities=[OIDC_USER, SCOPE_https://www.googleapis.com/auth/userinfo.email, SCOPE_https://www.googleapis.com/auth/userinfo.profile, SCOPE_openid]]]
2025-04-17 01:10:50 [http-nio-8080-exec-10] [DEBUG] o.s.s.w.c.HttpSessionSecurityContextRepository - Retrieved SecurityContextImpl [Authentication=OAuth2AuthenticationToken [Principal=Name: [107234087105093742255], Granted Authorities: [[OIDC_USER, SCOPE_https://www.googleapis.com/auth/userinfo.email, SCOPE_https://www.googleapis.com/auth/userinfo.profile, SCOPE_openid]], User Attributes: [{at_hash=D05y8WM0mlpixJgpuakpnA, sub=107234087105093742255, email_verified=true, iss=https://accounts.google.com, given_name=Павел, nonce=8Qt59fWYfMeFQUA2_SVF6J9Has2Kz6h3Ub85vX-P0T0, picture=https://lh3.googleusercontent.com/a/ACg8ocJJoh9jonlTH61VWgvXCiXb0zCDjifGZZtZ30sCErS3N5ntDw=s96-c, aud=[909915657042-l07l5jl8r3v54r15k12hp7vev9dor6r7.apps.googleusercontent.com], azp=909915657042-l07l5jl8r3v54r15k12hp7vev9dor6r7.apps.googleusercontent.com, name=Павел Королев, exp=2025-04-16T23:04:49Z, family_name=Королев, iat=2025-04-16T22:04:49Z, email=passapdom@gmail.com}], Credentials=[PROTECTED], Authenticated=true, Details=WebAuthenticationDetails [RemoteIpAddress=0:0:0:0:0:0:0:1, SessionId=18FC5C86CA7512B4994A46339D0A1603], Granted Authorities=[OIDC_USER, SCOPE_https://www.googleapis.com/auth/userinfo.email, SCOPE_https://www.googleapis.com/auth/userinfo.profile, SCOPE_openid]]]
2025-04-17 01:10:50 [http-nio-8080-exec-1] [DEBUG] o.s.s.w.a.i.FilterSecurityInterceptor - Authorized filter invocation [GET /img/logo_alliance.png] with attributes [permitAll]
2025-04-17 01:10:50 [http-nio-8080-exec-4] [DEBUG] o.s.s.w.a.i.FilterSecurityInterceptor - Authorized filter invocation [GET /images/tour/70efb4f2-568c-40d0-b39f-55ed0ccbc07e_00-Козельск.jpg] with attributes [permitAll]
2025-04-17 01:10:50 [http-nio-8080-exec-10] [DEBUG] o.s.s.w.a.i.FilterSecurityInterceptor - Authorized filter invocation [GET /css/styles.css] with attributes [permitAll]
2025-04-17 01:10:50 [http-nio-8080-exec-1] [DEBUG] o.s.security.web.FilterChainProxy - Secured GET /img/logo_alliance.png
2025-04-17 01:10:50 [http-nio-8080-exec-4] [DEBUG] o.s.security.web.FilterChainProxy - Secured GET /images/tour/70efb4f2-568c-40d0-b39f-55ed0ccbc07e_00-Козельск.jpg
2025-04-17 01:10:50 [http-nio-8080-exec-10] [DEBUG] o.s.security.web.FilterChainProxy - Secured GET /css/styles.css
2025-04-17 01:10:50 [http-nio-8080-exec-6] [DEBUG] o.s.security.web.FilterChainProxy - Securing GET /images/tour/ab411480-0960-49e0-851d-d9a6ee643bbf_photo_2024-12-23_22-18-02.jpg
2025-04-17 01:10:50 [http-nio-8080-exec-2] [DEBUG] o.s.security.web.FilterChainProxy - Securing GET /images/tour/9a82b164-22ad-4d36-b819-c6f0b357f20e_01.jpg
2025-04-17 01:10:50 [http-nio-8080-exec-7] [DEBUG] o.s.security.web.FilterChainProxy - Securing GET /images/tour/414b0294-d609-404f-b29e-bce0b3a8dd2d_2.jpg
2025-04-17 01:10:50 [http-nio-8080-exec-3] [DEBUG] o.s.security.web.FilterChainProxy - Securing GET /images/tour/2fda8126-ebe8-4ae8-8cc0-41fba6cc8428_photo_2024-12-23_22-18-01.jpg
2025-04-17 01:10:50 [http-nio-8080-exec-7] [DEBUG] o.s.s.w.c.HttpSessionSecurityContextRepository - Retrieved SecurityContextImpl [Authentication=OAuth2AuthenticationToken [Principal=Name: [107234087105093742255], Granted Authorities: [[OIDC_USER, SCOPE_https://www.googleapis.com/auth/userinfo.email, SCOPE_https://www.googleapis.com/auth/userinfo.profile, SCOPE_openid]], User Attributes: [{at_hash=D05y8WM0mlpixJgpuakpnA, sub=107234087105093742255, email_verified=true, iss=https://accounts.google.com, given_name=Павел, nonce=8Qt59fWYfMeFQUA2_SVF6J9Has2Kz6h3Ub85vX-P0T0, picture=https://lh3.googleusercontent.com/a/ACg8ocJJoh9jonlTH61VWgvXCiXb0zCDjifGZZtZ30sCErS3N5ntDw=s96-c, aud=[909915657042-l07l5jl8r3v54r15k12hp7vev9dor6r7.apps.googleusercontent.com], azp=909915657042-l07l5jl8r3v54r15k12hp7vev9dor6r7.apps.googleusercontent.com, name=Павел Королев, exp=2025-04-16T23:04:49Z, family_name=Королев, iat=2025-04-16T22:04:49Z, email=passapdom@gmail.com}], Credentials=[PROTECTED], Authenticated=true, Details=WebAuthenticationDetails [RemoteIpAddress=0:0:0:0:0:0:0:1, SessionId=18FC5C86CA7512B4994A46339D0A1603], Granted Authorities=[OIDC_USER, SCOPE_https://www.googleapis.com/auth/userinfo.email, SCOPE_https://www.googleapis.com/auth/userinfo.profile, SCOPE_openid]]]
2025-04-17 01:10:50 [http-nio-8080-exec-3] [DEBUG] o.s.s.w.c.HttpSessionSecurityContextRepository - Retrieved SecurityContextImpl [Authentication=OAuth2AuthenticationToken [Principal=Name: [107234087105093742255], Granted Authorities: [[OIDC_USER, SCOPE_https://www.googleapis.com/auth/userinfo.email, SCOPE_https://www.googleapis.com/auth/userinfo.profile, SCOPE_openid]], User Attributes: [{at_hash=D05y8WM0mlpixJgpuakpnA, sub=107234087105093742255, email_verified=true, iss=https://accounts.google.com, given_name=Павел, nonce=8Qt59fWYfMeFQUA2_SVF6J9Has2Kz6h3Ub85vX-P0T0, picture=https://lh3.googleusercontent.com/a/ACg8ocJJoh9jonlTH61VWgvXCiXb0zCDjifGZZtZ30sCErS3N5ntDw=s96-c, aud=[909915657042-l07l5jl8r3v54r15k12hp7vev9dor6r7.apps.googleusercontent.com], azp=909915657042-l07l5jl8r3v54r15k12hp7vev9dor6r7.apps.googleusercontent.com, name=Павел Королев, exp=2025-04-16T23:04:49Z, family_name=Королев, iat=2025-04-16T22:04:49Z, email=passapdom@gmail.com}], Credentials=[PROTECTED], Authenticated=true, Details=WebAuthenticationDetails [RemoteIpAddress=0:0:0:0:0:0:0:1, SessionId=18FC5C86CA7512B4994A46339D0A1603], Granted Authorities=[OIDC_USER, SCOPE_https://www.googleapis.com/auth/userinfo.email, SCOPE_https://www.googleapis.com/auth/userinfo.profile, SCOPE_openid]]]
2025-04-17 01:10:50 [http-nio-8080-exec-6] [DEBUG] o.s.s.w.c.HttpSessionSecurityContextRepository - Retrieved SecurityContextImpl [Authentication=OAuth2AuthenticationToken [Principal=Name: [107234087105093742255], Granted Authorities: [[OIDC_USER, SCOPE_https://www.googleapis.com/auth/userinfo.email, SCOPE_https://www.googleapis.com/auth/userinfo.profile, SCOPE_openid]], User Attributes: [{at_hash=D05y8WM0mlpixJgpuakpnA, sub=107234087105093742255, email_verified=true, iss=https://accounts.google.com, given_name=Павел, nonce=8Qt59fWYfMeFQUA2_SVF6J9Has2Kz6h3Ub85vX-P0T0, picture=https://lh3.googleusercontent.com/a/ACg8ocJJoh9jonlTH61VWgvXCiXb0zCDjifGZZtZ30sCErS3N5ntDw=s96-c, aud=[909915657042-l07l5jl8r3v54r15k12hp7vev9dor6r7.apps.googleusercontent.com], azp=909915657042-l07l5jl8r3v54r15k12hp7vev9dor6r7.apps.googleusercontent.com, name=Павел Королев, exp=2025-04-16T23:04:49Z, family_name=Королев, iat=2025-04-16T22:04:49Z, email=passapdom@gmail.com}], Credentials=[PROTECTED], Authenticated=true, Details=WebAuthenticationDetails [RemoteIpAddress=0:0:0:0:0:0:0:1, SessionId=18FC5C86CA7512B4994A46339D0A1603], Granted Authorities=[OIDC_USER, SCOPE_https://www.googleapis.com/auth/userinfo.email, SCOPE_https://www.googleapis.com/auth/userinfo.profile, SCOPE_openid]]]
2025-04-17 01:10:50 [http-nio-8080-exec-2] [DEBUG] o.s.s.w.c.HttpSessionSecurityContextRepository - Retrieved SecurityContextImpl [Authentication=OAuth2AuthenticationToken [Principal=Name: [107234087105093742255], Granted Authorities: [[OIDC_USER, SCOPE_https://www.googleapis.com/auth/userinfo.email, SCOPE_https://www.googleapis.com/auth/userinfo.profile, SCOPE_openid]], User Attributes: [{at_hash=D05y8WM0mlpixJgpuakpnA, sub=107234087105093742255, email_verified=true, iss=https://accounts.google.com, given_name=Павел, nonce=8Qt59fWYfMeFQUA2_SVF6J9Has2Kz6h3Ub85vX-P0T0, picture=https://lh3.googleusercontent.com/a/ACg8ocJJoh9jonlTH61VWgvXCiXb0zCDjifGZZtZ30sCErS3N5ntDw=s96-c, aud=[909915657042-l07l5jl8r3v54r15k12hp7vev9dor6r7.apps.googleusercontent.com], azp=909915657042-l07l5jl8r3v54r15k12hp7vev9dor6r7.apps.googleusercontent.com, name=Павел Королев, exp=2025-04-16T23:04:49Z, family_name=Королев, iat=2025-04-16T22:04:49Z, email=passapdom@gmail.com}], Credentials=[PROTECTED], Authenticated=true, Details=WebAuthenticationDetails [RemoteIpAddress=0:0:0:0:0:0:0:1, SessionId=18FC5C86CA7512B4994A46339D0A1603], Granted Authorities=[OIDC_USER, SCOPE_https://www.googleapis.com/auth/userinfo.email, SCOPE_https://www.googleapis.com/auth/userinfo.profile, SCOPE_openid]]]
2025-04-17 01:10:50 [http-nio-8080-exec-7] [DEBUG] o.s.s.w.a.i.FilterSecurityInterceptor - Authorized filter invocation [GET /images/tour/414b0294-d609-404f-b29e-bce0b3a8dd2d_2.jpg] with attributes [permitAll]
2025-04-17 01:10:50 [http-nio-8080-exec-3] [DEBUG] o.s.s.w.a.i.FilterSecurityInterceptor - Authorized filter invocation [GET /images/tour/2fda8126-ebe8-4ae8-8cc0-41fba6cc8428_photo_2024-12-23_22-18-01.jpg] with attributes [permitAll]
2025-04-17 01:10:50 [http-nio-8080-exec-2] [DEBUG] o.s.s.w.a.i.FilterSecurityInterceptor - Authorized filter invocation [GET /images/tour/9a82b164-22ad-4d36-b819-c6f0b357f20e_01.jpg] with attributes [permitAll]
2025-04-17 01:10:50 [http-nio-8080-exec-6] [DEBUG] o.s.s.w.a.i.FilterSecurityInterceptor - Authorized filter invocation [GET /images/tour/ab411480-0960-49e0-851d-d9a6ee643bbf_photo_2024-12-23_22-18-02.jpg] with attributes [permitAll]
2025-04-17 01:10:50 [http-nio-8080-exec-7] [DEBUG] o.s.security.web.FilterChainProxy - Secured GET /images/tour/414b0294-d609-404f-b29e-bce0b3a8dd2d_2.jpg
2025-04-17 01:10:50 [http-nio-8080-exec-3] [DEBUG] o.s.security.web.FilterChainProxy - Secured GET /images/tour/2fda8126-ebe8-4ae8-8cc0-41fba6cc8428_photo_2024-12-23_22-18-01.jpg
2025-04-17 01:10:50 [http-nio-8080-exec-2] [DEBUG] o.s.security.web.FilterChainProxy - Secured GET /images/tour/9a82b164-22ad-4d36-b819-c6f0b357f20e_01.jpg
2025-04-17 01:10:50 [http-nio-8080-exec-6] [DEBUG] o.s.security.web.FilterChainProxy - Secured GET /images/tour/ab411480-0960-49e0-851d-d9a6ee643bbf_photo_2024-12-23_22-18-02.jpg
2025-04-17 01:13:01 [http-nio-8080-exec-10] [DEBUG] o.s.security.web.FilterChainProxy - Securing GET /excursion
2025-04-17 01:13:01 [http-nio-8080-exec-10] [DEBUG] o.s.s.w.c.HttpSessionSecurityContextRepository - Retrieved SecurityContextImpl [Authentication=OAuth2AuthenticationToken [Principal=Name: [107234087105093742255], Granted Authorities: [[OIDC_USER, SCOPE_https://www.googleapis.com/auth/userinfo.email, SCOPE_https://www.googleapis.com/auth/userinfo.profile, SCOPE_openid]], User Attributes: [{at_hash=D05y8WM0mlpixJgpuakpnA, sub=107234087105093742255, email_verified=true, iss=https://accounts.google.com, given_name=Павел, nonce=8Qt59fWYfMeFQUA2_SVF6J9Has2Kz6h3Ub85vX-P0T0, picture=https://lh3.googleusercontent.com/a/ACg8ocJJoh9jonlTH61VWgvXCiXb0zCDjifGZZtZ30sCErS3N5ntDw=s96-c, aud=[909915657042-l07l5jl8r3v54r15k12hp7vev9dor6r7.apps.googleusercontent.com], azp=909915657042-l07l5jl8r3v54r15k12hp7vev9dor6r7.apps.googleusercontent.com, name=Павел Королев, exp=2025-04-16T23:04:49Z, family_name=Королев, iat=2025-04-16T22:04:49Z, email=passapdom@gmail.com}], Credentials=[PROTECTED], Authenticated=true, Details=WebAuthenticationDetails [RemoteIpAddress=0:0:0:0:0:0:0:1, SessionId=18FC5C86CA7512B4994A46339D0A1603], Granted Authorities=[OIDC_USER, SCOPE_https://www.googleapis.com/auth/userinfo.email, SCOPE_https://www.googleapis.com/auth/userinfo.profile, SCOPE_openid]]]
2025-04-17 01:13:01 [http-nio-8080-exec-10] [DEBUG] o.s.s.w.a.i.FilterSecurityInterceptor - Authorized filter invocation [GET /excursion] with attributes [permitAll]
2025-04-17 01:13:01 [http-nio-8080-exec-10] [DEBUG] o.s.security.web.FilterChainProxy - Secured GET /excursion
2025-04-17 01:13:01 [http-nio-8080-exec-10] [INFO] r.k.a.u.s.CheckAuthorizeService - checkAdmin is starting, principal: OAuth2AuthenticationToken [Principal=Name: [107234087105093742255], Granted Authorities: [[OIDC_USER, SCOPE_https://www.googleapis.com/auth/userinfo.email, SCOPE_https://www.googleapis.com/auth/userinfo.profile, SCOPE_openid]], User Attributes: [{at_hash=D05y8WM0mlpixJgpuakpnA, sub=107234087105093742255, email_verified=true, iss=https://accounts.google.com, given_name=Павел, nonce=8Qt59fWYfMeFQUA2_SVF6J9Has2Kz6h3Ub85vX-P0T0, picture=https://lh3.googleusercontent.com/a/ACg8ocJJoh9jonlTH61VWgvXCiXb0zCDjifGZZtZ30sCErS3N5ntDw=s96-c, aud=[909915657042-l07l5jl8r3v54r15k12hp7vev9dor6r7.apps.googleusercontent.com], azp=909915657042-l07l5jl8r3v54r15k12hp7vev9dor6r7.apps.googleusercontent.com, name=Павел Королев, exp=2025-04-16T23:04:49Z, family_name=Королев, iat=2025-04-16T22:04:49Z, email=passapdom@gmail.com}], Credentials=[PROTECTED], Authenticated=true, Details=WebAuthenticationDetails [RemoteIpAddress=0:0:0:0:0:0:0:1, SessionId=18FC5C86CA7512B4994A46339D0A1603], Granted Authorities=[OIDC_USER, SCOPE_https://www.googleapis.com/auth/userinfo.email, SCOPE_https://www.googleapis.com/auth/userinfo.profile, SCOPE_openid]]
2025-04-17 01:13:01 [http-nio-8080-exec-10] [INFO] r.k.a.u.s.CheckAuthorizeService - checkAdmin: principal != null
2025-04-17 01:13:01 [http-nio-8080-exec-10] [INFO] r.k.a.u.s.CheckAuthorizeService - Principal is OAuth2AuthenticationToken
2025-04-17 01:13:01 [http-nio-8080-exec-10] [INFO] r.k.a.u.s.CheckAuthorizeService - Checking admin rights for email: passapdom@gmail.com
2025-04-17 01:13:01 [http-nio-8080-exec-10] [INFO] r.k.a.u.s.CheckAuthorizeService - User roles: [ADMIN]
2025-04-17 01:13:01 [http-nio-8080-exec-4] [DEBUG] o.s.security.web.FilterChainProxy - Securing GET /css/styles.css
2025-04-17 01:13:01 [http-nio-8080-exec-4] [DEBUG] o.s.s.w.c.HttpSessionSecurityContextRepository - Retrieved SecurityContextImpl [Authentication=OAuth2AuthenticationToken [Principal=Name: [107234087105093742255], Granted Authorities: [[OIDC_USER, SCOPE_https://www.googleapis.com/auth/userinfo.email, SCOPE_https://www.googleapis.com/auth/userinfo.profile, SCOPE_openid]], User Attributes: [{at_hash=D05y8WM0mlpixJgpuakpnA, sub=107234087105093742255, email_verified=true, iss=https://accounts.google.com, given_name=Павел, nonce=8Qt59fWYfMeFQUA2_SVF6J9Has2Kz6h3Ub85vX-P0T0, picture=https://lh3.googleusercontent.com/a/ACg8ocJJoh9jonlTH61VWgvXCiXb0zCDjifGZZtZ30sCErS3N5ntDw=s96-c, aud=[909915657042-l07l5jl8r3v54r15k12hp7vev9dor6r7.apps.googleusercontent.com], azp=909915657042-l07l5jl8r3v54r15k12hp7vev9dor6r7.apps.googleusercontent.com, name=Павел Королев, exp=2025-04-16T23:04:49Z, family_name=Королев, iat=2025-04-16T22:04:49Z, email=passapdom@gmail.com}], Credentials=[PROTECTED], Authenticated=true, Details=WebAuthenticationDetails [RemoteIpAddress=0:0:0:0:0:0:0:1, SessionId=18FC5C86CA7512B4994A46339D0A1603], Granted Authorities=[OIDC_USER, SCOPE_https://www.googleapis.com/auth/userinfo.email, SCOPE_https://www.googleapis.com/auth/userinfo.profile, SCOPE_openid]]]
2025-04-17 01:13:01 [http-nio-8080-exec-4] [DEBUG] o.s.s.w.a.i.FilterSecurityInterceptor - Authorized filter invocation [GET /css/styles.css] with attributes [permitAll]
2025-04-17 01:13:01 [http-nio-8080-exec-4] [DEBUG] o.s.security.web.FilterChainProxy - Secured GET /css/styles.css
2025-04-17 01:13:01 [http-nio-8080-exec-3] [DEBUG] o.s.security.web.FilterChainProxy - Securing GET /img/tour-agency.jpg
2025-04-17 01:13:01 [http-nio-8080-exec-6] [DEBUG] o.s.security.web.FilterChainProxy - Securing GET /images/tour/77da970b-1e81-439d-a952-267262094a8c_kozelsk.jpg
2025-04-17 01:13:01 [http-nio-8080-exec-7] [DEBUG] o.s.security.web.FilterChainProxy - Securing GET /images/placeholder.jpg
2025-04-17 01:13:01 [http-nio-8080-exec-7] [DEBUG] o.s.s.w.c.HttpSessionSecurityContextRepository - Retrieved SecurityContextImpl [Authentication=OAuth2AuthenticationToken [Principal=Name: [107234087105093742255], Granted Authorities: [[OIDC_USER, SCOPE_https://www.googleapis.com/auth/userinfo.email, SCOPE_https://www.googleapis.com/auth/userinfo.profile, SCOPE_openid]], User Attributes: [{at_hash=D05y8WM0mlpixJgpuakpnA, sub=107234087105093742255, email_verified=true, iss=https://accounts.google.com, given_name=Павел, nonce=8Qt59fWYfMeFQUA2_SVF6J9Has2Kz6h3Ub85vX-P0T0, picture=https://lh3.googleusercontent.com/a/ACg8ocJJoh9jonlTH61VWgvXCiXb0zCDjifGZZtZ30sCErS3N5ntDw=s96-c, aud=[909915657042-l07l5jl8r3v54r15k12hp7vev9dor6r7.apps.googleusercontent.com], azp=909915657042-l07l5jl8r3v54r15k12hp7vev9dor6r7.apps.googleusercontent.com, name=Павел Королев, exp=2025-04-16T23:04:49Z, family_name=Королев, iat=2025-04-16T22:04:49Z, email=passapdom@gmail.com}], Credentials=[PROTECTED], Authenticated=true, Details=WebAuthenticationDetails [RemoteIpAddress=0:0:0:0:0:0:0:1, SessionId=18FC5C86CA7512B4994A46339D0A1603], Granted Authorities=[OIDC_USER, SCOPE_https://www.googleapis.com/auth/userinfo.email, SCOPE_https://www.googleapis.com/auth/userinfo.profile, SCOPE_openid]]]
2025-04-17 01:13:01 [http-nio-8080-exec-6] [DEBUG] o.s.s.w.c.HttpSessionSecurityContextRepository - Retrieved SecurityContextImpl [Authentication=OAuth2AuthenticationToken [Principal=Name: [107234087105093742255], Granted Authorities: [[OIDC_USER, SCOPE_https://www.googleapis.com/auth/userinfo.email, SCOPE_https://www.googleapis.com/auth/userinfo.profile, SCOPE_openid]], User Attributes: [{at_hash=D05y8WM0mlpixJgpuakpnA, sub=107234087105093742255, email_verified=true, iss=https://accounts.google.com, given_name=Павел, nonce=8Qt59fWYfMeFQUA2_SVF6J9Has2Kz6h3Ub85vX-P0T0, picture=https://lh3.googleusercontent.com/a/ACg8ocJJoh9jonlTH61VWgvXCiXb0zCDjifGZZtZ30sCErS3N5ntDw=s96-c, aud=[909915657042-l07l5jl8r3v54r15k12hp7vev9dor6r7.apps.googleusercontent.com], azp=909915657042-l07l5jl8r3v54r15k12hp7vev9dor6r7.apps.googleusercontent.com, name=Павел Королев, exp=2025-04-16T23:04:49Z, family_name=Королев, iat=2025-04-16T22:04:49Z, email=passapdom@gmail.com}], Credentials=[PROTECTED], Authenticated=true, Details=WebAuthenticationDetails [RemoteIpAddress=0:0:0:0:0:0:0:1, SessionId=18FC5C86CA7512B4994A46339D0A1603], Granted Authorities=[OIDC_USER, SCOPE_https://www.googleapis.com/auth/userinfo.email, SCOPE_https://www.googleapis.com/auth/userinfo.profile, SCOPE_openid]]]
2025-04-17 01:13:01 [http-nio-8080-exec-3] [DEBUG] o.s.s.w.c.HttpSessionSecurityContextRepository - Retrieved SecurityContextImpl [Authentication=OAuth2AuthenticationToken [Principal=Name: [107234087105093742255], Granted Authorities: [[OIDC_USER, SCOPE_https://www.googleapis.com/auth/userinfo.email, SCOPE_https://www.googleapis.com/auth/userinfo.profile, SCOPE_openid]], User Attributes: [{at_hash=D05y8WM0mlpixJgpuakpnA, sub=107234087105093742255, email_verified=true, iss=https://accounts.google.com, given_name=Павел, nonce=8Qt59fWYfMeFQUA2_SVF6J9Has2Kz6h3Ub85vX-P0T0, picture=https://lh3.googleusercontent.com/a/ACg8ocJJoh9jonlTH61VWgvXCiXb0zCDjifGZZtZ30sCErS3N5ntDw=s96-c, aud=[909915657042-l07l5jl8r3v54r15k12hp7vev9dor6r7.apps.googleusercontent.com], azp=909915657042-l07l5jl8r3v54r15k12hp7vev9dor6r7.apps.googleusercontent.com, name=Павел Королев, exp=2025-04-16T23:04:49Z, family_name=Королев, iat=2025-04-16T22:04:49Z, email=passapdom@gmail.com}], Credentials=[PROTECTED], Authenticated=true, Details=WebAuthenticationDetails [RemoteIpAddress=0:0:0:0:0:0:0:1, SessionId=18FC5C86CA7512B4994A46339D0A1603], Granted Authorities=[OIDC_USER, SCOPE_https://www.googleapis.com/auth/userinfo.email, SCOPE_https://www.googleapis.com/auth/userinfo.profile, SCOPE_openid]]]
2025-04-17 01:13:01 [http-nio-8080-exec-7] [DEBUG] o.s.s.w.a.i.FilterSecurityInterceptor - Authorized filter invocation [GET /images/placeholder.jpg] with attributes [permitAll]
2025-04-17 01:13:01 [http-nio-8080-exec-6] [DEBUG] o.s.s.w.a.i.FilterSecurityInterceptor - Authorized filter invocation [GET /images/tour/77da970b-1e81-439d-a952-267262094a8c_kozelsk.jpg] with attributes [permitAll]
2025-04-17 01:13:01 [http-nio-8080-exec-3] [DEBUG] o.s.s.w.a.i.FilterSecurityInterceptor - Authorized filter invocation [GET /img/tour-agency.jpg] with attributes [permitAll]
2025-04-17 01:13:01 [http-nio-8080-exec-7] [DEBUG] o.s.security.web.FilterChainProxy - Secured GET /images/placeholder.jpg
2025-04-17 01:13:01 [http-nio-8080-exec-3] [DEBUG] o.s.security.web.FilterChainProxy - Secured GET /img/tour-agency.jpg
2025-04-17 01:13:01 [http-nio-8080-exec-6] [DEBUG] o.s.security.web.FilterChainProxy - Secured GET /images/tour/77da970b-1e81-439d-a952-267262094a8c_kozelsk.jpg
2025-04-17 01:13:01 [http-nio-8080-exec-3] [DEBUG] o.s.security.web.FilterChainProxy - Securing GET /error
2025-04-17 01:13:01 [http-nio-8080-exec-7] [DEBUG] o.s.security.web.FilterChainProxy - Securing GET /error
2025-04-17 01:13:01 [http-nio-8080-exec-7] [DEBUG] o.s.s.w.c.HttpSessionSecurityContextRepository - Retrieved SecurityContextImpl [Authentication=OAuth2AuthenticationToken [Principal=Name: [107234087105093742255], Granted Authorities: [[OIDC_USER, SCOPE_https://www.googleapis.com/auth/userinfo.email, SCOPE_https://www.googleapis.com/auth/userinfo.profile, SCOPE_openid]], User Attributes: [{at_hash=D05y8WM0mlpixJgpuakpnA, sub=107234087105093742255, email_verified=true, iss=https://accounts.google.com, given_name=Павел, nonce=8Qt59fWYfMeFQUA2_SVF6J9Has2Kz6h3Ub85vX-P0T0, picture=https://lh3.googleusercontent.com/a/ACg8ocJJoh9jonlTH61VWgvXCiXb0zCDjifGZZtZ30sCErS3N5ntDw=s96-c, aud=[909915657042-l07l5jl8r3v54r15k12hp7vev9dor6r7.apps.googleusercontent.com], azp=909915657042-l07l5jl8r3v54r15k12hp7vev9dor6r7.apps.googleusercontent.com, name=Павел Королев, exp=2025-04-16T23:04:49Z, family_name=Королев, iat=2025-04-16T22:04:49Z, email=passapdom@gmail.com}], Credentials=[PROTECTED], Authenticated=true, Details=WebAuthenticationDetails [RemoteIpAddress=0:0:0:0:0:0:0:1, SessionId=18FC5C86CA7512B4994A46339D0A1603], Granted Authorities=[OIDC_USER, SCOPE_https://www.googleapis.com/auth/userinfo.email, SCOPE_https://www.googleapis.com/auth/userinfo.profile, SCOPE_openid]]]
2025-04-17 01:13:01 [http-nio-8080-exec-3] [DEBUG] o.s.s.w.c.HttpSessionSecurityContextRepository - Retrieved SecurityContextImpl [Authentication=OAuth2AuthenticationToken [Principal=Name: [107234087105093742255], Granted Authorities: [[OIDC_USER, SCOPE_https://www.googleapis.com/auth/userinfo.email, SCOPE_https://www.googleapis.com/auth/userinfo.profile, SCOPE_openid]], User Attributes: [{at_hash=D05y8WM0mlpixJgpuakpnA, sub=107234087105093742255, email_verified=true, iss=https://accounts.google.com, given_name=Павел, nonce=8Qt59fWYfMeFQUA2_SVF6J9Has2Kz6h3Ub85vX-P0T0, picture=https://lh3.googleusercontent.com/a/ACg8ocJJoh9jonlTH61VWgvXCiXb0zCDjifGZZtZ30sCErS3N5ntDw=s96-c, aud=[909915657042-l07l5jl8r3v54r15k12hp7vev9dor6r7.apps.googleusercontent.com], azp=909915657042-l07l5jl8r3v54r15k12hp7vev9dor6r7.apps.googleusercontent.com, name=Павел Королев, exp=2025-04-16T23:04:49Z, family_name=Королев, iat=2025-04-16T22:04:49Z, email=passapdom@gmail.com}], Credentials=[PROTECTED], Authenticated=true, Details=WebAuthenticationDetails [RemoteIpAddress=0:0:0:0:0:0:0:1, SessionId=18FC5C86CA7512B4994A46339D0A1603], Granted Authorities=[OIDC_USER, SCOPE_https://www.googleapis.com/auth/userinfo.email, SCOPE_https://www.googleapis.com/auth/userinfo.profile, SCOPE_openid]]]
2025-04-17 01:13:01 [http-nio-8080-exec-7] [DEBUG] o.s.s.w.a.i.FilterSecurityInterceptor - Authorized filter invocation [GET /error] with attributes [permitAll]
2025-04-17 01:13:01 [http-nio-8080-exec-3] [DEBUG] o.s.s.w.a.i.FilterSecurityInterceptor - Authorized filter invocation [GET /error] with attributes [permitAll]
2025-04-17 01:13:01 [http-nio-8080-exec-7] [DEBUG] o.s.security.web.FilterChainProxy - Secured GET /error
2025-04-17 01:13:01 [http-nio-8080-exec-3] [DEBUG] o.s.security.web.FilterChainProxy - Secured GET /error
2025-04-17 01:13:02 [http-nio-8080-exec-2] [DEBUG] o.s.security.web.FilterChainProxy - Securing GET /excursion/tour/8
2025-04-17 01:13:02 [http-nio-8080-exec-2] [DEBUG] o.s.s.w.c.HttpSessionSecurityContextRepository - Retrieved SecurityContextImpl [Authentication=OAuth2AuthenticationToken [Principal=Name: [107234087105093742255], Granted Authorities: [[OIDC_USER, SCOPE_https://www.googleapis.com/auth/userinfo.email, SCOPE_https://www.googleapis.com/auth/userinfo.profile, SCOPE_openid]], User Attributes: [{at_hash=D05y8WM0mlpixJgpuakpnA, sub=107234087105093742255, email_verified=true, iss=https://accounts.google.com, given_name=Павел, nonce=8Qt59fWYfMeFQUA2_SVF6J9Has2Kz6h3Ub85vX-P0T0, picture=https://lh3.googleusercontent.com/a/ACg8ocJJoh9jonlTH61VWgvXCiXb0zCDjifGZZtZ30sCErS3N5ntDw=s96-c, aud=[909915657042-l07l5jl8r3v54r15k12hp7vev9dor6r7.apps.googleusercontent.com], azp=909915657042-l07l5jl8r3v54r15k12hp7vev9dor6r7.apps.googleusercontent.com, name=Павел Королев, exp=2025-04-16T23:04:49Z, family_name=Королев, iat=2025-04-16T22:04:49Z, email=passapdom@gmail.com}], Credentials=[PROTECTED], Authenticated=true, Details=WebAuthenticationDetails [RemoteIpAddress=0:0:0:0:0:0:0:1, SessionId=18FC5C86CA7512B4994A46339D0A1603], Granted Authorities=[OIDC_USER, SCOPE_https://www.googleapis.com/auth/userinfo.email, SCOPE_https://www.googleapis.com/auth/userinfo.profile, SCOPE_openid]]]
2025-04-17 01:13:02 [http-nio-8080-exec-2] [DEBUG] o.s.s.w.a.i.FilterSecurityInterceptor - Authorized filter invocation [GET /excursion/tour/8] with attributes [permitAll]
2025-04-17 01:13:02 [http-nio-8080-exec-2] [DEBUG] o.s.security.web.FilterChainProxy - Secured GET /excursion/tour/8
2025-04-17 01:13:02 [http-nio-8080-exec-2] [INFO] r.k.a.u.s.CheckAuthorizeService - checkAdmin is starting, principal: OAuth2AuthenticationToken [Principal=Name: [107234087105093742255], Granted Authorities: [[OIDC_USER, SCOPE_https://www.googleapis.com/auth/userinfo.email, SCOPE_https://www.googleapis.com/auth/userinfo.profile, SCOPE_openid]], User Attributes: [{at_hash=D05y8WM0mlpixJgpuakpnA, sub=107234087105093742255, email_verified=true, iss=https://accounts.google.com, given_name=Павел, nonce=8Qt59fWYfMeFQUA2_SVF6J9Has2Kz6h3Ub85vX-P0T0, picture=https://lh3.googleusercontent.com/a/ACg8ocJJoh9jonlTH61VWgvXCiXb0zCDjifGZZtZ30sCErS3N5ntDw=s96-c, aud=[909915657042-l07l5jl8r3v54r15k12hp7vev9dor6r7.apps.googleusercontent.com], azp=909915657042-l07l5jl8r3v54r15k12hp7vev9dor6r7.apps.googleusercontent.com, name=Павел Королев, exp=2025-04-16T23:04:49Z, family_name=Королев, iat=2025-04-16T22:04:49Z, email=passapdom@gmail.com}], Credentials=[PROTECTED], Authenticated=true, Details=WebAuthenticationDetails [RemoteIpAddress=0:0:0:0:0:0:0:1, SessionId=18FC5C86CA7512B4994A46339D0A1603], Granted Authorities=[OIDC_USER, SCOPE_https://www.googleapis.com/auth/userinfo.email, SCOPE_https://www.googleapis.com/auth/userinfo.profile, SCOPE_openid]]
2025-04-17 01:13:02 [http-nio-8080-exec-2] [INFO] r.k.a.u.s.CheckAuthorizeService - checkAdmin: principal != null
2025-04-17 01:13:02 [http-nio-8080-exec-2] [INFO] r.k.a.u.s.CheckAuthorizeService - Principal is OAuth2AuthenticationToken
2025-04-17 01:13:02 [http-nio-8080-exec-2] [INFO] r.k.a.u.s.CheckAuthorizeService - Checking admin rights for email: passapdom@gmail.com
2025-04-17 01:13:02 [http-nio-8080-exec-2] [INFO] r.k.a.u.s.CheckAuthorizeService - User roles: [ADMIN]
2025-04-17 01:13:02 [http-nio-8080-exec-9] [DEBUG] o.s.security.web.FilterChainProxy - Securing GET /css/styles.css
2025-04-17 01:13:02 [http-nio-8080-exec-9] [DEBUG] o.s.s.w.c.HttpSessionSecurityContextRepository - Retrieved SecurityContextImpl [Authentication=OAuth2AuthenticationToken [Principal=Name: [107234087105093742255], Granted Authorities: [[OIDC_USER, SCOPE_https://www.googleapis.com/auth/userinfo.email, SCOPE_https://www.googleapis.com/auth/userinfo.profile, SCOPE_openid]], User Attributes: [{at_hash=D05y8WM0mlpixJgpuakpnA, sub=107234087105093742255, email_verified=true, iss=https://accounts.google.com, given_name=Павел, nonce=8Qt59fWYfMeFQUA2_SVF6J9Has2Kz6h3Ub85vX-P0T0, picture=https://lh3.googleusercontent.com/a/ACg8ocJJoh9jonlTH61VWgvXCiXb0zCDjifGZZtZ30sCErS3N5ntDw=s96-c, aud=[909915657042-l07l5jl8r3v54r15k12hp7vev9dor6r7.apps.googleusercontent.com], azp=909915657042-l07l5jl8r3v54r15k12hp7vev9dor6r7.apps.googleusercontent.com, name=Павел Королев, exp=2025-04-16T23:04:49Z, family_name=Королев, iat=2025-04-16T22:04:49Z, email=passapdom@gmail.com}], Credentials=[PROTECTED], Authenticated=true, Details=WebAuthenticationDetails [RemoteIpAddress=0:0:0:0:0:0:0:1, SessionId=18FC5C86CA7512B4994A46339D0A1603], Granted Authorities=[OIDC_USER, SCOPE_https://www.googleapis.com/auth/userinfo.email, SCOPE_https://www.googleapis.com/auth/userinfo.profile, SCOPE_openid]]]
2025-04-17 01:13:02 [http-nio-8080-exec-9] [DEBUG] o.s.s.w.a.i.FilterSecurityInterceptor - Authorized filter invocation [GET /css/styles.css] with attributes [permitAll]
2025-04-17 01:13:02 [http-nio-8080-exec-9] [DEBUG] o.s.security.web.FilterChainProxy - Secured GET /css/styles.css
2025-04-17 01:13:02 [http-nio-8080-exec-5] [DEBUG] o.s.security.web.FilterChainProxy - Securing GET /img/logo_alliance.png
2025-04-17 01:13:02 [http-nio-8080-exec-5] [DEBUG] o.s.s.w.c.HttpSessionSecurityContextRepository - Retrieved SecurityContextImpl [Authentication=OAuth2AuthenticationToken [Principal=Name: [107234087105093742255], Granted Authorities: [[OIDC_USER, SCOPE_https://www.googleapis.com/auth/userinfo.email, SCOPE_https://www.googleapis.com/auth/userinfo.profile, SCOPE_openid]], User Attributes: [{at_hash=D05y8WM0mlpixJgpuakpnA, sub=107234087105093742255, email_verified=true, iss=https://accounts.google.com, given_name=Павел, nonce=8Qt59fWYfMeFQUA2_SVF6J9Has2Kz6h3Ub85vX-P0T0, picture=https://lh3.googleusercontent.com/a/ACg8ocJJoh9jonlTH61VWgvXCiXb0zCDjifGZZtZ30sCErS3N5ntDw=s96-c, aud=[909915657042-l07l5jl8r3v54r15k12hp7vev9dor6r7.apps.googleusercontent.com], azp=909915657042-l07l5jl8r3v54r15k12hp7vev9dor6r7.apps.googleusercontent.com, name=Павел Королев, exp=2025-04-16T23:04:49Z, family_name=Королев, iat=2025-04-16T22:04:49Z, email=passapdom@gmail.com}], Credentials=[PROTECTED], Authenticated=true, Details=WebAuthenticationDetails [RemoteIpAddress=0:0:0:0:0:0:0:1, SessionId=18FC5C86CA7512B4994A46339D0A1603], Granted Authorities=[OIDC_USER, SCOPE_https://www.googleapis.com/auth/userinfo.email, SCOPE_https://www.googleapis.com/auth/userinfo.profile, SCOPE_openid]]]
2025-04-17 01:13:02 [http-nio-8080-exec-5] [DEBUG] o.s.s.w.a.i.FilterSecurityInterceptor - Authorized filter invocation [GET /img/logo_alliance.png] with attributes [permitAll]
2025-04-17 01:13:02 [http-nio-8080-exec-5] [DEBUG] o.s.security.web.FilterChainProxy - Secured GET /img/logo_alliance.png
2025-04-17 01:13:05 [http-nio-8080-exec-8] [DEBUG] o.s.security.web.FilterChainProxy - Securing GET /excursion/tour/7
2025-04-17 01:13:05 [http-nio-8080-exec-8] [DEBUG] o.s.s.w.c.HttpSessionSecurityContextRepository - Retrieved SecurityContextImpl [Authentication=OAuth2AuthenticationToken [Principal=Name: [107234087105093742255], Granted Authorities: [[OIDC_USER, SCOPE_https://www.googleapis.com/auth/userinfo.email, SCOPE_https://www.googleapis.com/auth/userinfo.profile, SCOPE_openid]], User Attributes: [{at_hash=D05y8WM0mlpixJgpuakpnA, sub=107234087105093742255, email_verified=true, iss=https://accounts.google.com, given_name=Павел, nonce=8Qt59fWYfMeFQUA2_SVF6J9Has2Kz6h3Ub85vX-P0T0, picture=https://lh3.googleusercontent.com/a/ACg8ocJJoh9jonlTH61VWgvXCiXb0zCDjifGZZtZ30sCErS3N5ntDw=s96-c, aud=[909915657042-l07l5jl8r3v54r15k12hp7vev9dor6r7.apps.googleusercontent.com], azp=909915657042-l07l5jl8r3v54r15k12hp7vev9dor6r7.apps.googleusercontent.com, name=Павел Королев, exp=2025-04-16T23:04:49Z, family_name=Королев, iat=2025-04-16T22:04:49Z, email=passapdom@gmail.com}], Credentials=[PROTECTED], Authenticated=true, Details=WebAuthenticationDetails [RemoteIpAddress=0:0:0:0:0:0:0:1, SessionId=18FC5C86CA7512B4994A46339D0A1603], Granted Authorities=[OIDC_USER, SCOPE_https://www.googleapis.com/auth/userinfo.email, SCOPE_https://www.googleapis.com/auth/userinfo.profile, SCOPE_openid]]]
2025-04-17 01:13:05 [http-nio-8080-exec-8] [DEBUG] o.s.s.w.a.i.FilterSecurityInterceptor - Authorized filter invocation [GET /excursion/tour/7] with attributes [permitAll]
2025-04-17 01:13:05 [http-nio-8080-exec-8] [DEBUG] o.s.security.web.FilterChainProxy - Secured GET /excursion/tour/7
2025-04-17 01:13:05 [http-nio-8080-exec-8] [INFO] r.k.a.u.s.CheckAuthorizeService - checkAdmin is starting, principal: OAuth2AuthenticationToken [Principal=Name: [107234087105093742255], Granted Authorities: [[OIDC_USER, SCOPE_https://www.googleapis.com/auth/userinfo.email, SCOPE_https://www.googleapis.com/auth/userinfo.profile, SCOPE_openid]], User Attributes: [{at_hash=D05y8WM0mlpixJgpuakpnA, sub=107234087105093742255, email_verified=true, iss=https://accounts.google.com, given_name=Павел, nonce=8Qt59fWYfMeFQUA2_SVF6J9Has2Kz6h3Ub85vX-P0T0, picture=https://lh3.googleusercontent.com/a/ACg8ocJJoh9jonlTH61VWgvXCiXb0zCDjifGZZtZ30sCErS3N5ntDw=s96-c, aud=[909915657042-l07l5jl8r3v54r15k12hp7vev9dor6r7.apps.googleusercontent.com], azp=909915657042-l07l5jl8r3v54r15k12hp7vev9dor6r7.apps.googleusercontent.com, name=Павел Королев, exp=2025-04-16T23:04:49Z, family_name=Королев, iat=2025-04-16T22:04:49Z, email=passapdom@gmail.com}], Credentials=[PROTECTED], Authenticated=true, Details=WebAuthenticationDetails [RemoteIpAddress=0:0:0:0:0:0:0:1, SessionId=18FC5C86CA7512B4994A46339D0A1603], Granted Authorities=[OIDC_USER, SCOPE_https://www.googleapis.com/auth/userinfo.email, SCOPE_https://www.googleapis.com/auth/userinfo.profile, SCOPE_openid]]
2025-04-17 01:13:05 [http-nio-8080-exec-8] [INFO] r.k.a.u.s.CheckAuthorizeService - checkAdmin: principal != null
2025-04-17 01:13:05 [http-nio-8080-exec-8] [INFO] r.k.a.u.s.CheckAuthorizeService - Principal is OAuth2AuthenticationToken
2025-04-17 01:13:05 [http-nio-8080-exec-8] [INFO] r.k.a.u.s.CheckAuthorizeService - Checking admin rights for email: passapdom@gmail.com
2025-04-17 01:13:05 [http-nio-8080-exec-8] [INFO] r.k.a.u.s.CheckAuthorizeService - User roles: [ADMIN]
2025-04-17 01:13:05 [http-nio-8080-exec-1] [DEBUG] o.s.security.web.FilterChainProxy - Securing GET /css/styles.css
2025-04-17 01:13:05 [http-nio-8080-exec-1] [DEBUG] o.s.s.w.c.HttpSessionSecurityContextRepository - Retrieved SecurityContextImpl [Authentication=OAuth2AuthenticationToken [Principal=Name: [107234087105093742255], Granted Authorities: [[OIDC_USER, SCOPE_https://www.googleapis.com/auth/userinfo.email, SCOPE_https://www.googleapis.com/auth/userinfo.profile, SCOPE_openid]], User Attributes: [{at_hash=D05y8WM0mlpixJgpuakpnA, sub=107234087105093742255, email_verified=true, iss=https://accounts.google.com, given_name=Павел, nonce=8Qt59fWYfMeFQUA2_SVF6J9Has2Kz6h3Ub85vX-P0T0, picture=https://lh3.googleusercontent.com/a/ACg8ocJJoh9jonlTH61VWgvXCiXb0zCDjifGZZtZ30sCErS3N5ntDw=s96-c, aud=[909915657042-l07l5jl8r3v54r15k12hp7vev9dor6r7.apps.googleusercontent.com], azp=909915657042-l07l5jl8r3v54r15k12hp7vev9dor6r7.apps.googleusercontent.com, name=Павел Королев, exp=2025-04-16T23:04:49Z, family_name=Королев, iat=2025-04-16T22:04:49Z, email=passapdom@gmail.com}], Credentials=[PROTECTED], Authenticated=true, Details=WebAuthenticationDetails [RemoteIpAddress=0:0:0:0:0:0:0:1, SessionId=18FC5C86CA7512B4994A46339D0A1603], Granted Authorities=[OIDC_USER, SCOPE_https://www.googleapis.com/auth/userinfo.email, SCOPE_https://www.googleapis.com/auth/userinfo.profile, SCOPE_openid]]]
2025-04-17 01:13:05 [http-nio-8080-exec-1] [DEBUG] o.s.s.w.a.i.FilterSecurityInterceptor - Authorized filter invocation [GET /css/styles.css] with attributes [permitAll]
2025-04-17 01:13:05 [http-nio-8080-exec-1] [DEBUG] o.s.security.web.FilterChainProxy - Secured GET /css/styles.css
2025-04-17 01:13:05 [http-nio-8080-exec-4] [DEBUG] o.s.security.web.FilterChainProxy - Securing GET /img/logo_alliance.png
2025-04-17 01:13:05 [http-nio-8080-exec-10] [DEBUG] o.s.security.web.FilterChainProxy - Securing GET /images/tour/70efb4f2-568c-40d0-b39f-55ed0ccbc07e_00-Козельск.jpg
2025-04-17 01:13:05 [http-nio-8080-exec-10] [DEBUG] o.s.s.w.c.HttpSessionSecurityContextRepository - Retrieved SecurityContextImpl [Authentication=OAuth2AuthenticationToken [Principal=Name: [107234087105093742255], Granted Authorities: [[OIDC_USER, SCOPE_https://www.googleapis.com/auth/userinfo.email, SCOPE_https://www.googleapis.com/auth/userinfo.profile, SCOPE_openid]], User Attributes: [{at_hash=D05y8WM0mlpixJgpuakpnA, sub=107234087105093742255, email_verified=true, iss=https://accounts.google.com, given_name=Павел, nonce=8Qt59fWYfMeFQUA2_SVF6J9Has2Kz6h3Ub85vX-P0T0, picture=https://lh3.googleusercontent.com/a/ACg8ocJJoh9jonlTH61VWgvXCiXb0zCDjifGZZtZ30sCErS3N5ntDw=s96-c, aud=[909915657042-l07l5jl8r3v54r15k12hp7vev9dor6r7.apps.googleusercontent.com], azp=909915657042-l07l5jl8r3v54r15k12hp7vev9dor6r7.apps.googleusercontent.com, name=Павел Королев, exp=2025-04-16T23:04:49Z, family_name=Королев, iat=2025-04-16T22:04:49Z, email=passapdom@gmail.com}], Credentials=[PROTECTED], Authenticated=true, Details=WebAuthenticationDetails [RemoteIpAddress=0:0:0:0:0:0:0:1, SessionId=18FC5C86CA7512B4994A46339D0A1603], Granted Authorities=[OIDC_USER, SCOPE_https://www.googleapis.com/auth/userinfo.email, SCOPE_https://www.googleapis.com/auth/userinfo.profile, SCOPE_openid]]]
2025-04-17 01:13:05 [http-nio-8080-exec-4] [DEBUG] o.s.s.w.c.HttpSessionSecurityContextRepository - Retrieved SecurityContextImpl [Authentication=OAuth2AuthenticationToken [Principal=Name: [107234087105093742255], Granted Authorities: [[OIDC_USER, SCOPE_https://www.googleapis.com/auth/userinfo.email, SCOPE_https://www.googleapis.com/auth/userinfo.profile, SCOPE_openid]], User Attributes: [{at_hash=D05y8WM0mlpixJgpuakpnA, sub=107234087105093742255, email_verified=true, iss=https://accounts.google.com, given_name=Павел, nonce=8Qt59fWYfMeFQUA2_SVF6J9Has2Kz6h3Ub85vX-P0T0, picture=https://lh3.googleusercontent.com/a/ACg8ocJJoh9jonlTH61VWgvXCiXb0zCDjifGZZtZ30sCErS3N5ntDw=s96-c, aud=[909915657042-l07l5jl8r3v54r15k12hp7vev9dor6r7.apps.googleusercontent.com], azp=909915657042-l07l5jl8r3v54r15k12hp7vev9dor6r7.apps.googleusercontent.com, name=Павел Королев, exp=2025-04-16T23:04:49Z, family_name=Королев, iat=2025-04-16T22:04:49Z, email=passapdom@gmail.com}], Credentials=[PROTECTED], Authenticated=true, Details=WebAuthenticationDetails [RemoteIpAddress=0:0:0:0:0:0:0:1, SessionId=18FC5C86CA7512B4994A46339D0A1603], Granted Authorities=[OIDC_USER, SCOPE_https://www.googleapis.com/auth/userinfo.email, SCOPE_https://www.googleapis.com/auth/userinfo.profile, SCOPE_openid]]]
2025-04-17 01:13:05 [http-nio-8080-exec-4] [DEBUG] o.s.s.w.a.i.FilterSecurityInterceptor - Authorized filter invocation [GET /img/logo_alliance.png] with attributes [permitAll]
2025-04-17 01:13:05 [http-nio-8080-exec-10] [DEBUG] o.s.s.w.a.i.FilterSecurityInterceptor - Authorized filter invocation [GET /images/tour/70efb4f2-568c-40d0-b39f-55ed0ccbc07e_00-Козельск.jpg] with attributes [permitAll]
2025-04-17 01:13:05 [http-nio-8080-exec-4] [DEBUG] o.s.security.web.FilterChainProxy - Secured GET /img/logo_alliance.png
2025-04-17 01:13:05 [http-nio-8080-exec-10] [DEBUG] o.s.security.web.FilterChainProxy - Secured GET /images/tour/70efb4f2-568c-40d0-b39f-55ed0ccbc07e_00-Козельск.jpg
2025-04-17 01:13:05 [http-nio-8080-exec-3] [DEBUG] o.s.security.web.FilterChainProxy - Securing GET /images/tour/ab411480-0960-49e0-851d-d9a6ee643bbf_photo_2024-12-23_22-18-02.jpg
2025-04-17 01:13:05 [http-nio-8080-exec-6] [DEBUG] o.s.security.web.FilterChainProxy - Securing GET /images/tour/9a82b164-22ad-4d36-b819-c6f0b357f20e_01.jpg
2025-04-17 01:13:05 [http-nio-8080-exec-2] [DEBUG] o.s.security.web.FilterChainProxy - Securing GET /images/tour/414b0294-d609-404f-b29e-bce0b3a8dd2d_2.jpg
2025-04-17 01:13:05 [http-nio-8080-exec-7] [DEBUG] o.s.security.web.FilterChainProxy - Securing GET /images/tour/2fda8126-ebe8-4ae8-8cc0-41fba6cc8428_photo_2024-12-23_22-18-01.jpg
2025-04-17 01:13:05 [http-nio-8080-exec-6] [DEBUG] o.s.s.w.c.HttpSessionSecurityContextRepository - Retrieved SecurityContextImpl [Authentication=OAuth2AuthenticationToken [Principal=Name: [107234087105093742255], Granted Authorities: [[OIDC_USER, SCOPE_https://www.googleapis.com/auth/userinfo.email, SCOPE_https://www.googleapis.com/auth/userinfo.profile, SCOPE_openid]], User Attributes: [{at_hash=D05y8WM0mlpixJgpuakpnA, sub=107234087105093742255, email_verified=true, iss=https://accounts.google.com, given_name=Павел, nonce=8Qt59fWYfMeFQUA2_SVF6J9Has2Kz6h3Ub85vX-P0T0, picture=https://lh3.googleusercontent.com/a/ACg8ocJJoh9jonlTH61VWgvXCiXb0zCDjifGZZtZ30sCErS3N5ntDw=s96-c, aud=[909915657042-l07l5jl8r3v54r15k12hp7vev9dor6r7.apps.googleusercontent.com], azp=909915657042-l07l5jl8r3v54r15k12hp7vev9dor6r7.apps.googleusercontent.com, name=Павел Королев, exp=2025-04-16T23:04:49Z, family_name=Королев, iat=2025-04-16T22:04:49Z, email=passapdom@gmail.com}], Credentials=[PROTECTED], Authenticated=true, Details=WebAuthenticationDetails [RemoteIpAddress=0:0:0:0:0:0:0:1, SessionId=18FC5C86CA7512B4994A46339D0A1603], Granted Authorities=[OIDC_USER, SCOPE_https://www.googleapis.com/auth/userinfo.email, SCOPE_https://www.googleapis.com/auth/userinfo.profile, SCOPE_openid]]]
2025-04-17 01:13:05 [http-nio-8080-exec-3] [DEBUG] o.s.s.w.c.HttpSessionSecurityContextRepository - Retrieved SecurityContextImpl [Authentication=OAuth2AuthenticationToken [Principal=Name: [107234087105093742255], Granted Authorities: [[OIDC_USER, SCOPE_https://www.googleapis.com/auth/userinfo.email, SCOPE_https://www.googleapis.com/auth/userinfo.profile, SCOPE_openid]], User Attributes: [{at_hash=D05y8WM0mlpixJgpuakpnA, sub=107234087105093742255, email_verified=true, iss=https://accounts.google.com, given_name=Павел, nonce=8Qt59fWYfMeFQUA2_SVF6J9Has2Kz6h3Ub85vX-P0T0, picture=https://lh3.googleusercontent.com/a/ACg8ocJJoh9jonlTH61VWgvXCiXb0zCDjifGZZtZ30sCErS3N5ntDw=s96-c, aud=[909915657042-l07l5jl8r3v54r15k12hp7vev9dor6r7.apps.googleusercontent.com], azp=909915657042-l07l5jl8r3v54r15k12hp7vev9dor6r7.apps.googleusercontent.com, name=Павел Королев, exp=2025-04-16T23:04:49Z, family_name=Королев, iat=2025-04-16T22:04:49Z, email=passapdom@gmail.com}], Credentials=[PROTECTED], Authenticated=true, Details=WebAuthenticationDetails [RemoteIpAddress=0:0:0:0:0:0:0:1, SessionId=18FC5C86CA7512B4994A46339D0A1603], Granted Authorities=[OIDC_USER, SCOPE_https://www.googleapis.com/auth/userinfo.email, SCOPE_https://www.googleapis.com/auth/userinfo.profile, SCOPE_openid]]]
2025-04-17 01:13:05 [http-nio-8080-exec-2] [DEBUG] o.s.s.w.c.HttpSessionSecurityContextRepository - Retrieved SecurityContextImpl [Authentication=OAuth2AuthenticationToken [Principal=Name: [107234087105093742255], Granted Authorities: [[OIDC_USER, SCOPE_https://www.googleapis.com/auth/userinfo.email, SCOPE_https://www.googleapis.com/auth/userinfo.profile, SCOPE_openid]], User Attributes: [{at_hash=D05y8WM0mlpixJgpuakpnA, sub=107234087105093742255, email_verified=true, iss=https://accounts.google.com, given_name=Павел, nonce=8Qt59fWYfMeFQUA2_SVF6J9Has2Kz6h3Ub85vX-P0T0, picture=https://lh3.googleusercontent.com/a/ACg8ocJJoh9jonlTH61VWgvXCiXb0zCDjifGZZtZ30sCErS3N5ntDw=s96-c, aud=[909915657042-l07l5jl8r3v54r15k12hp7vev9dor6r7.apps.googleusercontent.com], azp=909915657042-l07l5jl8r3v54r15k12hp7vev9dor6r7.apps.googleusercontent.com, name=Павел Королев, exp=2025-04-16T23:04:49Z, family_name=Королев, iat=2025-04-16T22:04:49Z, email=passapdom@gmail.com}], Credentials=[PROTECTED], Authenticated=true, Details=WebAuthenticationDetails [RemoteIpAddress=0:0:0:0:0:0:0:1, SessionId=18FC5C86CA7512B4994A46339D0A1603], Granted Authorities=[OIDC_USER, SCOPE_https://www.googleapis.com/auth/userinfo.email, SCOPE_https://www.googleapis.com/auth/userinfo.profile, SCOPE_openid]]]
2025-04-17 01:13:05 [http-nio-8080-exec-7] [DEBUG] o.s.s.w.c.HttpSessionSecurityContextRepository - Retrieved SecurityContextImpl [Authentication=OAuth2AuthenticationToken [Principal=Name: [107234087105093742255], Granted Authorities: [[OIDC_USER, SCOPE_https://www.googleapis.com/auth/userinfo.email, SCOPE_https://www.googleapis.com/auth/userinfo.profile, SCOPE_openid]], User Attributes: [{at_hash=D05y8WM0mlpixJgpuakpnA, sub=107234087105093742255, email_verified=true, iss=https://accounts.google.com, given_name=Павел, nonce=8Qt59fWYfMeFQUA2_SVF6J9Has2Kz6h3Ub85vX-P0T0, picture=https://lh3.googleusercontent.com/a/ACg8ocJJoh9jonlTH61VWgvXCiXb0zCDjifGZZtZ30sCErS3N5ntDw=s96-c, aud=[909915657042-l07l5jl8r3v54r15k12hp7vev9dor6r7.apps.googleusercontent.com], azp=909915657042-l07l5jl8r3v54r15k12hp7vev9dor6r7.apps.googleusercontent.com, name=Павел Королев, exp=2025-04-16T23:04:49Z, family_name=Королев, iat=2025-04-16T22:04:49Z, email=passapdom@gmail.com}], Credentials=[PROTECTED], Authenticated=true, Details=WebAuthenticationDetails [RemoteIpAddress=0:0:0:0:0:0:0:1, SessionId=18FC5C86CA7512B4994A46339D0A1603], Granted Authorities=[OIDC_USER, SCOPE_https://www.googleapis.com/auth/userinfo.email, SCOPE_https://www.googleapis.com/auth/userinfo.profile, SCOPE_openid]]]
2025-04-17 01:13:05 [http-nio-8080-exec-7] [DEBUG] o.s.s.w.a.i.FilterSecurityInterceptor - Authorized filter invocation [GET /images/tour/2fda8126-ebe8-4ae8-8cc0-41fba6cc8428_photo_2024-12-23_22-18-01.jpg] with attributes [permitAll]
2025-04-17 01:13:05 [http-nio-8080-exec-6] [DEBUG] o.s.s.w.a.i.FilterSecurityInterceptor - Authorized filter invocation [GET /images/tour/9a82b164-22ad-4d36-b819-c6f0b357f20e_01.jpg] with attributes [permitAll]
2025-04-17 01:13:05 [http-nio-8080-exec-2] [DEBUG] o.s.s.w.a.i.FilterSecurityInterceptor - Authorized filter invocation [GET /images/tour/414b0294-d609-404f-b29e-bce0b3a8dd2d_2.jpg] with attributes [permitAll]
2025-04-17 01:13:05 [http-nio-8080-exec-3] [DEBUG] o.s.s.w.a.i.FilterSecurityInterceptor - Authorized filter invocation [GET /images/tour/ab411480-0960-49e0-851d-d9a6ee643bbf_photo_2024-12-23_22-18-02.jpg] with attributes [permitAll]
2025-04-17 01:13:05 [http-nio-8080-exec-7] [DEBUG] o.s.security.web.FilterChainProxy - Secured GET /images/tour/2fda8126-ebe8-4ae8-8cc0-41fba6cc8428_photo_2024-12-23_22-18-01.jpg
2025-04-17 01:13:05 [http-nio-8080-exec-6] [DEBUG] o.s.security.web.FilterChainProxy - Secured GET /images/tour/9a82b164-22ad-4d36-b819-c6f0b357f20e_01.jpg
2025-04-17 01:13:05 [http-nio-8080-exec-2] [DEBUG] o.s.security.web.FilterChainProxy - Secured GET /images/tour/414b0294-d609-404f-b29e-bce0b3a8dd2d_2.jpg
2025-04-17 01:13:05 [http-nio-8080-exec-3] [DEBUG] o.s.security.web.FilterChainProxy - Secured GET /images/tour/ab411480-0960-49e0-851d-d9a6ee643bbf_photo_2024-12-23_22-18-02.jpg
2025-04-17 01:13:12 [SpringApplicationShutdownHook] [INFO] o.s.o.j.LocalContainerEntityManagerFactoryBean - Closing JPA EntityManagerFactory for persistence unit 'default'
2025-04-17 01:13:12 [SpringApplicationShutdownHook] [INFO] com.zaxxer.hikari.HikariDataSource - HikariPool-1 - Shutdown initiated...
2025-04-17 01:13:12 [SpringApplicationShutdownHook] [INFO] com.zaxxer.hikari.HikariDataSource - HikariPool-1 - Shutdown completed.
2025-04-17 01:13:15 [background-preinit] [INFO] o.h.validator.internal.util.Version - HV000001: Hibernate Validator 8.0.1.Final
2025-04-17 01:13:15 [restartedMain] [INFO] r.k.alliance.AllianceApplication - Starting AllianceApplication using Java 23.0.1 with PID 9452 (C:\Users\Zver\Desktop\Projects\alliance\target\classes started by pavel in C:\Users\Zver\Desktop\Projects\alliance)
2025-04-17 01:13:15 [restartedMain] [INFO] r.k.alliance.AllianceApplication - No active profile set, falling back to 1 default profile: "default"
2025-04-17 01:13:15 [restartedMain] [INFO] o.s.b.d.e.DevToolsPropertyDefaultsPostProcessor - Devtools property defaults active! Set 'spring.devtools.add-properties' to 'false' to disable
2025-04-17 01:13:15 [restartedMain] [INFO] o.s.b.d.e.DevToolsPropertyDefaultsPostProcessor - For additional web related logging consider setting the 'logging.level.web' property to 'DEBUG'
2025-04-17 01:13:16 [restartedMain] [INFO] o.s.d.r.c.RepositoryConfigurationDelegate - Bootstrapping Spring Data JPA repositories in DEFAULT mode.
2025-04-17 01:13:16 [restartedMain] [INFO] o.s.d.r.c.RepositoryConfigurationDelegate - Finished Spring Data repository scanning in 53 ms. Found 11 JPA repository interfaces.
2025-04-17 01:13:16 [restartedMain] [INFO] o.s.b.w.e.tomcat.TomcatWebServer - Tomcat initialized with port 8080 (http)
2025-04-17 01:13:16 [restartedMain] [INFO] o.a.coyote.http11.Http11NioProtocol - Initializing ProtocolHandler ["http-nio-8080"]
2025-04-17 01:13:16 [restartedMain] [INFO] o.a.catalina.core.StandardService - Starting service [Tomcat]
2025-04-17 01:13:16 [restartedMain] [INFO] o.a.catalina.core.StandardEngine - Starting Servlet engine: [Apache Tomcat/10.1.31]
2025-04-17 01:13:17 [restartedMain] [INFO] o.a.c.c.C.[Tomcat].[localhost].[/] - Initializing Spring embedded WebApplicationContext
2025-04-17 01:13:17 [restartedMain] [INFO] o.s.b.w.s.c.ServletWebServerApplicationContext - Root WebApplicationContext: initialization completed in 1391 ms
2025-04-17 01:13:17 [restartedMain] [INFO] com.zaxxer.hikari.HikariDataSource - HikariPool-1 - Starting...
2025-04-17 01:13:17 [restartedMain] [INFO] com.zaxxer.hikari.pool.HikariPool - HikariPool-1 - Added connection org.postgresql.jdbc.PgConnection@4511a7e9
2025-04-17 01:13:17 [restartedMain] [INFO] com.zaxxer.hikari.HikariDataSource - HikariPool-1 - Start completed.
2025-04-17 01:13:17 [restartedMain] [INFO] o.h.jpa.internal.util.LogHelper - HHH000204: Processing PersistenceUnitInfo [name: default]
2025-04-17 01:13:17 [restartedMain] [INFO] org.hibernate.Version - HHH000412: Hibernate ORM core version 6.5.3.Final
2025-04-17 01:13:17 [restartedMain] [INFO] o.h.c.i.RegionFactoryInitiator - HHH000026: Second-level cache disabled
2025-04-17 01:13:17 [restartedMain] [INFO] o.s.o.j.p.SpringPersistenceUnitInfo - No LoadTimeWeaver setup: ignoring JPA class transformer
2025-04-17 01:13:18 [restartedMain] [INFO] o.h.e.t.j.p.i.JtaPlatformInitiator - HHH000489: No JTA platform available (set 'hibernate.transaction.jta.platform' to enable JTA platform integration)
2025-04-17 01:13:18 [restartedMain] [INFO] o.s.o.j.LocalContainerEntityManagerFactoryBean - Initialized JPA EntityManagerFactory for persistence unit 'default'
2025-04-17 01:13:18 [restartedMain] [INFO] o.s.d.j.r.query.QueryEnhancerFactory - Hibernate is in classpath; If applicable, HQL parser will be used.
2025-04-17 01:13:19 [restartedMain] [WARN] o.s.b.a.o.j.JpaBaseConfiguration$JpaWebConfiguration - spring.jpa.open-in-view is enabled by default. Therefore, database queries may be performed during view rendering. Explicitly configure spring.jpa.open-in-view to disable this warning
2025-04-17 01:13:19 [restartedMain] [INFO] o.s.s.c.a.a.c.InitializeUserDetailsBeanManagerConfigurer$InitializeUserDetailsManagerConfigurer - Global AuthenticationManager configured with UserDetailsService bean with name myUserDetailsService
2025-04-17 01:13:20 [restartedMain] [INFO] o.s.b.a.e.web.EndpointLinksResolver - Exposing 1 endpoint beneath base path '/actuator'
2025-04-17 01:13:20 [restartedMain] [DEBUG] o.s.s.w.a.e.ExpressionBasedFilterInvocationSecurityMetadataSource - Adding web access control expression [permitAll] for ExactUrl [processUrl='/login?error']
2025-04-17 01:13:20 [restartedMain] [DEBUG] o.s.s.w.a.e.ExpressionBasedFilterInvocationSecurityMetadataSource - Adding web access control expression [permitAll] for ExactUrl [processUrl='/login']
2025-04-17 01:13:20 [restartedMain] [DEBUG] o.s.s.w.a.e.ExpressionBasedFilterInvocationSecurityMetadataSource - Adding web access control expression [permitAll] for ExactUrl [processUrl='/login']
2025-04-17 01:13:20 [restartedMain] [DEBUG] o.s.s.w.a.e.ExpressionBasedFilterInvocationSecurityMetadataSource - Adding web access control expression [permitAll] for Ant [pattern='/logout', POST]
2025-04-17 01:13:20 [restartedMain] [DEBUG] o.s.s.w.a.e.ExpressionBasedFilterInvocationSecurityMetadataSource - Adding web access control expression [permitAll] for ExactUrl [processUrl='/realty']
2025-04-17 01:13:20 [restartedMain] [DEBUG] o.s.s.w.a.e.ExpressionBasedFilterInvocationSecurityMetadataSource - Adding web access control expression [authenticated] for Deferred [Mvc [pattern='/realty/new'], Ant [pattern='/realty/new']]
2025-04-17 01:13:20 [restartedMain] [DEBUG] o.s.s.w.a.e.ExpressionBasedFilterInvocationSecurityMetadataSource - Adding web access control expression [authenticated] for Deferred [Mvc [pattern='/realty/edit/**'], Ant [pattern='/realty/edit/**']]
2025-04-17 01:13:20 [restartedMain] [DEBUG] o.s.s.w.a.e.ExpressionBasedFilterInvocationSecurityMetadataSource - Adding web access control expression [authenticated] for Deferred [Mvc [pattern='/realty/delete/**'], Ant [pattern='/realty/delete/**']]
2025-04-17 01:13:20 [restartedMain] [DEBUG] o.s.s.w.a.e.ExpressionBasedFilterInvocationSecurityMetadataSource - Adding web access control expression [permitAll] for any request
2025-04-17 01:13:20 [restartedMain] [DEBUG] o.s.s.web.DefaultSecurityFilterChain - Will secure any request with filters: DisableEncodeUrlFilter, WebAsyncManagerIntegrationFilter, SecurityContextHolderFilter, HeaderWriterFilter, CsrfFilter, LogoutFilter, OAuth2AuthorizationRequestRedirectFilter, OAuth2LoginAuthenticationFilter, UsernamePasswordAuthenticationFilter, ConcurrentSessionFilter, RequestCacheAwareFilter, SecurityContextHolderAwareRequestFilter, AnonymousAuthenticationFilter, SessionManagementFilter, ExceptionTranslationFilter, FilterSecurityInterceptor
2025-04-17 01:13:20 [restartedMain] [INFO] o.s.b.d.a.OptionalLiveReloadServer - LiveReload server is running on port 35729
2025-04-17 01:13:20 [restartedMain] [INFO] o.a.coyote.http11.Http11NioProtocol - Starting ProtocolHandler ["http-nio-8080"]
2025-04-17 01:13:20 [restartedMain] [INFO] o.s.b.w.e.tomcat.TomcatWebServer - Tomcat started on port 8080 (http) with context path '/'
2025-04-17 01:13:20 [restartedMain] [INFO] r.k.alliance.AllianceApplication - Started AllianceApplication in 5.356 seconds (process running for 6.097)
2025-04-17 01:13:20 [RMI TCP Connection(3)-192.168.100.28] [INFO] o.a.c.c.C.[Tomcat].[localhost].[/] - Initializing Spring DispatcherServlet 'dispatcherServlet'
2025-04-17 01:13:20 [RMI TCP Connection(3)-192.168.100.28] [INFO] o.s.web.servlet.DispatcherServlet - Initializing Servlet 'dispatcherServlet'
2025-04-17 01:13:20 [RMI TCP Connection(3)-192.168.100.28] [INFO] o.s.web.servlet.DispatcherServlet - Completed initialization in 1 ms
2025-04-17 01:13:31 [http-nio-8080-exec-1] [DEBUG] o.s.security.web.FilterChainProxy - Securing GET /excursion/tour/7
2025-04-17 01:13:31 [http-nio-8080-exec-1] [DEBUG] o.s.s.w.c.HttpSessionSecurityContextRepository - Retrieved SecurityContextImpl [Authentication=OAuth2AuthenticationToken [Principal=Name: [107234087105093742255], Granted Authorities: [[OIDC_USER, SCOPE_https://www.googleapis.com/auth/userinfo.email, SCOPE_https://www.googleapis.com/auth/userinfo.profile, SCOPE_openid]], User Attributes: [{at_hash=D05y8WM0mlpixJgpuakpnA, sub=107234087105093742255, email_verified=true, iss=https://accounts.google.com, given_name=Павел, nonce=8Qt59fWYfMeFQUA2_SVF6J9Has2Kz6h3Ub85vX-P0T0, picture=https://lh3.googleusercontent.com/a/ACg8ocJJoh9jonlTH61VWgvXCiXb0zCDjifGZZtZ30sCErS3N5ntDw=s96-c, aud=[909915657042-l07l5jl8r3v54r15k12hp7vev9dor6r7.apps.googleusercontent.com], azp=909915657042-l07l5jl8r3v54r15k12hp7vev9dor6r7.apps.googleusercontent.com, name=Павел Королев, exp=2025-04-16T23:04:49Z, family_name=Королев, iat=2025-04-16T22:04:49Z, email=passapdom@gmail.com}], Credentials=[PROTECTED], Authenticated=true, Details=WebAuthenticationDetails [RemoteIpAddress=0:0:0:0:0:0:0:1, SessionId=18FC5C86CA7512B4994A46339D0A1603], Granted Authorities=[OIDC_USER, SCOPE_https://www.googleapis.com/auth/userinfo.email, SCOPE_https://www.googleapis.com/auth/userinfo.profile, SCOPE_openid]]]
2025-04-17 01:13:31 [http-nio-8080-exec-1] [DEBUG] o.s.s.w.a.i.FilterSecurityInterceptor - Authorized filter invocation [GET /excursion/tour/7] with attributes [permitAll]
2025-04-17 01:13:31 [http-nio-8080-exec-1] [DEBUG] o.s.security.web.FilterChainProxy - Secured GET /excursion/tour/7
2025-04-17 01:13:31 [http-nio-8080-exec-1] [INFO] r.k.a.u.s.CheckAuthorizeService - checkAdmin is starting, principal: OAuth2AuthenticationToken [Principal=Name: [107234087105093742255], Granted Authorities: [[OIDC_USER, SCOPE_https://www.googleapis.com/auth/userinfo.email, SCOPE_https://www.googleapis.com/auth/userinfo.profile, SCOPE_openid]], User Attributes: [{at_hash=D05y8WM0mlpixJgpuakpnA, sub=107234087105093742255, email_verified=true, iss=https://accounts.google.com, given_name=Павел, nonce=8Qt59fWYfMeFQUA2_SVF6J9Has2Kz6h3Ub85vX-P0T0, picture=https://lh3.googleusercontent.com/a/ACg8ocJJoh9jonlTH61VWgvXCiXb0zCDjifGZZtZ30sCErS3N5ntDw=s96-c, aud=[909915657042-l07l5jl8r3v54r15k12hp7vev9dor6r7.apps.googleusercontent.com], azp=909915657042-l07l5jl8r3v54r15k12hp7vev9dor6r7.apps.googleusercontent.com, name=Павел Королев, exp=2025-04-16T23:04:49Z, family_name=Королев, iat=2025-04-16T22:04:49Z, email=passapdom@gmail.com}], Credentials=[PROTECTED], Authenticated=true, Details=WebAuthenticationDetails [RemoteIpAddress=0:0:0:0:0:0:0:1, SessionId=18FC5C86CA7512B4994A46339D0A1603], Granted Authorities=[OIDC_USER, SCOPE_https://www.googleapis.com/auth/userinfo.email, SCOPE_https://www.googleapis.com/auth/userinfo.profile, SCOPE_openid]]
2025-04-17 01:13:31 [http-nio-8080-exec-1] [INFO] r.k.a.u.s.CheckAuthorizeService - checkAdmin: principal != null
2025-04-17 01:13:31 [http-nio-8080-exec-1] [INFO] r.k.a.u.s.CheckAuthorizeService - Principal is OAuth2AuthenticationToken
2025-04-17 01:13:31 [http-nio-8080-exec-1] [INFO] r.k.a.u.s.CheckAuthorizeService - Checking admin rights for email: passapdom@gmail.com
2025-04-17 01:13:31 [http-nio-8080-exec-1] [INFO] r.k.a.u.s.CheckAuthorizeService - User roles: [ADMIN]
2025-04-17 01:13:31 [http-nio-8080-exec-3] [DEBUG] o.s.security.web.FilterChainProxy - Securing GET /img/logo_alliance.png
2025-04-17 01:13:31 [http-nio-8080-exec-2] [DEBUG] o.s.security.web.FilterChainProxy - Securing GET /css/styles.css
2025-04-17 01:13:31 [http-nio-8080-exec-3] [DEBUG] o.s.s.w.c.HttpSessionSecurityContextRepository - Retrieved SecurityContextImpl [Authentication=OAuth2AuthenticationToken [Principal=Name: [107234087105093742255], Granted Authorities: [[OIDC_USER, SCOPE_https://www.googleapis.com/auth/userinfo.email, SCOPE_https://www.googleapis.com/auth/userinfo.profile, SCOPE_openid]], User Attributes: [{at_hash=D05y8WM0mlpixJgpuakpnA, sub=107234087105093742255, email_verified=true, iss=https://accounts.google.com, given_name=Павел, nonce=8Qt59fWYfMeFQUA2_SVF6J9Has2Kz6h3Ub85vX-P0T0, picture=https://lh3.googleusercontent.com/a/ACg8ocJJoh9jonlTH61VWgvXCiXb0zCDjifGZZtZ30sCErS3N5ntDw=s96-c, aud=[909915657042-l07l5jl8r3v54r15k12hp7vev9dor6r7.apps.googleusercontent.com], azp=909915657042-l07l5jl8r3v54r15k12hp7vev9dor6r7.apps.googleusercontent.com, name=Павел Королев, exp=2025-04-16T23:04:49Z, family_name=Королев, iat=2025-04-16T22:04:49Z, email=passapdom@gmail.com}], Credentials=[PROTECTED], Authenticated=true, Details=WebAuthenticationDetails [RemoteIpAddress=0:0:0:0:0:0:0:1, SessionId=18FC5C86CA7512B4994A46339D0A1603], Granted Authorities=[OIDC_USER, SCOPE_https://www.googleapis.com/auth/userinfo.email, SCOPE_https://www.googleapis.com/auth/userinfo.profile, SCOPE_openid]]]
2025-04-17 01:13:31 [http-nio-8080-exec-2] [DEBUG] o.s.s.w.c.HttpSessionSecurityContextRepository - Retrieved SecurityContextImpl [Authentication=OAuth2AuthenticationToken [Principal=Name: [107234087105093742255], Granted Authorities: [[OIDC_USER, SCOPE_https://www.googleapis.com/auth/userinfo.email, SCOPE_https://www.googleapis.com/auth/userinfo.profile, SCOPE_openid]], User Attributes: [{at_hash=D05y8WM0mlpixJgpuakpnA, sub=107234087105093742255, email_verified=true, iss=https://accounts.google.com, given_name=Павел, nonce=8Qt59fWYfMeFQUA2_SVF6J9Has2Kz6h3Ub85vX-P0T0, picture=https://lh3.googleusercontent.com/a/ACg8ocJJoh9jonlTH61VWgvXCiXb0zCDjifGZZtZ30sCErS3N5ntDw=s96-c, aud=[909915657042-l07l5jl8r3v54r15k12hp7vev9dor6r7.apps.googleusercontent.com], azp=909915657042-l07l5jl8r3v54r15k12hp7vev9dor6r7.apps.googleusercontent.com, name=Павел Королев, exp=2025-04-16T23:04:49Z, family_name=Королев, iat=2025-04-16T22:04:49Z, email=passapdom@gmail.com}], Credentials=[PROTECTED], Authenticated=true, Details=WebAuthenticationDetails [RemoteIpAddress=0:0:0:0:0:0:0:1, SessionId=18FC5C86CA7512B4994A46339D0A1603], Granted Authorities=[OIDC_USER, SCOPE_https://www.googleapis.com/auth/userinfo.email, SCOPE_https://www.googleapis.com/auth/userinfo.profile, SCOPE_openid]]]
2025-04-17 01:13:31 [http-nio-8080-exec-3] [DEBUG] o.s.s.w.a.i.FilterSecurityInterceptor - Authorized filter invocation [GET /img/logo_alliance.png] with attributes [permitAll]
2025-04-17 01:13:31 [http-nio-8080-exec-2] [DEBUG] o.s.s.w.a.i.FilterSecurityInterceptor - Authorized filter invocation [GET /css/styles.css] with attributes [permitAll]
2025-04-17 01:13:31 [http-nio-8080-exec-2] [DEBUG] o.s.security.web.FilterChainProxy - Secured GET /css/styles.css
2025-04-17 01:13:31 [http-nio-8080-exec-3] [DEBUG] o.s.security.web.FilterChainProxy - Secured GET /img/logo_alliance.png
2025-04-17 01:13:31 [http-nio-8080-exec-7] [DEBUG] o.s.security.web.FilterChainProxy - Securing GET /images/tour/ab411480-0960-49e0-851d-d9a6ee643bbf_photo_2024-12-23_22-18-02.jpg
2025-04-17 01:13:31 [http-nio-8080-exec-8] [DEBUG] o.s.security.web.FilterChainProxy - Securing GET /images/tour/414b0294-d609-404f-b29e-bce0b3a8dd2d_2.jpg
2025-04-17 01:13:31 [http-nio-8080-exec-6] [DEBUG] o.s.security.web.FilterChainProxy - Securing GET /images/tour/2fda8126-ebe8-4ae8-8cc0-41fba6cc8428_photo_2024-12-23_22-18-01.jpg
2025-04-17 01:13:31 [http-nio-8080-exec-4] [DEBUG] o.s.security.web.FilterChainProxy - Securing GET /images/tour/70efb4f2-568c-40d0-b39f-55ed0ccbc07e_00-Козельск.jpg
2025-04-17 01:13:31 [http-nio-8080-exec-5] [DEBUG] o.s.security.web.FilterChainProxy - Securing GET /images/tour/9a82b164-22ad-4d36-b819-c6f0b357f20e_01.jpg
2025-04-17 01:13:31 [http-nio-8080-exec-8] [DEBUG] o.s.s.w.c.HttpSessionSecurityContextRepository - Retrieved SecurityContextImpl [Authentication=OAuth2AuthenticationToken [Principal=Name: [107234087105093742255], Granted Authorities: [[OIDC_USER, SCOPE_https://www.googleapis.com/auth/userinfo.email, SCOPE_https://www.googleapis.com/auth/userinfo.profile, SCOPE_openid]], User Attributes: [{at_hash=D05y8WM0mlpixJgpuakpnA, sub=107234087105093742255, email_verified=true, iss=https://accounts.google.com, given_name=Павел, nonce=8Qt59fWYfMeFQUA2_SVF6J9Has2Kz6h3Ub85vX-P0T0, picture=https://lh3.googleusercontent.com/a/ACg8ocJJoh9jonlTH61VWgvXCiXb0zCDjifGZZtZ30sCErS3N5ntDw=s96-c, aud=[909915657042-l07l5jl8r3v54r15k12hp7vev9dor6r7.apps.googleusercontent.com], azp=909915657042-l07l5jl8r3v54r15k12hp7vev9dor6r7.apps.googleusercontent.com, name=Павел Королев, exp=2025-04-16T23:04:49Z, family_name=Королев, iat=2025-04-16T22:04:49Z, email=passapdom@gmail.com}], Credentials=[PROTECTED], Authenticated=true, Details=WebAuthenticationDetails [RemoteIpAddress=0:0:0:0:0:0:0:1, SessionId=18FC5C86CA7512B4994A46339D0A1603], Granted Authorities=[OIDC_USER, SCOPE_https://www.googleapis.com/auth/userinfo.email, SCOPE_https://www.googleapis.com/auth/userinfo.profile, SCOPE_openid]]]
2025-04-17 01:13:31 [http-nio-8080-exec-6] [DEBUG] o.s.s.w.c.HttpSessionSecurityContextRepository - Retrieved SecurityContextImpl [Authentication=OAuth2AuthenticationToken [Principal=Name: [107234087105093742255], Granted Authorities: [[OIDC_USER, SCOPE_https://www.googleapis.com/auth/userinfo.email, SCOPE_https://www.googleapis.com/auth/userinfo.profile, SCOPE_openid]], User Attributes: [{at_hash=D05y8WM0mlpixJgpuakpnA, sub=107234087105093742255, email_verified=true, iss=https://accounts.google.com, given_name=Павел, nonce=8Qt59fWYfMeFQUA2_SVF6J9Has2Kz6h3Ub85vX-P0T0, picture=https://lh3.googleusercontent.com/a/ACg8ocJJoh9jonlTH61VWgvXCiXb0zCDjifGZZtZ30sCErS3N5ntDw=s96-c, aud=[909915657042-l07l5jl8r3v54r15k12hp7vev9dor6r7.apps.googleusercontent.com], azp=909915657042-l07l5jl8r3v54r15k12hp7vev9dor6r7.apps.googleusercontent.com, name=Павел Королев, exp=2025-04-16T23:04:49Z, family_name=Королев, iat=2025-04-16T22:04:49Z, email=passapdom@gmail.com}], Credentials=[PROTECTED], Authenticated=true, Details=WebAuthenticationDetails [RemoteIpAddress=0:0:0:0:0:0:0:1, SessionId=18FC5C86CA7512B4994A46339D0A1603], Granted Authorities=[OIDC_USER, SCOPE_https://www.googleapis.com/auth/userinfo.email, SCOPE_https://www.googleapis.com/auth/userinfo.profile, SCOPE_openid]]]
2025-04-17 01:13:31 [http-nio-8080-exec-4] [DEBUG] o.s.s.w.c.HttpSessionSecurityContextRepository - Retrieved SecurityContextImpl [Authentication=OAuth2AuthenticationToken [Principal=Name: [107234087105093742255], Granted Authorities: [[OIDC_USER, SCOPE_https://www.googleapis.com/auth/userinfo.email, SCOPE_https://www.googleapis.com/auth/userinfo.profile, SCOPE_openid]], User Attributes: [{at_hash=D05y8WM0mlpixJgpuakpnA, sub=107234087105093742255, email_verified=true, iss=https://accounts.google.com, given_name=Павел, nonce=8Qt59fWYfMeFQUA2_SVF6J9Has2Kz6h3Ub85vX-P0T0, picture=https://lh3.googleusercontent.com/a/ACg8ocJJoh9jonlTH61VWgvXCiXb0zCDjifGZZtZ30sCErS3N5ntDw=s96-c, aud=[909915657042-l07l5jl8r3v54r15k12hp7vev9dor6r7.apps.googleusercontent.com], azp=909915657042-l07l5jl8r3v54r15k12hp7vev9dor6r7.apps.googleusercontent.com, name=Павел Королев, exp=2025-04-16T23:04:49Z, family_name=Королев, iat=2025-04-16T22:04:49Z, email=passapdom@gmail.com}], Credentials=[PROTECTED], Authenticated=true, Details=WebAuthenticationDetails [RemoteIpAddress=0:0:0:0:0:0:0:1, SessionId=18FC5C86CA7512B4994A46339D0A1603], Granted Authorities=[OIDC_USER, SCOPE_https://www.googleapis.com/auth/userinfo.email, SCOPE_https://www.googleapis.com/auth/userinfo.profile, SCOPE_openid]]]
2025-04-17 01:13:31 [http-nio-8080-exec-5] [DEBUG] o.s.s.w.c.HttpSessionSecurityContextRepository - Retrieved SecurityContextImpl [Authentication=OAuth2AuthenticationToken [Principal=Name: [107234087105093742255], Granted Authorities: [[OIDC_USER, SCOPE_https://www.googleapis.com/auth/userinfo.email, SCOPE_https://www.googleapis.com/auth/userinfo.profile, SCOPE_openid]], User Attributes: [{at_hash=D05y8WM0mlpixJgpuakpnA, sub=107234087105093742255, email_verified=true, iss=https://accounts.google.com, given_name=Павел, nonce=8Qt59fWYfMeFQUA2_SVF6J9Has2Kz6h3Ub85vX-P0T0, picture=https://lh3.googleusercontent.com/a/ACg8ocJJoh9jonlTH61VWgvXCiXb0zCDjifGZZtZ30sCErS3N5ntDw=s96-c, aud=[909915657042-l07l5jl8r3v54r15k12hp7vev9dor6r7.apps.googleusercontent.com], azp=909915657042-l07l5jl8r3v54r15k12hp7vev9dor6r7.apps.googleusercontent.com, name=Павел Королев, exp=2025-04-16T23:04:49Z, family_name=Королев, iat=2025-04-16T22:04:49Z, email=passapdom@gmail.com}], Credentials=[PROTECTED], Authenticated=true, Details=WebAuthenticationDetails [RemoteIpAddress=0:0:0:0:0:0:0:1, SessionId=18FC5C86CA7512B4994A46339D0A1603], Granted Authorities=[OIDC_USER, SCOPE_https://www.googleapis.com/auth/userinfo.email, SCOPE_https://www.googleapis.com/auth/userinfo.profile, SCOPE_openid]]]
2025-04-17 01:13:31 [http-nio-8080-exec-7] [DEBUG] o.s.s.w.c.HttpSessionSecurityContextRepository - Retrieved SecurityContextImpl [Authentication=OAuth2AuthenticationToken [Principal=Name: [107234087105093742255], Granted Authorities: [[OIDC_USER, SCOPE_https://www.googleapis.com/auth/userinfo.email, SCOPE_https://www.googleapis.com/auth/userinfo.profile, SCOPE_openid]], User Attributes: [{at_hash=D05y8WM0mlpixJgpuakpnA, sub=107234087105093742255, email_verified=true, iss=https://accounts.google.com, given_name=Павел, nonce=8Qt59fWYfMeFQUA2_SVF6J9Has2Kz6h3Ub85vX-P0T0, picture=https://lh3.googleusercontent.com/a/ACg8ocJJoh9jonlTH61VWgvXCiXb0zCDjifGZZtZ30sCErS3N5ntDw=s96-c, aud=[909915657042-l07l5jl8r3v54r15k12hp7vev9dor6r7.apps.googleusercontent.com], azp=909915657042-l07l5jl8r3v54r15k12hp7vev9dor6r7.apps.googleusercontent.com, name=Павел Королев, exp=2025-04-16T23:04:49Z, family_name=Королев, iat=2025-04-16T22:04:49Z, email=passapdom@gmail.com}], Credentials=[PROTECTED], Authenticated=true, Details=WebAuthenticationDetails [RemoteIpAddress=0:0:0:0:0:0:0:1, SessionId=18FC5C86CA7512B4994A46339D0A1603], Granted Authorities=[OIDC_USER, SCOPE_https://www.googleapis.com/auth/userinfo.email, SCOPE_https://www.googleapis.com/auth/userinfo.profile, SCOPE_openid]]]
2025-04-17 01:13:31 [http-nio-8080-exec-8] [DEBUG] o.s.s.w.a.i.FilterSecurityInterceptor - Authorized filter invocation [GET /images/tour/414b0294-d609-404f-b29e-bce0b3a8dd2d_2.jpg] with attributes [permitAll]
2025-04-17 01:13:31 [http-nio-8080-exec-5] [DEBUG] o.s.s.w.a.i.FilterSecurityInterceptor - Authorized filter invocation [GET /images/tour/9a82b164-22ad-4d36-b819-c6f0b357f20e_01.jpg] with attributes [permitAll]
2025-04-17 01:13:31 [http-nio-8080-exec-6] [DEBUG] o.s.s.w.a.i.FilterSecurityInterceptor - Authorized filter invocation [GET /images/tour/2fda8126-ebe8-4ae8-8cc0-41fba6cc8428_photo_2024-12-23_22-18-01.jpg] with attributes [permitAll]
2025-04-17 01:13:31 [http-nio-8080-exec-7] [DEBUG] o.s.s.w.a.i.FilterSecurityInterceptor - Authorized filter invocation [GET /images/tour/ab411480-0960-49e0-851d-d9a6ee643bbf_photo_2024-12-23_22-18-02.jpg] with attributes [permitAll]
2025-04-17 01:13:31 [http-nio-8080-exec-4] [DEBUG] o.s.s.w.a.i.FilterSecurityInterceptor - Authorized filter invocation [GET /images/tour/70efb4f2-568c-40d0-b39f-55ed0ccbc07e_00-Козельск.jpg] with attributes [permitAll]
2025-04-17 01:13:31 [http-nio-8080-exec-8] [DEBUG] o.s.security.web.FilterChainProxy - Secured GET /images/tour/414b0294-d609-404f-b29e-bce0b3a8dd2d_2.jpg
2025-04-17 01:13:31 [http-nio-8080-exec-7] [DEBUG] o.s.security.web.FilterChainProxy - Secured GET /images/tour/ab411480-0960-49e0-851d-d9a6ee643bbf_photo_2024-12-23_22-18-02.jpg
2025-04-17 01:13:31 [http-nio-8080-exec-4] [DEBUG] o.s.security.web.FilterChainProxy - Secured GET /images/tour/70efb4f2-568c-40d0-b39f-55ed0ccbc07e_00-Козельск.jpg
2025-04-17 01:13:31 [http-nio-8080-exec-5] [DEBUG] o.s.security.web.FilterChainProxy - Secured GET /images/tour/9a82b164-22ad-4d36-b819-c6f0b357f20e_01.jpg
2025-04-17 01:13:31 [http-nio-8080-exec-6] [DEBUG] o.s.security.web.FilterChainProxy - Secured GET /images/tour/2fda8126-ebe8-4ae8-8cc0-41fba6cc8428_photo_2024-12-23_22-18-01.jpg
2025-04-17 01:13:35 [http-nio-8080-exec-9] [DEBUG] o.s.security.web.FilterChainProxy - Securing GET /excursion/tour/9
2025-04-17 01:13:35 [http-nio-8080-exec-9] [DEBUG] o.s.s.w.c.HttpSessionSecurityContextRepository - Retrieved SecurityContextImpl [Authentication=OAuth2AuthenticationToken [Principal=Name: [107234087105093742255], Granted Authorities: [[OIDC_USER, SCOPE_https://www.googleapis.com/auth/userinfo.email, SCOPE_https://www.googleapis.com/auth/userinfo.profile, SCOPE_openid]], User Attributes: [{at_hash=D05y8WM0mlpixJgpuakpnA, sub=107234087105093742255, email_verified=true, iss=https://accounts.google.com, given_name=Павел, nonce=8Qt59fWYfMeFQUA2_SVF6J9Has2Kz6h3Ub85vX-P0T0, picture=https://lh3.googleusercontent.com/a/ACg8ocJJoh9jonlTH61VWgvXCiXb0zCDjifGZZtZ30sCErS3N5ntDw=s96-c, aud=[909915657042-l07l5jl8r3v54r15k12hp7vev9dor6r7.apps.googleusercontent.com], azp=909915657042-l07l5jl8r3v54r15k12hp7vev9dor6r7.apps.googleusercontent.com, name=Павел Королев, exp=2025-04-16T23:04:49Z, family_name=Королев, iat=2025-04-16T22:04:49Z, email=passapdom@gmail.com}], Credentials=[PROTECTED], Authenticated=true, Details=WebAuthenticationDetails [RemoteIpAddress=0:0:0:0:0:0:0:1, SessionId=18FC5C86CA7512B4994A46339D0A1603], Granted Authorities=[OIDC_USER, SCOPE_https://www.googleapis.com/auth/userinfo.email, SCOPE_https://www.googleapis.com/auth/userinfo.profile, SCOPE_openid]]]
2025-04-17 01:13:35 [http-nio-8080-exec-9] [DEBUG] o.s.s.w.a.i.FilterSecurityInterceptor - Authorized filter invocation [GET /excursion/tour/9] with attributes [permitAll]
2025-04-17 01:13:35 [http-nio-8080-exec-9] [DEBUG] o.s.security.web.FilterChainProxy - Secured GET /excursion/tour/9
2025-04-17 01:13:35 [http-nio-8080-exec-9] [INFO] r.k.a.u.s.CheckAuthorizeService - checkAdmin is starting, principal: OAuth2AuthenticationToken [Principal=Name: [107234087105093742255], Granted Authorities: [[OIDC_USER, SCOPE_https://www.googleapis.com/auth/userinfo.email, SCOPE_https://www.googleapis.com/auth/userinfo.profile, SCOPE_openid]], User Attributes: [{at_hash=D05y8WM0mlpixJgpuakpnA, sub=107234087105093742255, email_verified=true, iss=https://accounts.google.com, given_name=Павел, nonce=8Qt59fWYfMeFQUA2_SVF6J9Has2Kz6h3Ub85vX-P0T0, picture=https://lh3.googleusercontent.com/a/ACg8ocJJoh9jonlTH61VWgvXCiXb0zCDjifGZZtZ30sCErS3N5ntDw=s96-c, aud=[909915657042-l07l5jl8r3v54r15k12hp7vev9dor6r7.apps.googleusercontent.com], azp=909915657042-l07l5jl8r3v54r15k12hp7vev9dor6r7.apps.googleusercontent.com, name=Павел Королев, exp=2025-04-16T23:04:49Z, family_name=Королев, iat=2025-04-16T22:04:49Z, email=passapdom@gmail.com}], Credentials=[PROTECTED], Authenticated=true, Details=WebAuthenticationDetails [RemoteIpAddress=0:0:0:0:0:0:0:1, SessionId=18FC5C86CA7512B4994A46339D0A1603], Granted Authorities=[OIDC_USER, SCOPE_https://www.googleapis.com/auth/userinfo.email, SCOPE_https://www.googleapis.com/auth/userinfo.profile, SCOPE_openid]]
2025-04-17 01:13:35 [http-nio-8080-exec-9] [INFO] r.k.a.u.s.CheckAuthorizeService - checkAdmin: principal != null
2025-04-17 01:13:35 [http-nio-8080-exec-9] [INFO] r.k.a.u.s.CheckAuthorizeService - Principal is OAuth2AuthenticationToken
2025-04-17 01:13:35 [http-nio-8080-exec-9] [INFO] r.k.a.u.s.CheckAuthorizeService - Checking admin rights for email: passapdom@gmail.com
2025-04-17 01:13:35 [http-nio-8080-exec-9] [INFO] r.k.a.u.s.CheckAuthorizeService - User roles: [ADMIN]
2025-04-17 01:13:35 [http-nio-8080-exec-1] [DEBUG] o.s.security.web.FilterChainProxy - Securing GET /img/logo_alliance.png
2025-04-17 01:13:35 [http-nio-8080-exec-3] [DEBUG] o.s.security.web.FilterChainProxy - Securing GET /images/tour/77da970b-1e81-439d-a952-267262094a8c_kozelsk.jpg
2025-04-17 01:13:35 [http-nio-8080-exec-10] [DEBUG] o.s.security.web.FilterChainProxy - Securing GET /css/styles.css
2025-04-17 01:13:35 [http-nio-8080-exec-10] [DEBUG] o.s.s.w.c.HttpSessionSecurityContextRepository - Retrieved SecurityContextImpl [Authentication=OAuth2AuthenticationToken [Principal=Name: [107234087105093742255], Granted Authorities: [[OIDC_USER, SCOPE_https://www.googleapis.com/auth/userinfo.email, SCOPE_https://www.googleapis.com/auth/userinfo.profile, SCOPE_openid]], User Attributes: [{at_hash=D05y8WM0mlpixJgpuakpnA, sub=107234087105093742255, email_verified=true, iss=https://accounts.google.com, given_name=Павел, nonce=8Qt59fWYfMeFQUA2_SVF6J9Has2Kz6h3Ub85vX-P0T0, picture=https://lh3.googleusercontent.com/a/ACg8ocJJoh9jonlTH61VWgvXCiXb0zCDjifGZZtZ30sCErS3N5ntDw=s96-c, aud=[909915657042-l07l5jl8r3v54r15k12hp7vev9dor6r7.apps.googleusercontent.com], azp=909915657042-l07l5jl8r3v54r15k12hp7vev9dor6r7.apps.googleusercontent.com, name=Павел Королев, exp=2025-04-16T23:04:49Z, family_name=Королев, iat=2025-04-16T22:04:49Z, email=passapdom@gmail.com}], Credentials=[PROTECTED], Authenticated=true, Details=WebAuthenticationDetails [RemoteIpAddress=0:0:0:0:0:0:0:1, SessionId=18FC5C86CA7512B4994A46339D0A1603], Granted Authorities=[OIDC_USER, SCOPE_https://www.googleapis.com/auth/userinfo.email, SCOPE_https://www.googleapis.com/auth/userinfo.profile, SCOPE_openid]]]
2025-04-17 01:13:35 [http-nio-8080-exec-1] [DEBUG] o.s.s.w.c.HttpSessionSecurityContextRepository - Retrieved SecurityContextImpl [Authentication=OAuth2AuthenticationToken [Principal=Name: [107234087105093742255], Granted Authorities: [[OIDC_USER, SCOPE_https://www.googleapis.com/auth/userinfo.email, SCOPE_https://www.googleapis.com/auth/userinfo.profile, SCOPE_openid]], User Attributes: [{at_hash=D05y8WM0mlpixJgpuakpnA, sub=107234087105093742255, email_verified=true, iss=https://accounts.google.com, given_name=Павел, nonce=8Qt59fWYfMeFQUA2_SVF6J9Has2Kz6h3Ub85vX-P0T0, picture=https://lh3.googleusercontent.com/a/ACg8ocJJoh9jonlTH61VWgvXCiXb0zCDjifGZZtZ30sCErS3N5ntDw=s96-c, aud=[909915657042-l07l5jl8r3v54r15k12hp7vev9dor6r7.apps.googleusercontent.com], azp=909915657042-l07l5jl8r3v54r15k12hp7vev9dor6r7.apps.googleusercontent.com, name=Павел Королев, exp=2025-04-16T23:04:49Z, family_name=Королев, iat=2025-04-16T22:04:49Z, email=passapdom@gmail.com}], Credentials=[PROTECTED], Authenticated=true, Details=WebAuthenticationDetails [RemoteIpAddress=0:0:0:0:0:0:0:1, SessionId=18FC5C86CA7512B4994A46339D0A1603], Granted Authorities=[OIDC_USER, SCOPE_https://www.googleapis.com/auth/userinfo.email, SCOPE_https://www.googleapis.com/auth/userinfo.profile, SCOPE_openid]]]
2025-04-17 01:13:35 [http-nio-8080-exec-3] [DEBUG] o.s.s.w.c.HttpSessionSecurityContextRepository - Retrieved SecurityContextImpl [Authentication=OAuth2AuthenticationToken [Principal=Name: [107234087105093742255], Granted Authorities: [[OIDC_USER, SCOPE_https://www.googleapis.com/auth/userinfo.email, SCOPE_https://www.googleapis.com/auth/userinfo.profile, SCOPE_openid]], User Attributes: [{at_hash=D05y8WM0mlpixJgpuakpnA, sub=107234087105093742255, email_verified=true, iss=https://accounts.google.com, given_name=Павел, nonce=8Qt59fWYfMeFQUA2_SVF6J9Has2Kz6h3Ub85vX-P0T0, picture=https://lh3.googleusercontent.com/a/ACg8ocJJoh9jonlTH61VWgvXCiXb0zCDjifGZZtZ30sCErS3N5ntDw=s96-c, aud=[909915657042-l07l5jl8r3v54r15k12hp7vev9dor6r7.apps.googleusercontent.com], azp=909915657042-l07l5jl8r3v54r15k12hp7vev9dor6r7.apps.googleusercontent.com, name=Павел Королев, exp=2025-04-16T23:04:49Z, family_name=Королев, iat=2025-04-16T22:04:49Z, email=passapdom@gmail.com}], Credentials=[PROTECTED], Authenticated=true, Details=WebAuthenticationDetails [RemoteIpAddress=0:0:0:0:0:0:0:1, SessionId=18FC5C86CA7512B4994A46339D0A1603], Granted Authorities=[OIDC_USER, SCOPE_https://www.googleapis.com/auth/userinfo.email, SCOPE_https://www.googleapis.com/auth/userinfo.profile, SCOPE_openid]]]
2025-04-17 01:13:35 [http-nio-8080-exec-10] [DEBUG] o.s.s.w.a.i.FilterSecurityInterceptor - Authorized filter invocation [GET /css/styles.css] with attributes [permitAll]
2025-04-17 01:13:35 [http-nio-8080-exec-3] [DEBUG] o.s.s.w.a.i.FilterSecurityInterceptor - Authorized filter invocation [GET /images/tour/77da970b-1e81-439d-a952-267262094a8c_kozelsk.jpg] with attributes [permitAll]
2025-04-17 01:13:35 [http-nio-8080-exec-1] [DEBUG] o.s.s.w.a.i.FilterSecurityInterceptor - Authorized filter invocation [GET /img/logo_alliance.png] with attributes [permitAll]
2025-04-17 01:13:35 [http-nio-8080-exec-3] [DEBUG] o.s.security.web.FilterChainProxy - Secured GET /images/tour/77da970b-1e81-439d-a952-267262094a8c_kozelsk.jpg
2025-04-17 01:13:35 [http-nio-8080-exec-1] [DEBUG] o.s.security.web.FilterChainProxy - Secured GET /img/logo_alliance.png
2025-04-17 01:13:35 [http-nio-8080-exec-10] [DEBUG] o.s.security.web.FilterChainProxy - Secured GET /css/styles.css
2025-04-17 01:13:35 [http-nio-8080-exec-2] [DEBUG] o.s.security.web.FilterChainProxy - Securing GET /images/tour/0901dc7b-8835-4ba3-9ce8-31ea540d5f7d_photo_2024-12-23_22-17-54.jpg
2025-04-17 01:13:35 [http-nio-8080-exec-7] [DEBUG] o.s.security.web.FilterChainProxy - Securing GET /images/tour/b144cd56-998b-4eec-9a5b-c31f14445037_12-park-tri-bogatyrya_1586958675.jpg
2025-04-17 01:13:35 [http-nio-8080-exec-2] [DEBUG] o.s.s.w.c.HttpSessionSecurityContextRepository - Retrieved SecurityContextImpl [Authentication=OAuth2AuthenticationToken [Principal=Name: [107234087105093742255], Granted Authorities: [[OIDC_USER, SCOPE_https://www.googleapis.com/auth/userinfo.email, SCOPE_https://www.googleapis.com/auth/userinfo.profile, SCOPE_openid]], User Attributes: [{at_hash=D05y8WM0mlpixJgpuakpnA, sub=107234087105093742255, email_verified=true, iss=https://accounts.google.com, given_name=Павел, nonce=8Qt59fWYfMeFQUA2_SVF6J9Has2Kz6h3Ub85vX-P0T0, picture=https://lh3.googleusercontent.com/a/ACg8ocJJoh9jonlTH61VWgvXCiXb0zCDjifGZZtZ30sCErS3N5ntDw=s96-c, aud=[909915657042-l07l5jl8r3v54r15k12hp7vev9dor6r7.apps.googleusercontent.com], azp=909915657042-l07l5jl8r3v54r15k12hp7vev9dor6r7.apps.googleusercontent.com, name=Павел Королев, exp=2025-04-16T23:04:49Z, family_name=Королев, iat=2025-04-16T22:04:49Z, email=passapdom@gmail.com}], Credentials=[PROTECTED], Authenticated=true, Details=WebAuthenticationDetails [RemoteIpAddress=0:0:0:0:0:0:0:1, SessionId=18FC5C86CA7512B4994A46339D0A1603], Granted Authorities=[OIDC_USER, SCOPE_https://www.googleapis.com/auth/userinfo.email, SCOPE_https://www.googleapis.com/auth/userinfo.profile, SCOPE_openid]]]
2025-04-17 01:13:35 [http-nio-8080-exec-7] [DEBUG] o.s.s.w.c.HttpSessionSecurityContextRepository - Retrieved SecurityContextImpl [Authentication=OAuth2AuthenticationToken [Principal=Name: [107234087105093742255], Granted Authorities: [[OIDC_USER, SCOPE_https://www.googleapis.com/auth/userinfo.email, SCOPE_https://www.googleapis.com/auth/userinfo.profile, SCOPE_openid]], User Attributes: [{at_hash=D05y8WM0mlpixJgpuakpnA, sub=107234087105093742255, email_verified=true, iss=https://accounts.google.com, given_name=Павел, nonce=8Qt59fWYfMeFQUA2_SVF6J9Has2Kz6h3Ub85vX-P0T0, picture=https://lh3.googleusercontent.com/a/ACg8ocJJoh9jonlTH61VWgvXCiXb0zCDjifGZZtZ30sCErS3N5ntDw=s96-c, aud=[909915657042-l07l5jl8r3v54r15k12hp7vev9dor6r7.apps.googleusercontent.com], azp=909915657042-l07l5jl8r3v54r15k12hp7vev9dor6r7.apps.googleusercontent.com, name=Павел Королев, exp=2025-04-16T23:04:49Z, family_name=Королев, iat=2025-04-16T22:04:49Z, email=passapdom@gmail.com}], Credentials=[PROTECTED], Authenticated=true, Details=WebAuthenticationDetails [RemoteIpAddress=0:0:0:0:0:0:0:1, SessionId=18FC5C86CA7512B4994A46339D0A1603], Granted Authorities=[OIDC_USER, SCOPE_https://www.googleapis.com/auth/userinfo.email, SCOPE_https://www.googleapis.com/auth/userinfo.profile, SCOPE_openid]]]
2025-04-17 01:13:35 [http-nio-8080-exec-2] [DEBUG] o.s.s.w.a.i.FilterSecurityInterceptor - Authorized filter invocation [GET /images/tour/0901dc7b-8835-4ba3-9ce8-31ea540d5f7d_photo_2024-12-23_22-17-54.jpg] with attributes [permitAll]
2025-04-17 01:13:35 [http-nio-8080-exec-7] [DEBUG] o.s.s.w.a.i.FilterSecurityInterceptor - Authorized filter invocation [GET /images/tour/b144cd56-998b-4eec-9a5b-c31f14445037_12-park-tri-bogatyrya_1586958675.jpg] with attributes [permitAll]
2025-04-17 01:13:35 [http-nio-8080-exec-2] [DEBUG] o.s.security.web.FilterChainProxy - Secured GET /images/tour/0901dc7b-8835-4ba3-9ce8-31ea540d5f7d_photo_2024-12-23_22-17-54.jpg
2025-04-17 01:13:35 [http-nio-8080-exec-7] [DEBUG] o.s.security.web.FilterChainProxy - Secured GET /images/tour/b144cd56-998b-4eec-9a5b-c31f14445037_12-park-tri-bogatyrya_1586958675.jpg
2025-04-17 01:13:37 [http-nio-8080-exec-6] [DEBUG] o.s.security.web.FilterChainProxy - Securing GET /excursion/tour/8
2025-04-17 01:13:37 [http-nio-8080-exec-6] [DEBUG] o.s.s.w.c.HttpSessionSecurityContextRepository - Retrieved SecurityContextImpl [Authentication=OAuth2AuthenticationToken [Principal=Name: [107234087105093742255], Granted Authorities: [[OIDC_USER, SCOPE_https://www.googleapis.com/auth/userinfo.email, SCOPE_https://www.googleapis.com/auth/userinfo.profile, SCOPE_openid]], User Attributes: [{at_hash=D05y8WM0mlpixJgpuakpnA, sub=107234087105093742255, email_verified=true, iss=https://accounts.google.com, given_name=Павел, nonce=8Qt59fWYfMeFQUA2_SVF6J9Has2Kz6h3Ub85vX-P0T0, picture=https://lh3.googleusercontent.com/a/ACg8ocJJoh9jonlTH61VWgvXCiXb0zCDjifGZZtZ30sCErS3N5ntDw=s96-c, aud=[909915657042-l07l5jl8r3v54r15k12hp7vev9dor6r7.apps.googleusercontent.com], azp=909915657042-l07l5jl8r3v54r15k12hp7vev9dor6r7.apps.googleusercontent.com, name=Павел Королев, exp=2025-04-16T23:04:49Z, family_name=Королев, iat=2025-04-16T22:04:49Z, email=passapdom@gmail.com}], Credentials=[PROTECTED], Authenticated=true, Details=WebAuthenticationDetails [RemoteIpAddress=0:0:0:0:0:0:0:1, SessionId=18FC5C86CA7512B4994A46339D0A1603], Granted Authorities=[OIDC_USER, SCOPE_https://www.googleapis.com/auth/userinfo.email, SCOPE_https://www.googleapis.com/auth/userinfo.profile, SCOPE_openid]]]
2025-04-17 01:13:37 [http-nio-8080-exec-6] [DEBUG] o.s.s.w.a.i.FilterSecurityInterceptor - Authorized filter invocation [GET /excursion/tour/8] with attributes [permitAll]
2025-04-17 01:13:37 [http-nio-8080-exec-6] [DEBUG] o.s.security.web.FilterChainProxy - Secured GET /excursion/tour/8
2025-04-17 01:13:37 [http-nio-8080-exec-6] [INFO] r.k.a.u.s.CheckAuthorizeService - checkAdmin is starting, principal: OAuth2AuthenticationToken [Principal=Name: [107234087105093742255], Granted Authorities: [[OIDC_USER, SCOPE_https://www.googleapis.com/auth/userinfo.email, SCOPE_https://www.googleapis.com/auth/userinfo.profile, SCOPE_openid]], User Attributes: [{at_hash=D05y8WM0mlpixJgpuakpnA, sub=107234087105093742255, email_verified=true, iss=https://accounts.google.com, given_name=Павел, nonce=8Qt59fWYfMeFQUA2_SVF6J9Has2Kz6h3Ub85vX-P0T0, picture=https://lh3.googleusercontent.com/a/ACg8ocJJoh9jonlTH61VWgvXCiXb0zCDjifGZZtZ30sCErS3N5ntDw=s96-c, aud=[909915657042-l07l5jl8r3v54r15k12hp7vev9dor6r7.apps.googleusercontent.com], azp=909915657042-l07l5jl8r3v54r15k12hp7vev9dor6r7.apps.googleusercontent.com, name=Павел Королев, exp=2025-04-16T23:04:49Z, family_name=Королев, iat=2025-04-16T22:04:49Z, email=passapdom@gmail.com}], Credentials=[PROTECTED], Authenticated=true, Details=WebAuthenticationDetails [RemoteIpAddress=0:0:0:0:0:0:0:1, SessionId=18FC5C86CA7512B4994A46339D0A1603], Granted Authorities=[OIDC_USER, SCOPE_https://www.googleapis.com/auth/userinfo.email, SCOPE_https://www.googleapis.com/auth/userinfo.profile, SCOPE_openid]]
2025-04-17 01:13:37 [http-nio-8080-exec-6] [INFO] r.k.a.u.s.CheckAuthorizeService - checkAdmin: principal != null
2025-04-17 01:13:37 [http-nio-8080-exec-6] [INFO] r.k.a.u.s.CheckAuthorizeService - Principal is OAuth2AuthenticationToken
2025-04-17 01:13:37 [http-nio-8080-exec-6] [INFO] r.k.a.u.s.CheckAuthorizeService - Checking admin rights for email: passapdom@gmail.com
2025-04-17 01:13:37 [http-nio-8080-exec-6] [INFO] r.k.a.u.s.CheckAuthorizeService - User roles: [ADMIN]
2025-04-17 01:13:37 [http-nio-8080-exec-5] [DEBUG] o.s.security.web.FilterChainProxy - Securing GET /img/logo_alliance.png
2025-04-17 01:13:37 [http-nio-8080-exec-8] [DEBUG] o.s.security.web.FilterChainProxy - Securing GET /css/styles.css
2025-04-17 01:13:37 [http-nio-8080-exec-8] [DEBUG] o.s.s.w.c.HttpSessionSecurityContextRepository - Retrieved SecurityContextImpl [Authentication=OAuth2AuthenticationToken [Principal=Name: [107234087105093742255], Granted Authorities: [[OIDC_USER, SCOPE_https://www.googleapis.com/auth/userinfo.email, SCOPE_https://www.googleapis.com/auth/userinfo.profile, SCOPE_openid]], User Attributes: [{at_hash=D05y8WM0mlpixJgpuakpnA, sub=107234087105093742255, email_verified=true, iss=https://accounts.google.com, given_name=Павел, nonce=8Qt59fWYfMeFQUA2_SVF6J9Has2Kz6h3Ub85vX-P0T0, picture=https://lh3.googleusercontent.com/a/ACg8ocJJoh9jonlTH61VWgvXCiXb0zCDjifGZZtZ30sCErS3N5ntDw=s96-c, aud=[909915657042-l07l5jl8r3v54r15k12hp7vev9dor6r7.apps.googleusercontent.com], azp=909915657042-l07l5jl8r3v54r15k12hp7vev9dor6r7.apps.googleusercontent.com, name=Павел Королев, exp=2025-04-16T23:04:49Z, family_name=Королев, iat=2025-04-16T22:04:49Z, email=passapdom@gmail.com}], Credentials=[PROTECTED], Authenticated=true, Details=WebAuthenticationDetails [RemoteIpAddress=0:0:0:0:0:0:0:1, SessionId=18FC5C86CA7512B4994A46339D0A1603], Granted Authorities=[OIDC_USER, SCOPE_https://www.googleapis.com/auth/userinfo.email, SCOPE_https://www.googleapis.com/auth/userinfo.profile, SCOPE_openid]]]
2025-04-17 01:13:37 [http-nio-8080-exec-5] [DEBUG] o.s.s.w.c.HttpSessionSecurityContextRepository - Retrieved SecurityContextImpl [Authentication=OAuth2AuthenticationToken [Principal=Name: [107234087105093742255], Granted Authorities: [[OIDC_USER, SCOPE_https://www.googleapis.com/auth/userinfo.email, SCOPE_https://www.googleapis.com/auth/userinfo.profile, SCOPE_openid]], User Attributes: [{at_hash=D05y8WM0mlpixJgpuakpnA, sub=107234087105093742255, email_verified=true, iss=https://accounts.google.com, given_name=Павел, nonce=8Qt59fWYfMeFQUA2_SVF6J9Has2Kz6h3Ub85vX-P0T0, picture=https://lh3.googleusercontent.com/a/ACg8ocJJoh9jonlTH61VWgvXCiXb0zCDjifGZZtZ30sCErS3N5ntDw=s96-c, aud=[909915657042-l07l5jl8r3v54r15k12hp7vev9dor6r7.apps.googleusercontent.com], azp=909915657042-l07l5jl8r3v54r15k12hp7vev9dor6r7.apps.googleusercontent.com, name=Павел Королев, exp=2025-04-16T23:04:49Z, family_name=Королев, iat=2025-04-16T22:04:49Z, email=passapdom@gmail.com}], Credentials=[PROTECTED], Authenticated=true, Details=WebAuthenticationDetails [RemoteIpAddress=0:0:0:0:0:0:0:1, SessionId=18FC5C86CA7512B4994A46339D0A1603], Granted Authorities=[OIDC_USER, SCOPE_https://www.googleapis.com/auth/userinfo.email, SCOPE_https://www.googleapis.com/auth/userinfo.profile, SCOPE_openid]]]
2025-04-17 01:13:37 [http-nio-8080-exec-8] [DEBUG] o.s.s.w.a.i.FilterSecurityInterceptor - Authorized filter invocation [GET /css/styles.css] with attributes [permitAll]
2025-04-17 01:13:37 [http-nio-8080-exec-5] [DEBUG] o.s.s.w.a.i.FilterSecurityInterceptor - Authorized filter invocation [GET /img/logo_alliance.png] with attributes [permitAll]
2025-04-17 01:13:37 [http-nio-8080-exec-5] [DEBUG] o.s.security.web.FilterChainProxy - Secured GET /img/logo_alliance.png
2025-04-17 01:13:37 [http-nio-8080-exec-8] [DEBUG] o.s.security.web.FilterChainProxy - Secured GET /css/styles.css
2025-04-17 01:13:38 [http-nio-8080-exec-4] [DEBUG] o.s.security.web.FilterChainProxy - Securing GET /excursion/tour/10
2025-04-17 01:13:38 [http-nio-8080-exec-4] [DEBUG] o.s.s.w.c.HttpSessionSecurityContextRepository - Retrieved SecurityContextImpl [Authentication=OAuth2AuthenticationToken [Principal=Name: [107234087105093742255], Granted Authorities: [[OIDC_USER, SCOPE_https://www.googleapis.com/auth/userinfo.email, SCOPE_https://www.googleapis.com/auth/userinfo.profile, SCOPE_openid]], User Attributes: [{at_hash=D05y8WM0mlpixJgpuakpnA, sub=107234087105093742255, email_verified=true, iss=https://accounts.google.com, given_name=Павел, nonce=8Qt59fWYfMeFQUA2_SVF6J9Has2Kz6h3Ub85vX-P0T0, picture=https://lh3.googleusercontent.com/a/ACg8ocJJoh9jonlTH61VWgvXCiXb0zCDjifGZZtZ30sCErS3N5ntDw=s96-c, aud=[909915657042-l07l5jl8r3v54r15k12hp7vev9dor6r7.apps.googleusercontent.com], azp=909915657042-l07l5jl8r3v54r15k12hp7vev9dor6r7.apps.googleusercontent.com, name=Павел Королев, exp=2025-04-16T23:04:49Z, family_name=Королев, iat=2025-04-16T22:04:49Z, email=passapdom@gmail.com}], Credentials=[PROTECTED], Authenticated=true, Details=WebAuthenticationDetails [RemoteIpAddress=0:0:0:0:0:0:0:1, SessionId=18FC5C86CA7512B4994A46339D0A1603], Granted Authorities=[OIDC_USER, SCOPE_https://www.googleapis.com/auth/userinfo.email, SCOPE_https://www.googleapis.com/auth/userinfo.profile, SCOPE_openid]]]
2025-04-17 01:13:38 [http-nio-8080-exec-4] [DEBUG] o.s.s.w.a.i.FilterSecurityInterceptor - Authorized filter invocation [GET /excursion/tour/10] with attributes [permitAll]
2025-04-17 01:13:38 [http-nio-8080-exec-4] [DEBUG] o.s.security.web.FilterChainProxy - Secured GET /excursion/tour/10
2025-04-17 01:13:38 [http-nio-8080-exec-4] [INFO] r.k.a.u.s.CheckAuthorizeService - checkAdmin is starting, principal: OAuth2AuthenticationToken [Principal=Name: [107234087105093742255], Granted Authorities: [[OIDC_USER, SCOPE_https://www.googleapis.com/auth/userinfo.email, SCOPE_https://www.googleapis.com/auth/userinfo.profile, SCOPE_openid]], User Attributes: [{at_hash=D05y8WM0mlpixJgpuakpnA, sub=107234087105093742255, email_verified=true, iss=https://accounts.google.com, given_name=Павел, nonce=8Qt59fWYfMeFQUA2_SVF6J9Has2Kz6h3Ub85vX-P0T0, picture=https://lh3.googleusercontent.com/a/ACg8ocJJoh9jonlTH61VWgvXCiXb0zCDjifGZZtZ30sCErS3N5ntDw=s96-c, aud=[909915657042-l07l5jl8r3v54r15k12hp7vev9dor6r7.apps.googleusercontent.com], azp=909915657042-l07l5jl8r3v54r15k12hp7vev9dor6r7.apps.googleusercontent.com, name=Павел Королев, exp=2025-04-16T23:04:49Z, family_name=Королев, iat=2025-04-16T22:04:49Z, email=passapdom@gmail.com}], Credentials=[PROTECTED], Authenticated=true, Details=WebAuthenticationDetails [RemoteIpAddress=0:0:0:0:0:0:0:1, SessionId=18FC5C86CA7512B4994A46339D0A1603], Granted Authorities=[OIDC_USER, SCOPE_https://www.googleapis.com/auth/userinfo.email, SCOPE_https://www.googleapis.com/auth/userinfo.profile, SCOPE_openid]]
2025-04-17 01:13:38 [http-nio-8080-exec-4] [INFO] r.k.a.u.s.CheckAuthorizeService - checkAdmin: principal != null
2025-04-17 01:13:38 [http-nio-8080-exec-4] [INFO] r.k.a.u.s.CheckAuthorizeService - Principal is OAuth2AuthenticationToken
2025-04-17 01:13:38 [http-nio-8080-exec-4] [INFO] r.k.a.u.s.CheckAuthorizeService - Checking admin rights for email: passapdom@gmail.com
2025-04-17 01:13:38 [http-nio-8080-exec-4] [INFO] r.k.a.u.s.CheckAuthorizeService - User roles: [ADMIN]
2025-04-17 01:13:38 [http-nio-8080-exec-9] [DEBUG] o.s.security.web.FilterChainProxy - Securing GET /css/styles.css
2025-04-17 01:13:38 [http-nio-8080-exec-10] [DEBUG] o.s.security.web.FilterChainProxy - Securing GET /img/logo_alliance.png
2025-04-17 01:13:38 [http-nio-8080-exec-10] [DEBUG] o.s.s.w.c.HttpSessionSecurityContextRepository - Retrieved SecurityContextImpl [Authentication=OAuth2AuthenticationToken [Principal=Name: [107234087105093742255], Granted Authorities: [[OIDC_USER, SCOPE_https://www.googleapis.com/auth/userinfo.email, SCOPE_https://www.googleapis.com/auth/userinfo.profile, SCOPE_openid]], User Attributes: [{at_hash=D05y8WM0mlpixJgpuakpnA, sub=107234087105093742255, email_verified=true, iss=https://accounts.google.com, given_name=Павел, nonce=8Qt59fWYfMeFQUA2_SVF6J9Has2Kz6h3Ub85vX-P0T0, picture=https://lh3.googleusercontent.com/a/ACg8ocJJoh9jonlTH61VWgvXCiXb0zCDjifGZZtZ30sCErS3N5ntDw=s96-c, aud=[909915657042-l07l5jl8r3v54r15k12hp7vev9dor6r7.apps.googleusercontent.com], azp=909915657042-l07l5jl8r3v54r15k12hp7vev9dor6r7.apps.googleusercontent.com, name=Павел Королев, exp=2025-04-16T23:04:49Z, family_name=Королев, iat=2025-04-16T22:04:49Z, email=passapdom@gmail.com}], Credentials=[PROTECTED], Authenticated=true, Details=WebAuthenticationDetails [RemoteIpAddress=0:0:0:0:0:0:0:1, SessionId=18FC5C86CA7512B4994A46339D0A1603], Granted Authorities=[OIDC_USER, SCOPE_https://www.googleapis.com/auth/userinfo.email, SCOPE_https://www.googleapis.com/auth/userinfo.profile, SCOPE_openid]]]
2025-04-17 01:13:38 [http-nio-8080-exec-9] [DEBUG] o.s.s.w.c.HttpSessionSecurityContextRepository - Retrieved SecurityContextImpl [Authentication=OAuth2AuthenticationToken [Principal=Name: [107234087105093742255], Granted Authorities: [[OIDC_USER, SCOPE_https://www.googleapis.com/auth/userinfo.email, SCOPE_https://www.googleapis.com/auth/userinfo.profile, SCOPE_openid]], User Attributes: [{at_hash=D05y8WM0mlpixJgpuakpnA, sub=107234087105093742255, email_verified=true, iss=https://accounts.google.com, given_name=Павел, nonce=8Qt59fWYfMeFQUA2_SVF6J9Has2Kz6h3Ub85vX-P0T0, picture=https://lh3.googleusercontent.com/a/ACg8ocJJoh9jonlTH61VWgvXCiXb0zCDjifGZZtZ30sCErS3N5ntDw=s96-c, aud=[909915657042-l07l5jl8r3v54r15k12hp7vev9dor6r7.apps.googleusercontent.com], azp=909915657042-l07l5jl8r3v54r15k12hp7vev9dor6r7.apps.googleusercontent.com, name=Павел Королев, exp=2025-04-16T23:04:49Z, family_name=Королев, iat=2025-04-16T22:04:49Z, email=passapdom@gmail.com}], Credentials=[PROTECTED], Authenticated=true, Details=WebAuthenticationDetails [RemoteIpAddress=0:0:0:0:0:0:0:1, SessionId=18FC5C86CA7512B4994A46339D0A1603], Granted Authorities=[OIDC_USER, SCOPE_https://www.googleapis.com/auth/userinfo.email, SCOPE_https://www.googleapis.com/auth/userinfo.profile, SCOPE_openid]]]
2025-04-17 01:13:38 [http-nio-8080-exec-10] [DEBUG] o.s.s.w.a.i.FilterSecurityInterceptor - Authorized filter invocation [GET /img/logo_alliance.png] with attributes [permitAll]
2025-04-17 01:13:38 [http-nio-8080-exec-9] [DEBUG] o.s.s.w.a.i.FilterSecurityInterceptor - Authorized filter invocation [GET /css/styles.css] with attributes [permitAll]
2025-04-17 01:13:38 [http-nio-8080-exec-10] [DEBUG] o.s.security.web.FilterChainProxy - Secured GET /img/logo_alliance.png
2025-04-17 01:13:38 [http-nio-8080-exec-9] [DEBUG] o.s.security.web.FilterChainProxy - Secured GET /css/styles.css
2025-04-17 01:13:43 [http-nio-8080-exec-1] [DEBUG] o.s.security.web.FilterChainProxy - Securing GET /excursion/tour/7
2025-04-17 01:13:43 [http-nio-8080-exec-1] [DEBUG] o.s.s.w.c.HttpSessionSecurityContextRepository - Retrieved SecurityContextImpl [Authentication=OAuth2AuthenticationToken [Principal=Name: [107234087105093742255], Granted Authorities: [[OIDC_USER, SCOPE_https://www.googleapis.com/auth/userinfo.email, SCOPE_https://www.googleapis.com/auth/userinfo.profile, SCOPE_openid]], User Attributes: [{at_hash=D05y8WM0mlpixJgpuakpnA, sub=107234087105093742255, email_verified=true, iss=https://accounts.google.com, given_name=Павел, nonce=8Qt59fWYfMeFQUA2_SVF6J9Has2Kz6h3Ub85vX-P0T0, picture=https://lh3.googleusercontent.com/a/ACg8ocJJoh9jonlTH61VWgvXCiXb0zCDjifGZZtZ30sCErS3N5ntDw=s96-c, aud=[909915657042-l07l5jl8r3v54r15k12hp7vev9dor6r7.apps.googleusercontent.com], azp=909915657042-l07l5jl8r3v54r15k12hp7vev9dor6r7.apps.googleusercontent.com, name=Павел Королев, exp=2025-04-16T23:04:49Z, family_name=Королев, iat=2025-04-16T22:04:49Z, email=passapdom@gmail.com}], Credentials=[PROTECTED], Authenticated=true, Details=WebAuthenticationDetails [RemoteIpAddress=0:0:0:0:0:0:0:1, SessionId=18FC5C86CA7512B4994A46339D0A1603], Granted Authorities=[OIDC_USER, SCOPE_https://www.googleapis.com/auth/userinfo.email, SCOPE_https://www.googleapis.com/auth/userinfo.profile, SCOPE_openid]]]
2025-04-17 01:13:43 [http-nio-8080-exec-1] [DEBUG] o.s.s.w.a.i.FilterSecurityInterceptor - Authorized filter invocation [GET /excursion/tour/7] with attributes [permitAll]
2025-04-17 01:13:43 [http-nio-8080-exec-1] [DEBUG] o.s.security.web.FilterChainProxy - Secured GET /excursion/tour/7
2025-04-17 01:13:43 [http-nio-8080-exec-1] [INFO] r.k.a.u.s.CheckAuthorizeService - checkAdmin is starting, principal: OAuth2AuthenticationToken [Principal=Name: [107234087105093742255], Granted Authorities: [[OIDC_USER, SCOPE_https://www.googleapis.com/auth/userinfo.email, SCOPE_https://www.googleapis.com/auth/userinfo.profile, SCOPE_openid]], User Attributes: [{at_hash=D05y8WM0mlpixJgpuakpnA, sub=107234087105093742255, email_verified=true, iss=https://accounts.google.com, given_name=Павел, nonce=8Qt59fWYfMeFQUA2_SVF6J9Has2Kz6h3Ub85vX-P0T0, picture=https://lh3.googleusercontent.com/a/ACg8ocJJoh9jonlTH61VWgvXCiXb0zCDjifGZZtZ30sCErS3N5ntDw=s96-c, aud=[909915657042-l07l5jl8r3v54r15k12hp7vev9dor6r7.apps.googleusercontent.com], azp=909915657042-l07l5jl8r3v54r15k12hp7vev9dor6r7.apps.googleusercontent.com, name=Павел Королев, exp=2025-04-16T23:04:49Z, family_name=Королев, iat=2025-04-16T22:04:49Z, email=passapdom@gmail.com}], Credentials=[PROTECTED], Authenticated=true, Details=WebAuthenticationDetails [RemoteIpAddress=0:0:0:0:0:0:0:1, SessionId=18FC5C86CA7512B4994A46339D0A1603], Granted Authorities=[OIDC_USER, SCOPE_https://www.googleapis.com/auth/userinfo.email, SCOPE_https://www.googleapis.com/auth/userinfo.profile, SCOPE_openid]]
2025-04-17 01:13:43 [http-nio-8080-exec-1] [INFO] r.k.a.u.s.CheckAuthorizeService - checkAdmin: principal != null
2025-04-17 01:13:43 [http-nio-8080-exec-1] [INFO] r.k.a.u.s.CheckAuthorizeService - Principal is OAuth2AuthenticationToken
2025-04-17 01:13:43 [http-nio-8080-exec-1] [INFO] r.k.a.u.s.CheckAuthorizeService - Checking admin rights for email: passapdom@gmail.com
2025-04-17 01:13:43 [http-nio-8080-exec-1] [INFO] r.k.a.u.s.CheckAuthorizeService - User roles: [ADMIN]
2025-04-17 01:13:43 [http-nio-8080-exec-3] [DEBUG] o.s.security.web.FilterChainProxy - Securing GET /css/styles.css
2025-04-17 01:13:43 [http-nio-8080-exec-3] [DEBUG] o.s.s.w.c.HttpSessionSecurityContextRepository - Retrieved SecurityContextImpl [Authentication=OAuth2AuthenticationToken [Principal=Name: [107234087105093742255], Granted Authorities: [[OIDC_USER, SCOPE_https://www.googleapis.com/auth/userinfo.email, SCOPE_https://www.googleapis.com/auth/userinfo.profile, SCOPE_openid]], User Attributes: [{at_hash=D05y8WM0mlpixJgpuakpnA, sub=107234087105093742255, email_verified=true, iss=https://accounts.google.com, given_name=Павел, nonce=8Qt59fWYfMeFQUA2_SVF6J9Has2Kz6h3Ub85vX-P0T0, picture=https://lh3.googleusercontent.com/a/ACg8ocJJoh9jonlTH61VWgvXCiXb0zCDjifGZZtZ30sCErS3N5ntDw=s96-c, aud=[909915657042-l07l5jl8r3v54r15k12hp7vev9dor6r7.apps.googleusercontent.com], azp=909915657042-l07l5jl8r3v54r15k12hp7vev9dor6r7.apps.googleusercontent.com, name=Павел Королев, exp=2025-04-16T23:04:49Z, family_name=Королев, iat=2025-04-16T22:04:49Z, email=passapdom@gmail.com}], Credentials=[PROTECTED], Authenticated=true, Details=WebAuthenticationDetails [RemoteIpAddress=0:0:0:0:0:0:0:1, SessionId=18FC5C86CA7512B4994A46339D0A1603], Granted Authorities=[OIDC_USER, SCOPE_https://www.googleapis.com/auth/userinfo.email, SCOPE_https://www.googleapis.com/auth/userinfo.profile, SCOPE_openid]]]
2025-04-17 01:13:43 [http-nio-8080-exec-3] [DEBUG] o.s.s.w.a.i.FilterSecurityInterceptor - Authorized filter invocation [GET /css/styles.css] with attributes [permitAll]
2025-04-17 01:13:43 [http-nio-8080-exec-3] [DEBUG] o.s.security.web.FilterChainProxy - Secured GET /css/styles.css
2025-04-17 01:13:43 [http-nio-8080-exec-7] [DEBUG] o.s.security.web.FilterChainProxy - Securing GET /img/logo_alliance.png
2025-04-17 01:13:43 [http-nio-8080-exec-2] [DEBUG] o.s.security.web.FilterChainProxy - Securing GET /images/tour/70efb4f2-568c-40d0-b39f-55ed0ccbc07e_00-Козельск.jpg
2025-04-17 01:13:43 [http-nio-8080-exec-2] [DEBUG] o.s.s.w.c.HttpSessionSecurityContextRepository - Retrieved SecurityContextImpl [Authentication=OAuth2AuthenticationToken [Principal=Name: [107234087105093742255], Granted Authorities: [[OIDC_USER, SCOPE_https://www.googleapis.com/auth/userinfo.email, SCOPE_https://www.googleapis.com/auth/userinfo.profile, SCOPE_openid]], User Attributes: [{at_hash=D05y8WM0mlpixJgpuakpnA, sub=107234087105093742255, email_verified=true, iss=https://accounts.google.com, given_name=Павел, nonce=8Qt59fWYfMeFQUA2_SVF6J9Has2Kz6h3Ub85vX-P0T0, picture=https://lh3.googleusercontent.com/a/ACg8ocJJoh9jonlTH61VWgvXCiXb0zCDjifGZZtZ30sCErS3N5ntDw=s96-c, aud=[909915657042-l07l5jl8r3v54r15k12hp7vev9dor6r7.apps.googleusercontent.com], azp=909915657042-l07l5jl8r3v54r15k12hp7vev9dor6r7.apps.googleusercontent.com, name=Павел Королев, exp=2025-04-16T23:04:49Z, family_name=Королев, iat=2025-04-16T22:04:49Z, email=passapdom@gmail.com}], Credentials=[PROTECTED], Authenticated=true, Details=WebAuthenticationDetails [RemoteIpAddress=0:0:0:0:0:0:0:1, SessionId=18FC5C86CA7512B4994A46339D0A1603], Granted Authorities=[OIDC_USER, SCOPE_https://www.googleapis.com/auth/userinfo.email, SCOPE_https://www.googleapis.com/auth/userinfo.profile, SCOPE_openid]]]
2025-04-17 01:13:43 [http-nio-8080-exec-7] [DEBUG] o.s.s.w.c.HttpSessionSecurityContextRepository - Retrieved SecurityContextImpl [Authentication=OAuth2AuthenticationToken [Principal=Name: [107234087105093742255], Granted Authorities: [[OIDC_USER, SCOPE_https://www.googleapis.com/auth/userinfo.email, SCOPE_https://www.googleapis.com/auth/userinfo.profile, SCOPE_openid]], User Attributes: [{at_hash=D05y8WM0mlpixJgpuakpnA, sub=107234087105093742255, email_verified=true, iss=https://accounts.google.com, given_name=Павел, nonce=8Qt59fWYfMeFQUA2_SVF6J9Has2Kz6h3Ub85vX-P0T0, picture=https://lh3.googleusercontent.com/a/ACg8ocJJoh9jonlTH61VWgvXCiXb0zCDjifGZZtZ30sCErS3N5ntDw=s96-c, aud=[909915657042-l07l5jl8r3v54r15k12hp7vev9dor6r7.apps.googleusercontent.com], azp=909915657042-l07l5jl8r3v54r15k12hp7vev9dor6r7.apps.googleusercontent.com, name=Павел Королев, exp=2025-04-16T23:04:49Z, family_name=Королев, iat=2025-04-16T22:04:49Z, email=passapdom@gmail.com}], Credentials=[PROTECTED], Authenticated=true, Details=WebAuthenticationDetails [RemoteIpAddress=0:0:0:0:0:0:0:1, SessionId=18FC5C86CA7512B4994A46339D0A1603], Granted Authorities=[OIDC_USER, SCOPE_https://www.googleapis.com/auth/userinfo.email, SCOPE_https://www.googleapis.com/auth/userinfo.profile, SCOPE_openid]]]
2025-04-17 01:13:43 [http-nio-8080-exec-7] [DEBUG] o.s.s.w.a.i.FilterSecurityInterceptor - Authorized filter invocation [GET /img/logo_alliance.png] with attributes [permitAll]
2025-04-17 01:13:43 [http-nio-8080-exec-2] [DEBUG] o.s.s.w.a.i.FilterSecurityInterceptor - Authorized filter invocation [GET /images/tour/70efb4f2-568c-40d0-b39f-55ed0ccbc07e_00-Козельск.jpg] with attributes [permitAll]
2025-04-17 01:13:43 [http-nio-8080-exec-7] [DEBUG] o.s.security.web.FilterChainProxy - Secured GET /img/logo_alliance.png
2025-04-17 01:13:43 [http-nio-8080-exec-2] [DEBUG] o.s.security.web.FilterChainProxy - Secured GET /images/tour/70efb4f2-568c-40d0-b39f-55ed0ccbc07e_00-Козельск.jpg
2025-04-17 01:13:43 [http-nio-8080-exec-4] [DEBUG] o.s.security.web.FilterChainProxy - Securing GET /images/tour/414b0294-d609-404f-b29e-bce0b3a8dd2d_2.jpg
2025-04-17 01:13:43 [http-nio-8080-exec-8] [DEBUG] o.s.security.web.FilterChainProxy - Securing GET /images/tour/2fda8126-ebe8-4ae8-8cc0-41fba6cc8428_photo_2024-12-23_22-18-01.jpg
2025-04-17 01:13:43 [http-nio-8080-exec-6] [DEBUG] o.s.security.web.FilterChainProxy - Securing GET /images/tour/9a82b164-22ad-4d36-b819-c6f0b357f20e_01.jpg
2025-04-17 01:13:43 [http-nio-8080-exec-5] [DEBUG] o.s.security.web.FilterChainProxy - Securing GET /images/tour/ab411480-0960-49e0-851d-d9a6ee643bbf_photo_2024-12-23_22-18-02.jpg
2025-04-17 01:13:43 [http-nio-8080-exec-4] [DEBUG] o.s.s.w.c.HttpSessionSecurityContextRepository - Retrieved SecurityContextImpl [Authentication=OAuth2AuthenticationToken [Principal=Name: [107234087105093742255], Granted Authorities: [[OIDC_USER, SCOPE_https://www.googleapis.com/auth/userinfo.email, SCOPE_https://www.googleapis.com/auth/userinfo.profile, SCOPE_openid]], User Attributes: [{at_hash=D05y8WM0mlpixJgpuakpnA, sub=107234087105093742255, email_verified=true, iss=https://accounts.google.com, given_name=Павел, nonce=8Qt59fWYfMeFQUA2_SVF6J9Has2Kz6h3Ub85vX-P0T0, picture=https://lh3.googleusercontent.com/a/ACg8ocJJoh9jonlTH61VWgvXCiXb0zCDjifGZZtZ30sCErS3N5ntDw=s96-c, aud=[909915657042-l07l5jl8r3v54r15k12hp7vev9dor6r7.apps.googleusercontent.com], azp=909915657042-l07l5jl8r3v54r15k12hp7vev9dor6r7.apps.googleusercontent.com, name=Павел Королев, exp=2025-04-16T23:04:49Z, family_name=Королев, iat=2025-04-16T22:04:49Z, email=passapdom@gmail.com}], Credentials=[PROTECTED], Authenticated=true, Details=WebAuthenticationDetails [RemoteIpAddress=0:0:0:0:0:0:0:1, SessionId=18FC5C86CA7512B4994A46339D0A1603], Granted Authorities=[OIDC_USER, SCOPE_https://www.googleapis.com/auth/userinfo.email, SCOPE_https://www.googleapis.com/auth/userinfo.profile, SCOPE_openid]]]
2025-04-17 01:13:43 [http-nio-8080-exec-8] [DEBUG] o.s.s.w.c.HttpSessionSecurityContextRepository - Retrieved SecurityContextImpl [Authentication=OAuth2AuthenticationToken [Principal=Name: [107234087105093742255], Granted Authorities: [[OIDC_USER, SCOPE_https://www.googleapis.com/auth/userinfo.email, SCOPE_https://www.googleapis.com/auth/userinfo.profile, SCOPE_openid]], User Attributes: [{at_hash=D05y8WM0mlpixJgpuakpnA, sub=107234087105093742255, email_verified=true, iss=https://accounts.google.com, given_name=Павел, nonce=8Qt59fWYfMeFQUA2_SVF6J9Has2Kz6h3Ub85vX-P0T0, picture=https://lh3.googleusercontent.com/a/ACg8ocJJoh9jonlTH61VWgvXCiXb0zCDjifGZZtZ30sCErS3N5ntDw=s96-c, aud=[909915657042-l07l5jl8r3v54r15k12hp7vev9dor6r7.apps.googleusercontent.com], azp=909915657042-l07l5jl8r3v54r15k12hp7vev9dor6r7.apps.googleusercontent.com, name=Павел Королев, exp=2025-04-16T23:04:49Z, family_name=Королев, iat=2025-04-16T22:04:49Z, email=passapdom@gmail.com}], Credentials=[PROTECTED], Authenticated=true, Details=WebAuthenticationDetails [RemoteIpAddress=0:0:0:0:0:0:0:1, SessionId=18FC5C86CA7512B4994A46339D0A1603], Granted Authorities=[OIDC_USER, SCOPE_https://www.googleapis.com/auth/userinfo.email, SCOPE_https://www.googleapis.com/auth/userinfo.profile, SCOPE_openid]]]
2025-04-17 01:13:43 [http-nio-8080-exec-6] [DEBUG] o.s.s.w.c.HttpSessionSecurityContextRepository - Retrieved SecurityContextImpl [Authentication=OAuth2AuthenticationToken [Principal=Name: [107234087105093742255], Granted Authorities: [[OIDC_USER, SCOPE_https://www.googleapis.com/auth/userinfo.email, SCOPE_https://www.googleapis.com/auth/userinfo.profile, SCOPE_openid]], User Attributes: [{at_hash=D05y8WM0mlpixJgpuakpnA, sub=107234087105093742255, email_verified=true, iss=https://accounts.google.com, given_name=Павел, nonce=8Qt59fWYfMeFQUA2_SVF6J9Has2Kz6h3Ub85vX-P0T0, picture=https://lh3.googleusercontent.com/a/ACg8ocJJoh9jonlTH61VWgvXCiXb0zCDjifGZZtZ30sCErS3N5ntDw=s96-c, aud=[909915657042-l07l5jl8r3v54r15k12hp7vev9dor6r7.apps.googleusercontent.com], azp=909915657042-l07l5jl8r3v54r15k12hp7vev9dor6r7.apps.googleusercontent.com, name=Павел Королев, exp=2025-04-16T23:04:49Z, family_name=Королев, iat=2025-04-16T22:04:49Z, email=passapdom@gmail.com}], Credentials=[PROTECTED], Authenticated=true, Details=WebAuthenticationDetails [RemoteIpAddress=0:0:0:0:0:0:0:1, SessionId=18FC5C86CA7512B4994A46339D0A1603], Granted Authorities=[OIDC_USER, SCOPE_https://www.googleapis.com/auth/userinfo.email, SCOPE_https://www.googleapis.com/auth/userinfo.profile, SCOPE_openid]]]
2025-04-17 01:13:43 [http-nio-8080-exec-5] [DEBUG] o.s.s.w.c.HttpSessionSecurityContextRepository - Retrieved SecurityContextImpl [Authentication=OAuth2AuthenticationToken [Principal=Name: [107234087105093742255], Granted Authorities: [[OIDC_USER, SCOPE_https://www.googleapis.com/auth/userinfo.email, SCOPE_https://www.googleapis.com/auth/userinfo.profile, SCOPE_openid]], User Attributes: [{at_hash=D05y8WM0mlpixJgpuakpnA, sub=107234087105093742255, email_verified=true, iss=https://accounts.google.com, given_name=Павел, nonce=8Qt59fWYfMeFQUA2_SVF6J9Has2Kz6h3Ub85vX-P0T0, picture=https://lh3.googleusercontent.com/a/ACg8ocJJoh9jonlTH61VWgvXCiXb0zCDjifGZZtZ30sCErS3N5ntDw=s96-c, aud=[909915657042-l07l5jl8r3v54r15k12hp7vev9dor6r7.apps.googleusercontent.com], azp=909915657042-l07l5jl8r3v54r15k12hp7vev9dor6r7.apps.googleusercontent.com, name=Павел Королев, exp=2025-04-16T23:04:49Z, family_name=Королев, iat=2025-04-16T22:04:49Z, email=passapdom@gmail.com}], Credentials=[PROTECTED], Authenticated=true, Details=WebAuthenticationDetails [RemoteIpAddress=0:0:0:0:0:0:0:1, SessionId=18FC5C86CA7512B4994A46339D0A1603], Granted Authorities=[OIDC_USER, SCOPE_https://www.googleapis.com/auth/userinfo.email, SCOPE_https://www.googleapis.com/auth/userinfo.profile, SCOPE_openid]]]
2025-04-17 01:13:43 [http-nio-8080-exec-4] [DEBUG] o.s.s.w.a.i.FilterSecurityInterceptor - Authorized filter invocation [GET /images/tour/414b0294-d609-404f-b29e-bce0b3a8dd2d_2.jpg] with attributes [permitAll]
2025-04-17 01:13:43 [http-nio-8080-exec-6] [DEBUG] o.s.s.w.a.i.FilterSecurityInterceptor - Authorized filter invocation [GET /images/tour/9a82b164-22ad-4d36-b819-c6f0b357f20e_01.jpg] with attributes [permitAll]
2025-04-17 01:13:43 [http-nio-8080-exec-5] [DEBUG] o.s.s.w.a.i.FilterSecurityInterceptor - Authorized filter invocation [GET /images/tour/ab411480-0960-49e0-851d-d9a6ee643bbf_photo_2024-12-23_22-18-02.jpg] with attributes [permitAll]
2025-04-17 01:13:43 [http-nio-8080-exec-8] [DEBUG] o.s.s.w.a.i.FilterSecurityInterceptor - Authorized filter invocation [GET /images/tour/2fda8126-ebe8-4ae8-8cc0-41fba6cc8428_photo_2024-12-23_22-18-01.jpg] with attributes [permitAll]
2025-04-17 01:13:43 [http-nio-8080-exec-4] [DEBUG] o.s.security.web.FilterChainProxy - Secured GET /images/tour/414b0294-d609-404f-b29e-bce0b3a8dd2d_2.jpg
2025-04-17 01:13:43 [http-nio-8080-exec-6] [DEBUG] o.s.security.web.FilterChainProxy - Secured GET /images/tour/9a82b164-22ad-4d36-b819-c6f0b357f20e_01.jpg
2025-04-17 01:13:43 [http-nio-8080-exec-5] [DEBUG] o.s.security.web.FilterChainProxy - Secured GET /images/tour/ab411480-0960-49e0-851d-d9a6ee643bbf_photo_2024-12-23_22-18-02.jpg
2025-04-17 01:13:43 [http-nio-8080-exec-8] [DEBUG] o.s.security.web.FilterChainProxy - Secured GET /images/tour/2fda8126-ebe8-4ae8-8cc0-41fba6cc8428_photo_2024-12-23_22-18-01.jpg
2025-04-17 01:13:44 [http-nio-8080-exec-9] [DEBUG] o.s.security.web.FilterChainProxy - Securing GET /excursion/booking/7
2025-04-17 01:13:44 [http-nio-8080-exec-9] [DEBUG] o.s.s.w.c.HttpSessionSecurityContextRepository - Retrieved SecurityContextImpl [Authentication=OAuth2AuthenticationToken [Principal=Name: [107234087105093742255], Granted Authorities: [[OIDC_USER, SCOPE_https://www.googleapis.com/auth/userinfo.email, SCOPE_https://www.googleapis.com/auth/userinfo.profile, SCOPE_openid]], User Attributes: [{at_hash=D05y8WM0mlpixJgpuakpnA, sub=107234087105093742255, email_verified=true, iss=https://accounts.google.com, given_name=Павел, nonce=8Qt59fWYfMeFQUA2_SVF6J9Has2Kz6h3Ub85vX-P0T0, picture=https://lh3.googleusercontent.com/a/ACg8ocJJoh9jonlTH61VWgvXCiXb0zCDjifGZZtZ30sCErS3N5ntDw=s96-c, aud=[909915657042-l07l5jl8r3v54r15k12hp7vev9dor6r7.apps.googleusercontent.com], azp=909915657042-l07l5jl8r3v54r15k12hp7vev9dor6r7.apps.googleusercontent.com, name=Павел Королев, exp=2025-04-16T23:04:49Z, family_name=Королев, iat=2025-04-16T22:04:49Z, email=passapdom@gmail.com}], Credentials=[PROTECTED], Authenticated=true, Details=WebAuthenticationDetails [RemoteIpAddress=0:0:0:0:0:0:0:1, SessionId=18FC5C86CA7512B4994A46339D0A1603], Granted Authorities=[OIDC_USER, SCOPE_https://www.googleapis.com/auth/userinfo.email, SCOPE_https://www.googleapis.com/auth/userinfo.profile, SCOPE_openid]]]
2025-04-17 01:13:44 [http-nio-8080-exec-9] [DEBUG] o.s.s.w.a.i.FilterSecurityInterceptor - Authorized filter invocation [GET /excursion/booking/7] with attributes [permitAll]
2025-04-17 01:13:44 [http-nio-8080-exec-9] [DEBUG] o.s.security.web.FilterChainProxy - Secured GET /excursion/booking/7
2025-04-17 01:13:44 [http-nio-8080-exec-10] [DEBUG] o.s.security.web.FilterChainProxy - Securing GET /img/logo_alliance.png
2025-04-17 01:13:44 [http-nio-8080-exec-10] [DEBUG] o.s.s.w.c.HttpSessionSecurityContextRepository - Retrieved SecurityContextImpl [Authentication=OAuth2AuthenticationToken [Principal=Name: [107234087105093742255], Granted Authorities: [[OIDC_USER, SCOPE_https://www.googleapis.com/auth/userinfo.email, SCOPE_https://www.googleapis.com/auth/userinfo.profile, SCOPE_openid]], User Attributes: [{at_hash=D05y8WM0mlpixJgpuakpnA, sub=107234087105093742255, email_verified=true, iss=https://accounts.google.com, given_name=Павел, nonce=8Qt59fWYfMeFQUA2_SVF6J9Has2Kz6h3Ub85vX-P0T0, picture=https://lh3.googleusercontent.com/a/ACg8ocJJoh9jonlTH61VWgvXCiXb0zCDjifGZZtZ30sCErS3N5ntDw=s96-c, aud=[909915657042-l07l5jl8r3v54r15k12hp7vev9dor6r7.apps.googleusercontent.com], azp=909915657042-l07l5jl8r3v54r15k12hp7vev9dor6r7.apps.googleusercontent.com, name=Павел Королев, exp=2025-04-16T23:04:49Z, family_name=Королев, iat=2025-04-16T22:04:49Z, email=passapdom@gmail.com}], Credentials=[PROTECTED], Authenticated=true, Details=WebAuthenticationDetails [RemoteIpAddress=0:0:0:0:0:0:0:1, SessionId=18FC5C86CA7512B4994A46339D0A1603], Granted Authorities=[OIDC_USER, SCOPE_https://www.googleapis.com/auth/userinfo.email, SCOPE_https://www.googleapis.com/auth/userinfo.profile, SCOPE_openid]]]
2025-04-17 01:13:44 [http-nio-8080-exec-10] [DEBUG] o.s.s.w.a.i.FilterSecurityInterceptor - Authorized filter invocation [GET /img/logo_alliance.png] with attributes [permitAll]
2025-04-17 01:13:44 [http-nio-8080-exec-10] [DEBUG] o.s.security.web.FilterChainProxy - Secured GET /img/logo_alliance.png
2025-04-17 01:13:50 [http-nio-8080-exec-1] [DEBUG] o.s.security.web.FilterChainProxy - Securing GET /excursion/booking/7?date=2025-04-18
2025-04-17 01:13:50 [http-nio-8080-exec-1] [DEBUG] o.s.s.w.c.HttpSessionSecurityContextRepository - Retrieved SecurityContextImpl [Authentication=OAuth2AuthenticationToken [Principal=Name: [107234087105093742255], Granted Authorities: [[OIDC_USER, SCOPE_https://www.googleapis.com/auth/userinfo.email, SCOPE_https://www.googleapis.com/auth/userinfo.profile, SCOPE_openid]], User Attributes: [{at_hash=D05y8WM0mlpixJgpuakpnA, sub=107234087105093742255, email_verified=true, iss=https://accounts.google.com, given_name=Павел, nonce=8Qt59fWYfMeFQUA2_SVF6J9Has2Kz6h3Ub85vX-P0T0, picture=https://lh3.googleusercontent.com/a/ACg8ocJJoh9jonlTH61VWgvXCiXb0zCDjifGZZtZ30sCErS3N5ntDw=s96-c, aud=[909915657042-l07l5jl8r3v54r15k12hp7vev9dor6r7.apps.googleusercontent.com], azp=909915657042-l07l5jl8r3v54r15k12hp7vev9dor6r7.apps.googleusercontent.com, name=Павел Королев, exp=2025-04-16T23:04:49Z, family_name=Королев, iat=2025-04-16T22:04:49Z, email=passapdom@gmail.com}], Credentials=[PROTECTED], Authenticated=true, Details=WebAuthenticationDetails [RemoteIpAddress=0:0:0:0:0:0:0:1, SessionId=18FC5C86CA7512B4994A46339D0A1603], Granted Authorities=[OIDC_USER, SCOPE_https://www.googleapis.com/auth/userinfo.email, SCOPE_https://www.googleapis.com/auth/userinfo.profile, SCOPE_openid]]]
2025-04-17 01:13:50 [http-nio-8080-exec-1] [DEBUG] o.s.s.w.a.i.FilterSecurityInterceptor - Authorized filter invocation [GET /excursion/booking/7?date=2025-04-18] with attributes [permitAll]
2025-04-17 01:13:50 [http-nio-8080-exec-1] [DEBUG] o.s.security.web.FilterChainProxy - Secured GET /excursion/booking/7?date=2025-04-18
2025-04-17 01:13:50 [http-nio-8080-exec-3] [DEBUG] o.s.security.web.FilterChainProxy - Securing GET /img/logo_alliance.png
2025-04-17 01:13:50 [http-nio-8080-exec-3] [DEBUG] o.s.s.w.c.HttpSessionSecurityContextRepository - Retrieved SecurityContextImpl [Authentication=OAuth2AuthenticationToken [Principal=Name: [107234087105093742255], Granted Authorities: [[OIDC_USER, SCOPE_https://www.googleapis.com/auth/userinfo.email, SCOPE_https://www.googleapis.com/auth/userinfo.profile, SCOPE_openid]], User Attributes: [{at_hash=D05y8WM0mlpixJgpuakpnA, sub=107234087105093742255, email_verified=true, iss=https://accounts.google.com, given_name=Павел, nonce=8Qt59fWYfMeFQUA2_SVF6J9Has2Kz6h3Ub85vX-P0T0, picture=https://lh3.googleusercontent.com/a/ACg8ocJJoh9jonlTH61VWgvXCiXb0zCDjifGZZtZ30sCErS3N5ntDw=s96-c, aud=[909915657042-l07l5jl8r3v54r15k12hp7vev9dor6r7.apps.googleusercontent.com], azp=909915657042-l07l5jl8r3v54r15k12hp7vev9dor6r7.apps.googleusercontent.com, name=Павел Королев, exp=2025-04-16T23:04:49Z, family_name=Королев, iat=2025-04-16T22:04:49Z, email=passapdom@gmail.com}], Credentials=[PROTECTED], Authenticated=true, Details=WebAuthenticationDetails [RemoteIpAddress=0:0:0:0:0:0:0:1, SessionId=18FC5C86CA7512B4994A46339D0A1603], Granted Authorities=[OIDC_USER, SCOPE_https://www.googleapis.com/auth/userinfo.email, SCOPE_https://www.googleapis.com/auth/userinfo.profile, SCOPE_openid]]]
2025-04-17 01:13:50 [http-nio-8080-exec-3] [DEBUG] o.s.s.w.a.i.FilterSecurityInterceptor - Authorized filter invocation [GET /img/logo_alliance.png] with attributes [permitAll]
2025-04-17 01:13:50 [http-nio-8080-exec-3] [DEBUG] o.s.security.web.FilterChainProxy - Secured GET /img/logo_alliance.png
2025-04-17 01:13:56 [http-nio-8080-exec-7] [DEBUG] o.s.security.web.FilterChainProxy - Securing POST /excursion/booking/7
2025-04-17 01:13:56 [http-nio-8080-exec-7] [DEBUG] o.s.s.w.c.HttpSessionSecurityContextRepository - Retrieved SecurityContextImpl [Authentication=OAuth2AuthenticationToken [Principal=Name: [107234087105093742255], Granted Authorities: [[OIDC_USER, SCOPE_https://www.googleapis.com/auth/userinfo.email, SCOPE_https://www.googleapis.com/auth/userinfo.profile, SCOPE_openid]], User Attributes: [{at_hash=D05y8WM0mlpixJgpuakpnA, sub=107234087105093742255, email_verified=true, iss=https://accounts.google.com, given_name=Павел, nonce=8Qt59fWYfMeFQUA2_SVF6J9Has2Kz6h3Ub85vX-P0T0, picture=https://lh3.googleusercontent.com/a/ACg8ocJJoh9jonlTH61VWgvXCiXb0zCDjifGZZtZ30sCErS3N5ntDw=s96-c, aud=[909915657042-l07l5jl8r3v54r15k12hp7vev9dor6r7.apps.googleusercontent.com], azp=909915657042-l07l5jl8r3v54r15k12hp7vev9dor6r7.apps.googleusercontent.com, name=Павел Королев, exp=2025-04-16T23:04:49Z, family_name=Королев, iat=2025-04-16T22:04:49Z, email=passapdom@gmail.com}], Credentials=[PROTECTED], Authenticated=true, Details=WebAuthenticationDetails [RemoteIpAddress=0:0:0:0:0:0:0:1, SessionId=18FC5C86CA7512B4994A46339D0A1603], Granted Authorities=[OIDC_USER, SCOPE_https://www.googleapis.com/auth/userinfo.email, SCOPE_https://www.googleapis.com/auth/userinfo.profile, SCOPE_openid]]]
2025-04-17 01:13:56 [http-nio-8080-exec-7] [DEBUG] o.s.s.w.a.i.FilterSecurityInterceptor - Authorized filter invocation [POST /excursion/booking/7] with attributes [permitAll]
2025-04-17 01:13:56 [http-nio-8080-exec-7] [DEBUG] o.s.security.web.FilterChainProxy - Secured POST /excursion/booking/7
2025-04-17 01:13:56 [http-nio-8080-exec-2] [DEBUG] o.s.security.web.FilterChainProxy - Securing GET /excursion/tour/7
2025-04-17 01:13:56 [http-nio-8080-exec-2] [DEBUG] o.s.s.w.c.HttpSessionSecurityContextRepository - Retrieved SecurityContextImpl [Authentication=OAuth2AuthenticationToken [Principal=Name: [107234087105093742255], Granted Authorities: [[OIDC_USER, SCOPE_https://www.googleapis.com/auth/userinfo.email, SCOPE_https://www.googleapis.com/auth/userinfo.profile, SCOPE_openid]], User Attributes: [{at_hash=D05y8WM0mlpixJgpuakpnA, sub=107234087105093742255, email_verified=true, iss=https://accounts.google.com, given_name=Павел, nonce=8Qt59fWYfMeFQUA2_SVF6J9Has2Kz6h3Ub85vX-P0T0, picture=https://lh3.googleusercontent.com/a/ACg8ocJJoh9jonlTH61VWgvXCiXb0zCDjifGZZtZ30sCErS3N5ntDw=s96-c, aud=[909915657042-l07l5jl8r3v54r15k12hp7vev9dor6r7.apps.googleusercontent.com], azp=909915657042-l07l5jl8r3v54r15k12hp7vev9dor6r7.apps.googleusercontent.com, name=Павел Королев, exp=2025-04-16T23:04:49Z, family_name=Королев, iat=2025-04-16T22:04:49Z, email=passapdom@gmail.com}], Credentials=[PROTECTED], Authenticated=true, Details=WebAuthenticationDetails [RemoteIpAddress=0:0:0:0:0:0:0:1, SessionId=18FC5C86CA7512B4994A46339D0A1603], Granted Authorities=[OIDC_USER, SCOPE_https://www.googleapis.com/auth/userinfo.email, SCOPE_https://www.googleapis.com/auth/userinfo.profile, SCOPE_openid]]]
2025-04-17 01:13:56 [http-nio-8080-exec-2] [DEBUG] o.s.s.w.a.i.FilterSecurityInterceptor - Authorized filter invocation [GET /excursion/tour/7] with attributes [permitAll]
2025-04-17 01:13:56 [http-nio-8080-exec-2] [DEBUG] o.s.security.web.FilterChainProxy - Secured GET /excursion/tour/7
2025-04-17 01:13:56 [http-nio-8080-exec-2] [INFO] r.k.a.u.s.CheckAuthorizeService - checkAdmin is starting, principal: OAuth2AuthenticationToken [Principal=Name: [107234087105093742255], Granted Authorities: [[OIDC_USER, SCOPE_https://www.googleapis.com/auth/userinfo.email, SCOPE_https://www.googleapis.com/auth/userinfo.profile, SCOPE_openid]], User Attributes: [{at_hash=D05y8WM0mlpixJgpuakpnA, sub=107234087105093742255, email_verified=true, iss=https://accounts.google.com, given_name=Павел, nonce=8Qt59fWYfMeFQUA2_SVF6J9Has2Kz6h3Ub85vX-P0T0, picture=https://lh3.googleusercontent.com/a/ACg8ocJJoh9jonlTH61VWgvXCiXb0zCDjifGZZtZ30sCErS3N5ntDw=s96-c, aud=[909915657042-l07l5jl8r3v54r15k12hp7vev9dor6r7.apps.googleusercontent.com], azp=909915657042-l07l5jl8r3v54r15k12hp7vev9dor6r7.apps.googleusercontent.com, name=Павел Королев, exp=2025-04-16T23:04:49Z, family_name=Королев, iat=2025-04-16T22:04:49Z, email=passapdom@gmail.com}], Credentials=[PROTECTED], Authenticated=true, Details=WebAuthenticationDetails [RemoteIpAddress=0:0:0:0:0:0:0:1, SessionId=18FC5C86CA7512B4994A46339D0A1603], Granted Authorities=[OIDC_USER, SCOPE_https://www.googleapis.com/auth/userinfo.email, SCOPE_https://www.googleapis.com/auth/userinfo.profile, SCOPE_openid]]
2025-04-17 01:13:56 [http-nio-8080-exec-2] [INFO] r.k.a.u.s.CheckAuthorizeService - checkAdmin: principal != null
2025-04-17 01:13:56 [http-nio-8080-exec-2] [INFO] r.k.a.u.s.CheckAuthorizeService - Principal is OAuth2AuthenticationToken
2025-04-17 01:13:56 [http-nio-8080-exec-2] [INFO] r.k.a.u.s.CheckAuthorizeService - Checking admin rights for email: passapdom@gmail.com
2025-04-17 01:13:56 [http-nio-8080-exec-2] [INFO] r.k.a.u.s.CheckAuthorizeService - User roles: [ADMIN]
2025-04-17 01:13:56 [http-nio-8080-exec-8] [DEBUG] o.s.security.web.FilterChainProxy - Securing GET /css/styles.css
2025-04-17 01:13:56 [http-nio-8080-exec-4] [DEBUG] o.s.security.web.FilterChainProxy - Securing GET /img/logo_alliance.png
2025-04-17 01:13:56 [http-nio-8080-exec-5] [DEBUG] o.s.security.web.FilterChainProxy - Securing GET /images/tour/70efb4f2-568c-40d0-b39f-55ed0ccbc07e_00-Козельск.jpg
2025-04-17 01:13:56 [http-nio-8080-exec-8] [DEBUG] o.s.s.w.c.HttpSessionSecurityContextRepository - Retrieved SecurityContextImpl [Authentication=OAuth2AuthenticationToken [Principal=Name: [107234087105093742255], Granted Authorities: [[OIDC_USER, SCOPE_https://www.googleapis.com/auth/userinfo.email, SCOPE_https://www.googleapis.com/auth/userinfo.profile, SCOPE_openid]], User Attributes: [{at_hash=D05y8WM0mlpixJgpuakpnA, sub=107234087105093742255, email_verified=true, iss=https://accounts.google.com, given_name=Павел, nonce=8Qt59fWYfMeFQUA2_SVF6J9Has2Kz6h3Ub85vX-P0T0, picture=https://lh3.googleusercontent.com/a/ACg8ocJJoh9jonlTH61VWgvXCiXb0zCDjifGZZtZ30sCErS3N5ntDw=s96-c, aud=[909915657042-l07l5jl8r3v54r15k12hp7vev9dor6r7.apps.googleusercontent.com], azp=909915657042-l07l5jl8r3v54r15k12hp7vev9dor6r7.apps.googleusercontent.com, name=Павел Королев, exp=2025-04-16T23:04:49Z, family_name=Королев, iat=2025-04-16T22:04:49Z, email=passapdom@gmail.com}], Credentials=[PROTECTED], Authenticated=true, Details=WebAuthenticationDetails [RemoteIpAddress=0:0:0:0:0:0:0:1, SessionId=18FC5C86CA7512B4994A46339D0A1603], Granted Authorities=[OIDC_USER, SCOPE_https://www.googleapis.com/auth/userinfo.email, SCOPE_https://www.googleapis.com/auth/userinfo.profile, SCOPE_openid]]]
2025-04-17 01:13:56 [http-nio-8080-exec-5] [DEBUG] o.s.s.w.c.HttpSessionSecurityContextRepository - Retrieved SecurityContextImpl [Authentication=OAuth2AuthenticationToken [Principal=Name: [107234087105093742255], Granted Authorities: [[OIDC_USER, SCOPE_https://www.googleapis.com/auth/userinfo.email, SCOPE_https://www.googleapis.com/auth/userinfo.profile, SCOPE_openid]], User Attributes: [{at_hash=D05y8WM0mlpixJgpuakpnA, sub=107234087105093742255, email_verified=true, iss=https://accounts.google.com, given_name=Павел, nonce=8Qt59fWYfMeFQUA2_SVF6J9Has2Kz6h3Ub85vX-P0T0, picture=https://lh3.googleusercontent.com/a/ACg8ocJJoh9jonlTH61VWgvXCiXb0zCDjifGZZtZ30sCErS3N5ntDw=s96-c, aud=[909915657042-l07l5jl8r3v54r15k12hp7vev9dor6r7.apps.googleusercontent.com], azp=909915657042-l07l5jl8r3v54r15k12hp7vev9dor6r7.apps.googleusercontent.com, name=Павел Королев, exp=2025-04-16T23:04:49Z, family_name=Королев, iat=2025-04-16T22:04:49Z, email=passapdom@gmail.com}], Credentials=[PROTECTED], Authenticated=true, Details=WebAuthenticationDetails [RemoteIpAddress=0:0:0:0:0:0:0:1, SessionId=18FC5C86CA7512B4994A46339D0A1603], Granted Authorities=[OIDC_USER, SCOPE_https://www.googleapis.com/auth/userinfo.email, SCOPE_https://www.googleapis.com/auth/userinfo.profile, SCOPE_openid]]]
2025-04-17 01:13:56 [http-nio-8080-exec-4] [DEBUG] o.s.s.w.c.HttpSessionSecurityContextRepository - Retrieved SecurityContextImpl [Authentication=OAuth2AuthenticationToken [Principal=Name: [107234087105093742255], Granted Authorities: [[OIDC_USER, SCOPE_https://www.googleapis.com/auth/userinfo.email, SCOPE_https://www.googleapis.com/auth/userinfo.profile, SCOPE_openid]], User Attributes: [{at_hash=D05y8WM0mlpixJgpuakpnA, sub=107234087105093742255, email_verified=true, iss=https://accounts.google.com, given_name=Павел, nonce=8Qt59fWYfMeFQUA2_SVF6J9Has2Kz6h3Ub85vX-P0T0, picture=https://lh3.googleusercontent.com/a/ACg8ocJJoh9jonlTH61VWgvXCiXb0zCDjifGZZtZ30sCErS3N5ntDw=s96-c, aud=[909915657042-l07l5jl8r3v54r15k12hp7vev9dor6r7.apps.googleusercontent.com], azp=909915657042-l07l5jl8r3v54r15k12hp7vev9dor6r7.apps.googleusercontent.com, name=Павел Королев, exp=2025-04-16T23:04:49Z, family_name=Королев, iat=2025-04-16T22:04:49Z, email=passapdom@gmail.com}], Credentials=[PROTECTED], Authenticated=true, Details=WebAuthenticationDetails [RemoteIpAddress=0:0:0:0:0:0:0:1, SessionId=18FC5C86CA7512B4994A46339D0A1603], Granted Authorities=[OIDC_USER, SCOPE_https://www.googleapis.com/auth/userinfo.email, SCOPE_https://www.googleapis.com/auth/userinfo.profile, SCOPE_openid]]]
2025-04-17 01:13:56 [http-nio-8080-exec-8] [DEBUG] o.s.s.w.a.i.FilterSecurityInterceptor - Authorized filter invocation [GET /css/styles.css] with attributes [permitAll]
2025-04-17 01:13:56 [http-nio-8080-exec-4] [DEBUG] o.s.s.w.a.i.FilterSecurityInterceptor - Authorized filter invocation [GET /img/logo_alliance.png] with attributes [permitAll]
2025-04-17 01:13:56 [http-nio-8080-exec-5] [DEBUG] o.s.s.w.a.i.FilterSecurityInterceptor - Authorized filter invocation [GET /images/tour/70efb4f2-568c-40d0-b39f-55ed0ccbc07e_00-Козельск.jpg] with attributes [permitAll]
2025-04-17 01:13:56 [http-nio-8080-exec-8] [DEBUG] o.s.security.web.FilterChainProxy - Secured GET /css/styles.css
2025-04-17 01:13:56 [http-nio-8080-exec-4] [DEBUG] o.s.security.web.FilterChainProxy - Secured GET /img/logo_alliance.png
2025-04-17 01:13:56 [http-nio-8080-exec-5] [DEBUG] o.s.security.web.FilterChainProxy - Secured GET /images/tour/70efb4f2-568c-40d0-b39f-55ed0ccbc07e_00-Козельск.jpg
2025-04-17 01:13:56 [http-nio-8080-exec-1] [DEBUG] o.s.security.web.FilterChainProxy - Securing GET /images/tour/414b0294-d609-404f-b29e-bce0b3a8dd2d_2.jpg
2025-04-17 01:13:56 [http-nio-8080-exec-9] [DEBUG] o.s.security.web.FilterChainProxy - Securing GET /images/tour/2fda8126-ebe8-4ae8-8cc0-41fba6cc8428_photo_2024-12-23_22-18-01.jpg
2025-04-17 01:13:56 [http-nio-8080-exec-10] [DEBUG] o.s.security.web.FilterChainProxy - Securing GET /images/tour/ab411480-0960-49e0-851d-d9a6ee643bbf_photo_2024-12-23_22-18-02.jpg
2025-04-17 01:13:56 [http-nio-8080-exec-6] [DEBUG] o.s.security.web.FilterChainProxy - Securing GET /images/tour/9a82b164-22ad-4d36-b819-c6f0b357f20e_01.jpg
2025-04-17 01:13:56 [http-nio-8080-exec-1] [DEBUG] o.s.s.w.c.HttpSessionSecurityContextRepository - Retrieved SecurityContextImpl [Authentication=OAuth2AuthenticationToken [Principal=Name: [107234087105093742255], Granted Authorities: [[OIDC_USER, SCOPE_https://www.googleapis.com/auth/userinfo.email, SCOPE_https://www.googleapis.com/auth/userinfo.profile, SCOPE_openid]], User Attributes: [{at_hash=D05y8WM0mlpixJgpuakpnA, sub=107234087105093742255, email_verified=true, iss=https://accounts.google.com, given_name=Павел, nonce=8Qt59fWYfMeFQUA2_SVF6J9Has2Kz6h3Ub85vX-P0T0, picture=https://lh3.googleusercontent.com/a/ACg8ocJJoh9jonlTH61VWgvXCiXb0zCDjifGZZtZ30sCErS3N5ntDw=s96-c, aud=[909915657042-l07l5jl8r3v54r15k12hp7vev9dor6r7.apps.googleusercontent.com], azp=909915657042-l07l5jl8r3v54r15k12hp7vev9dor6r7.apps.googleusercontent.com, name=Павел Королев, exp=2025-04-16T23:04:49Z, family_name=Королев, iat=2025-04-16T22:04:49Z, email=passapdom@gmail.com}], Credentials=[PROTECTED], Authenticated=true, Details=WebAuthenticationDetails [RemoteIpAddress=0:0:0:0:0:0:0:1, SessionId=18FC5C86CA7512B4994A46339D0A1603], Granted Authorities=[OIDC_USER, SCOPE_https://www.googleapis.com/auth/userinfo.email, SCOPE_https://www.googleapis.com/auth/userinfo.profile, SCOPE_openid]]]
2025-04-17 01:13:56 [http-nio-8080-exec-10] [DEBUG] o.s.s.w.c.HttpSessionSecurityContextRepository - Retrieved SecurityContextImpl [Authentication=OAuth2AuthenticationToken [Principal=Name: [107234087105093742255], Granted Authorities: [[OIDC_USER, SCOPE_https://www.googleapis.com/auth/userinfo.email, SCOPE_https://www.googleapis.com/auth/userinfo.profile, SCOPE_openid]], User Attributes: [{at_hash=D05y8WM0mlpixJgpuakpnA, sub=107234087105093742255, email_verified=true, iss=https://accounts.google.com, given_name=Павел, nonce=8Qt59fWYfMeFQUA2_SVF6J9Has2Kz6h3Ub85vX-P0T0, picture=https://lh3.googleusercontent.com/a/ACg8ocJJoh9jonlTH61VWgvXCiXb0zCDjifGZZtZ30sCErS3N5ntDw=s96-c, aud=[909915657042-l07l5jl8r3v54r15k12hp7vev9dor6r7.apps.googleusercontent.com], azp=909915657042-l07l5jl8r3v54r15k12hp7vev9dor6r7.apps.googleusercontent.com, name=Павел Королев, exp=2025-04-16T23:04:49Z, family_name=Королев, iat=2025-04-16T22:04:49Z, email=passapdom@gmail.com}], Credentials=[PROTECTED], Authenticated=true, Details=WebAuthenticationDetails [RemoteIpAddress=0:0:0:0:0:0:0:1, SessionId=18FC5C86CA7512B4994A46339D0A1603], Granted Authorities=[OIDC_USER, SCOPE_https://www.googleapis.com/auth/userinfo.email, SCOPE_https://www.googleapis.com/auth/userinfo.profile, SCOPE_openid]]]
2025-04-17 01:13:56 [http-nio-8080-exec-9] [DEBUG] o.s.s.w.c.HttpSessionSecurityContextRepository - Retrieved SecurityContextImpl [Authentication=OAuth2AuthenticationToken [Principal=Name: [107234087105093742255], Granted Authorities: [[OIDC_USER, SCOPE_https://www.googleapis.com/auth/userinfo.email, SCOPE_https://www.googleapis.com/auth/userinfo.profile, SCOPE_openid]], User Attributes: [{at_hash=D05y8WM0mlpixJgpuakpnA, sub=107234087105093742255, email_verified=true, iss=https://accounts.google.com, given_name=Павел, nonce=8Qt59fWYfMeFQUA2_SVF6J9Has2Kz6h3Ub85vX-P0T0, picture=https://lh3.googleusercontent.com/a/ACg8ocJJoh9jonlTH61VWgvXCiXb0zCDjifGZZtZ30sCErS3N5ntDw=s96-c, aud=[909915657042-l07l5jl8r3v54r15k12hp7vev9dor6r7.apps.googleusercontent.com], azp=909915657042-l07l5jl8r3v54r15k12hp7vev9dor6r7.apps.googleusercontent.com, name=Павел Королев, exp=2025-04-16T23:04:49Z, family_name=Королев, iat=2025-04-16T22:04:49Z, email=passapdom@gmail.com}], Credentials=[PROTECTED], Authenticated=true, Details=WebAuthenticationDetails [RemoteIpAddress=0:0:0:0:0:0:0:1, SessionId=18FC5C86CA7512B4994A46339D0A1603], Granted Authorities=[OIDC_USER, SCOPE_https://www.googleapis.com/auth/userinfo.email, SCOPE_https://www.googleapis.com/auth/userinfo.profile, SCOPE_openid]]]
2025-04-17 01:13:56 [http-nio-8080-exec-6] [DEBUG] o.s.s.w.c.HttpSessionSecurityContextRepository - Retrieved SecurityContextImpl [Authentication=OAuth2AuthenticationToken [Principal=Name: [107234087105093742255], Granted Authorities: [[OIDC_USER, SCOPE_https://www.googleapis.com/auth/userinfo.email, SCOPE_https://www.googleapis.com/auth/userinfo.profile, SCOPE_openid]], User Attributes: [{at_hash=D05y8WM0mlpixJgpuakpnA, sub=107234087105093742255, email_verified=true, iss=https://accounts.google.com, given_name=Павел, nonce=8Qt59fWYfMeFQUA2_SVF6J9Has2Kz6h3Ub85vX-P0T0, picture=https://lh3.googleusercontent.com/a/ACg8ocJJoh9jonlTH61VWgvXCiXb0zCDjifGZZtZ30sCErS3N5ntDw=s96-c, aud=[909915657042-l07l5jl8r3v54r15k12hp7vev9dor6r7.apps.googleusercontent.com], azp=909915657042-l07l5jl8r3v54r15k12hp7vev9dor6r7.apps.googleusercontent.com, name=Павел Королев, exp=2025-04-16T23:04:49Z, family_name=Королев, iat=2025-04-16T22:04:49Z, email=passapdom@gmail.com}], Credentials=[PROTECTED], Authenticated=true, Details=WebAuthenticationDetails [RemoteIpAddress=0:0:0:0:0:0:0:1, SessionId=18FC5C86CA7512B4994A46339D0A1603], Granted Authorities=[OIDC_USER, SCOPE_https://www.googleapis.com/auth/userinfo.email, SCOPE_https://www.googleapis.com/auth/userinfo.profile, SCOPE_openid]]]
2025-04-17 01:13:56 [http-nio-8080-exec-1] [DEBUG] o.s.s.w.a.i.FilterSecurityInterceptor - Authorized filter invocation [GET /images/tour/414b0294-d609-404f-b29e-bce0b3a8dd2d_2.jpg] with attributes [permitAll]
2025-04-17 01:13:56 [http-nio-8080-exec-10] [DEBUG] o.s.s.w.a.i.FilterSecurityInterceptor - Authorized filter invocation [GET /images/tour/ab411480-0960-49e0-851d-d9a6ee643bbf_photo_2024-12-23_22-18-02.jpg] with attributes [permitAll]
2025-04-17 01:13:56 [http-nio-8080-exec-6] [DEBUG] o.s.s.w.a.i.FilterSecurityInterceptor - Authorized filter invocation [GET /images/tour/9a82b164-22ad-4d36-b819-c6f0b357f20e_01.jpg] with attributes [permitAll]
2025-04-17 01:13:56 [http-nio-8080-exec-9] [DEBUG] o.s.s.w.a.i.FilterSecurityInterceptor - Authorized filter invocation [GET /images/tour/2fda8126-ebe8-4ae8-8cc0-41fba6cc8428_photo_2024-12-23_22-18-01.jpg] with attributes [permitAll]
2025-04-17 01:13:56 [http-nio-8080-exec-1] [DEBUG] o.s.security.web.FilterChainProxy - Secured GET /images/tour/414b0294-d609-404f-b29e-bce0b3a8dd2d_2.jpg
2025-04-17 01:13:56 [http-nio-8080-exec-10] [DEBUG] o.s.security.web.FilterChainProxy - Secured GET /images/tour/ab411480-0960-49e0-851d-d9a6ee643bbf_photo_2024-12-23_22-18-02.jpg
2025-04-17 01:13:56 [http-nio-8080-exec-6] [DEBUG] o.s.security.web.FilterChainProxy - Secured GET /images/tour/9a82b164-22ad-4d36-b819-c6f0b357f20e_01.jpg
2025-04-17 01:13:56 [http-nio-8080-exec-9] [DEBUG] o.s.security.web.FilterChainProxy - Secured GET /images/tour/2fda8126-ebe8-4ae8-8cc0-41fba6cc8428_photo_2024-12-23_22-18-01.jpg
2025-04-17 01:13:58 [http-nio-8080-exec-3] [DEBUG] o.s.security.web.FilterChainProxy - Securing GET /excursion
2025-04-17 01:13:58 [http-nio-8080-exec-3] [DEBUG] o.s.s.w.c.HttpSessionSecurityContextRepository - Retrieved SecurityContextImpl [Authentication=OAuth2AuthenticationToken [Principal=Name: [107234087105093742255], Granted Authorities: [[OIDC_USER, SCOPE_https://www.googleapis.com/auth/userinfo.email, SCOPE_https://www.googleapis.com/auth/userinfo.profile, SCOPE_openid]], User Attributes: [{at_hash=D05y8WM0mlpixJgpuakpnA, sub=107234087105093742255, email_verified=true, iss=https://accounts.google.com, given_name=Павел, nonce=8Qt59fWYfMeFQUA2_SVF6J9Has2Kz6h3Ub85vX-P0T0, picture=https://lh3.googleusercontent.com/a/ACg8ocJJoh9jonlTH61VWgvXCiXb0zCDjifGZZtZ30sCErS3N5ntDw=s96-c, aud=[909915657042-l07l5jl8r3v54r15k12hp7vev9dor6r7.apps.googleusercontent.com], azp=909915657042-l07l5jl8r3v54r15k12hp7vev9dor6r7.apps.googleusercontent.com, name=Павел Королев, exp=2025-04-16T23:04:49Z, family_name=Королев, iat=2025-04-16T22:04:49Z, email=passapdom@gmail.com}], Credentials=[PROTECTED], Authenticated=true, Details=WebAuthenticationDetails [RemoteIpAddress=0:0:0:0:0:0:0:1, SessionId=18FC5C86CA7512B4994A46339D0A1603], Granted Authorities=[OIDC_USER, SCOPE_https://www.googleapis.com/auth/userinfo.email, SCOPE_https://www.googleapis.com/auth/userinfo.profile, SCOPE_openid]]]
2025-04-17 01:13:58 [http-nio-8080-exec-3] [DEBUG] o.s.s.w.a.i.FilterSecurityInterceptor - Authorized filter invocation [GET /excursion] with attributes [permitAll]
2025-04-17 01:13:58 [http-nio-8080-exec-3] [DEBUG] o.s.security.web.FilterChainProxy - Secured GET /excursion
2025-04-17 01:13:58 [http-nio-8080-exec-3] [INFO] r.k.a.u.s.CheckAuthorizeService - checkAdmin is starting, principal: OAuth2AuthenticationToken [Principal=Name: [107234087105093742255], Granted Authorities: [[OIDC_USER, SCOPE_https://www.googleapis.com/auth/userinfo.email, SCOPE_https://www.googleapis.com/auth/userinfo.profile, SCOPE_openid]], User Attributes: [{at_hash=D05y8WM0mlpixJgpuakpnA, sub=107234087105093742255, email_verified=true, iss=https://accounts.google.com, given_name=Павел, nonce=8Qt59fWYfMeFQUA2_SVF6J9Has2Kz6h3Ub85vX-P0T0, picture=https://lh3.googleusercontent.com/a/ACg8ocJJoh9jonlTH61VWgvXCiXb0zCDjifGZZtZ30sCErS3N5ntDw=s96-c, aud=[909915657042-l07l5jl8r3v54r15k12hp7vev9dor6r7.apps.googleusercontent.com], azp=909915657042-l07l5jl8r3v54r15k12hp7vev9dor6r7.apps.googleusercontent.com, name=Павел Королев, exp=2025-04-16T23:04:49Z, family_name=Королев, iat=2025-04-16T22:04:49Z, email=passapdom@gmail.com}], Credentials=[PROTECTED], Authenticated=true, Details=WebAuthenticationDetails [RemoteIpAddress=0:0:0:0:0:0:0:1, SessionId=18FC5C86CA7512B4994A46339D0A1603], Granted Authorities=[OIDC_USER, SCOPE_https://www.googleapis.com/auth/userinfo.email, SCOPE_https://www.googleapis.com/auth/userinfo.profile, SCOPE_openid]]
2025-04-17 01:13:58 [http-nio-8080-exec-3] [INFO] r.k.a.u.s.CheckAuthorizeService - checkAdmin: principal != null
2025-04-17 01:13:58 [http-nio-8080-exec-3] [INFO] r.k.a.u.s.CheckAuthorizeService - Principal is OAuth2AuthenticationToken
2025-04-17 01:13:58 [http-nio-8080-exec-3] [INFO] r.k.a.u.s.CheckAuthorizeService - Checking admin rights for email: passapdom@gmail.com
2025-04-17 01:13:58 [http-nio-8080-exec-3] [INFO] r.k.a.u.s.CheckAuthorizeService - User roles: [ADMIN]
2025-04-17 01:13:58 [http-nio-8080-exec-7] [DEBUG] o.s.security.web.FilterChainProxy - Securing GET /css/styles.css
2025-04-17 01:13:58 [http-nio-8080-exec-7] [DEBUG] o.s.s.w.c.HttpSessionSecurityContextRepository - Retrieved SecurityContextImpl [Authentication=OAuth2AuthenticationToken [Principal=Name: [107234087105093742255], Granted Authorities: [[OIDC_USER, SCOPE_https://www.googleapis.com/auth/userinfo.email, SCOPE_https://www.googleapis.com/auth/userinfo.profile, SCOPE_openid]], User Attributes: [{at_hash=D05y8WM0mlpixJgpuakpnA, sub=107234087105093742255, email_verified=true, iss=https://accounts.google.com, given_name=Павел, nonce=8Qt59fWYfMeFQUA2_SVF6J9Has2Kz6h3Ub85vX-P0T0, picture=https://lh3.googleusercontent.com/a/ACg8ocJJoh9jonlTH61VWgvXCiXb0zCDjifGZZtZ30sCErS3N5ntDw=s96-c, aud=[909915657042-l07l5jl8r3v54r15k12hp7vev9dor6r7.apps.googleusercontent.com], azp=909915657042-l07l5jl8r3v54r15k12hp7vev9dor6r7.apps.googleusercontent.com, name=Павел Королев, exp=2025-04-16T23:04:49Z, family_name=Королев, iat=2025-04-16T22:04:49Z, email=passapdom@gmail.com}], Credentials=[PROTECTED], Authenticated=true, Details=WebAuthenticationDetails [RemoteIpAddress=0:0:0:0:0:0:0:1, SessionId=18FC5C86CA7512B4994A46339D0A1603], Granted Authorities=[OIDC_USER, SCOPE_https://www.googleapis.com/auth/userinfo.email, SCOPE_https://www.googleapis.com/auth/userinfo.profile, SCOPE_openid]]]
2025-04-17 01:13:58 [http-nio-8080-exec-7] [DEBUG] o.s.s.w.a.i.FilterSecurityInterceptor - Authorized filter invocation [GET /css/styles.css] with attributes [permitAll]
2025-04-17 01:13:58 [http-nio-8080-exec-7] [DEBUG] o.s.security.web.FilterChainProxy - Secured GET /css/styles.css
2025-04-17 01:13:58 [http-nio-8080-exec-2] [DEBUG] o.s.security.web.FilterChainProxy - Securing GET /img/logo_alliance.png
2025-04-17 01:13:58 [http-nio-8080-exec-2] [DEBUG] o.s.s.w.c.HttpSessionSecurityContextRepository - Retrieved SecurityContextImpl [Authentication=OAuth2AuthenticationToken [Principal=Name: [107234087105093742255], Granted Authorities: [[OIDC_USER, SCOPE_https://www.googleapis.com/auth/userinfo.email, SCOPE_https://www.googleapis.com/auth/userinfo.profile, SCOPE_openid]], User Attributes: [{at_hash=D05y8WM0mlpixJgpuakpnA, sub=107234087105093742255, email_verified=true, iss=https://accounts.google.com, given_name=Павел, nonce=8Qt59fWYfMeFQUA2_SVF6J9Has2Kz6h3Ub85vX-P0T0, picture=https://lh3.googleusercontent.com/a/ACg8ocJJoh9jonlTH61VWgvXCiXb0zCDjifGZZtZ30sCErS3N5ntDw=s96-c, aud=[909915657042-l07l5jl8r3v54r15k12hp7vev9dor6r7.apps.googleusercontent.com], azp=909915657042-l07l5jl8r3v54r15k12hp7vev9dor6r7.apps.googleusercontent.com, name=Павел Королев, exp=2025-04-16T23:04:49Z, family_name=Королев, iat=2025-04-16T22:04:49Z, email=passapdom@gmail.com}], Credentials=[PROTECTED], Authenticated=true, Details=WebAuthenticationDetails [RemoteIpAddress=0:0:0:0:0:0:0:1, SessionId=18FC5C86CA7512B4994A46339D0A1603], Granted Authorities=[OIDC_USER, SCOPE_https://www.googleapis.com/auth/userinfo.email, SCOPE_https://www.googleapis.com/auth/userinfo.profile, SCOPE_openid]]]
2025-04-17 01:13:58 [http-nio-8080-exec-2] [DEBUG] o.s.s.w.a.i.FilterSecurityInterceptor - Authorized filter invocation [GET /img/logo_alliance.png] with attributes [permitAll]
2025-04-17 01:13:58 [http-nio-8080-exec-2] [DEBUG] o.s.security.web.FilterChainProxy - Secured GET /img/logo_alliance.png
2025-04-17 01:13:58 [http-nio-8080-exec-4] [DEBUG] o.s.security.web.FilterChainProxy - Securing GET /images/tour/70efb4f2-568c-40d0-b39f-55ed0ccbc07e_00-Козельск.jpg
2025-04-17 01:13:58 [http-nio-8080-exec-9] [DEBUG] o.s.security.web.FilterChainProxy - Securing GET /images/placeholder.jpg
2025-04-17 01:13:58 [http-nio-8080-exec-5] [DEBUG] o.s.security.web.FilterChainProxy - Securing GET /img/tour-agency.jpg
2025-04-17 01:13:58 [http-nio-8080-exec-8] [DEBUG] o.s.security.web.FilterChainProxy - Securing GET /images/tour/77da970b-1e81-439d-a952-267262094a8c_kozelsk.jpg
2025-04-17 01:13:58 [http-nio-8080-exec-9] [DEBUG] o.s.s.w.c.HttpSessionSecurityContextRepository - Retrieved SecurityContextImpl [Authentication=OAuth2AuthenticationToken [Principal=Name: [107234087105093742255], Granted Authorities: [[OIDC_USER, SCOPE_https://www.googleapis.com/auth/userinfo.email, SCOPE_https://www.googleapis.com/auth/userinfo.profile, SCOPE_openid]], User Attributes: [{at_hash=D05y8WM0mlpixJgpuakpnA, sub=107234087105093742255, email_verified=true, iss=https://accounts.google.com, given_name=Павел, nonce=8Qt59fWYfMeFQUA2_SVF6J9Has2Kz6h3Ub85vX-P0T0, picture=https://lh3.googleusercontent.com/a/ACg8ocJJoh9jonlTH61VWgvXCiXb0zCDjifGZZtZ30sCErS3N5ntDw=s96-c, aud=[909915657042-l07l5jl8r3v54r15k12hp7vev9dor6r7.apps.googleusercontent.com], azp=909915657042-l07l5jl8r3v54r15k12hp7vev9dor6r7.apps.googleusercontent.com, name=Павел Королев, exp=2025-04-16T23:04:49Z, family_name=Королев, iat=2025-04-16T22:04:49Z, email=passapdom@gmail.com}], Credentials=[PROTECTED], Authenticated=true, Details=WebAuthenticationDetails [RemoteIpAddress=0:0:0:0:0:0:0:1, SessionId=18FC5C86CA7512B4994A46339D0A1603], Granted Authorities=[OIDC_USER, SCOPE_https://www.googleapis.com/auth/userinfo.email, SCOPE_https://www.googleapis.com/auth/userinfo.profile, SCOPE_openid]]]
2025-04-17 01:13:58 [http-nio-8080-exec-5] [DEBUG] o.s.s.w.c.HttpSessionSecurityContextRepository - Retrieved SecurityContextImpl [Authentication=OAuth2AuthenticationToken [Principal=Name: [107234087105093742255], Granted Authorities: [[OIDC_USER, SCOPE_https://www.googleapis.com/auth/userinfo.email, SCOPE_https://www.googleapis.com/auth/userinfo.profile, SCOPE_openid]], User Attributes: [{at_hash=D05y8WM0mlpixJgpuakpnA, sub=107234087105093742255, email_verified=true, iss=https://accounts.google.com, given_name=Павел, nonce=8Qt59fWYfMeFQUA2_SVF6J9Has2Kz6h3Ub85vX-P0T0, picture=https://lh3.googleusercontent.com/a/ACg8ocJJoh9jonlTH61VWgvXCiXb0zCDjifGZZtZ30sCErS3N5ntDw=s96-c, aud=[909915657042-l07l5jl8r3v54r15k12hp7vev9dor6r7.apps.googleusercontent.com], azp=909915657042-l07l5jl8r3v54r15k12hp7vev9dor6r7.apps.googleusercontent.com, name=Павел Королев, exp=2025-04-16T23:04:49Z, family_name=Королев, iat=2025-04-16T22:04:49Z, email=passapdom@gmail.com}], Credentials=[PROTECTED], Authenticated=true, Details=WebAuthenticationDetails [RemoteIpAddress=0:0:0:0:0:0:0:1, SessionId=18FC5C86CA7512B4994A46339D0A1603], Granted Authorities=[OIDC_USER, SCOPE_https://www.googleapis.com/auth/userinfo.email, SCOPE_https://www.googleapis.com/auth/userinfo.profile, SCOPE_openid]]]
2025-04-17 01:13:58 [http-nio-8080-exec-8] [DEBUG] o.s.s.w.c.HttpSessionSecurityContextRepository - Retrieved SecurityContextImpl [Authentication=OAuth2AuthenticationToken [Principal=Name: [107234087105093742255], Granted Authorities: [[OIDC_USER, SCOPE_https://www.googleapis.com/auth/userinfo.email, SCOPE_https://www.googleapis.com/auth/userinfo.profile, SCOPE_openid]], User Attributes: [{at_hash=D05y8WM0mlpixJgpuakpnA, sub=107234087105093742255, email_verified=true, iss=https://accounts.google.com, given_name=Павел, nonce=8Qt59fWYfMeFQUA2_SVF6J9Has2Kz6h3Ub85vX-P0T0, picture=https://lh3.googleusercontent.com/a/ACg8ocJJoh9jonlTH61VWgvXCiXb0zCDjifGZZtZ30sCErS3N5ntDw=s96-c, aud=[909915657042-l07l5jl8r3v54r15k12hp7vev9dor6r7.apps.googleusercontent.com], azp=909915657042-l07l5jl8r3v54r15k12hp7vev9dor6r7.apps.googleusercontent.com, name=Павел Королев, exp=2025-04-16T23:04:49Z, family_name=Королев, iat=2025-04-16T22:04:49Z, email=passapdom@gmail.com}], Credentials=[PROTECTED], Authenticated=true, Details=WebAuthenticationDetails [RemoteIpAddress=0:0:0:0:0:0:0:1, SessionId=18FC5C86CA7512B4994A46339D0A1603], Granted Authorities=[OIDC_USER, SCOPE_https://www.googleapis.com/auth/userinfo.email, SCOPE_https://www.googleapis.com/auth/userinfo.profile, SCOPE_openid]]]
2025-04-17 01:13:58 [http-nio-8080-exec-4] [DEBUG] o.s.s.w.c.HttpSessionSecurityContextRepository - Retrieved SecurityContextImpl [Authentication=OAuth2AuthenticationToken [Principal=Name: [107234087105093742255], Granted Authorities: [[OIDC_USER, SCOPE_https://www.googleapis.com/auth/userinfo.email, SCOPE_https://www.googleapis.com/auth/userinfo.profile, SCOPE_openid]], User Attributes: [{at_hash=D05y8WM0mlpixJgpuakpnA, sub=107234087105093742255, email_verified=true, iss=https://accounts.google.com, given_name=Павел, nonce=8Qt59fWYfMeFQUA2_SVF6J9Has2Kz6h3Ub85vX-P0T0, picture=https://lh3.googleusercontent.com/a/ACg8ocJJoh9jonlTH61VWgvXCiXb0zCDjifGZZtZ30sCErS3N5ntDw=s96-c, aud=[909915657042-l07l5jl8r3v54r15k12hp7vev9dor6r7.apps.googleusercontent.com], azp=909915657042-l07l5jl8r3v54r15k12hp7vev9dor6r7.apps.googleusercontent.com, name=Павел Королев, exp=2025-04-16T23:04:49Z, family_name=Королев, iat=2025-04-16T22:04:49Z, email=passapdom@gmail.com}], Credentials=[PROTECTED], Authenticated=true, Details=WebAuthenticationDetails [RemoteIpAddress=0:0:0:0:0:0:0:1, SessionId=18FC5C86CA7512B4994A46339D0A1603], Granted Authorities=[OIDC_USER, SCOPE_https://www.googleapis.com/auth/userinfo.email, SCOPE_https://www.googleapis.com/auth/userinfo.profile, SCOPE_openid]]]
2025-04-17 01:13:58 [http-nio-8080-exec-9] [DEBUG] o.s.s.w.a.i.FilterSecurityInterceptor - Authorized filter invocation [GET /images/placeholder.jpg] with attributes [permitAll]
2025-04-17 01:13:58 [http-nio-8080-exec-5] [DEBUG] o.s.s.w.a.i.FilterSecurityInterceptor - Authorized filter invocation [GET /img/tour-agency.jpg] with attributes [permitAll]
2025-04-17 01:13:58 [http-nio-8080-exec-8] [DEBUG] o.s.s.w.a.i.FilterSecurityInterceptor - Authorized filter invocation [GET /images/tour/77da970b-1e81-439d-a952-267262094a8c_kozelsk.jpg] with attributes [permitAll]
2025-04-17 01:13:58 [http-nio-8080-exec-4] [DEBUG] o.s.s.w.a.i.FilterSecurityInterceptor - Authorized filter invocation [GET /images/tour/70efb4f2-568c-40d0-b39f-55ed0ccbc07e_00-Козельск.jpg] with attributes [permitAll]
2025-04-17 01:13:58 [http-nio-8080-exec-8] [DEBUG] o.s.security.web.FilterChainProxy - Secured GET /images/tour/77da970b-1e81-439d-a952-267262094a8c_kozelsk.jpg
2025-04-17 01:13:58 [http-nio-8080-exec-9] [DEBUG] o.s.security.web.FilterChainProxy - Secured GET /images/placeholder.jpg
2025-04-17 01:13:58 [http-nio-8080-exec-4] [DEBUG] o.s.security.web.FilterChainProxy - Secured GET /images/tour/70efb4f2-568c-40d0-b39f-55ed0ccbc07e_00-Козельск.jpg
2025-04-17 01:13:58 [http-nio-8080-exec-5] [DEBUG] o.s.security.web.FilterChainProxy - Secured GET /img/tour-agency.jpg
2025-04-17 01:13:58 [http-nio-8080-exec-9] [DEBUG] o.s.security.web.FilterChainProxy - Securing GET /error
2025-04-17 01:13:58 [http-nio-8080-exec-5] [DEBUG] o.s.security.web.FilterChainProxy - Securing GET /error
2025-04-17 01:13:58 [http-nio-8080-exec-9] [DEBUG] o.s.s.w.c.HttpSessionSecurityContextRepository - Retrieved SecurityContextImpl [Authentication=OAuth2AuthenticationToken [Principal=Name: [107234087105093742255], Granted Authorities: [[OIDC_USER, SCOPE_https://www.googleapis.com/auth/userinfo.email, SCOPE_https://www.googleapis.com/auth/userinfo.profile, SCOPE_openid]], User Attributes: [{at_hash=D05y8WM0mlpixJgpuakpnA, sub=107234087105093742255, email_verified=true, iss=https://accounts.google.com, given_name=Павел, nonce=8Qt59fWYfMeFQUA2_SVF6J9Has2Kz6h3Ub85vX-P0T0, picture=https://lh3.googleusercontent.com/a/ACg8ocJJoh9jonlTH61VWgvXCiXb0zCDjifGZZtZ30sCErS3N5ntDw=s96-c, aud=[909915657042-l07l5jl8r3v54r15k12hp7vev9dor6r7.apps.googleusercontent.com], azp=909915657042-l07l5jl8r3v54r15k12hp7vev9dor6r7.apps.googleusercontent.com, name=Павел Королев, exp=2025-04-16T23:04:49Z, family_name=Королев, iat=2025-04-16T22:04:49Z, email=passapdom@gmail.com}], Credentials=[PROTECTED], Authenticated=true, Details=WebAuthenticationDetails [RemoteIpAddress=0:0:0:0:0:0:0:1, SessionId=18FC5C86CA7512B4994A46339D0A1603], Granted Authorities=[OIDC_USER, SCOPE_https://www.googleapis.com/auth/userinfo.email, SCOPE_https://www.googleapis.com/auth/userinfo.profile, SCOPE_openid]]]
2025-04-17 01:13:58 [http-nio-8080-exec-5] [DEBUG] o.s.s.w.c.HttpSessionSecurityContextRepository - Retrieved SecurityContextImpl [Authentication=OAuth2AuthenticationToken [Principal=Name: [107234087105093742255], Granted Authorities: [[OIDC_USER, SCOPE_https://www.googleapis.com/auth/userinfo.email, SCOPE_https://www.googleapis.com/auth/userinfo.profile, SCOPE_openid]], User Attributes: [{at_hash=D05y8WM0mlpixJgpuakpnA, sub=107234087105093742255, email_verified=true, iss=https://accounts.google.com, given_name=Павел, nonce=8Qt59fWYfMeFQUA2_SVF6J9Has2Kz6h3Ub85vX-P0T0, picture=https://lh3.googleusercontent.com/a/ACg8ocJJoh9jonlTH61VWgvXCiXb0zCDjifGZZtZ30sCErS3N5ntDw=s96-c, aud=[909915657042-l07l5jl8r3v54r15k12hp7vev9dor6r7.apps.googleusercontent.com], azp=909915657042-l07l5jl8r3v54r15k12hp7vev9dor6r7.apps.googleusercontent.com, name=Павел Королев, exp=2025-04-16T23:04:49Z, family_name=Королев, iat=2025-04-16T22:04:49Z, email=passapdom@gmail.com}], Credentials=[PROTECTED], Authenticated=true, Details=WebAuthenticationDetails [RemoteIpAddress=0:0:0:0:0:0:0:1, SessionId=18FC5C86CA7512B4994A46339D0A1603], Granted Authorities=[OIDC_USER, SCOPE_https://www.googleapis.com/auth/userinfo.email, SCOPE_https://www.googleapis.com/auth/userinfo.profile, SCOPE_openid]]]
2025-04-17 01:13:58 [http-nio-8080-exec-9] [DEBUG] o.s.s.w.a.i.FilterSecurityInterceptor - Authorized filter invocation [GET /error] with attributes [permitAll]
2025-04-17 01:13:58 [http-nio-8080-exec-5] [DEBUG] o.s.s.w.a.i.FilterSecurityInterceptor - Authorized filter invocation [GET /error] with attributes [permitAll]
2025-04-17 01:13:58 [http-nio-8080-exec-9] [DEBUG] o.s.security.web.FilterChainProxy - Secured GET /error
2025-04-17 01:13:58 [http-nio-8080-exec-5] [DEBUG] o.s.security.web.FilterChainProxy - Secured GET /error
2025-04-17 01:18:06 [SpringApplicationShutdownHook] [INFO] o.s.o.j.LocalContainerEntityManagerFactoryBean - Closing JPA EntityManagerFactory for persistence unit 'default'
2025-04-17 01:18:06 [SpringApplicationShutdownHook] [INFO] com.zaxxer.hikari.HikariDataSource - HikariPool-1 - Shutdown initiated...
2025-04-17 01:18:06 [SpringApplicationShutdownHook] [INFO] com.zaxxer.hikari.HikariDataSource - HikariPool-1 - Shutdown completed.
2025-04-17 01:18:09 [background-preinit] [INFO] o.h.validator.internal.util.Version - HV000001: Hibernate Validator 8.0.1.Final
2025-04-17 01:18:09 [restartedMain] [INFO] r.k.alliance.AllianceApplication - Starting AllianceApplication using Java 23.0.1 with PID 9972 (C:\Users\Zver\Desktop\Projects\alliance\target\classes started by pavel in C:\Users\Zver\Desktop\Projects\alliance)
2025-04-17 01:18:09 [restartedMain] [INFO] r.k.alliance.AllianceApplication - No active profile set, falling back to 1 default profile: "default"
2025-04-17 01:18:10 [restartedMain] [INFO] o.s.b.d.e.DevToolsPropertyDefaultsPostProcessor - Devtools property defaults active! Set 'spring.devtools.add-properties' to 'false' to disable
2025-04-17 01:18:10 [restartedMain] [INFO] o.s.b.d.e.DevToolsPropertyDefaultsPostProcessor - For additional web related logging consider setting the 'logging.level.web' property to 'DEBUG'
2025-04-17 01:18:10 [restartedMain] [INFO] o.s.d.r.c.RepositoryConfigurationDelegate - Bootstrapping Spring Data JPA repositories in DEFAULT mode.
2025-04-17 01:18:10 [restartedMain] [INFO] o.s.d.r.c.RepositoryConfigurationDelegate - Finished Spring Data repository scanning in 54 ms. Found 11 JPA repository interfaces.
2025-04-17 01:18:11 [restartedMain] [INFO] o.s.b.w.e.tomcat.TomcatWebServer - Tomcat initialized with port 8080 (http)
2025-04-17 01:18:11 [restartedMain] [INFO] o.a.coyote.http11.Http11NioProtocol - Initializing ProtocolHandler ["http-nio-8080"]
2025-04-17 01:18:11 [restartedMain] [INFO] o.a.catalina.core.StandardService - Starting service [Tomcat]
2025-04-17 01:18:11 [restartedMain] [INFO] o.a.catalina.core.StandardEngine - Starting Servlet engine: [Apache Tomcat/10.1.31]
2025-04-17 01:18:11 [restartedMain] [INFO] o.a.c.c.C.[Tomcat].[localhost].[/] - Initializing Spring embedded WebApplicationContext
2025-04-17 01:18:11 [restartedMain] [INFO] o.s.b.w.s.c.ServletWebServerApplicationContext - Root WebApplicationContext: initialization completed in 1407 ms
2025-04-17 01:18:11 [restartedMain] [INFO] com.zaxxer.hikari.HikariDataSource - HikariPool-1 - Starting...
2025-04-17 01:18:11 [restartedMain] [INFO] com.zaxxer.hikari.pool.HikariPool - HikariPool-1 - Added connection org.postgresql.jdbc.PgConnection@fc6ed89
2025-04-17 01:18:11 [restartedMain] [INFO] com.zaxxer.hikari.HikariDataSource - HikariPool-1 - Start completed.
2025-04-17 01:18:11 [restartedMain] [INFO] o.h.jpa.internal.util.LogHelper - HHH000204: Processing PersistenceUnitInfo [name: default]
2025-04-17 01:18:11 [restartedMain] [INFO] org.hibernate.Version - HHH000412: Hibernate ORM core version 6.5.3.Final
2025-04-17 01:18:11 [restartedMain] [INFO] o.h.c.i.RegionFactoryInitiator - HHH000026: Second-level cache disabled
2025-04-17 01:18:12 [restartedMain] [INFO] o.s.o.j.p.SpringPersistenceUnitInfo - No LoadTimeWeaver setup: ignoring JPA class transformer
2025-04-17 01:18:13 [restartedMain] [INFO] o.h.e.t.j.p.i.JtaPlatformInitiator - HHH000489: No JTA platform available (set 'hibernate.transaction.jta.platform' to enable JTA platform integration)
2025-04-17 01:18:13 [restartedMain] [INFO] o.s.o.j.LocalContainerEntityManagerFactoryBean - Initialized JPA EntityManagerFactory for persistence unit 'default'
2025-04-17 01:18:13 [restartedMain] [INFO] o.s.d.j.r.query.QueryEnhancerFactory - Hibernate is in classpath; If applicable, HQL parser will be used.
2025-04-17 01:18:14 [restartedMain] [WARN] o.s.b.a.o.j.JpaBaseConfiguration$JpaWebConfiguration - spring.jpa.open-in-view is enabled by default. Therefore, database queries may be performed during view rendering. Explicitly configure spring.jpa.open-in-view to disable this warning
2025-04-17 01:18:14 [restartedMain] [INFO] o.s.s.c.a.a.c.InitializeUserDetailsBeanManagerConfigurer$InitializeUserDetailsManagerConfigurer - Global AuthenticationManager configured with UserDetailsService bean with name myUserDetailsService
2025-04-17 01:18:14 [restartedMain] [INFO] o.s.b.a.e.web.EndpointLinksResolver - Exposing 1 endpoint beneath base path '/actuator'
2025-04-17 01:18:14 [restartedMain] [DEBUG] o.s.s.w.a.e.ExpressionBasedFilterInvocationSecurityMetadataSource - Adding web access control expression [permitAll] for ExactUrl [processUrl='/login?error']
2025-04-17 01:18:14 [restartedMain] [DEBUG] o.s.s.w.a.e.ExpressionBasedFilterInvocationSecurityMetadataSource - Adding web access control expression [permitAll] for ExactUrl [processUrl='/login']
2025-04-17 01:18:14 [restartedMain] [DEBUG] o.s.s.w.a.e.ExpressionBasedFilterInvocationSecurityMetadataSource - Adding web access control expression [permitAll] for ExactUrl [processUrl='/login']
2025-04-17 01:18:14 [restartedMain] [DEBUG] o.s.s.w.a.e.ExpressionBasedFilterInvocationSecurityMetadataSource - Adding web access control expression [permitAll] for Ant [pattern='/logout', POST]
2025-04-17 01:18:14 [restartedMain] [DEBUG] o.s.s.w.a.e.ExpressionBasedFilterInvocationSecurityMetadataSource - Adding web access control expression [permitAll] for ExactUrl [processUrl='/realty']
2025-04-17 01:18:14 [restartedMain] [DEBUG] o.s.s.w.a.e.ExpressionBasedFilterInvocationSecurityMetadataSource - Adding web access control expression [authenticated] for Deferred [Mvc [pattern='/realty/new'], Ant [pattern='/realty/new']]
2025-04-17 01:18:14 [restartedMain] [DEBUG] o.s.s.w.a.e.ExpressionBasedFilterInvocationSecurityMetadataSource - Adding web access control expression [authenticated] for Deferred [Mvc [pattern='/realty/edit/**'], Ant [pattern='/realty/edit/**']]
2025-04-17 01:18:14 [restartedMain] [DEBUG] o.s.s.w.a.e.ExpressionBasedFilterInvocationSecurityMetadataSource - Adding web access control expression [authenticated] for Deferred [Mvc [pattern='/realty/delete/**'], Ant [pattern='/realty/delete/**']]
2025-04-17 01:18:14 [restartedMain] [DEBUG] o.s.s.w.a.e.ExpressionBasedFilterInvocationSecurityMetadataSource - Adding web access control expression [permitAll] for any request
2025-04-17 01:18:14 [restartedMain] [DEBUG] o.s.s.web.DefaultSecurityFilterChain - Will secure any request with filters: DisableEncodeUrlFilter, WebAsyncManagerIntegrationFilter, SecurityContextHolderFilter, HeaderWriterFilter, CsrfFilter, LogoutFilter, OAuth2AuthorizationRequestRedirectFilter, OAuth2LoginAuthenticationFilter, UsernamePasswordAuthenticationFilter, ConcurrentSessionFilter, RequestCacheAwareFilter, SecurityContextHolderAwareRequestFilter, AnonymousAuthenticationFilter, SessionManagementFilter, ExceptionTranslationFilter, FilterSecurityInterceptor
2025-04-17 01:18:15 [restartedMain] [INFO] o.s.b.d.a.OptionalLiveReloadServer - LiveReload server is running on port 35729
2025-04-17 01:18:15 [restartedMain] [INFO] o.a.coyote.http11.Http11NioProtocol - Starting ProtocolHandler ["http-nio-8080"]
2025-04-17 01:18:15 [restartedMain] [INFO] o.s.b.w.e.tomcat.TomcatWebServer - Tomcat started on port 8080 (http) with context path '/'
2025-04-17 01:18:15 [restartedMain] [INFO] r.k.alliance.AllianceApplication - Started AllianceApplication in 5.455 seconds (process running for 6.177)
2025-04-17 01:18:15 [http-nio-8080-exec-1] [INFO] o.a.c.c.C.[Tomcat].[localhost].[/] - Initializing Spring DispatcherServlet 'dispatcherServlet'
2025-04-17 01:18:15 [http-nio-8080-exec-1] [INFO] o.s.web.servlet.DispatcherServlet - Initializing Servlet 'dispatcherServlet'
2025-04-17 01:18:15 [http-nio-8080-exec-1] [INFO] o.s.web.servlet.DispatcherServlet - Completed initialization in 5 ms
2025-04-17 01:18:15 [http-nio-8080-exec-1] [DEBUG] o.s.security.web.FilterChainProxy - Securing GET /excursion
2025-04-17 01:18:15 [http-nio-8080-exec-1] [DEBUG] o.s.s.w.c.HttpSessionSecurityContextRepository - Retrieved SecurityContextImpl [Authentication=OAuth2AuthenticationToken [Principal=Name: [107234087105093742255], Granted Authorities: [[OIDC_USER, SCOPE_https://www.googleapis.com/auth/userinfo.email, SCOPE_https://www.googleapis.com/auth/userinfo.profile, SCOPE_openid]], User Attributes: [{at_hash=D05y8WM0mlpixJgpuakpnA, sub=107234087105093742255, email_verified=true, iss=https://accounts.google.com, given_name=Павел, nonce=8Qt59fWYfMeFQUA2_SVF6J9Has2Kz6h3Ub85vX-P0T0, picture=https://lh3.googleusercontent.com/a/ACg8ocJJoh9jonlTH61VWgvXCiXb0zCDjifGZZtZ30sCErS3N5ntDw=s96-c, aud=[909915657042-l07l5jl8r3v54r15k12hp7vev9dor6r7.apps.googleusercontent.com], azp=909915657042-l07l5jl8r3v54r15k12hp7vev9dor6r7.apps.googleusercontent.com, name=Павел Королев, exp=2025-04-16T23:04:49Z, family_name=Королев, iat=2025-04-16T22:04:49Z, email=passapdom@gmail.com}], Credentials=[PROTECTED], Authenticated=true, Details=WebAuthenticationDetails [RemoteIpAddress=0:0:0:0:0:0:0:1, SessionId=18FC5C86CA7512B4994A46339D0A1603], Granted Authorities=[OIDC_USER, SCOPE_https://www.googleapis.com/auth/userinfo.email, SCOPE_https://www.googleapis.com/auth/userinfo.profile, SCOPE_openid]]]
2025-04-17 01:18:15 [http-nio-8080-exec-1] [DEBUG] o.s.s.w.a.i.FilterSecurityInterceptor - Authorized filter invocation [GET /excursion] with attributes [permitAll]
2025-04-17 01:18:15 [http-nio-8080-exec-1] [DEBUG] o.s.security.web.FilterChainProxy - Secured GET /excursion
2025-04-17 01:18:15 [http-nio-8080-exec-1] [INFO] r.k.a.u.s.CheckAuthorizeService - checkAdmin is starting, principal: OAuth2AuthenticationToken [Principal=Name: [107234087105093742255], Granted Authorities: [[OIDC_USER, SCOPE_https://www.googleapis.com/auth/userinfo.email, SCOPE_https://www.googleapis.com/auth/userinfo.profile, SCOPE_openid]], User Attributes: [{at_hash=D05y8WM0mlpixJgpuakpnA, sub=107234087105093742255, email_verified=true, iss=https://accounts.google.com, given_name=Павел, nonce=8Qt59fWYfMeFQUA2_SVF6J9Has2Kz6h3Ub85vX-P0T0, picture=https://lh3.googleusercontent.com/a/ACg8ocJJoh9jonlTH61VWgvXCiXb0zCDjifGZZtZ30sCErS3N5ntDw=s96-c, aud=[909915657042-l07l5jl8r3v54r15k12hp7vev9dor6r7.apps.googleusercontent.com], azp=909915657042-l07l5jl8r3v54r15k12hp7vev9dor6r7.apps.googleusercontent.com, name=Павел Королев, exp=2025-04-16T23:04:49Z, family_name=Королев, iat=2025-04-16T22:04:49Z, email=passapdom@gmail.com}], Credentials=[PROTECTED], Authenticated=true, Details=WebAuthenticationDetails [RemoteIpAddress=0:0:0:0:0:0:0:1, SessionId=18FC5C86CA7512B4994A46339D0A1603], Granted Authorities=[OIDC_USER, SCOPE_https://www.googleapis.com/auth/userinfo.email, SCOPE_https://www.googleapis.com/auth/userinfo.profile, SCOPE_openid]]
2025-04-17 01:18:15 [http-nio-8080-exec-1] [INFO] r.k.a.u.s.CheckAuthorizeService - checkAdmin: principal != null
2025-04-17 01:18:15 [http-nio-8080-exec-1] [INFO] r.k.a.u.s.CheckAuthorizeService - Principal is OAuth2AuthenticationToken
2025-04-17 01:18:15 [http-nio-8080-exec-1] [INFO] r.k.a.u.s.CheckAuthorizeService - Checking admin rights for email: passapdom@gmail.com
2025-04-17 01:18:15 [http-nio-8080-exec-1] [INFO] r.k.a.u.s.CheckAuthorizeService - User roles: [ADMIN]
2025-04-17 01:18:15 [http-nio-8080-exec-3] [DEBUG] o.s.security.web.FilterChainProxy - Securing GET /css/styles.css
2025-04-17 01:18:15 [http-nio-8080-exec-2] [DEBUG] o.s.security.web.FilterChainProxy - Securing GET /img/logo_alliance.png
2025-04-17 01:18:15 [http-nio-8080-exec-3] [DEBUG] o.s.s.w.c.HttpSessionSecurityContextRepository - Retrieved SecurityContextImpl [Authentication=OAuth2AuthenticationToken [Principal=Name: [107234087105093742255], Granted Authorities: [[OIDC_USER, SCOPE_https://www.googleapis.com/auth/userinfo.email, SCOPE_https://www.googleapis.com/auth/userinfo.profile, SCOPE_openid]], User Attributes: [{at_hash=D05y8WM0mlpixJgpuakpnA, sub=107234087105093742255, email_verified=true, iss=https://accounts.google.com, given_name=Павел, nonce=8Qt59fWYfMeFQUA2_SVF6J9Has2Kz6h3Ub85vX-P0T0, picture=https://lh3.googleusercontent.com/a/ACg8ocJJoh9jonlTH61VWgvXCiXb0zCDjifGZZtZ30sCErS3N5ntDw=s96-c, aud=[909915657042-l07l5jl8r3v54r15k12hp7vev9dor6r7.apps.googleusercontent.com], azp=909915657042-l07l5jl8r3v54r15k12hp7vev9dor6r7.apps.googleusercontent.com, name=Павел Королев, exp=2025-04-16T23:04:49Z, family_name=Королев, iat=2025-04-16T22:04:49Z, email=passapdom@gmail.com}], Credentials=[PROTECTED], Authenticated=true, Details=WebAuthenticationDetails [RemoteIpAddress=0:0:0:0:0:0:0:1, SessionId=18FC5C86CA7512B4994A46339D0A1603], Granted Authorities=[OIDC_USER, SCOPE_https://www.googleapis.com/auth/userinfo.email, SCOPE_https://www.googleapis.com/auth/userinfo.profile, SCOPE_openid]]]
2025-04-17 01:18:15 [http-nio-8080-exec-2] [DEBUG] o.s.s.w.c.HttpSessionSecurityContextRepository - Retrieved SecurityContextImpl [Authentication=OAuth2AuthenticationToken [Principal=Name: [107234087105093742255], Granted Authorities: [[OIDC_USER, SCOPE_https://www.googleapis.com/auth/userinfo.email, SCOPE_https://www.googleapis.com/auth/userinfo.profile, SCOPE_openid]], User Attributes: [{at_hash=D05y8WM0mlpixJgpuakpnA, sub=107234087105093742255, email_verified=true, iss=https://accounts.google.com, given_name=Павел, nonce=8Qt59fWYfMeFQUA2_SVF6J9Has2Kz6h3Ub85vX-P0T0, picture=https://lh3.googleusercontent.com/a/ACg8ocJJoh9jonlTH61VWgvXCiXb0zCDjifGZZtZ30sCErS3N5ntDw=s96-c, aud=[909915657042-l07l5jl8r3v54r15k12hp7vev9dor6r7.apps.googleusercontent.com], azp=909915657042-l07l5jl8r3v54r15k12hp7vev9dor6r7.apps.googleusercontent.com, name=Павел Королев, exp=2025-04-16T23:04:49Z, family_name=Королев, iat=2025-04-16T22:04:49Z, email=passapdom@gmail.com}], Credentials=[PROTECTED], Authenticated=true, Details=WebAuthenticationDetails [RemoteIpAddress=0:0:0:0:0:0:0:1, SessionId=18FC5C86CA7512B4994A46339D0A1603], Granted Authorities=[OIDC_USER, SCOPE_https://www.googleapis.com/auth/userinfo.email, SCOPE_https://www.googleapis.com/auth/userinfo.profile, SCOPE_openid]]]
2025-04-17 01:18:15 [http-nio-8080-exec-3] [DEBUG] o.s.s.w.a.i.FilterSecurityInterceptor - Authorized filter invocation [GET /css/styles.css] with attributes [permitAll]
2025-04-17 01:18:15 [http-nio-8080-exec-2] [DEBUG] o.s.s.w.a.i.FilterSecurityInterceptor - Authorized filter invocation [GET /img/logo_alliance.png] with attributes [permitAll]
2025-04-17 01:18:15 [http-nio-8080-exec-2] [DEBUG] o.s.security.web.FilterChainProxy - Secured GET /img/logo_alliance.png
2025-04-17 01:18:15 [http-nio-8080-exec-3] [DEBUG] o.s.security.web.FilterChainProxy - Secured GET /css/styles.css
2025-04-17 01:18:15 [http-nio-8080-exec-7] [DEBUG] o.s.security.web.FilterChainProxy - Securing GET /images/placeholder.jpg
2025-04-17 01:18:15 [http-nio-8080-exec-5] [DEBUG] o.s.security.web.FilterChainProxy - Securing GET /img/tour-agency.jpg
2025-04-17 01:18:15 [http-nio-8080-exec-6] [DEBUG] o.s.security.web.FilterChainProxy - Securing GET /images/tour/70efb4f2-568c-40d0-b39f-55ed0ccbc07e_00-Козельск.jpg
2025-04-17 01:18:15 [http-nio-8080-exec-4] [DEBUG] o.s.security.web.FilterChainProxy - Securing GET /images/tour/77da970b-1e81-439d-a952-267262094a8c_kozelsk.jpg
2025-04-17 01:18:15 [http-nio-8080-exec-7] [DEBUG] o.s.s.w.c.HttpSessionSecurityContextRepository - Retrieved SecurityContextImpl [Authentication=OAuth2AuthenticationToken [Principal=Name: [107234087105093742255], Granted Authorities: [[OIDC_USER, SCOPE_https://www.googleapis.com/auth/userinfo.email, SCOPE_https://www.googleapis.com/auth/userinfo.profile, SCOPE_openid]], User Attributes: [{at_hash=D05y8WM0mlpixJgpuakpnA, sub=107234087105093742255, email_verified=true, iss=https://accounts.google.com, given_name=Павел, nonce=8Qt59fWYfMeFQUA2_SVF6J9Has2Kz6h3Ub85vX-P0T0, picture=https://lh3.googleusercontent.com/a/ACg8ocJJoh9jonlTH61VWgvXCiXb0zCDjifGZZtZ30sCErS3N5ntDw=s96-c, aud=[909915657042-l07l5jl8r3v54r15k12hp7vev9dor6r7.apps.googleusercontent.com], azp=909915657042-l07l5jl8r3v54r15k12hp7vev9dor6r7.apps.googleusercontent.com, name=Павел Королев, exp=2025-04-16T23:04:49Z, family_name=Королев, iat=2025-04-16T22:04:49Z, email=passapdom@gmail.com}], Credentials=[PROTECTED], Authenticated=true, Details=WebAuthenticationDetails [RemoteIpAddress=0:0:0:0:0:0:0:1, SessionId=18FC5C86CA7512B4994A46339D0A1603], Granted Authorities=[OIDC_USER, SCOPE_https://www.googleapis.com/auth/userinfo.email, SCOPE_https://www.googleapis.com/auth/userinfo.profile, SCOPE_openid]]]
2025-04-17 01:18:15 [http-nio-8080-exec-5] [DEBUG] o.s.s.w.c.HttpSessionSecurityContextRepository - Retrieved SecurityContextImpl [Authentication=OAuth2AuthenticationToken [Principal=Name: [107234087105093742255], Granted Authorities: [[OIDC_USER, SCOPE_https://www.googleapis.com/auth/userinfo.email, SCOPE_https://www.googleapis.com/auth/userinfo.profile, SCOPE_openid]], User Attributes: [{at_hash=D05y8WM0mlpixJgpuakpnA, sub=107234087105093742255, email_verified=true, iss=https://accounts.google.com, given_name=Павел, nonce=8Qt59fWYfMeFQUA2_SVF6J9Has2Kz6h3Ub85vX-P0T0, picture=https://lh3.googleusercontent.com/a/ACg8ocJJoh9jonlTH61VWgvXCiXb0zCDjifGZZtZ30sCErS3N5ntDw=s96-c, aud=[909915657042-l07l5jl8r3v54r15k12hp7vev9dor6r7.apps.googleusercontent.com], azp=909915657042-l07l5jl8r3v54r15k12hp7vev9dor6r7.apps.googleusercontent.com, name=Павел Королев, exp=2025-04-16T23:04:49Z, family_name=Королев, iat=2025-04-16T22:04:49Z, email=passapdom@gmail.com}], Credentials=[PROTECTED], Authenticated=true, Details=WebAuthenticationDetails [RemoteIpAddress=0:0:0:0:0:0:0:1, SessionId=18FC5C86CA7512B4994A46339D0A1603], Granted Authorities=[OIDC_USER, SCOPE_https://www.googleapis.com/auth/userinfo.email, SCOPE_https://www.googleapis.com/auth/userinfo.profile, SCOPE_openid]]]
2025-04-17 01:18:15 [http-nio-8080-exec-6] [DEBUG] o.s.s.w.c.HttpSessionSecurityContextRepository - Retrieved SecurityContextImpl [Authentication=OAuth2AuthenticationToken [Principal=Name: [107234087105093742255], Granted Authorities: [[OIDC_USER, SCOPE_https://www.googleapis.com/auth/userinfo.email, SCOPE_https://www.googleapis.com/auth/userinfo.profile, SCOPE_openid]], User Attributes: [{at_hash=D05y8WM0mlpixJgpuakpnA, sub=107234087105093742255, email_verified=true, iss=https://accounts.google.com, given_name=Павел, nonce=8Qt59fWYfMeFQUA2_SVF6J9Has2Kz6h3Ub85vX-P0T0, picture=https://lh3.googleusercontent.com/a/ACg8ocJJoh9jonlTH61VWgvXCiXb0zCDjifGZZtZ30sCErS3N5ntDw=s96-c, aud=[909915657042-l07l5jl8r3v54r15k12hp7vev9dor6r7.apps.googleusercontent.com], azp=909915657042-l07l5jl8r3v54r15k12hp7vev9dor6r7.apps.googleusercontent.com, name=Павел Королев, exp=2025-04-16T23:04:49Z, family_name=Королев, iat=2025-04-16T22:04:49Z, email=passapdom@gmail.com}], Credentials=[PROTECTED], Authenticated=true, Details=WebAuthenticationDetails [RemoteIpAddress=0:0:0:0:0:0:0:1, SessionId=18FC5C86CA7512B4994A46339D0A1603], Granted Authorities=[OIDC_USER, SCOPE_https://www.googleapis.com/auth/userinfo.email, SCOPE_https://www.googleapis.com/auth/userinfo.profile, SCOPE_openid]]]
2025-04-17 01:18:15 [http-nio-8080-exec-4] [DEBUG] o.s.s.w.c.HttpSessionSecurityContextRepository - Retrieved SecurityContextImpl [Authentication=OAuth2AuthenticationToken [Principal=Name: [107234087105093742255], Granted Authorities: [[OIDC_USER, SCOPE_https://www.googleapis.com/auth/userinfo.email, SCOPE_https://www.googleapis.com/auth/userinfo.profile, SCOPE_openid]], User Attributes: [{at_hash=D05y8WM0mlpixJgpuakpnA, sub=107234087105093742255, email_verified=true, iss=https://accounts.google.com, given_name=Павел, nonce=8Qt59fWYfMeFQUA2_SVF6J9Has2Kz6h3Ub85vX-P0T0, picture=https://lh3.googleusercontent.com/a/ACg8ocJJoh9jonlTH61VWgvXCiXb0zCDjifGZZtZ30sCErS3N5ntDw=s96-c, aud=[909915657042-l07l5jl8r3v54r15k12hp7vev9dor6r7.apps.googleusercontent.com], azp=909915657042-l07l5jl8r3v54r15k12hp7vev9dor6r7.apps.googleusercontent.com, name=Павел Королев, exp=2025-04-16T23:04:49Z, family_name=Королев, iat=2025-04-16T22:04:49Z, email=passapdom@gmail.com}], Credentials=[PROTECTED], Authenticated=true, Details=WebAuthenticationDetails [RemoteIpAddress=0:0:0:0:0:0:0:1, SessionId=18FC5C86CA7512B4994A46339D0A1603], Granted Authorities=[OIDC_USER, SCOPE_https://www.googleapis.com/auth/userinfo.email, SCOPE_https://www.googleapis.com/auth/userinfo.profile, SCOPE_openid]]]
2025-04-17 01:18:15 [http-nio-8080-exec-5] [DEBUG] o.s.s.w.a.i.FilterSecurityInterceptor - Authorized filter invocation [GET /img/tour-agency.jpg] with attributes [permitAll]
2025-04-17 01:18:15 [http-nio-8080-exec-4] [DEBUG] o.s.s.w.a.i.FilterSecurityInterceptor - Authorized filter invocation [GET /images/tour/77da970b-1e81-439d-a952-267262094a8c_kozelsk.jpg] with attributes [permitAll]
2025-04-17 01:18:15 [http-nio-8080-exec-6] [DEBUG] o.s.s.w.a.i.FilterSecurityInterceptor - Authorized filter invocation [GET /images/tour/70efb4f2-568c-40d0-b39f-55ed0ccbc07e_00-Козельск.jpg] with attributes [permitAll]
2025-04-17 01:18:15 [http-nio-8080-exec-7] [DEBUG] o.s.s.w.a.i.FilterSecurityInterceptor - Authorized filter invocation [GET /images/placeholder.jpg] with attributes [permitAll]
2025-04-17 01:18:15 [http-nio-8080-exec-7] [DEBUG] o.s.security.web.FilterChainProxy - Secured GET /images/placeholder.jpg
2025-04-17 01:18:15 [http-nio-8080-exec-5] [DEBUG] o.s.security.web.FilterChainProxy - Secured GET /img/tour-agency.jpg
2025-04-17 01:18:15 [http-nio-8080-exec-6] [DEBUG] o.s.security.web.FilterChainProxy - Secured GET /images/tour/70efb4f2-568c-40d0-b39f-55ed0ccbc07e_00-Козельск.jpg
2025-04-17 01:18:15 [http-nio-8080-exec-4] [DEBUG] o.s.security.web.FilterChainProxy - Secured GET /images/tour/77da970b-1e81-439d-a952-267262094a8c_kozelsk.jpg
2025-04-17 01:18:15 [http-nio-8080-exec-7] [DEBUG] o.s.security.web.FilterChainProxy - Securing GET /error
2025-04-17 01:18:15 [http-nio-8080-exec-5] [DEBUG] o.s.security.web.FilterChainProxy - Securing GET /error
2025-04-17 01:18:15 [http-nio-8080-exec-7] [DEBUG] o.s.s.w.c.HttpSessionSecurityContextRepository - Retrieved SecurityContextImpl [Authentication=OAuth2AuthenticationToken [Principal=Name: [107234087105093742255], Granted Authorities: [[OIDC_USER, SCOPE_https://www.googleapis.com/auth/userinfo.email, SCOPE_https://www.googleapis.com/auth/userinfo.profile, SCOPE_openid]], User Attributes: [{at_hash=D05y8WM0mlpixJgpuakpnA, sub=107234087105093742255, email_verified=true, iss=https://accounts.google.com, given_name=Павел, nonce=8Qt59fWYfMeFQUA2_SVF6J9Has2Kz6h3Ub85vX-P0T0, picture=https://lh3.googleusercontent.com/a/ACg8ocJJoh9jonlTH61VWgvXCiXb0zCDjifGZZtZ30sCErS3N5ntDw=s96-c, aud=[909915657042-l07l5jl8r3v54r15k12hp7vev9dor6r7.apps.googleusercontent.com], azp=909915657042-l07l5jl8r3v54r15k12hp7vev9dor6r7.apps.googleusercontent.com, name=Павел Королев, exp=2025-04-16T23:04:49Z, family_name=Королев, iat=2025-04-16T22:04:49Z, email=passapdom@gmail.com}], Credentials=[PROTECTED], Authenticated=true, Details=WebAuthenticationDetails [RemoteIpAddress=0:0:0:0:0:0:0:1, SessionId=18FC5C86CA7512B4994A46339D0A1603], Granted Authorities=[OIDC_USER, SCOPE_https://www.googleapis.com/auth/userinfo.email, SCOPE_https://www.googleapis.com/auth/userinfo.profile, SCOPE_openid]]]
2025-04-17 01:18:15 [http-nio-8080-exec-5] [DEBUG] o.s.s.w.c.HttpSessionSecurityContextRepository - Retrieved SecurityContextImpl [Authentication=OAuth2AuthenticationToken [Principal=Name: [107234087105093742255], Granted Authorities: [[OIDC_USER, SCOPE_https://www.googleapis.com/auth/userinfo.email, SCOPE_https://www.googleapis.com/auth/userinfo.profile, SCOPE_openid]], User Attributes: [{at_hash=D05y8WM0mlpixJgpuakpnA, sub=107234087105093742255, email_verified=true, iss=https://accounts.google.com, given_name=Павел, nonce=8Qt59fWYfMeFQUA2_SVF6J9Has2Kz6h3Ub85vX-P0T0, picture=https://lh3.googleusercontent.com/a/ACg8ocJJoh9jonlTH61VWgvXCiXb0zCDjifGZZtZ30sCErS3N5ntDw=s96-c, aud=[909915657042-l07l5jl8r3v54r15k12hp7vev9dor6r7.apps.googleusercontent.com], azp=909915657042-l07l5jl8r3v54r15k12hp7vev9dor6r7.apps.googleusercontent.com, name=Павел Королев, exp=2025-04-16T23:04:49Z, family_name=Королев, iat=2025-04-16T22:04:49Z, email=passapdom@gmail.com}], Credentials=[PROTECTED], Authenticated=true, Details=WebAuthenticationDetails [RemoteIpAddress=0:0:0:0:0:0:0:1, SessionId=18FC5C86CA7512B4994A46339D0A1603], Granted Authorities=[OIDC_USER, SCOPE_https://www.googleapis.com/auth/userinfo.email, SCOPE_https://www.googleapis.com/auth/userinfo.profile, SCOPE_openid]]]
2025-04-17 01:18:15 [http-nio-8080-exec-7] [DEBUG] o.s.s.w.a.i.FilterSecurityInterceptor - Authorized filter invocation [GET /error] with attributes [permitAll]
2025-04-17 01:18:15 [http-nio-8080-exec-5] [DEBUG] o.s.s.w.a.i.FilterSecurityInterceptor - Authorized filter invocation [GET /error] with attributes [permitAll]
2025-04-17 01:18:15 [http-nio-8080-exec-5] [DEBUG] o.s.security.web.FilterChainProxy - Secured GET /error
2025-04-17 01:18:15 [http-nio-8080-exec-7] [DEBUG] o.s.security.web.FilterChainProxy - Secured GET /error
2025-04-17 01:18:17 [http-nio-8080-exec-8] [DEBUG] o.s.security.web.FilterChainProxy - Securing GET /excursion/tour/8
2025-04-17 01:18:17 [http-nio-8080-exec-8] [DEBUG] o.s.s.w.c.HttpSessionSecurityContextRepository - Retrieved SecurityContextImpl [Authentication=OAuth2AuthenticationToken [Principal=Name: [107234087105093742255], Granted Authorities: [[OIDC_USER, SCOPE_https://www.googleapis.com/auth/userinfo.email, SCOPE_https://www.googleapis.com/auth/userinfo.profile, SCOPE_openid]], User Attributes: [{at_hash=D05y8WM0mlpixJgpuakpnA, sub=107234087105093742255, email_verified=true, iss=https://accounts.google.com, given_name=Павел, nonce=8Qt59fWYfMeFQUA2_SVF6J9Has2Kz6h3Ub85vX-P0T0, picture=https://lh3.googleusercontent.com/a/ACg8ocJJoh9jonlTH61VWgvXCiXb0zCDjifGZZtZ30sCErS3N5ntDw=s96-c, aud=[909915657042-l07l5jl8r3v54r15k12hp7vev9dor6r7.apps.googleusercontent.com], azp=909915657042-l07l5jl8r3v54r15k12hp7vev9dor6r7.apps.googleusercontent.com, name=Павел Королев, exp=2025-04-16T23:04:49Z, family_name=Королев, iat=2025-04-16T22:04:49Z, email=passapdom@gmail.com}], Credentials=[PROTECTED], Authenticated=true, Details=WebAuthenticationDetails [RemoteIpAddress=0:0:0:0:0:0:0:1, SessionId=18FC5C86CA7512B4994A46339D0A1603], Granted Authorities=[OIDC_USER, SCOPE_https://www.googleapis.com/auth/userinfo.email, SCOPE_https://www.googleapis.com/auth/userinfo.profile, SCOPE_openid]]]
2025-04-17 01:18:17 [http-nio-8080-exec-8] [DEBUG] o.s.s.w.a.i.FilterSecurityInterceptor - Authorized filter invocation [GET /excursion/tour/8] with attributes [permitAll]
2025-04-17 01:18:17 [http-nio-8080-exec-8] [DEBUG] o.s.security.web.FilterChainProxy - Secured GET /excursion/tour/8
2025-04-17 01:18:17 [http-nio-8080-exec-8] [INFO] r.k.a.u.s.CheckAuthorizeService - checkAdmin is starting, principal: OAuth2AuthenticationToken [Principal=Name: [107234087105093742255], Granted Authorities: [[OIDC_USER, SCOPE_https://www.googleapis.com/auth/userinfo.email, SCOPE_https://www.googleapis.com/auth/userinfo.profile, SCOPE_openid]], User Attributes: [{at_hash=D05y8WM0mlpixJgpuakpnA, sub=107234087105093742255, email_verified=true, iss=https://accounts.google.com, given_name=Павел, nonce=8Qt59fWYfMeFQUA2_SVF6J9Has2Kz6h3Ub85vX-P0T0, picture=https://lh3.googleusercontent.com/a/ACg8ocJJoh9jonlTH61VWgvXCiXb0zCDjifGZZtZ30sCErS3N5ntDw=s96-c, aud=[909915657042-l07l5jl8r3v54r15k12hp7vev9dor6r7.apps.googleusercontent.com], azp=909915657042-l07l5jl8r3v54r15k12hp7vev9dor6r7.apps.googleusercontent.com, name=Павел Королев, exp=2025-04-16T23:04:49Z, family_name=Королев, iat=2025-04-16T22:04:49Z, email=passapdom@gmail.com}], Credentials=[PROTECTED], Authenticated=true, Details=WebAuthenticationDetails [RemoteIpAddress=0:0:0:0:0:0:0:1, SessionId=18FC5C86CA7512B4994A46339D0A1603], Granted Authorities=[OIDC_USER, SCOPE_https://www.googleapis.com/auth/userinfo.email, SCOPE_https://www.googleapis.com/auth/userinfo.profile, SCOPE_openid]]
2025-04-17 01:18:17 [http-nio-8080-exec-8] [INFO] r.k.a.u.s.CheckAuthorizeService - checkAdmin: principal != null
2025-04-17 01:18:17 [http-nio-8080-exec-8] [INFO] r.k.a.u.s.CheckAuthorizeService - Principal is OAuth2AuthenticationToken
2025-04-17 01:18:17 [http-nio-8080-exec-8] [INFO] r.k.a.u.s.CheckAuthorizeService - Checking admin rights for email: passapdom@gmail.com
2025-04-17 01:18:17 [http-nio-8080-exec-8] [INFO] r.k.a.u.s.CheckAuthorizeService - User roles: [ADMIN]
2025-04-17 01:18:17 [http-nio-8080-exec-9] [DEBUG] o.s.security.web.FilterChainProxy - Securing GET /css/styles.css
2025-04-17 01:18:17 [http-nio-8080-exec-10] [DEBUG] o.s.security.web.FilterChainProxy - Securing GET /img/logo_alliance.png
2025-04-17 01:18:17 [http-nio-8080-exec-9] [DEBUG] o.s.s.w.c.HttpSessionSecurityContextRepository - Retrieved SecurityContextImpl [Authentication=OAuth2AuthenticationToken [Principal=Name: [107234087105093742255], Granted Authorities: [[OIDC_USER, SCOPE_https://www.googleapis.com/auth/userinfo.email, SCOPE_https://www.googleapis.com/auth/userinfo.profile, SCOPE_openid]], User Attributes: [{at_hash=D05y8WM0mlpixJgpuakpnA, sub=107234087105093742255, email_verified=true, iss=https://accounts.google.com, given_name=Павел, nonce=8Qt59fWYfMeFQUA2_SVF6J9Has2Kz6h3Ub85vX-P0T0, picture=https://lh3.googleusercontent.com/a/ACg8ocJJoh9jonlTH61VWgvXCiXb0zCDjifGZZtZ30sCErS3N5ntDw=s96-c, aud=[909915657042-l07l5jl8r3v54r15k12hp7vev9dor6r7.apps.googleusercontent.com], azp=909915657042-l07l5jl8r3v54r15k12hp7vev9dor6r7.apps.googleusercontent.com, name=Павел Королев, exp=2025-04-16T23:04:49Z, family_name=Королев, iat=2025-04-16T22:04:49Z, email=passapdom@gmail.com}], Credentials=[PROTECTED], Authenticated=true, Details=WebAuthenticationDetails [RemoteIpAddress=0:0:0:0:0:0:0:1, SessionId=18FC5C86CA7512B4994A46339D0A1603], Granted Authorities=[OIDC_USER, SCOPE_https://www.googleapis.com/auth/userinfo.email, SCOPE_https://www.googleapis.com/auth/userinfo.profile, SCOPE_openid]]]
2025-04-17 01:18:17 [http-nio-8080-exec-10] [DEBUG] o.s.s.w.c.HttpSessionSecurityContextRepository - Retrieved SecurityContextImpl [Authentication=OAuth2AuthenticationToken [Principal=Name: [107234087105093742255], Granted Authorities: [[OIDC_USER, SCOPE_https://www.googleapis.com/auth/userinfo.email, SCOPE_https://www.googleapis.com/auth/userinfo.profile, SCOPE_openid]], User Attributes: [{at_hash=D05y8WM0mlpixJgpuakpnA, sub=107234087105093742255, email_verified=true, iss=https://accounts.google.com, given_name=Павел, nonce=8Qt59fWYfMeFQUA2_SVF6J9Has2Kz6h3Ub85vX-P0T0, picture=https://lh3.googleusercontent.com/a/ACg8ocJJoh9jonlTH61VWgvXCiXb0zCDjifGZZtZ30sCErS3N5ntDw=s96-c, aud=[909915657042-l07l5jl8r3v54r15k12hp7vev9dor6r7.apps.googleusercontent.com], azp=909915657042-l07l5jl8r3v54r15k12hp7vev9dor6r7.apps.googleusercontent.com, name=Павел Королев, exp=2025-04-16T23:04:49Z, family_name=Королев, iat=2025-04-16T22:04:49Z, email=passapdom@gmail.com}], Credentials=[PROTECTED], Authenticated=true, Details=WebAuthenticationDetails [RemoteIpAddress=0:0:0:0:0:0:0:1, SessionId=18FC5C86CA7512B4994A46339D0A1603], Granted Authorities=[OIDC_USER, SCOPE_https://www.googleapis.com/auth/userinfo.email, SCOPE_https://www.googleapis.com/auth/userinfo.profile, SCOPE_openid]]]
2025-04-17 01:18:17 [http-nio-8080-exec-9] [DEBUG] o.s.s.w.a.i.FilterSecurityInterceptor - Authorized filter invocation [GET /css/styles.css] with attributes [permitAll]
2025-04-17 01:18:17 [http-nio-8080-exec-10] [DEBUG] o.s.s.w.a.i.FilterSecurityInterceptor - Authorized filter invocation [GET /img/logo_alliance.png] with attributes [permitAll]
2025-04-17 01:18:17 [http-nio-8080-exec-9] [DEBUG] o.s.security.web.FilterChainProxy - Secured GET /css/styles.css
2025-04-17 01:18:17 [http-nio-8080-exec-10] [DEBUG] o.s.security.web.FilterChainProxy - Secured GET /img/logo_alliance.png
2025-04-17 01:18:18 [http-nio-8080-exec-2] [DEBUG] o.s.security.web.FilterChainProxy - Securing GET /excursion/tour/9
2025-04-17 01:18:18 [http-nio-8080-exec-2] [DEBUG] o.s.s.w.c.HttpSessionSecurityContextRepository - Retrieved SecurityContextImpl [Authentication=OAuth2AuthenticationToken [Principal=Name: [107234087105093742255], Granted Authorities: [[OIDC_USER, SCOPE_https://www.googleapis.com/auth/userinfo.email, SCOPE_https://www.googleapis.com/auth/userinfo.profile, SCOPE_openid]], User Attributes: [{at_hash=D05y8WM0mlpixJgpuakpnA, sub=107234087105093742255, email_verified=true, iss=https://accounts.google.com, given_name=Павел, nonce=8Qt59fWYfMeFQUA2_SVF6J9Has2Kz6h3Ub85vX-P0T0, picture=https://lh3.googleusercontent.com/a/ACg8ocJJoh9jonlTH61VWgvXCiXb0zCDjifGZZtZ30sCErS3N5ntDw=s96-c, aud=[909915657042-l07l5jl8r3v54r15k12hp7vev9dor6r7.apps.googleusercontent.com], azp=909915657042-l07l5jl8r3v54r15k12hp7vev9dor6r7.apps.googleusercontent.com, name=Павел Королев, exp=2025-04-16T23:04:49Z, family_name=Королев, iat=2025-04-16T22:04:49Z, email=passapdom@gmail.com}], Credentials=[PROTECTED], Authenticated=true, Details=WebAuthenticationDetails [RemoteIpAddress=0:0:0:0:0:0:0:1, SessionId=18FC5C86CA7512B4994A46339D0A1603], Granted Authorities=[OIDC_USER, SCOPE_https://www.googleapis.com/auth/userinfo.email, SCOPE_https://www.googleapis.com/auth/userinfo.profile, SCOPE_openid]]]
2025-04-17 01:18:18 [http-nio-8080-exec-2] [DEBUG] o.s.s.w.a.i.FilterSecurityInterceptor - Authorized filter invocation [GET /excursion/tour/9] with attributes [permitAll]
2025-04-17 01:18:18 [http-nio-8080-exec-2] [DEBUG] o.s.security.web.FilterChainProxy - Secured GET /excursion/tour/9
2025-04-17 01:18:18 [http-nio-8080-exec-2] [INFO] r.k.a.u.s.CheckAuthorizeService - checkAdmin is starting, principal: OAuth2AuthenticationToken [Principal=Name: [107234087105093742255], Granted Authorities: [[OIDC_USER, SCOPE_https://www.googleapis.com/auth/userinfo.email, SCOPE_https://www.googleapis.com/auth/userinfo.profile, SCOPE_openid]], User Attributes: [{at_hash=D05y8WM0mlpixJgpuakpnA, sub=107234087105093742255, email_verified=true, iss=https://accounts.google.com, given_name=Павел, nonce=8Qt59fWYfMeFQUA2_SVF6J9Has2Kz6h3Ub85vX-P0T0, picture=https://lh3.googleusercontent.com/a/ACg8ocJJoh9jonlTH61VWgvXCiXb0zCDjifGZZtZ30sCErS3N5ntDw=s96-c, aud=[909915657042-l07l5jl8r3v54r15k12hp7vev9dor6r7.apps.googleusercontent.com], azp=909915657042-l07l5jl8r3v54r15k12hp7vev9dor6r7.apps.googleusercontent.com, name=Павел Королев, exp=2025-04-16T23:04:49Z, family_name=Королев, iat=2025-04-16T22:04:49Z, email=passapdom@gmail.com}], Credentials=[PROTECTED], Authenticated=true, Details=WebAuthenticationDetails [RemoteIpAddress=0:0:0:0:0:0:0:1, SessionId=18FC5C86CA7512B4994A46339D0A1603], Granted Authorities=[OIDC_USER, SCOPE_https://www.googleapis.com/auth/userinfo.email, SCOPE_https://www.googleapis.com/auth/userinfo.profile, SCOPE_openid]]
2025-04-17 01:18:18 [http-nio-8080-exec-2] [INFO] r.k.a.u.s.CheckAuthorizeService - checkAdmin: principal != null
2025-04-17 01:18:18 [http-nio-8080-exec-2] [INFO] r.k.a.u.s.CheckAuthorizeService - Principal is OAuth2AuthenticationToken
2025-04-17 01:18:18 [http-nio-8080-exec-2] [INFO] r.k.a.u.s.CheckAuthorizeService - Checking admin rights for email: passapdom@gmail.com
2025-04-17 01:18:18 [http-nio-8080-exec-2] [INFO] r.k.a.u.s.CheckAuthorizeService - User roles: [ADMIN]
2025-04-17 01:18:18 [http-nio-8080-exec-3] [DEBUG] o.s.security.web.FilterChainProxy - Securing GET /css/styles.css
2025-04-17 01:18:18 [http-nio-8080-exec-3] [DEBUG] o.s.s.w.c.HttpSessionSecurityContextRepository - Retrieved SecurityContextImpl [Authentication=OAuth2AuthenticationToken [Principal=Name: [107234087105093742255], Granted Authorities: [[OIDC_USER, SCOPE_https://www.googleapis.com/auth/userinfo.email, SCOPE_https://www.googleapis.com/auth/userinfo.profile, SCOPE_openid]], User Attributes: [{at_hash=D05y8WM0mlpixJgpuakpnA, sub=107234087105093742255, email_verified=true, iss=https://accounts.google.com, given_name=Павел, nonce=8Qt59fWYfMeFQUA2_SVF6J9Has2Kz6h3Ub85vX-P0T0, picture=https://lh3.googleusercontent.com/a/ACg8ocJJoh9jonlTH61VWgvXCiXb0zCDjifGZZtZ30sCErS3N5ntDw=s96-c, aud=[909915657042-l07l5jl8r3v54r15k12hp7vev9dor6r7.apps.googleusercontent.com], azp=909915657042-l07l5jl8r3v54r15k12hp7vev9dor6r7.apps.googleusercontent.com, name=Павел Королев, exp=2025-04-16T23:04:49Z, family_name=Королев, iat=2025-04-16T22:04:49Z, email=passapdom@gmail.com}], Credentials=[PROTECTED], Authenticated=true, Details=WebAuthenticationDetails [RemoteIpAddress=0:0:0:0:0:0:0:1, SessionId=18FC5C86CA7512B4994A46339D0A1603], Granted Authorities=[OIDC_USER, SCOPE_https://www.googleapis.com/auth/userinfo.email, SCOPE_https://www.googleapis.com/auth/userinfo.profile, SCOPE_openid]]]
2025-04-17 01:18:18 [http-nio-8080-exec-3] [DEBUG] o.s.s.w.a.i.FilterSecurityInterceptor - Authorized filter invocation [GET /css/styles.css] with attributes [permitAll]
2025-04-17 01:18:18 [http-nio-8080-exec-3] [DEBUG] o.s.security.web.FilterChainProxy - Secured GET /css/styles.css
2025-04-17 01:18:18 [http-nio-8080-exec-4] [DEBUG] o.s.security.web.FilterChainProxy - Securing GET /images/tour/77da970b-1e81-439d-a952-267262094a8c_kozelsk.jpg
2025-04-17 01:18:18 [http-nio-8080-exec-1] [DEBUG] o.s.security.web.FilterChainProxy - Securing GET /img/logo_alliance.png
2025-04-17 01:18:18 [http-nio-8080-exec-1] [DEBUG] o.s.s.w.c.HttpSessionSecurityContextRepository - Retrieved SecurityContextImpl [Authentication=OAuth2AuthenticationToken [Principal=Name: [107234087105093742255], Granted Authorities: [[OIDC_USER, SCOPE_https://www.googleapis.com/auth/userinfo.email, SCOPE_https://www.googleapis.com/auth/userinfo.profile, SCOPE_openid]], User Attributes: [{at_hash=D05y8WM0mlpixJgpuakpnA, sub=107234087105093742255, email_verified=true, iss=https://accounts.google.com, given_name=Павел, nonce=8Qt59fWYfMeFQUA2_SVF6J9Has2Kz6h3Ub85vX-P0T0, picture=https://lh3.googleusercontent.com/a/ACg8ocJJoh9jonlTH61VWgvXCiXb0zCDjifGZZtZ30sCErS3N5ntDw=s96-c, aud=[909915657042-l07l5jl8r3v54r15k12hp7vev9dor6r7.apps.googleusercontent.com], azp=909915657042-l07l5jl8r3v54r15k12hp7vev9dor6r7.apps.googleusercontent.com, name=Павел Королев, exp=2025-04-16T23:04:49Z, family_name=Королев, iat=2025-04-16T22:04:49Z, email=passapdom@gmail.com}], Credentials=[PROTECTED], Authenticated=true, Details=WebAuthenticationDetails [RemoteIpAddress=0:0:0:0:0:0:0:1, SessionId=18FC5C86CA7512B4994A46339D0A1603], Granted Authorities=[OIDC_USER, SCOPE_https://www.googleapis.com/auth/userinfo.email, SCOPE_https://www.googleapis.com/auth/userinfo.profile, SCOPE_openid]]]
2025-04-17 01:18:18 [http-nio-8080-exec-4] [DEBUG] o.s.s.w.c.HttpSessionSecurityContextRepository - Retrieved SecurityContextImpl [Authentication=OAuth2AuthenticationToken [Principal=Name: [107234087105093742255], Granted Authorities: [[OIDC_USER, SCOPE_https://www.googleapis.com/auth/userinfo.email, SCOPE_https://www.googleapis.com/auth/userinfo.profile, SCOPE_openid]], User Attributes: [{at_hash=D05y8WM0mlpixJgpuakpnA, sub=107234087105093742255, email_verified=true, iss=https://accounts.google.com, given_name=Павел, nonce=8Qt59fWYfMeFQUA2_SVF6J9Has2Kz6h3Ub85vX-P0T0, picture=https://lh3.googleusercontent.com/a/ACg8ocJJoh9jonlTH61VWgvXCiXb0zCDjifGZZtZ30sCErS3N5ntDw=s96-c, aud=[909915657042-l07l5jl8r3v54r15k12hp7vev9dor6r7.apps.googleusercontent.com], azp=909915657042-l07l5jl8r3v54r15k12hp7vev9dor6r7.apps.googleusercontent.com, name=Павел Королев, exp=2025-04-16T23:04:49Z, family_name=Королев, iat=2025-04-16T22:04:49Z, email=passapdom@gmail.com}], Credentials=[PROTECTED], Authenticated=true, Details=WebAuthenticationDetails [RemoteIpAddress=0:0:0:0:0:0:0:1, SessionId=18FC5C86CA7512B4994A46339D0A1603], Granted Authorities=[OIDC_USER, SCOPE_https://www.googleapis.com/auth/userinfo.email, SCOPE_https://www.googleapis.com/auth/userinfo.profile, SCOPE_openid]]]
2025-04-17 01:18:18 [http-nio-8080-exec-1] [DEBUG] o.s.s.w.a.i.FilterSecurityInterceptor - Authorized filter invocation [GET /img/logo_alliance.png] with attributes [permitAll]
2025-04-17 01:18:18 [http-nio-8080-exec-4] [DEBUG] o.s.s.w.a.i.FilterSecurityInterceptor - Authorized filter invocation [GET /images/tour/77da970b-1e81-439d-a952-267262094a8c_kozelsk.jpg] with attributes [permitAll]
2025-04-17 01:18:18 [http-nio-8080-exec-1] [DEBUG] o.s.security.web.FilterChainProxy - Secured GET /img/logo_alliance.png
2025-04-17 01:18:18 [http-nio-8080-exec-4] [DEBUG] o.s.security.web.FilterChainProxy - Secured GET /images/tour/77da970b-1e81-439d-a952-267262094a8c_kozelsk.jpg
2025-04-17 01:18:18 [http-nio-8080-exec-6] [DEBUG] o.s.security.web.FilterChainProxy - Securing GET /images/tour/0901dc7b-8835-4ba3-9ce8-31ea540d5f7d_photo_2024-12-23_22-17-54.jpg
2025-04-17 01:18:18 [http-nio-8080-exec-5] [DEBUG] o.s.security.web.FilterChainProxy - Securing GET /images/tour/b144cd56-998b-4eec-9a5b-c31f14445037_12-park-tri-bogatyrya_1586958675.jpg
2025-04-17 01:18:18 [http-nio-8080-exec-6] [DEBUG] o.s.s.w.c.HttpSessionSecurityContextRepository - Retrieved SecurityContextImpl [Authentication=OAuth2AuthenticationToken [Principal=Name: [107234087105093742255], Granted Authorities: [[OIDC_USER, SCOPE_https://www.googleapis.com/auth/userinfo.email, SCOPE_https://www.googleapis.com/auth/userinfo.profile, SCOPE_openid]], User Attributes: [{at_hash=D05y8WM0mlpixJgpuakpnA, sub=107234087105093742255, email_verified=true, iss=https://accounts.google.com, given_name=Павел, nonce=8Qt59fWYfMeFQUA2_SVF6J9Has2Kz6h3Ub85vX-P0T0, picture=https://lh3.googleusercontent.com/a/ACg8ocJJoh9jonlTH61VWgvXCiXb0zCDjifGZZtZ30sCErS3N5ntDw=s96-c, aud=[909915657042-l07l5jl8r3v54r15k12hp7vev9dor6r7.apps.googleusercontent.com], azp=909915657042-l07l5jl8r3v54r15k12hp7vev9dor6r7.apps.googleusercontent.com, name=Павел Королев, exp=2025-04-16T23:04:49Z, family_name=Королев, iat=2025-04-16T22:04:49Z, email=passapdom@gmail.com}], Credentials=[PROTECTED], Authenticated=true, Details=WebAuthenticationDetails [RemoteIpAddress=0:0:0:0:0:0:0:1, SessionId=18FC5C86CA7512B4994A46339D0A1603], Granted Authorities=[OIDC_USER, SCOPE_https://www.googleapis.com/auth/userinfo.email, SCOPE_https://www.googleapis.com/auth/userinfo.profile, SCOPE_openid]]]
2025-04-17 01:18:18 [http-nio-8080-exec-5] [DEBUG] o.s.s.w.c.HttpSessionSecurityContextRepository - Retrieved SecurityContextImpl [Authentication=OAuth2AuthenticationToken [Principal=Name: [107234087105093742255], Granted Authorities: [[OIDC_USER, SCOPE_https://www.googleapis.com/auth/userinfo.email, SCOPE_https://www.googleapis.com/auth/userinfo.profile, SCOPE_openid]], User Attributes: [{at_hash=D05y8WM0mlpixJgpuakpnA, sub=107234087105093742255, email_verified=true, iss=https://accounts.google.com, given_name=Павел, nonce=8Qt59fWYfMeFQUA2_SVF6J9Has2Kz6h3Ub85vX-P0T0, picture=https://lh3.googleusercontent.com/a/ACg8ocJJoh9jonlTH61VWgvXCiXb0zCDjifGZZtZ30sCErS3N5ntDw=s96-c, aud=[909915657042-l07l5jl8r3v54r15k12hp7vev9dor6r7.apps.googleusercontent.com], azp=909915657042-l07l5jl8r3v54r15k12hp7vev9dor6r7.apps.googleusercontent.com, name=Павел Королев, exp=2025-04-16T23:04:49Z, family_name=Королев, iat=2025-04-16T22:04:49Z, email=passapdom@gmail.com}], Credentials=[PROTECTED], Authenticated=true, Details=WebAuthenticationDetails [RemoteIpAddress=0:0:0:0:0:0:0:1, SessionId=18FC5C86CA7512B4994A46339D0A1603], Granted Authorities=[OIDC_USER, SCOPE_https://www.googleapis.com/auth/userinfo.email, SCOPE_https://www.googleapis.com/auth/userinfo.profile, SCOPE_openid]]]
2025-04-17 01:18:18 [http-nio-8080-exec-6] [DEBUG] o.s.s.w.a.i.FilterSecurityInterceptor - Authorized filter invocation [GET /images/tour/0901dc7b-8835-4ba3-9ce8-31ea540d5f7d_photo_2024-12-23_22-17-54.jpg] with attributes [permitAll]
2025-04-17 01:18:18 [http-nio-8080-exec-5] [DEBUG] o.s.s.w.a.i.FilterSecurityInterceptor - Authorized filter invocation [GET /images/tour/b144cd56-998b-4eec-9a5b-c31f14445037_12-park-tri-bogatyrya_1586958675.jpg] with attributes [permitAll]
2025-04-17 01:18:18 [http-nio-8080-exec-5] [DEBUG] o.s.security.web.FilterChainProxy - Secured GET /images/tour/b144cd56-998b-4eec-9a5b-c31f14445037_12-park-tri-bogatyrya_1586958675.jpg
2025-04-17 01:18:18 [http-nio-8080-exec-6] [DEBUG] o.s.security.web.FilterChainProxy - Secured GET /images/tour/0901dc7b-8835-4ba3-9ce8-31ea540d5f7d_photo_2024-12-23_22-17-54.jpg
2025-04-17 01:18:19 [http-nio-8080-exec-7] [DEBUG] o.s.security.web.FilterChainProxy - Securing GET /excursion/tour/10
2025-04-17 01:18:19 [http-nio-8080-exec-7] [DEBUG] o.s.s.w.c.HttpSessionSecurityContextRepository - Retrieved SecurityContextImpl [Authentication=OAuth2AuthenticationToken [Principal=Name: [107234087105093742255], Granted Authorities: [[OIDC_USER, SCOPE_https://www.googleapis.com/auth/userinfo.email, SCOPE_https://www.googleapis.com/auth/userinfo.profile, SCOPE_openid]], User Attributes: [{at_hash=D05y8WM0mlpixJgpuakpnA, sub=107234087105093742255, email_verified=true, iss=https://accounts.google.com, given_name=Павел, nonce=8Qt59fWYfMeFQUA2_SVF6J9Has2Kz6h3Ub85vX-P0T0, picture=https://lh3.googleusercontent.com/a/ACg8ocJJoh9jonlTH61VWgvXCiXb0zCDjifGZZtZ30sCErS3N5ntDw=s96-c, aud=[909915657042-l07l5jl8r3v54r15k12hp7vev9dor6r7.apps.googleusercontent.com], azp=909915657042-l07l5jl8r3v54r15k12hp7vev9dor6r7.apps.googleusercontent.com, name=Павел Королев, exp=2025-04-16T23:04:49Z, family_name=Королев, iat=2025-04-16T22:04:49Z, email=passapdom@gmail.com}], Credentials=[PROTECTED], Authenticated=true, Details=WebAuthenticationDetails [RemoteIpAddress=0:0:0:0:0:0:0:1, SessionId=18FC5C86CA7512B4994A46339D0A1603], Granted Authorities=[OIDC_USER, SCOPE_https://www.googleapis.com/auth/userinfo.email, SCOPE_https://www.googleapis.com/auth/userinfo.profile, SCOPE_openid]]]
2025-04-17 01:18:19 [http-nio-8080-exec-7] [DEBUG] o.s.s.w.a.i.FilterSecurityInterceptor - Authorized filter invocation [GET /excursion/tour/10] with attributes [permitAll]
2025-04-17 01:18:19 [http-nio-8080-exec-7] [DEBUG] o.s.security.web.FilterChainProxy - Secured GET /excursion/tour/10
2025-04-17 01:18:19 [http-nio-8080-exec-7] [INFO] r.k.a.u.s.CheckAuthorizeService - checkAdmin is starting, principal: OAuth2AuthenticationToken [Principal=Name: [107234087105093742255], Granted Authorities: [[OIDC_USER, SCOPE_https://www.googleapis.com/auth/userinfo.email, SCOPE_https://www.googleapis.com/auth/userinfo.profile, SCOPE_openid]], User Attributes: [{at_hash=D05y8WM0mlpixJgpuakpnA, sub=107234087105093742255, email_verified=true, iss=https://accounts.google.com, given_name=Павел, nonce=8Qt59fWYfMeFQUA2_SVF6J9Has2Kz6h3Ub85vX-P0T0, picture=https://lh3.googleusercontent.com/a/ACg8ocJJoh9jonlTH61VWgvXCiXb0zCDjifGZZtZ30sCErS3N5ntDw=s96-c, aud=[909915657042-l07l5jl8r3v54r15k12hp7vev9dor6r7.apps.googleusercontent.com], azp=909915657042-l07l5jl8r3v54r15k12hp7vev9dor6r7.apps.googleusercontent.com, name=Павел Королев, exp=2025-04-16T23:04:49Z, family_name=Королев, iat=2025-04-16T22:04:49Z, email=passapdom@gmail.com}], Credentials=[PROTECTED], Authenticated=true, Details=WebAuthenticationDetails [RemoteIpAddress=0:0:0:0:0:0:0:1, SessionId=18FC5C86CA7512B4994A46339D0A1603], Granted Authorities=[OIDC_USER, SCOPE_https://www.googleapis.com/auth/userinfo.email, SCOPE_https://www.googleapis.com/auth/userinfo.profile, SCOPE_openid]]
2025-04-17 01:18:19 [http-nio-8080-exec-7] [INFO] r.k.a.u.s.CheckAuthorizeService - checkAdmin: principal != null
2025-04-17 01:18:19 [http-nio-8080-exec-7] [INFO] r.k.a.u.s.CheckAuthorizeService - Principal is OAuth2AuthenticationToken
2025-04-17 01:18:19 [http-nio-8080-exec-7] [INFO] r.k.a.u.s.CheckAuthorizeService - Checking admin rights for email: passapdom@gmail.com
2025-04-17 01:18:19 [http-nio-8080-exec-7] [INFO] r.k.a.u.s.CheckAuthorizeService - User roles: [ADMIN]
2025-04-17 01:18:20 [http-nio-8080-exec-8] [DEBUG] o.s.security.web.FilterChainProxy - Securing GET /css/styles.css
2025-04-17 01:18:20 [http-nio-8080-exec-10] [DEBUG] o.s.security.web.FilterChainProxy - Securing GET /img/logo_alliance.png
2025-04-17 01:18:20 [http-nio-8080-exec-10] [DEBUG] o.s.s.w.c.HttpSessionSecurityContextRepository - Retrieved SecurityContextImpl [Authentication=OAuth2AuthenticationToken [Principal=Name: [107234087105093742255], Granted Authorities: [[OIDC_USER, SCOPE_https://www.googleapis.com/auth/userinfo.email, SCOPE_https://www.googleapis.com/auth/userinfo.profile, SCOPE_openid]], User Attributes: [{at_hash=D05y8WM0mlpixJgpuakpnA, sub=107234087105093742255, email_verified=true, iss=https://accounts.google.com, given_name=Павел, nonce=8Qt59fWYfMeFQUA2_SVF6J9Has2Kz6h3Ub85vX-P0T0, picture=https://lh3.googleusercontent.com/a/ACg8ocJJoh9jonlTH61VWgvXCiXb0zCDjifGZZtZ30sCErS3N5ntDw=s96-c, aud=[909915657042-l07l5jl8r3v54r15k12hp7vev9dor6r7.apps.googleusercontent.com], azp=909915657042-l07l5jl8r3v54r15k12hp7vev9dor6r7.apps.googleusercontent.com, name=Павел Королев, exp=2025-04-16T23:04:49Z, family_name=Королев, iat=2025-04-16T22:04:49Z, email=passapdom@gmail.com}], Credentials=[PROTECTED], Authenticated=true, Details=WebAuthenticationDetails [RemoteIpAddress=0:0:0:0:0:0:0:1, SessionId=18FC5C86CA7512B4994A46339D0A1603], Granted Authorities=[OIDC_USER, SCOPE_https://www.googleapis.com/auth/userinfo.email, SCOPE_https://www.googleapis.com/auth/userinfo.profile, SCOPE_openid]]]
2025-04-17 01:18:20 [http-nio-8080-exec-8] [DEBUG] o.s.s.w.c.HttpSessionSecurityContextRepository - Retrieved SecurityContextImpl [Authentication=OAuth2AuthenticationToken [Principal=Name: [107234087105093742255], Granted Authorities: [[OIDC_USER, SCOPE_https://www.googleapis.com/auth/userinfo.email, SCOPE_https://www.googleapis.com/auth/userinfo.profile, SCOPE_openid]], User Attributes: [{at_hash=D05y8WM0mlpixJgpuakpnA, sub=107234087105093742255, email_verified=true, iss=https://accounts.google.com, given_name=Павел, nonce=8Qt59fWYfMeFQUA2_SVF6J9Has2Kz6h3Ub85vX-P0T0, picture=https://lh3.googleusercontent.com/a/ACg8ocJJoh9jonlTH61VWgvXCiXb0zCDjifGZZtZ30sCErS3N5ntDw=s96-c, aud=[909915657042-l07l5jl8r3v54r15k12hp7vev9dor6r7.apps.googleusercontent.com], azp=909915657042-l07l5jl8r3v54r15k12hp7vev9dor6r7.apps.googleusercontent.com, name=Павел Королев, exp=2025-04-16T23:04:49Z, family_name=Королев, iat=2025-04-16T22:04:49Z, email=passapdom@gmail.com}], Credentials=[PROTECTED], Authenticated=true, Details=WebAuthenticationDetails [RemoteIpAddress=0:0:0:0:0:0:0:1, SessionId=18FC5C86CA7512B4994A46339D0A1603], Granted Authorities=[OIDC_USER, SCOPE_https://www.googleapis.com/auth/userinfo.email, SCOPE_https://www.googleapis.com/auth/userinfo.profile, SCOPE_openid]]]
2025-04-17 01:18:20 [http-nio-8080-exec-10] [DEBUG] o.s.s.w.a.i.FilterSecurityInterceptor - Authorized filter invocation [GET /img/logo_alliance.png] with attributes [permitAll]
2025-04-17 01:18:20 [http-nio-8080-exec-8] [DEBUG] o.s.s.w.a.i.FilterSecurityInterceptor - Authorized filter invocation [GET /css/styles.css] with attributes [permitAll]
2025-04-17 01:18:20 [http-nio-8080-exec-10] [DEBUG] o.s.security.web.FilterChainProxy - Secured GET /img/logo_alliance.png
2025-04-17 01:18:20 [http-nio-8080-exec-8] [DEBUG] o.s.security.web.FilterChainProxy - Secured GET /css/styles.css
2025-04-17 01:18:20 [http-nio-8080-exec-9] [DEBUG] o.s.security.web.FilterChainProxy - Securing GET /excursion/tour/7
2025-04-17 01:18:20 [http-nio-8080-exec-9] [DEBUG] o.s.s.w.c.HttpSessionSecurityContextRepository - Retrieved SecurityContextImpl [Authentication=OAuth2AuthenticationToken [Principal=Name: [107234087105093742255], Granted Authorities: [[OIDC_USER, SCOPE_https://www.googleapis.com/auth/userinfo.email, SCOPE_https://www.googleapis.com/auth/userinfo.profile, SCOPE_openid]], User Attributes: [{at_hash=D05y8WM0mlpixJgpuakpnA, sub=107234087105093742255, email_verified=true, iss=https://accounts.google.com, given_name=Павел, nonce=8Qt59fWYfMeFQUA2_SVF6J9Has2Kz6h3Ub85vX-P0T0, picture=https://lh3.googleusercontent.com/a/ACg8ocJJoh9jonlTH61VWgvXCiXb0zCDjifGZZtZ30sCErS3N5ntDw=s96-c, aud=[909915657042-l07l5jl8r3v54r15k12hp7vev9dor6r7.apps.googleusercontent.com], azp=909915657042-l07l5jl8r3v54r15k12hp7vev9dor6r7.apps.googleusercontent.com, name=Павел Королев, exp=2025-04-16T23:04:49Z, family_name=Королев, iat=2025-04-16T22:04:49Z, email=passapdom@gmail.com}], Credentials=[PROTECTED], Authenticated=true, Details=WebAuthenticationDetails [RemoteIpAddress=0:0:0:0:0:0:0:1, SessionId=18FC5C86CA7512B4994A46339D0A1603], Granted Authorities=[OIDC_USER, SCOPE_https://www.googleapis.com/auth/userinfo.email, SCOPE_https://www.googleapis.com/auth/userinfo.profile, SCOPE_openid]]]
2025-04-17 01:18:20 [http-nio-8080-exec-9] [DEBUG] o.s.s.w.a.i.FilterSecurityInterceptor - Authorized filter invocation [GET /excursion/tour/7] with attributes [permitAll]
2025-04-17 01:18:20 [http-nio-8080-exec-9] [DEBUG] o.s.security.web.FilterChainProxy - Secured GET /excursion/tour/7
2025-04-17 01:18:20 [http-nio-8080-exec-2] [DEBUG] o.s.security.web.FilterChainProxy - Securing GET /excursion/tour/7
2025-04-17 01:18:20 [http-nio-8080-exec-2] [DEBUG] o.s.s.w.c.HttpSessionSecurityContextRepository - Retrieved SecurityContextImpl [Authentication=OAuth2AuthenticationToken [Principal=Name: [107234087105093742255], Granted Authorities: [[OIDC_USER, SCOPE_https://www.googleapis.com/auth/userinfo.email, SCOPE_https://www.googleapis.com/auth/userinfo.profile, SCOPE_openid]], User Attributes: [{at_hash=D05y8WM0mlpixJgpuakpnA, sub=107234087105093742255, email_verified=true, iss=https://accounts.google.com, given_name=Павел, nonce=8Qt59fWYfMeFQUA2_SVF6J9Has2Kz6h3Ub85vX-P0T0, picture=https://lh3.googleusercontent.com/a/ACg8ocJJoh9jonlTH61VWgvXCiXb0zCDjifGZZtZ30sCErS3N5ntDw=s96-c, aud=[909915657042-l07l5jl8r3v54r15k12hp7vev9dor6r7.apps.googleusercontent.com], azp=909915657042-l07l5jl8r3v54r15k12hp7vev9dor6r7.apps.googleusercontent.com, name=Павел Королев, exp=2025-04-16T23:04:49Z, family_name=Королев, iat=2025-04-16T22:04:49Z, email=passapdom@gmail.com}], Credentials=[PROTECTED], Authenticated=true, Details=WebAuthenticationDetails [RemoteIpAddress=0:0:0:0:0:0:0:1, SessionId=18FC5C86CA7512B4994A46339D0A1603], Granted Authorities=[OIDC_USER, SCOPE_https://www.googleapis.com/auth/userinfo.email, SCOPE_https://www.googleapis.com/auth/userinfo.profile, SCOPE_openid]]]
2025-04-17 01:18:20 [http-nio-8080-exec-2] [DEBUG] o.s.s.w.a.i.FilterSecurityInterceptor - Authorized filter invocation [GET /excursion/tour/7] with attributes [permitAll]
2025-04-17 01:18:20 [http-nio-8080-exec-2] [DEBUG] o.s.security.web.FilterChainProxy - Secured GET /excursion/tour/7
2025-04-17 01:18:21 [http-nio-8080-exec-9] [INFO] r.k.a.u.s.CheckAuthorizeService - checkAdmin is starting, principal: OAuth2AuthenticationToken [Principal=Name: [107234087105093742255], Granted Authorities: [[OIDC_USER, SCOPE_https://www.googleapis.com/auth/userinfo.email, SCOPE_https://www.googleapis.com/auth/userinfo.profile, SCOPE_openid]], User Attributes: [{at_hash=D05y8WM0mlpixJgpuakpnA, sub=107234087105093742255, email_verified=true, iss=https://accounts.google.com, given_name=Павел, nonce=8Qt59fWYfMeFQUA2_SVF6J9Has2Kz6h3Ub85vX-P0T0, picture=https://lh3.googleusercontent.com/a/ACg8ocJJoh9jonlTH61VWgvXCiXb0zCDjifGZZtZ30sCErS3N5ntDw=s96-c, aud=[909915657042-l07l5jl8r3v54r15k12hp7vev9dor6r7.apps.googleusercontent.com], azp=909915657042-l07l5jl8r3v54r15k12hp7vev9dor6r7.apps.googleusercontent.com, name=Павел Королев, exp=2025-04-16T23:04:49Z, family_name=Королев, iat=2025-04-16T22:04:49Z, email=passapdom@gmail.com}], Credentials=[PROTECTED], Authenticated=true, Details=WebAuthenticationDetails [RemoteIpAddress=0:0:0:0:0:0:0:1, SessionId=18FC5C86CA7512B4994A46339D0A1603], Granted Authorities=[OIDC_USER, SCOPE_https://www.googleapis.com/auth/userinfo.email, SCOPE_https://www.googleapis.com/auth/userinfo.profile, SCOPE_openid]]
2025-04-17 01:18:21 [http-nio-8080-exec-9] [INFO] r.k.a.u.s.CheckAuthorizeService - checkAdmin: principal != null
2025-04-17 01:18:21 [http-nio-8080-exec-9] [INFO] r.k.a.u.s.CheckAuthorizeService - Principal is OAuth2AuthenticationToken
2025-04-17 01:18:21 [http-nio-8080-exec-9] [INFO] r.k.a.u.s.CheckAuthorizeService - Checking admin rights for email: passapdom@gmail.com
2025-04-17 01:18:21 [http-nio-8080-exec-9] [INFO] r.k.a.u.s.CheckAuthorizeService - User roles: [ADMIN]
2025-04-17 01:18:21 [http-nio-8080-exec-2] [INFO] r.k.a.u.s.CheckAuthorizeService - checkAdmin is starting, principal: OAuth2AuthenticationToken [Principal=Name: [107234087105093742255], Granted Authorities: [[OIDC_USER, SCOPE_https://www.googleapis.com/auth/userinfo.email, SCOPE_https://www.googleapis.com/auth/userinfo.profile, SCOPE_openid]], User Attributes: [{at_hash=D05y8WM0mlpixJgpuakpnA, sub=107234087105093742255, email_verified=true, iss=https://accounts.google.com, given_name=Павел, nonce=8Qt59fWYfMeFQUA2_SVF6J9Has2Kz6h3Ub85vX-P0T0, picture=https://lh3.googleusercontent.com/a/ACg8ocJJoh9jonlTH61VWgvXCiXb0zCDjifGZZtZ30sCErS3N5ntDw=s96-c, aud=[909915657042-l07l5jl8r3v54r15k12hp7vev9dor6r7.apps.googleusercontent.com], azp=909915657042-l07l5jl8r3v54r15k12hp7vev9dor6r7.apps.googleusercontent.com, name=Павел Королев, exp=2025-04-16T23:04:49Z, family_name=Королев, iat=2025-04-16T22:04:49Z, email=passapdom@gmail.com}], Credentials=[PROTECTED], Authenticated=true, Details=WebAuthenticationDetails [RemoteIpAddress=0:0:0:0:0:0:0:1, SessionId=18FC5C86CA7512B4994A46339D0A1603], Granted Authorities=[OIDC_USER, SCOPE_https://www.googleapis.com/auth/userinfo.email, SCOPE_https://www.googleapis.com/auth/userinfo.profile, SCOPE_openid]]
2025-04-17 01:18:21 [http-nio-8080-exec-2] [INFO] r.k.a.u.s.CheckAuthorizeService - checkAdmin: principal != null
2025-04-17 01:18:21 [http-nio-8080-exec-2] [INFO] r.k.a.u.s.CheckAuthorizeService - Principal is OAuth2AuthenticationToken
2025-04-17 01:18:21 [http-nio-8080-exec-2] [INFO] r.k.a.u.s.CheckAuthorizeService - Checking admin rights for email: passapdom@gmail.com
2025-04-17 01:18:21 [http-nio-8080-exec-2] [INFO] r.k.a.u.s.CheckAuthorizeService - User roles: [ADMIN]
2025-04-17 01:18:21 [http-nio-8080-exec-3] [DEBUG] o.s.security.web.FilterChainProxy - Securing GET /css/styles.css
2025-04-17 01:18:21 [http-nio-8080-exec-3] [DEBUG] o.s.s.w.c.HttpSessionSecurityContextRepository - Retrieved SecurityContextImpl [Authentication=OAuth2AuthenticationToken [Principal=Name: [107234087105093742255], Granted Authorities: [[OIDC_USER, SCOPE_https://www.googleapis.com/auth/userinfo.email, SCOPE_https://www.googleapis.com/auth/userinfo.profile, SCOPE_openid]], User Attributes: [{at_hash=D05y8WM0mlpixJgpuakpnA, sub=107234087105093742255, email_verified=true, iss=https://accounts.google.com, given_name=Павел, nonce=8Qt59fWYfMeFQUA2_SVF6J9Has2Kz6h3Ub85vX-P0T0, picture=https://lh3.googleusercontent.com/a/ACg8ocJJoh9jonlTH61VWgvXCiXb0zCDjifGZZtZ30sCErS3N5ntDw=s96-c, aud=[909915657042-l07l5jl8r3v54r15k12hp7vev9dor6r7.apps.googleusercontent.com], azp=909915657042-l07l5jl8r3v54r15k12hp7vev9dor6r7.apps.googleusercontent.com, name=Павел Королев, exp=2025-04-16T23:04:49Z, family_name=Королев, iat=2025-04-16T22:04:49Z, email=passapdom@gmail.com}], Credentials=[PROTECTED], Authenticated=true, Details=WebAuthenticationDetails [RemoteIpAddress=0:0:0:0:0:0:0:1, SessionId=18FC5C86CA7512B4994A46339D0A1603], Granted Authorities=[OIDC_USER, SCOPE_https://www.googleapis.com/auth/userinfo.email, SCOPE_https://www.googleapis.com/auth/userinfo.profile, SCOPE_openid]]]
2025-04-17 01:18:21 [http-nio-8080-exec-3] [DEBUG] o.s.s.w.a.i.FilterSecurityInterceptor - Authorized filter invocation [GET /css/styles.css] with attributes [permitAll]
2025-04-17 01:18:21 [http-nio-8080-exec-3] [DEBUG] o.s.security.web.FilterChainProxy - Secured GET /css/styles.css
2025-04-17 01:18:21 [http-nio-8080-exec-4] [DEBUG] o.s.security.web.FilterChainProxy - Securing GET /img/logo_alliance.png
2025-04-17 01:18:21 [http-nio-8080-exec-1] [DEBUG] o.s.security.web.FilterChainProxy - Securing GET /images/tour/70efb4f2-568c-40d0-b39f-55ed0ccbc07e_00-Козельск.jpg
2025-04-17 01:18:21 [http-nio-8080-exec-1] [DEBUG] o.s.s.w.c.HttpSessionSecurityContextRepository - Retrieved SecurityContextImpl [Authentication=OAuth2AuthenticationToken [Principal=Name: [107234087105093742255], Granted Authorities: [[OIDC_USER, SCOPE_https://www.googleapis.com/auth/userinfo.email, SCOPE_https://www.googleapis.com/auth/userinfo.profile, SCOPE_openid]], User Attributes: [{at_hash=D05y8WM0mlpixJgpuakpnA, sub=107234087105093742255, email_verified=true, iss=https://accounts.google.com, given_name=Павел, nonce=8Qt59fWYfMeFQUA2_SVF6J9Has2Kz6h3Ub85vX-P0T0, picture=https://lh3.googleusercontent.com/a/ACg8ocJJoh9jonlTH61VWgvXCiXb0zCDjifGZZtZ30sCErS3N5ntDw=s96-c, aud=[909915657042-l07l5jl8r3v54r15k12hp7vev9dor6r7.apps.googleusercontent.com], azp=909915657042-l07l5jl8r3v54r15k12hp7vev9dor6r7.apps.googleusercontent.com, name=Павел Королев, exp=2025-04-16T23:04:49Z, family_name=Королев, iat=2025-04-16T22:04:49Z, email=passapdom@gmail.com}], Credentials=[PROTECTED], Authenticated=true, Details=WebAuthenticationDetails [RemoteIpAddress=0:0:0:0:0:0:0:1, SessionId=18FC5C86CA7512B4994A46339D0A1603], Granted Authorities=[OIDC_USER, SCOPE_https://www.googleapis.com/auth/userinfo.email, SCOPE_https://www.googleapis.com/auth/userinfo.profile, SCOPE_openid]]]
2025-04-17 01:18:21 [http-nio-8080-exec-4] [DEBUG] o.s.s.w.c.HttpSessionSecurityContextRepository - Retrieved SecurityContextImpl [Authentication=OAuth2AuthenticationToken [Principal=Name: [107234087105093742255], Granted Authorities: [[OIDC_USER, SCOPE_https://www.googleapis.com/auth/userinfo.email, SCOPE_https://www.googleapis.com/auth/userinfo.profile, SCOPE_openid]], User Attributes: [{at_hash=D05y8WM0mlpixJgpuakpnA, sub=107234087105093742255, email_verified=true, iss=https://accounts.google.com, given_name=Павел, nonce=8Qt59fWYfMeFQUA2_SVF6J9Has2Kz6h3Ub85vX-P0T0, picture=https://lh3.googleusercontent.com/a/ACg8ocJJoh9jonlTH61VWgvXCiXb0zCDjifGZZtZ30sCErS3N5ntDw=s96-c, aud=[909915657042-l07l5jl8r3v54r15k12hp7vev9dor6r7.apps.googleusercontent.com], azp=909915657042-l07l5jl8r3v54r15k12hp7vev9dor6r7.apps.googleusercontent.com, name=Павел Королев, exp=2025-04-16T23:04:49Z, family_name=Королев, iat=2025-04-16T22:04:49Z, email=passapdom@gmail.com}], Credentials=[PROTECTED], Authenticated=true, Details=WebAuthenticationDetails [RemoteIpAddress=0:0:0:0:0:0:0:1, SessionId=18FC5C86CA7512B4994A46339D0A1603], Granted Authorities=[OIDC_USER, SCOPE_https://www.googleapis.com/auth/userinfo.email, SCOPE_https://www.googleapis.com/auth/userinfo.profile, SCOPE_openid]]]
2025-04-17 01:18:21 [http-nio-8080-exec-4] [DEBUG] o.s.s.w.a.i.FilterSecurityInterceptor - Authorized filter invocation [GET /img/logo_alliance.png] with attributes [permitAll]
2025-04-17 01:18:21 [http-nio-8080-exec-1] [DEBUG] o.s.s.w.a.i.FilterSecurityInterceptor - Authorized filter invocation [GET /images/tour/70efb4f2-568c-40d0-b39f-55ed0ccbc07e_00-Козельск.jpg] with attributes [permitAll]
2025-04-17 01:18:21 [http-nio-8080-exec-4] [DEBUG] o.s.security.web.FilterChainProxy - Secured GET /img/logo_alliance.png
2025-04-17 01:18:21 [http-nio-8080-exec-1] [DEBUG] o.s.security.web.FilterChainProxy - Secured GET /images/tour/70efb4f2-568c-40d0-b39f-55ed0ccbc07e_00-Козельск.jpg
2025-04-17 01:18:21 [http-nio-8080-exec-6] [DEBUG] o.s.security.web.FilterChainProxy - Securing GET /images/tour/9a82b164-22ad-4d36-b819-c6f0b357f20e_01.jpg
2025-04-17 01:18:21 [http-nio-8080-exec-7] [DEBUG] o.s.security.web.FilterChainProxy - Securing GET /images/tour/ab411480-0960-49e0-851d-d9a6ee643bbf_photo_2024-12-23_22-18-02.jpg
2025-04-17 01:18:21 [http-nio-8080-exec-5] [DEBUG] o.s.security.web.FilterChainProxy - Securing GET /images/tour/2fda8126-ebe8-4ae8-8cc0-41fba6cc8428_photo_2024-12-23_22-18-01.jpg
2025-04-17 01:18:21 [http-nio-8080-exec-8] [DEBUG] o.s.security.web.FilterChainProxy - Securing GET /images/tour/414b0294-d609-404f-b29e-bce0b3a8dd2d_2.jpg
2025-04-17 01:18:21 [http-nio-8080-exec-7] [DEBUG] o.s.s.w.c.HttpSessionSecurityContextRepository - Retrieved SecurityContextImpl [Authentication=OAuth2AuthenticationToken [Principal=Name: [107234087105093742255], Granted Authorities: [[OIDC_USER, SCOPE_https://www.googleapis.com/auth/userinfo.email, SCOPE_https://www.googleapis.com/auth/userinfo.profile, SCOPE_openid]], User Attributes: [{at_hash=D05y8WM0mlpixJgpuakpnA, sub=107234087105093742255, email_verified=true, iss=https://accounts.google.com, given_name=Павел, nonce=8Qt59fWYfMeFQUA2_SVF6J9Has2Kz6h3Ub85vX-P0T0, picture=https://lh3.googleusercontent.com/a/ACg8ocJJoh9jonlTH61VWgvXCiXb0zCDjifGZZtZ30sCErS3N5ntDw=s96-c, aud=[909915657042-l07l5jl8r3v54r15k12hp7vev9dor6r7.apps.googleusercontent.com], azp=909915657042-l07l5jl8r3v54r15k12hp7vev9dor6r7.apps.googleusercontent.com, name=Павел Королев, exp=2025-04-16T23:04:49Z, family_name=Королев, iat=2025-04-16T22:04:49Z, email=passapdom@gmail.com}], Credentials=[PROTECTED], Authenticated=true, Details=WebAuthenticationDetails [RemoteIpAddress=0:0:0:0:0:0:0:1, SessionId=18FC5C86CA7512B4994A46339D0A1603], Granted Authorities=[OIDC_USER, SCOPE_https://www.googleapis.com/auth/userinfo.email, SCOPE_https://www.googleapis.com/auth/userinfo.profile, SCOPE_openid]]]
2025-04-17 01:18:21 [http-nio-8080-exec-5] [DEBUG] o.s.s.w.c.HttpSessionSecurityContextRepository - Retrieved SecurityContextImpl [Authentication=OAuth2AuthenticationToken [Principal=Name: [107234087105093742255], Granted Authorities: [[OIDC_USER, SCOPE_https://www.googleapis.com/auth/userinfo.email, SCOPE_https://www.googleapis.com/auth/userinfo.profile, SCOPE_openid]], User Attributes: [{at_hash=D05y8WM0mlpixJgpuakpnA, sub=107234087105093742255, email_verified=true, iss=https://accounts.google.com, given_name=Павел, nonce=8Qt59fWYfMeFQUA2_SVF6J9Has2Kz6h3Ub85vX-P0T0, picture=https://lh3.googleusercontent.com/a/ACg8ocJJoh9jonlTH61VWgvXCiXb0zCDjifGZZtZ30sCErS3N5ntDw=s96-c, aud=[909915657042-l07l5jl8r3v54r15k12hp7vev9dor6r7.apps.googleusercontent.com], azp=909915657042-l07l5jl8r3v54r15k12hp7vev9dor6r7.apps.googleusercontent.com, name=Павел Королев, exp=2025-04-16T23:04:49Z, family_name=Королев, iat=2025-04-16T22:04:49Z, email=passapdom@gmail.com}], Credentials=[PROTECTED], Authenticated=true, Details=WebAuthenticationDetails [RemoteIpAddress=0:0:0:0:0:0:0:1, SessionId=18FC5C86CA7512B4994A46339D0A1603], Granted Authorities=[OIDC_USER, SCOPE_https://www.googleapis.com/auth/userinfo.email, SCOPE_https://www.googleapis.com/auth/userinfo.profile, SCOPE_openid]]]
2025-04-17 01:18:21 [http-nio-8080-exec-6] [DEBUG] o.s.s.w.c.HttpSessionSecurityContextRepository - Retrieved SecurityContextImpl [Authentication=OAuth2AuthenticationToken [Principal=Name: [107234087105093742255], Granted Authorities: [[OIDC_USER, SCOPE_https://www.googleapis.com/auth/userinfo.email, SCOPE_https://www.googleapis.com/auth/userinfo.profile, SCOPE_openid]], User Attributes: [{at_hash=D05y8WM0mlpixJgpuakpnA, sub=107234087105093742255, email_verified=true, iss=https://accounts.google.com, given_name=Павел, nonce=8Qt59fWYfMeFQUA2_SVF6J9Has2Kz6h3Ub85vX-P0T0, picture=https://lh3.googleusercontent.com/a/ACg8ocJJoh9jonlTH61VWgvXCiXb0zCDjifGZZtZ30sCErS3N5ntDw=s96-c, aud=[909915657042-l07l5jl8r3v54r15k12hp7vev9dor6r7.apps.googleusercontent.com], azp=909915657042-l07l5jl8r3v54r15k12hp7vev9dor6r7.apps.googleusercontent.com, name=Павел Королев, exp=2025-04-16T23:04:49Z, family_name=Королев, iat=2025-04-16T22:04:49Z, email=passapdom@gmail.com}], Credentials=[PROTECTED], Authenticated=true, Details=WebAuthenticationDetails [RemoteIpAddress=0:0:0:0:0:0:0:1, SessionId=18FC5C86CA7512B4994A46339D0A1603], Granted Authorities=[OIDC_USER, SCOPE_https://www.googleapis.com/auth/userinfo.email, SCOPE_https://www.googleapis.com/auth/userinfo.profile, SCOPE_openid]]]
2025-04-17 01:18:21 [http-nio-8080-exec-8] [DEBUG] o.s.s.w.c.HttpSessionSecurityContextRepository - Retrieved SecurityContextImpl [Authentication=OAuth2AuthenticationToken [Principal=Name: [107234087105093742255], Granted Authorities: [[OIDC_USER, SCOPE_https://www.googleapis.com/auth/userinfo.email, SCOPE_https://www.googleapis.com/auth/userinfo.profile, SCOPE_openid]], User Attributes: [{at_hash=D05y8WM0mlpixJgpuakpnA, sub=107234087105093742255, email_verified=true, iss=https://accounts.google.com, given_name=Павел, nonce=8Qt59fWYfMeFQUA2_SVF6J9Has2Kz6h3Ub85vX-P0T0, picture=https://lh3.googleusercontent.com/a/ACg8ocJJoh9jonlTH61VWgvXCiXb0zCDjifGZZtZ30sCErS3N5ntDw=s96-c, aud=[909915657042-l07l5jl8r3v54r15k12hp7vev9dor6r7.apps.googleusercontent.com], azp=909915657042-l07l5jl8r3v54r15k12hp7vev9dor6r7.apps.googleusercontent.com, name=Павел Королев, exp=2025-04-16T23:04:49Z, family_name=Королев, iat=2025-04-16T22:04:49Z, email=passapdom@gmail.com}], Credentials=[PROTECTED], Authenticated=true, Details=WebAuthenticationDetails [RemoteIpAddress=0:0:0:0:0:0:0:1, SessionId=18FC5C86CA7512B4994A46339D0A1603], Granted Authorities=[OIDC_USER, SCOPE_https://www.googleapis.com/auth/userinfo.email, SCOPE_https://www.googleapis.com/auth/userinfo.profile, SCOPE_openid]]]
2025-04-17 01:18:21 [http-nio-8080-exec-6] [DEBUG] o.s.s.w.a.i.FilterSecurityInterceptor - Authorized filter invocation [GET /images/tour/9a82b164-22ad-4d36-b819-c6f0b357f20e_01.jpg] with attributes [permitAll]
2025-04-17 01:18:21 [http-nio-8080-exec-5] [DEBUG] o.s.s.w.a.i.FilterSecurityInterceptor - Authorized filter invocation [GET /images/tour/2fda8126-ebe8-4ae8-8cc0-41fba6cc8428_photo_2024-12-23_22-18-01.jpg] with attributes [permitAll]
2025-04-17 01:18:21 [http-nio-8080-exec-7] [DEBUG] o.s.s.w.a.i.FilterSecurityInterceptor - Authorized filter invocation [GET /images/tour/ab411480-0960-49e0-851d-d9a6ee643bbf_photo_2024-12-23_22-18-02.jpg] with attributes [permitAll]
2025-04-17 01:18:21 [http-nio-8080-exec-8] [DEBUG] o.s.s.w.a.i.FilterSecurityInterceptor - Authorized filter invocation [GET /images/tour/414b0294-d609-404f-b29e-bce0b3a8dd2d_2.jpg] with attributes [permitAll]
2025-04-17 01:18:21 [http-nio-8080-exec-6] [DEBUG] o.s.security.web.FilterChainProxy - Secured GET /images/tour/9a82b164-22ad-4d36-b819-c6f0b357f20e_01.jpg
2025-04-17 01:18:21 [http-nio-8080-exec-7] [DEBUG] o.s.security.web.FilterChainProxy - Secured GET /images/tour/ab411480-0960-49e0-851d-d9a6ee643bbf_photo_2024-12-23_22-18-02.jpg
2025-04-17 01:18:21 [http-nio-8080-exec-5] [DEBUG] o.s.security.web.FilterChainProxy - Secured GET /images/tour/2fda8126-ebe8-4ae8-8cc0-41fba6cc8428_photo_2024-12-23_22-18-01.jpg
2025-04-17 01:18:21 [http-nio-8080-exec-8] [DEBUG] o.s.security.web.FilterChainProxy - Secured GET /images/tour/414b0294-d609-404f-b29e-bce0b3a8dd2d_2.jpg
2025-04-17 01:18:23 [http-nio-8080-exec-10] [DEBUG] o.s.security.web.FilterChainProxy - Securing POST /logout
2025-04-17 01:18:23 [http-nio-8080-exec-10] [DEBUG] o.s.s.w.c.HttpSessionSecurityContextRepository - Retrieved SecurityContextImpl [Authentication=OAuth2AuthenticationToken [Principal=Name: [107234087105093742255], Granted Authorities: [[OIDC_USER, SCOPE_https://www.googleapis.com/auth/userinfo.email, SCOPE_https://www.googleapis.com/auth/userinfo.profile, SCOPE_openid]], User Attributes: [{at_hash=D05y8WM0mlpixJgpuakpnA, sub=107234087105093742255, email_verified=true, iss=https://accounts.google.com, given_name=Павел, nonce=8Qt59fWYfMeFQUA2_SVF6J9Has2Kz6h3Ub85vX-P0T0, picture=https://lh3.googleusercontent.com/a/ACg8ocJJoh9jonlTH61VWgvXCiXb0zCDjifGZZtZ30sCErS3N5ntDw=s96-c, aud=[909915657042-l07l5jl8r3v54r15k12hp7vev9dor6r7.apps.googleusercontent.com], azp=909915657042-l07l5jl8r3v54r15k12hp7vev9dor6r7.apps.googleusercontent.com, name=Павел Королев, exp=2025-04-16T23:04:49Z, family_name=Королев, iat=2025-04-16T22:04:49Z, email=passapdom@gmail.com}], Credentials=[PROTECTED], Authenticated=true, Details=WebAuthenticationDetails [RemoteIpAddress=0:0:0:0:0:0:0:1, SessionId=18FC5C86CA7512B4994A46339D0A1603], Granted Authorities=[OIDC_USER, SCOPE_https://www.googleapis.com/auth/userinfo.email, SCOPE_https://www.googleapis.com/auth/userinfo.profile, SCOPE_openid]]]
2025-04-17 01:18:23 [http-nio-8080-exec-10] [DEBUG] o.s.s.w.a.logout.LogoutFilter - Logging out [OAuth2AuthenticationToken [Principal=Name: [107234087105093742255], Granted Authorities: [[OIDC_USER, SCOPE_https://www.googleapis.com/auth/userinfo.email, SCOPE_https://www.googleapis.com/auth/userinfo.profile, SCOPE_openid]], User Attributes: [{at_hash=D05y8WM0mlpixJgpuakpnA, sub=107234087105093742255, email_verified=true, iss=https://accounts.google.com, given_name=Павел, nonce=8Qt59fWYfMeFQUA2_SVF6J9Has2Kz6h3Ub85vX-P0T0, picture=https://lh3.googleusercontent.com/a/ACg8ocJJoh9jonlTH61VWgvXCiXb0zCDjifGZZtZ30sCErS3N5ntDw=s96-c, aud=[909915657042-l07l5jl8r3v54r15k12hp7vev9dor6r7.apps.googleusercontent.com], azp=909915657042-l07l5jl8r3v54r15k12hp7vev9dor6r7.apps.googleusercontent.com, name=Павел Королев, exp=2025-04-16T23:04:49Z, family_name=Королев, iat=2025-04-16T22:04:49Z, email=passapdom@gmail.com}], Credentials=[PROTECTED], Authenticated=true, Details=WebAuthenticationDetails [RemoteIpAddress=0:0:0:0:0:0:0:1, SessionId=18FC5C86CA7512B4994A46339D0A1603], Granted Authorities=[OIDC_USER, SCOPE_https://www.googleapis.com/auth/userinfo.email, SCOPE_https://www.googleapis.com/auth/userinfo.profile, SCOPE_openid]]]
2025-04-17 01:18:23 [http-nio-8080-exec-10] [DEBUG] o.s.s.w.a.l.SecurityContextLogoutHandler - Invalidated session 61C41C09E0D2C32FD1859EFE6915F536
2025-04-17 01:18:23 [http-nio-8080-exec-10] [DEBUG] o.s.s.web.DefaultRedirectStrategy - Redirecting to /realty
2025-04-17 01:18:23 [http-nio-8080-exec-9] [DEBUG] o.s.security.web.FilterChainProxy - Securing GET /realty
2025-04-17 01:18:23 [http-nio-8080-exec-9] [DEBUG] o.s.s.w.a.AnonymousAuthenticationFilter - Set SecurityContextHolder to anonymous SecurityContext
2025-04-17 01:18:23 [http-nio-8080-exec-9] [DEBUG] o.s.s.w.a.i.FilterSecurityInterceptor - Authorized filter invocation [GET /realty] with attributes [permitAll]
2025-04-17 01:18:23 [http-nio-8080-exec-9] [DEBUG] o.s.security.web.FilterChainProxy - Secured GET /realty
2025-04-17 01:18:23 [http-nio-8080-exec-9] [INFO] r.k.a.u.s.CheckAuthorizeService - checkAdmin is starting, principal: null
2025-04-17 01:18:23 [http-nio-8080-exec-3] [DEBUG] o.s.security.web.FilterChainProxy - Securing GET /img/logo_alliance.png
2025-04-17 01:18:23 [http-nio-8080-exec-2] [DEBUG] o.s.security.web.FilterChainProxy - Securing GET /css/styles.css
2025-04-17 01:18:23 [http-nio-8080-exec-2] [DEBUG] o.s.s.w.a.AnonymousAuthenticationFilter - Set SecurityContextHolder to anonymous SecurityContext
2025-04-17 01:18:23 [http-nio-8080-exec-3] [DEBUG] o.s.s.w.a.AnonymousAuthenticationFilter - Set SecurityContextHolder to anonymous SecurityContext
2025-04-17 01:18:23 [http-nio-8080-exec-2] [DEBUG] o.s.s.w.a.i.FilterSecurityInterceptor - Authorized filter invocation [GET /css/styles.css] with attributes [permitAll]
2025-04-17 01:18:23 [http-nio-8080-exec-3] [DEBUG] o.s.s.w.a.i.FilterSecurityInterceptor - Authorized filter invocation [GET /img/logo_alliance.png] with attributes [permitAll]
2025-04-17 01:18:23 [http-nio-8080-exec-2] [DEBUG] o.s.security.web.FilterChainProxy - Secured GET /css/styles.css
2025-04-17 01:18:23 [http-nio-8080-exec-3] [DEBUG] o.s.security.web.FilterChainProxy - Secured GET /img/logo_alliance.png
2025-04-17 01:18:23 [http-nio-8080-exec-1] [DEBUG] o.s.security.web.FilterChainProxy - Securing GET /images/advertisementSale/d4315efc-c703-4501-a94b-81ff7ce200a0_photo_2024-12-23_22-17-59.jpg
2025-04-17 01:18:23 [http-nio-8080-exec-4] [DEBUG] o.s.security.web.FilterChainProxy - Securing GET /img/agency.jpg
2025-04-17 01:18:23 [http-nio-8080-exec-1] [DEBUG] o.s.s.w.a.AnonymousAuthenticationFilter - Set SecurityContextHolder to anonymous SecurityContext
2025-04-17 01:18:23 [http-nio-8080-exec-4] [DEBUG] o.s.s.w.a.AnonymousAuthenticationFilter - Set SecurityContextHolder to anonymous SecurityContext
2025-04-17 01:18:23 [http-nio-8080-exec-5] [DEBUG] o.s.security.web.FilterChainProxy - Securing GET /images/advertisementSale/f59acdf2-baf6-4bc0-b36b-35e41bacd18b_photo_2024-12-23_22-17-54.jpg
2025-04-17 01:18:23 [http-nio-8080-exec-7] [DEBUG] o.s.security.web.FilterChainProxy - Securing GET /images/placeholder.jpg
2025-04-17 01:18:23 [http-nio-8080-exec-5] [DEBUG] o.s.s.w.a.AnonymousAuthenticationFilter - Set SecurityContextHolder to anonymous SecurityContext
2025-04-17 01:18:23 [http-nio-8080-exec-1] [DEBUG] o.s.s.w.a.i.FilterSecurityInterceptor - Authorized filter invocation [GET /images/advertisementSale/d4315efc-c703-4501-a94b-81ff7ce200a0_photo_2024-12-23_22-17-59.jpg] with attributes [permitAll]
2025-04-17 01:18:23 [http-nio-8080-exec-7] [DEBUG] o.s.s.w.a.AnonymousAuthenticationFilter - Set SecurityContextHolder to anonymous SecurityContext
2025-04-17 01:18:23 [http-nio-8080-exec-4] [DEBUG] o.s.s.w.a.i.FilterSecurityInterceptor - Authorized filter invocation [GET /img/agency.jpg] with attributes [permitAll]
2025-04-17 01:18:23 [http-nio-8080-exec-5] [DEBUG] o.s.s.w.a.i.FilterSecurityInterceptor - Authorized filter invocation [GET /images/advertisementSale/f59acdf2-baf6-4bc0-b36b-35e41bacd18b_photo_2024-12-23_22-17-54.jpg] with attributes [permitAll]
2025-04-17 01:18:23 [http-nio-8080-exec-4] [DEBUG] o.s.security.web.FilterChainProxy - Secured GET /img/agency.jpg
2025-04-17 01:18:23 [http-nio-8080-exec-1] [DEBUG] o.s.security.web.FilterChainProxy - Secured GET /images/advertisementSale/d4315efc-c703-4501-a94b-81ff7ce200a0_photo_2024-12-23_22-17-59.jpg
2025-04-17 01:18:23 [http-nio-8080-exec-5] [DEBUG] o.s.security.web.FilterChainProxy - Secured GET /images/advertisementSale/f59acdf2-baf6-4bc0-b36b-35e41bacd18b_photo_2024-12-23_22-17-54.jpg
2025-04-17 01:18:23 [http-nio-8080-exec-8] [DEBUG] o.s.security.web.FilterChainProxy - Securing GET /images/advertisementSale/199952c8-f50d-4f4d-bedc-5c44f013ee64_Снимок экрана (6).png
2025-04-17 01:18:23 [http-nio-8080-exec-7] [DEBUG] o.s.s.w.a.i.FilterSecurityInterceptor - Authorized filter invocation [GET /images/placeholder.jpg] with attributes [permitAll]
2025-04-17 01:18:23 [http-nio-8080-exec-6] [DEBUG] o.s.security.web.FilterChainProxy - Securing GET /images/advertisementSale/0dab0807-9cf3-481e-9749-99e44f837125_photo_2024-12-23_22-18-04.jpg
2025-04-17 01:18:23 [http-nio-8080-exec-7] [DEBUG] o.s.security.web.FilterChainProxy - Secured GET /images/placeholder.jpg
2025-04-17 01:18:23 [http-nio-8080-exec-8] [DEBUG] o.s.s.w.a.AnonymousAuthenticationFilter - Set SecurityContextHolder to anonymous SecurityContext
2025-04-17 01:18:23 [http-nio-8080-exec-6] [DEBUG] o.s.s.w.a.AnonymousAuthenticationFilter - Set SecurityContextHolder to anonymous SecurityContext
2025-04-17 01:18:23 [http-nio-8080-exec-8] [DEBUG] o.s.s.w.a.i.FilterSecurityInterceptor - Authorized filter invocation [GET /images/advertisementSale/199952c8-f50d-4f4d-bedc-5c44f013ee64_Снимок экрана (6).png] with attributes [permitAll]
2025-04-17 01:18:23 [http-nio-8080-exec-8] [DEBUG] o.s.security.web.FilterChainProxy - Secured GET /images/advertisementSale/199952c8-f50d-4f4d-bedc-5c44f013ee64_Снимок экрана (6).png
2025-04-17 01:18:23 [http-nio-8080-exec-6] [DEBUG] o.s.s.w.a.i.FilterSecurityInterceptor - Authorized filter invocation [GET /images/advertisementSale/0dab0807-9cf3-481e-9749-99e44f837125_photo_2024-12-23_22-18-04.jpg] with attributes [permitAll]
2025-04-17 01:18:23 [http-nio-8080-exec-6] [DEBUG] o.s.security.web.FilterChainProxy - Secured GET /images/advertisementSale/0dab0807-9cf3-481e-9749-99e44f837125_photo_2024-12-23_22-18-04.jpg
2025-04-17 01:18:23 [http-nio-8080-exec-7] [DEBUG] o.s.security.web.FilterChainProxy - Securing GET /error
2025-04-17 01:18:23 [http-nio-8080-exec-7] [DEBUG] o.s.s.w.a.AnonymousAuthenticationFilter - Set SecurityContextHolder to anonymous SecurityContext
2025-04-17 01:18:23 [http-nio-8080-exec-7] [DEBUG] o.s.s.w.a.i.FilterSecurityInterceptor - Authorized filter invocation [GET /error] with attributes [permitAll]
2025-04-17 01:18:23 [http-nio-8080-exec-7] [DEBUG] o.s.security.web.FilterChainProxy - Secured GET /error
2025-04-17 01:18:23 [http-nio-8080-exec-2] [DEBUG] o.s.security.web.FilterChainProxy - Securing GET /images/advertisementSale/76d213ca-dba5-4b57-88f5-b6b4129f212e_photo_2024-12-23_22-17-54.jpg
2025-04-17 01:18:23 [http-nio-8080-exec-3] [DEBUG] o.s.security.web.FilterChainProxy - Securing GET /images/advertisementSale/f11f04c5-71bc-4048-ad70-323ba1188611_Снимок экрана (2).png
2025-04-17 01:18:23 [http-nio-8080-exec-10] [DEBUG] o.s.security.web.FilterChainProxy - Securing GET /images/advertisementSale/8712f027-90a6-4f31-aeed-9b8fbd323086_Снимок экрана (8).png
2025-04-17 01:18:23 [http-nio-8080-exec-9] [DEBUG] o.s.security.web.FilterChainProxy - Securing GET /images/advertisementSale/0673bdb4-3423-44e8-8636-a66497d7ab52_photo_2024-12-23_22-18-01.jpg
2025-04-17 01:18:23 [http-nio-8080-exec-2] [DEBUG] o.s.s.w.a.AnonymousAuthenticationFilter - Set SecurityContextHolder to anonymous SecurityContext
2025-04-17 01:18:23 [http-nio-8080-exec-3] [DEBUG] o.s.s.w.a.AnonymousAuthenticationFilter - Set SecurityContextHolder to anonymous SecurityContext
2025-04-17 01:18:23 [http-nio-8080-exec-10] [DEBUG] o.s.s.w.a.AnonymousAuthenticationFilter - Set SecurityContextHolder to anonymous SecurityContext
2025-04-17 01:18:23 [http-nio-8080-exec-9] [DEBUG] o.s.s.w.a.AnonymousAuthenticationFilter - Set SecurityContextHolder to anonymous SecurityContext
2025-04-17 01:18:23 [http-nio-8080-exec-2] [DEBUG] o.s.s.w.a.i.FilterSecurityInterceptor - Authorized filter invocation [GET /images/advertisementSale/76d213ca-dba5-4b57-88f5-b6b4129f212e_photo_2024-12-23_22-17-54.jpg] with attributes [permitAll]
2025-04-17 01:18:23 [http-nio-8080-exec-10] [DEBUG] o.s.s.w.a.i.FilterSecurityInterceptor - Authorized filter invocation [GET /images/advertisementSale/8712f027-90a6-4f31-aeed-9b8fbd323086_Снимок экрана (8).png] with attributes [permitAll]
2025-04-17 01:18:23 [http-nio-8080-exec-3] [DEBUG] o.s.s.w.a.i.FilterSecurityInterceptor - Authorized filter invocation [GET /images/advertisementSale/f11f04c5-71bc-4048-ad70-323ba1188611_Снимок экрана (2).png] with attributes [permitAll]
2025-04-17 01:18:23 [http-nio-8080-exec-9] [DEBUG] o.s.s.w.a.i.FilterSecurityInterceptor - Authorized filter invocation [GET /images/advertisementSale/0673bdb4-3423-44e8-8636-a66497d7ab52_photo_2024-12-23_22-18-01.jpg] with attributes [permitAll]
2025-04-17 01:18:23 [http-nio-8080-exec-2] [DEBUG] o.s.security.web.FilterChainProxy - Secured GET /images/advertisementSale/76d213ca-dba5-4b57-88f5-b6b4129f212e_photo_2024-12-23_22-17-54.jpg
2025-04-17 01:18:23 [http-nio-8080-exec-10] [DEBUG] o.s.security.web.FilterChainProxy - Secured GET /images/advertisementSale/8712f027-90a6-4f31-aeed-9b8fbd323086_Снимок экрана (8).png
2025-04-17 01:18:23 [http-nio-8080-exec-3] [DEBUG] o.s.security.web.FilterChainProxy - Secured GET /images/advertisementSale/f11f04c5-71bc-4048-ad70-323ba1188611_Снимок экрана (2).png
2025-04-17 01:18:23 [http-nio-8080-exec-9] [DEBUG] o.s.security.web.FilterChainProxy - Secured GET /images/advertisementSale/0673bdb4-3423-44e8-8636-a66497d7ab52_photo_2024-12-23_22-18-01.jpg
2025-04-17 01:18:23 [http-nio-8080-exec-5] [DEBUG] o.s.security.web.FilterChainProxy - Securing GET /images/advertisementSale/770d16f9-e061-46fc-94e4-17e8e3e3588a_photo_2024-12-23_22-18-11.jpg
2025-04-17 01:18:23 [http-nio-8080-exec-5] [DEBUG] o.s.s.w.a.AnonymousAuthenticationFilter - Set SecurityContextHolder to anonymous SecurityContext
2025-04-17 01:18:23 [http-nio-8080-exec-5] [DEBUG] o.s.s.w.a.i.FilterSecurityInterceptor - Authorized filter invocation [GET /images/advertisementSale/770d16f9-e061-46fc-94e4-17e8e3e3588a_photo_2024-12-23_22-18-11.jpg] with attributes [permitAll]
2025-04-17 01:18:23 [http-nio-8080-exec-5] [DEBUG] o.s.security.web.FilterChainProxy - Secured GET /images/advertisementSale/770d16f9-e061-46fc-94e4-17e8e3e3588a_photo_2024-12-23_22-18-11.jpg
2025-04-17 01:18:23 [http-nio-8080-exec-6] [DEBUG] o.s.security.web.FilterChainProxy - Securing GET /images/advertisementSale/6d439031-8c11-4cfd-9007-7047bd94ec62_photo_2024-12-23_22-18-10.jpg
2025-04-17 01:18:23 [http-nio-8080-exec-1] [DEBUG] o.s.security.web.FilterChainProxy - Securing GET /images/advertisementSale/15c13dfd-2da8-4565-ae8d-d9857bb9f550_photo_2024-12-23_22-17-54.jpg
2025-04-17 01:18:23 [http-nio-8080-exec-4] [DEBUG] o.s.security.web.FilterChainProxy - Securing GET /images/advertisementSale/2703da27-c848-4e9d-a261-4d33ee79f79c_photo_2024-12-23_22-17-59.jpg
2025-04-17 01:18:23 [http-nio-8080-exec-6] [DEBUG] o.s.s.w.a.AnonymousAuthenticationFilter - Set SecurityContextHolder to anonymous SecurityContext
2025-04-17 01:18:23 [http-nio-8080-exec-4] [DEBUG] o.s.s.w.a.AnonymousAuthenticationFilter - Set SecurityContextHolder to anonymous SecurityContext
2025-04-17 01:18:23 [http-nio-8080-exec-1] [DEBUG] o.s.s.w.a.AnonymousAuthenticationFilter - Set SecurityContextHolder to anonymous SecurityContext
2025-04-17 01:18:23 [http-nio-8080-exec-1] [DEBUG] o.s.s.w.a.i.FilterSecurityInterceptor - Authorized filter invocation [GET /images/advertisementSale/15c13dfd-2da8-4565-ae8d-d9857bb9f550_photo_2024-12-23_22-17-54.jpg] with attributes [permitAll]
2025-04-17 01:18:23 [http-nio-8080-exec-6] [DEBUG] o.s.s.w.a.i.FilterSecurityInterceptor - Authorized filter invocation [GET /images/advertisementSale/6d439031-8c11-4cfd-9007-7047bd94ec62_photo_2024-12-23_22-18-10.jpg] with attributes [permitAll]
2025-04-17 01:18:23 [http-nio-8080-exec-4] [DEBUG] o.s.s.w.a.i.FilterSecurityInterceptor - Authorized filter invocation [GET /images/advertisementSale/2703da27-c848-4e9d-a261-4d33ee79f79c_photo_2024-12-23_22-17-59.jpg] with attributes [permitAll]
2025-04-17 01:18:23 [http-nio-8080-exec-1] [DEBUG] o.s.security.web.FilterChainProxy - Secured GET /images/advertisementSale/15c13dfd-2da8-4565-ae8d-d9857bb9f550_photo_2024-12-23_22-17-54.jpg
2025-04-17 01:18:23 [http-nio-8080-exec-6] [DEBUG] o.s.security.web.FilterChainProxy - Secured GET /images/advertisementSale/6d439031-8c11-4cfd-9007-7047bd94ec62_photo_2024-12-23_22-18-10.jpg
2025-04-17 01:18:23 [http-nio-8080-exec-4] [DEBUG] o.s.security.web.FilterChainProxy - Secured GET /images/advertisementSale/2703da27-c848-4e9d-a261-4d33ee79f79c_photo_2024-12-23_22-17-59.jpg
2025-04-17 01:18:23 [http-nio-8080-exec-8] [DEBUG] o.s.security.web.FilterChainProxy - Securing GET /images/advertisementSale/e63bba72-f8b1-4ec8-b621-657fbcd7b1e3_kozelsk.jpg
2025-04-17 01:18:23 [http-nio-8080-exec-8] [DEBUG] o.s.s.w.a.AnonymousAuthenticationFilter - Set SecurityContextHolder to anonymous SecurityContext
2025-04-17 01:18:23 [http-nio-8080-exec-7] [DEBUG] o.s.security.web.FilterChainProxy - Securing GET /images/advertisementRent/809047fb-7261-497f-b19e-b208d4480210_photo_2024-12-23_22-17-57.jpg
2025-04-17 01:18:23 [http-nio-8080-exec-9] [DEBUG] o.s.security.web.FilterChainProxy - Securing GET /images/advertisementRent/b02c42b7-b608-4169-93f2-7ad28d186517_photo_2024-12-23_22-18-01.jpg
2025-04-17 01:18:23 [http-nio-8080-exec-8] [DEBUG] o.s.s.w.a.i.FilterSecurityInterceptor - Authorized filter invocation [GET /images/advertisementSale/e63bba72-f8b1-4ec8-b621-657fbcd7b1e3_kozelsk.jpg] with attributes [permitAll]
2025-04-17 01:18:23 [http-nio-8080-exec-9] [DEBUG] o.s.s.w.a.AnonymousAuthenticationFilter - Set SecurityContextHolder to anonymous SecurityContext
2025-04-17 01:18:23 [http-nio-8080-exec-7] [DEBUG] o.s.s.w.a.AnonymousAuthenticationFilter - Set SecurityContextHolder to anonymous SecurityContext
2025-04-17 01:18:23 [http-nio-8080-exec-8] [DEBUG] o.s.security.web.FilterChainProxy - Secured GET /images/advertisementSale/e63bba72-f8b1-4ec8-b621-657fbcd7b1e3_kozelsk.jpg
2025-04-17 01:18:23 [http-nio-8080-exec-7] [DEBUG] o.s.s.w.a.i.FilterSecurityInterceptor - Authorized filter invocation [GET /images/advertisementRent/809047fb-7261-497f-b19e-b208d4480210_photo_2024-12-23_22-17-57.jpg] with attributes [permitAll]
2025-04-17 01:18:23 [http-nio-8080-exec-9] [DEBUG] o.s.s.w.a.i.FilterSecurityInterceptor - Authorized filter invocation [GET /images/advertisementRent/b02c42b7-b608-4169-93f2-7ad28d186517_photo_2024-12-23_22-18-01.jpg] with attributes [permitAll]
2025-04-17 01:18:23 [http-nio-8080-exec-7] [DEBUG] o.s.security.web.FilterChainProxy - Secured GET /images/advertisementRent/809047fb-7261-497f-b19e-b208d4480210_photo_2024-12-23_22-17-57.jpg
2025-04-17 01:18:23 [http-nio-8080-exec-9] [DEBUG] o.s.security.web.FilterChainProxy - Secured GET /images/advertisementRent/b02c42b7-b608-4169-93f2-7ad28d186517_photo_2024-12-23_22-18-01.jpg
2025-04-17 01:18:23 [http-nio-8080-exec-2] [DEBUG] o.s.security.web.FilterChainProxy - Securing GET /images/advertisementRent/da667149-470d-4844-94d9-c5a37db0ed63_photo_2024-12-23_22-18-05.jpg
2025-04-17 01:18:23 [http-nio-8080-exec-10] [DEBUG] o.s.security.web.FilterChainProxy - Securing GET /images/advertisementRent/0a1031cd-43b5-4402-87eb-04fa80f00918_photo_2024-12-23_22-18-03.jpg
2025-04-17 01:18:23 [http-nio-8080-exec-2] [DEBUG] o.s.s.w.a.AnonymousAuthenticationFilter - Set SecurityContextHolder to anonymous SecurityContext
2025-04-17 01:18:23 [http-nio-8080-exec-10] [DEBUG] o.s.s.w.a.AnonymousAuthenticationFilter - Set SecurityContextHolder to anonymous SecurityContext
2025-04-17 01:18:23 [http-nio-8080-exec-10] [DEBUG] o.s.s.w.a.i.FilterSecurityInterceptor - Authorized filter invocation [GET /images/advertisementRent/0a1031cd-43b5-4402-87eb-04fa80f00918_photo_2024-12-23_22-18-03.jpg] with attributes [permitAll]
2025-04-17 01:18:23 [http-nio-8080-exec-2] [DEBUG] o.s.s.w.a.i.FilterSecurityInterceptor - Authorized filter invocation [GET /images/advertisementRent/da667149-470d-4844-94d9-c5a37db0ed63_photo_2024-12-23_22-18-05.jpg] with attributes [permitAll]
2025-04-17 01:18:23 [http-nio-8080-exec-10] [DEBUG] o.s.security.web.FilterChainProxy - Secured GET /images/advertisementRent/0a1031cd-43b5-4402-87eb-04fa80f00918_photo_2024-12-23_22-18-03.jpg
2025-04-17 01:18:23 [http-nio-8080-exec-2] [DEBUG] o.s.security.web.FilterChainProxy - Secured GET /images/advertisementRent/da667149-470d-4844-94d9-c5a37db0ed63_photo_2024-12-23_22-18-05.jpg
2025-04-17 01:18:23 [http-nio-8080-exec-3] [DEBUG] o.s.security.web.FilterChainProxy - Securing GET /login
2025-04-17 01:18:23 [http-nio-8080-exec-3] [DEBUG] o.s.s.w.a.AnonymousAuthenticationFilter - Set SecurityContextHolder to anonymous SecurityContext
2025-04-17 01:18:23 [http-nio-8080-exec-3] [DEBUG] o.s.s.w.a.i.FilterSecurityInterceptor - Authorized filter invocation [GET /login] with attributes [permitAll]
2025-04-17 01:18:23 [http-nio-8080-exec-3] [DEBUG] o.s.security.web.FilterChainProxy - Secured GET /login
2025-04-17 01:18:23 [http-nio-8080-exec-5] [DEBUG] o.s.security.web.FilterChainProxy - Securing GET /img/logo_alliance.png
2025-04-17 01:18:23 [http-nio-8080-exec-5] [DEBUG] o.s.s.w.a.AnonymousAuthenticationFilter - Set SecurityContextHolder to anonymous SecurityContext
2025-04-17 01:18:23 [http-nio-8080-exec-5] [DEBUG] o.s.s.w.a.i.FilterSecurityInterceptor - Authorized filter invocation [GET /img/logo_alliance.png] with attributes [permitAll]
2025-04-17 01:18:23 [http-nio-8080-exec-5] [DEBUG] o.s.security.web.FilterChainProxy - Secured GET /img/logo_alliance.png
2025-04-17 01:18:29 [http-nio-8080-exec-4] [DEBUG] o.s.security.web.FilterChainProxy - Securing POST /login
2025-04-17 01:18:29 [http-nio-8080-exec-4] [INFO] r.k.a.s.users.MyUserDetailsService - loadUserByUsername in service is starting
2025-04-17 01:18:29 [http-nio-8080-exec-4] [INFO] r.k.a.s.users.MyUserDetailsService - User roles: class org.hibernate.collection.spi.PersistentSet
2025-04-17 01:18:29 [http-nio-8080-exec-4] [INFO] r.k.a.s.users.MyUserDetailsService - loadUserByUsername in service is finished
2025-04-17 01:18:30 [http-nio-8080-exec-4] [DEBUG] o.s.s.a.d.DaoAuthenticationProvider - Authenticated user
2025-04-17 01:18:30 [http-nio-8080-exec-4] [DEBUG] o.s.s.c.session.SessionRegistryImpl - Registering session 2459085CA146D2C71AD9417970C4D1D3, for principal org.springframework.security.core.userdetails.User [Username=user1@gmail.com, Password=[PROTECTED], Enabled=true, AccountNonExpired=true, CredentialsNonExpired=true, AccountNonLocked=true, Granted Authorities=[ROLE_USER]]
2025-04-17 01:18:30 [http-nio-8080-exec-4] [DEBUG] o.s.s.w.c.CsrfAuthenticationStrategy - Replaced CSRF Token
2025-04-17 01:18:30 [http-nio-8080-exec-4] [DEBUG] o.s.s.w.c.HttpSessionSecurityContextRepository - Stored SecurityContextImpl [Authentication=UsernamePasswordAuthenticationToken [Principal=org.springframework.security.core.userdetails.User [Username=user1@gmail.com, Password=[PROTECTED], Enabled=true, AccountNonExpired=true, CredentialsNonExpired=true, AccountNonLocked=true, Granted Authorities=[ROLE_USER]], Credentials=[PROTECTED], Authenticated=true, Details=WebAuthenticationDetails [RemoteIpAddress=0:0:0:0:0:0:0:1, SessionId=null], Granted Authorities=[ROLE_USER]]] to HttpSession [org.apache.catalina.session.StandardSessionFacade@310feea0]
2025-04-17 01:18:30 [http-nio-8080-exec-4] [DEBUG] o.s.s.w.a.UsernamePasswordAuthenticationFilter - Set SecurityContextHolder to UsernamePasswordAuthenticationToken [Principal=org.springframework.security.core.userdetails.User [Username=user1@gmail.com, Password=[PROTECTED], Enabled=true, AccountNonExpired=true, CredentialsNonExpired=true, AccountNonLocked=true, Granted Authorities=[ROLE_USER]], Credentials=[PROTECTED], Authenticated=true, Details=WebAuthenticationDetails [RemoteIpAddress=0:0:0:0:0:0:0:1, SessionId=null], Granted Authorities=[ROLE_USER]]
2025-04-17 01:18:30 [http-nio-8080-exec-4] [DEBUG] o.s.s.web.DefaultRedirectStrategy - Redirecting to /realty
2025-04-17 01:18:30 [http-nio-8080-exec-6] [DEBUG] o.s.security.web.FilterChainProxy - Securing GET /realty
2025-04-17 01:18:30 [http-nio-8080-exec-6] [DEBUG] o.s.s.w.c.HttpSessionSecurityContextRepository - Retrieved SecurityContextImpl [Authentication=UsernamePasswordAuthenticationToken [Principal=org.springframework.security.core.userdetails.User [Username=user1@gmail.com, Password=[PROTECTED], Enabled=true, AccountNonExpired=true, CredentialsNonExpired=true, AccountNonLocked=true, Granted Authorities=[ROLE_USER]], Credentials=[PROTECTED], Authenticated=true, Details=WebAuthenticationDetails [RemoteIpAddress=0:0:0:0:0:0:0:1, SessionId=null], Granted Authorities=[ROLE_USER]]]
2025-04-17 01:18:30 [http-nio-8080-exec-6] [DEBUG] o.s.s.w.a.i.FilterSecurityInterceptor - Authorized filter invocation [GET /realty] with attributes [permitAll]
2025-04-17 01:18:30 [http-nio-8080-exec-6] [DEBUG] o.s.security.web.FilterChainProxy - Secured GET /realty
2025-04-17 01:18:30 [http-nio-8080-exec-6] [INFO] r.k.a.u.s.CheckAuthorizeService - checkAdmin is starting, principal: UsernamePasswordAuthenticationToken [Principal=org.springframework.security.core.userdetails.User [Username=user1@gmail.com, Password=[PROTECTED], Enabled=true, AccountNonExpired=true, CredentialsNonExpired=true, AccountNonLocked=true, Granted Authorities=[ROLE_USER]], Credentials=[PROTECTED], Authenticated=true, Details=WebAuthenticationDetails [RemoteIpAddress=0:0:0:0:0:0:0:1, SessionId=null], Granted Authorities=[ROLE_USER]]
2025-04-17 01:18:30 [http-nio-8080-exec-6] [INFO] r.k.a.u.s.CheckAuthorizeService - checkAdmin: principal != null
2025-04-17 01:18:30 [http-nio-8080-exec-6] [INFO] r.k.a.u.s.CheckAuthorizeService - Principal is regular authentication
2025-04-17 01:18:30 [http-nio-8080-exec-6] [INFO] r.k.a.u.s.CheckAuthorizeService - Checking admin rights for email: user1@gmail.com
2025-04-17 01:18:30 [http-nio-8080-exec-6] [INFO] r.k.a.u.s.CheckAuthorizeService - User roles: [USER]
2025-04-17 01:18:30 [http-nio-8080-exec-9] [DEBUG] o.s.security.web.FilterChainProxy - Securing GET /img/logo_alliance.png
2025-04-17 01:18:30 [http-nio-8080-exec-1] [DEBUG] o.s.security.web.FilterChainProxy - Securing GET /css/styles.css
2025-04-17 01:18:30 [http-nio-8080-exec-1] [DEBUG] o.s.s.w.c.HttpSessionSecurityContextRepository - Retrieved SecurityContextImpl [Authentication=UsernamePasswordAuthenticationToken [Principal=org.springframework.security.core.userdetails.User [Username=user1@gmail.com, Password=[PROTECTED], Enabled=true, AccountNonExpired=true, CredentialsNonExpired=true, AccountNonLocked=true, Granted Authorities=[ROLE_USER]], Credentials=[PROTECTED], Authenticated=true, Details=WebAuthenticationDetails [RemoteIpAddress=0:0:0:0:0:0:0:1, SessionId=null], Granted Authorities=[ROLE_USER]]]
2025-04-17 01:18:30 [http-nio-8080-exec-9] [DEBUG] o.s.s.w.c.HttpSessionSecurityContextRepository - Retrieved SecurityContextImpl [Authentication=UsernamePasswordAuthenticationToken [Principal=org.springframework.security.core.userdetails.User [Username=user1@gmail.com, Password=[PROTECTED], Enabled=true, AccountNonExpired=true, CredentialsNonExpired=true, AccountNonLocked=true, Granted Authorities=[ROLE_USER]], Credentials=[PROTECTED], Authenticated=true, Details=WebAuthenticationDetails [RemoteIpAddress=0:0:0:0:0:0:0:1, SessionId=null], Granted Authorities=[ROLE_USER]]]
2025-04-17 01:18:30 [http-nio-8080-exec-1] [DEBUG] o.s.s.w.a.i.FilterSecurityInterceptor - Authorized filter invocation [GET /css/styles.css] with attributes [permitAll]
2025-04-17 01:18:30 [http-nio-8080-exec-9] [DEBUG] o.s.s.w.a.i.FilterSecurityInterceptor - Authorized filter invocation [GET /img/logo_alliance.png] with attributes [permitAll]
2025-04-17 01:18:30 [http-nio-8080-exec-1] [DEBUG] o.s.security.web.FilterChainProxy - Secured GET /css/styles.css
2025-04-17 01:18:30 [http-nio-8080-exec-9] [DEBUG] o.s.security.web.FilterChainProxy - Secured GET /img/logo_alliance.png
2025-04-17 01:18:30 [http-nio-8080-exec-7] [DEBUG] o.s.security.web.FilterChainProxy - Securing GET /img/agency.jpg
2025-04-17 01:18:30 [http-nio-8080-exec-7] [DEBUG] o.s.s.w.c.HttpSessionSecurityContextRepository - Retrieved SecurityContextImpl [Authentication=UsernamePasswordAuthenticationToken [Principal=org.springframework.security.core.userdetails.User [Username=user1@gmail.com, Password=[PROTECTED], Enabled=true, AccountNonExpired=true, CredentialsNonExpired=true, AccountNonLocked=true, Granted Authorities=[ROLE_USER]], Credentials=[PROTECTED], Authenticated=true, Details=WebAuthenticationDetails [RemoteIpAddress=0:0:0:0:0:0:0:1, SessionId=null], Granted Authorities=[ROLE_USER]]]
2025-04-17 01:18:30 [http-nio-8080-exec-8] [DEBUG] o.s.security.web.FilterChainProxy - Securing GET /images/advertisementSale/d4315efc-c703-4501-a94b-81ff7ce200a0_photo_2024-12-23_22-17-59.jpg
2025-04-17 01:18:30 [http-nio-8080-exec-2] [DEBUG] o.s.security.web.FilterChainProxy - Securing GET /images/advertisementSale/f59acdf2-baf6-4bc0-b36b-35e41bacd18b_photo_2024-12-23_22-17-54.jpg
2025-04-17 01:18:30 [http-nio-8080-exec-7] [DEBUG] o.s.s.w.a.i.FilterSecurityInterceptor - Authorized filter invocation [GET /img/agency.jpg] with attributes [permitAll]
2025-04-17 01:18:30 [http-nio-8080-exec-3] [DEBUG] o.s.security.web.FilterChainProxy - Securing GET /images/advertisementSale/0dab0807-9cf3-481e-9749-99e44f837125_photo_2024-12-23_22-18-04.jpg
2025-04-17 01:18:30 [http-nio-8080-exec-10] [DEBUG] o.s.security.web.FilterChainProxy - Securing GET /images/advertisementSale/199952c8-f50d-4f4d-bedc-5c44f013ee64_Снимок экрана (6).png
2025-04-17 01:18:30 [http-nio-8080-exec-7] [DEBUG] o.s.security.web.FilterChainProxy - Secured GET /img/agency.jpg
2025-04-17 01:18:30 [http-nio-8080-exec-8] [DEBUG] o.s.s.w.c.HttpSessionSecurityContextRepository - Retrieved SecurityContextImpl [Authentication=UsernamePasswordAuthenticationToken [Principal=org.springframework.security.core.userdetails.User [Username=user1@gmail.com, Password=[PROTECTED], Enabled=true, AccountNonExpired=true, CredentialsNonExpired=true, AccountNonLocked=true, Granted Authorities=[ROLE_USER]], Credentials=[PROTECTED], Authenticated=true, Details=WebAuthenticationDetails [RemoteIpAddress=0:0:0:0:0:0:0:1, SessionId=null], Granted Authorities=[ROLE_USER]]]
2025-04-17 01:18:30 [http-nio-8080-exec-2] [DEBUG] o.s.s.w.c.HttpSessionSecurityContextRepository - Retrieved SecurityContextImpl [Authentication=UsernamePasswordAuthenticationToken [Principal=org.springframework.security.core.userdetails.User [Username=user1@gmail.com, Password=[PROTECTED], Enabled=true, AccountNonExpired=true, CredentialsNonExpired=true, AccountNonLocked=true, Granted Authorities=[ROLE_USER]], Credentials=[PROTECTED], Authenticated=true, Details=WebAuthenticationDetails [RemoteIpAddress=0:0:0:0:0:0:0:1, SessionId=null], Granted Authorities=[ROLE_USER]]]
2025-04-17 01:18:30 [http-nio-8080-exec-5] [DEBUG] o.s.security.web.FilterChainProxy - Securing GET /images/advertisementSale/8712f027-90a6-4f31-aeed-9b8fbd323086_Снимок экрана (8).png
2025-04-17 01:18:30 [http-nio-8080-exec-8] [DEBUG] o.s.s.w.a.i.FilterSecurityInterceptor - Authorized filter invocation [GET /images/advertisementSale/d4315efc-c703-4501-a94b-81ff7ce200a0_photo_2024-12-23_22-17-59.jpg] with attributes [permitAll]
2025-04-17 01:18:30 [http-nio-8080-exec-2] [DEBUG] o.s.s.w.a.i.FilterSecurityInterceptor - Authorized filter invocation [GET /images/advertisementSale/f59acdf2-baf6-4bc0-b36b-35e41bacd18b_photo_2024-12-23_22-17-54.jpg] with attributes [permitAll]
2025-04-17 01:18:30 [http-nio-8080-exec-3] [DEBUG] o.s.s.w.c.HttpSessionSecurityContextRepository - Retrieved SecurityContextImpl [Authentication=UsernamePasswordAuthenticationToken [Principal=org.springframework.security.core.userdetails.User [Username=user1@gmail.com, Password=[PROTECTED], Enabled=true, AccountNonExpired=true, CredentialsNonExpired=true, AccountNonLocked=true, Granted Authorities=[ROLE_USER]], Credentials=[PROTECTED], Authenticated=true, Details=WebAuthenticationDetails [RemoteIpAddress=0:0:0:0:0:0:0:1, SessionId=null], Granted Authorities=[ROLE_USER]]]
2025-04-17 01:18:30 [http-nio-8080-exec-8] [DEBUG] o.s.security.web.FilterChainProxy - Secured GET /images/advertisementSale/d4315efc-c703-4501-a94b-81ff7ce200a0_photo_2024-12-23_22-17-59.jpg
2025-04-17 01:18:30 [http-nio-8080-exec-10] [DEBUG] o.s.s.w.c.HttpSessionSecurityContextRepository - Retrieved SecurityContextImpl [Authentication=UsernamePasswordAuthenticationToken [Principal=org.springframework.security.core.userdetails.User [Username=user1@gmail.com, Password=[PROTECTED], Enabled=true, AccountNonExpired=true, CredentialsNonExpired=true, AccountNonLocked=true, Granted Authorities=[ROLE_USER]], Credentials=[PROTECTED], Authenticated=true, Details=WebAuthenticationDetails [RemoteIpAddress=0:0:0:0:0:0:0:1, SessionId=null], Granted Authorities=[ROLE_USER]]]
2025-04-17 01:18:30 [http-nio-8080-exec-2] [DEBUG] o.s.security.web.FilterChainProxy - Secured GET /images/advertisementSale/f59acdf2-baf6-4bc0-b36b-35e41bacd18b_photo_2024-12-23_22-17-54.jpg
2025-04-17 01:18:30 [http-nio-8080-exec-3] [DEBUG] o.s.s.w.a.i.FilterSecurityInterceptor - Authorized filter invocation [GET /images/advertisementSale/0dab0807-9cf3-481e-9749-99e44f837125_photo_2024-12-23_22-18-04.jpg] with attributes [permitAll]
2025-04-17 01:18:30 [http-nio-8080-exec-5] [DEBUG] o.s.s.w.c.HttpSessionSecurityContextRepository - Retrieved SecurityContextImpl [Authentication=UsernamePasswordAuthenticationToken [Principal=org.springframework.security.core.userdetails.User [Username=user1@gmail.com, Password=[PROTECTED], Enabled=true, AccountNonExpired=true, CredentialsNonExpired=true, AccountNonLocked=true, Granted Authorities=[ROLE_USER]], Credentials=[PROTECTED], Authenticated=true, Details=WebAuthenticationDetails [RemoteIpAddress=0:0:0:0:0:0:0:1, SessionId=null], Granted Authorities=[ROLE_USER]]]
2025-04-17 01:18:30 [http-nio-8080-exec-10] [DEBUG] o.s.s.w.a.i.FilterSecurityInterceptor - Authorized filter invocation [GET /images/advertisementSale/199952c8-f50d-4f4d-bedc-5c44f013ee64_Снимок экрана (6).png] with attributes [permitAll]
2025-04-17 01:18:30 [http-nio-8080-exec-3] [DEBUG] o.s.security.web.FilterChainProxy - Secured GET /images/advertisementSale/0dab0807-9cf3-481e-9749-99e44f837125_photo_2024-12-23_22-18-04.jpg
2025-04-17 01:18:30 [http-nio-8080-exec-5] [DEBUG] o.s.s.w.a.i.FilterSecurityInterceptor - Authorized filter invocation [GET /images/advertisementSale/8712f027-90a6-4f31-aeed-9b8fbd323086_Снимок экрана (8).png] with attributes [permitAll]
2025-04-17 01:18:30 [http-nio-8080-exec-10] [DEBUG] o.s.security.web.FilterChainProxy - Secured GET /images/advertisementSale/199952c8-f50d-4f4d-bedc-5c44f013ee64_Снимок экрана (6).png
2025-04-17 01:18:30 [http-nio-8080-exec-5] [DEBUG] o.s.security.web.FilterChainProxy - Secured GET /images/advertisementSale/8712f027-90a6-4f31-aeed-9b8fbd323086_Снимок экрана (8).png
2025-04-17 01:18:30 [http-nio-8080-exec-4] [DEBUG] o.s.security.web.FilterChainProxy - Securing GET /images/advertisementSale/76d213ca-dba5-4b57-88f5-b6b4129f212e_photo_2024-12-23_22-17-54.jpg
2025-04-17 01:18:30 [http-nio-8080-exec-1] [DEBUG] o.s.security.web.FilterChainProxy - Securing GET /images/advertisementSale/0673bdb4-3423-44e8-8636-a66497d7ab52_photo_2024-12-23_22-18-01.jpg
2025-04-17 01:18:30 [http-nio-8080-exec-9] [DEBUG] o.s.security.web.FilterChainProxy - Securing GET /images/advertisementSale/f11f04c5-71bc-4048-ad70-323ba1188611_Снимок экрана (2).png
2025-04-17 01:18:30 [http-nio-8080-exec-3] [DEBUG] o.s.security.web.FilterChainProxy - Securing GET /images/advertisementSale/15c13dfd-2da8-4565-ae8d-d9857bb9f550_photo_2024-12-23_22-17-54.jpg
2025-04-17 01:18:30 [http-nio-8080-exec-6] [DEBUG] o.s.security.web.FilterChainProxy - Securing GET /images/advertisementSale/770d16f9-e061-46fc-94e4-17e8e3e3588a_photo_2024-12-23_22-18-11.jpg
2025-04-17 01:18:30 [http-nio-8080-exec-4] [DEBUG] o.s.s.w.c.HttpSessionSecurityContextRepository - Retrieved SecurityContextImpl [Authentication=UsernamePasswordAuthenticationToken [Principal=org.springframework.security.core.userdetails.User [Username=user1@gmail.com, Password=[PROTECTED], Enabled=true, AccountNonExpired=true, CredentialsNonExpired=true, AccountNonLocked=true, Granted Authorities=[ROLE_USER]], Credentials=[PROTECTED], Authenticated=true, Details=WebAuthenticationDetails [RemoteIpAddress=0:0:0:0:0:0:0:1, SessionId=null], Granted Authorities=[ROLE_USER]]]
2025-04-17 01:18:30 [http-nio-8080-exec-6] [DEBUG] o.s.s.w.c.HttpSessionSecurityContextRepository - Retrieved SecurityContextImpl [Authentication=UsernamePasswordAuthenticationToken [Principal=org.springframework.security.core.userdetails.User [Username=user1@gmail.com, Password=[PROTECTED], Enabled=true, AccountNonExpired=true, CredentialsNonExpired=true, AccountNonLocked=true, Granted Authorities=[ROLE_USER]], Credentials=[PROTECTED], Authenticated=true, Details=WebAuthenticationDetails [RemoteIpAddress=0:0:0:0:0:0:0:1, SessionId=null], Granted Authorities=[ROLE_USER]]]
2025-04-17 01:18:30 [http-nio-8080-exec-1] [DEBUG] o.s.s.w.c.HttpSessionSecurityContextRepository - Retrieved SecurityContextImpl [Authentication=UsernamePasswordAuthenticationToken [Principal=org.springframework.security.core.userdetails.User [Username=user1@gmail.com, Password=[PROTECTED], Enabled=true, AccountNonExpired=true, CredentialsNonExpired=true, AccountNonLocked=true, Granted Authorities=[ROLE_USER]], Credentials=[PROTECTED], Authenticated=true, Details=WebAuthenticationDetails [RemoteIpAddress=0:0:0:0:0:0:0:1, SessionId=null], Granted Authorities=[ROLE_USER]]]
2025-04-17 01:18:30 [http-nio-8080-exec-3] [DEBUG] o.s.s.w.c.HttpSessionSecurityContextRepository - Retrieved SecurityContextImpl [Authentication=UsernamePasswordAuthenticationToken [Principal=org.springframework.security.core.userdetails.User [Username=user1@gmail.com, Password=[PROTECTED], Enabled=true, AccountNonExpired=true, CredentialsNonExpired=true, AccountNonLocked=true, Granted Authorities=[ROLE_USER]], Credentials=[PROTECTED], Authenticated=true, Details=WebAuthenticationDetails [RemoteIpAddress=0:0:0:0:0:0:0:1, SessionId=null], Granted Authorities=[ROLE_USER]]]
2025-04-17 01:18:30 [http-nio-8080-exec-9] [DEBUG] o.s.s.w.c.HttpSessionSecurityContextRepository - Retrieved SecurityContextImpl [Authentication=UsernamePasswordAuthenticationToken [Principal=org.springframework.security.core.userdetails.User [Username=user1@gmail.com, Password=[PROTECTED], Enabled=true, AccountNonExpired=true, CredentialsNonExpired=true, AccountNonLocked=true, Granted Authorities=[ROLE_USER]], Credentials=[PROTECTED], Authenticated=true, Details=WebAuthenticationDetails [RemoteIpAddress=0:0:0:0:0:0:0:1, SessionId=null], Granted Authorities=[ROLE_USER]]]
2025-04-17 01:18:30 [http-nio-8080-exec-4] [DEBUG] o.s.s.w.a.i.FilterSecurityInterceptor - Authorized filter invocation [GET /images/advertisementSale/76d213ca-dba5-4b57-88f5-b6b4129f212e_photo_2024-12-23_22-17-54.jpg] with attributes [permitAll]
2025-04-17 01:18:30 [http-nio-8080-exec-1] [DEBUG] o.s.s.w.a.i.FilterSecurityInterceptor - Authorized filter invocation [GET /images/advertisementSale/0673bdb4-3423-44e8-8636-a66497d7ab52_photo_2024-12-23_22-18-01.jpg] with attributes [permitAll]
2025-04-17 01:18:30 [http-nio-8080-exec-6] [DEBUG] o.s.s.w.a.i.FilterSecurityInterceptor - Authorized filter invocation [GET /images/advertisementSale/770d16f9-e061-46fc-94e4-17e8e3e3588a_photo_2024-12-23_22-18-11.jpg] with attributes [permitAll]
2025-04-17 01:18:30 [http-nio-8080-exec-9] [DEBUG] o.s.s.w.a.i.FilterSecurityInterceptor - Authorized filter invocation [GET /images/advertisementSale/f11f04c5-71bc-4048-ad70-323ba1188611_Снимок экрана (2).png] with attributes [permitAll]
2025-04-17 01:18:30 [http-nio-8080-exec-3] [DEBUG] o.s.s.w.a.i.FilterSecurityInterceptor - Authorized filter invocation [GET /images/advertisementSale/15c13dfd-2da8-4565-ae8d-d9857bb9f550_photo_2024-12-23_22-17-54.jpg] with attributes [permitAll]
2025-04-17 01:18:30 [http-nio-8080-exec-2] [DEBUG] o.s.security.web.FilterChainProxy - Securing GET /images/advertisementSale/6d439031-8c11-4cfd-9007-7047bd94ec62_photo_2024-12-23_22-18-10.jpg
2025-04-17 01:18:30 [http-nio-8080-exec-1] [DEBUG] o.s.security.web.FilterChainProxy - Secured GET /images/advertisementSale/0673bdb4-3423-44e8-8636-a66497d7ab52_photo_2024-12-23_22-18-01.jpg
2025-04-17 01:18:30 [http-nio-8080-exec-4] [DEBUG] o.s.security.web.FilterChainProxy - Secured GET /images/advertisementSale/76d213ca-dba5-4b57-88f5-b6b4129f212e_photo_2024-12-23_22-17-54.jpg
2025-04-17 01:18:30 [http-nio-8080-exec-6] [DEBUG] o.s.security.web.FilterChainProxy - Secured GET /images/advertisementSale/770d16f9-e061-46fc-94e4-17e8e3e3588a_photo_2024-12-23_22-18-11.jpg
2025-04-17 01:18:30 [http-nio-8080-exec-9] [DEBUG] o.s.security.web.FilterChainProxy - Secured GET /images/advertisementSale/f11f04c5-71bc-4048-ad70-323ba1188611_Снимок экрана (2).png
2025-04-17 01:18:30 [http-nio-8080-exec-3] [DEBUG] o.s.security.web.FilterChainProxy - Secured GET /images/advertisementSale/15c13dfd-2da8-4565-ae8d-d9857bb9f550_photo_2024-12-23_22-17-54.jpg
2025-04-17 01:18:30 [http-nio-8080-exec-2] [DEBUG] o.s.s.w.c.HttpSessionSecurityContextRepository - Retrieved SecurityContextImpl [Authentication=UsernamePasswordAuthenticationToken [Principal=org.springframework.security.core.userdetails.User [Username=user1@gmail.com, Password=[PROTECTED], Enabled=true, AccountNonExpired=true, CredentialsNonExpired=true, AccountNonLocked=true, Granted Authorities=[ROLE_USER]], Credentials=[PROTECTED], Authenticated=true, Details=WebAuthenticationDetails [RemoteIpAddress=0:0:0:0:0:0:0:1, SessionId=null], Granted Authorities=[ROLE_USER]]]
2025-04-17 01:18:30 [http-nio-8080-exec-2] [DEBUG] o.s.s.w.a.i.FilterSecurityInterceptor - Authorized filter invocation [GET /images/advertisementSale/6d439031-8c11-4cfd-9007-7047bd94ec62_photo_2024-12-23_22-18-10.jpg] with attributes [permitAll]
2025-04-17 01:18:30 [http-nio-8080-exec-2] [DEBUG] o.s.security.web.FilterChainProxy - Secured GET /images/advertisementSale/6d439031-8c11-4cfd-9007-7047bd94ec62_photo_2024-12-23_22-18-10.jpg
2025-04-17 01:18:30 [http-nio-8080-exec-5] [DEBUG] o.s.security.web.FilterChainProxy - Securing GET /images/advertisementRent/809047fb-7261-497f-b19e-b208d4480210_photo_2024-12-23_22-17-57.jpg
2025-04-17 01:18:30 [http-nio-8080-exec-7] [DEBUG] o.s.security.web.FilterChainProxy - Securing GET /images/advertisementSale/e63bba72-f8b1-4ec8-b621-657fbcd7b1e3_kozelsk.jpg
2025-04-17 01:18:30 [http-nio-8080-exec-8] [DEBUG] o.s.security.web.FilterChainProxy - Securing GET /images/advertisementSale/2703da27-c848-4e9d-a261-4d33ee79f79c_photo_2024-12-23_22-17-59.jpg
2025-04-17 01:18:30 [http-nio-8080-exec-10] [DEBUG] o.s.security.web.FilterChainProxy - Securing GET /images/advertisementRent/b02c42b7-b608-4169-93f2-7ad28d186517_photo_2024-12-23_22-18-01.jpg
2025-04-17 01:18:30 [http-nio-8080-exec-3] [DEBUG] o.s.security.web.FilterChainProxy - Securing GET /images/advertisementRent/da667149-470d-4844-94d9-c5a37db0ed63_photo_2024-12-23_22-18-05.jpg
2025-04-17 01:18:30 [http-nio-8080-exec-5] [DEBUG] o.s.s.w.c.HttpSessionSecurityContextRepository - Retrieved SecurityContextImpl [Authentication=UsernamePasswordAuthenticationToken [Principal=org.springframework.security.core.userdetails.User [Username=user1@gmail.com, Password=[PROTECTED], Enabled=true, AccountNonExpired=true, CredentialsNonExpired=true, AccountNonLocked=true, Granted Authorities=[ROLE_USER]], Credentials=[PROTECTED], Authenticated=true, Details=WebAuthenticationDetails [RemoteIpAddress=0:0:0:0:0:0:0:1, SessionId=null], Granted Authorities=[ROLE_USER]]]
2025-04-17 01:18:30 [http-nio-8080-exec-7] [DEBUG] o.s.s.w.c.HttpSessionSecurityContextRepository - Retrieved SecurityContextImpl [Authentication=UsernamePasswordAuthenticationToken [Principal=org.springframework.security.core.userdetails.User [Username=user1@gmail.com, Password=[PROTECTED], Enabled=true, AccountNonExpired=true, CredentialsNonExpired=true, AccountNonLocked=true, Granted Authorities=[ROLE_USER]], Credentials=[PROTECTED], Authenticated=true, Details=WebAuthenticationDetails [RemoteIpAddress=0:0:0:0:0:0:0:1, SessionId=null], Granted Authorities=[ROLE_USER]]]
2025-04-17 01:18:30 [http-nio-8080-exec-10] [DEBUG] o.s.s.w.c.HttpSessionSecurityContextRepository - Retrieved SecurityContextImpl [Authentication=UsernamePasswordAuthenticationToken [Principal=org.springframework.security.core.userdetails.User [Username=user1@gmail.com, Password=[PROTECTED], Enabled=true, AccountNonExpired=true, CredentialsNonExpired=true, AccountNonLocked=true, Granted Authorities=[ROLE_USER]], Credentials=[PROTECTED], Authenticated=true, Details=WebAuthenticationDetails [RemoteIpAddress=0:0:0:0:0:0:0:1, SessionId=null], Granted Authorities=[ROLE_USER]]]
2025-04-17 01:18:30 [http-nio-8080-exec-8] [DEBUG] o.s.s.w.c.HttpSessionSecurityContextRepository - Retrieved SecurityContextImpl [Authentication=UsernamePasswordAuthenticationToken [Principal=org.springframework.security.core.userdetails.User [Username=user1@gmail.com, Password=[PROTECTED], Enabled=true, AccountNonExpired=true, CredentialsNonExpired=true, AccountNonLocked=true, Granted Authorities=[ROLE_USER]], Credentials=[PROTECTED], Authenticated=true, Details=WebAuthenticationDetails [RemoteIpAddress=0:0:0:0:0:0:0:1, SessionId=null], Granted Authorities=[ROLE_USER]]]
2025-04-17 01:18:30 [http-nio-8080-exec-3] [DEBUG] o.s.s.w.c.HttpSessionSecurityContextRepository - Retrieved SecurityContextImpl [Authentication=UsernamePasswordAuthenticationToken [Principal=org.springframework.security.core.userdetails.User [Username=user1@gmail.com, Password=[PROTECTED], Enabled=true, AccountNonExpired=true, CredentialsNonExpired=true, AccountNonLocked=true, Granted Authorities=[ROLE_USER]], Credentials=[PROTECTED], Authenticated=true, Details=WebAuthenticationDetails [RemoteIpAddress=0:0:0:0:0:0:0:1, SessionId=null], Granted Authorities=[ROLE_USER]]]
2025-04-17 01:18:30 [http-nio-8080-exec-10] [DEBUG] o.s.s.w.a.i.FilterSecurityInterceptor - Authorized filter invocation [GET /images/advertisementRent/b02c42b7-b608-4169-93f2-7ad28d186517_photo_2024-12-23_22-18-01.jpg] with attributes [permitAll]
2025-04-17 01:18:30 [http-nio-8080-exec-8] [DEBUG] o.s.s.w.a.i.FilterSecurityInterceptor - Authorized filter invocation [GET /images/advertisementSale/2703da27-c848-4e9d-a261-4d33ee79f79c_photo_2024-12-23_22-17-59.jpg] with attributes [permitAll]
2025-04-17 01:18:30 [http-nio-8080-exec-7] [DEBUG] o.s.s.w.a.i.FilterSecurityInterceptor - Authorized filter invocation [GET /images/advertisementSale/e63bba72-f8b1-4ec8-b621-657fbcd7b1e3_kozelsk.jpg] with attributes [permitAll]
2025-04-17 01:18:30 [http-nio-8080-exec-5] [DEBUG] o.s.s.w.a.i.FilterSecurityInterceptor - Authorized filter invocation [GET /images/advertisementRent/809047fb-7261-497f-b19e-b208d4480210_photo_2024-12-23_22-17-57.jpg] with attributes [permitAll]
2025-04-17 01:18:30 [http-nio-8080-exec-6] [DEBUG] o.s.security.web.FilterChainProxy - Securing GET /images/placeholder.jpg
2025-04-17 01:18:30 [http-nio-8080-exec-10] [DEBUG] o.s.security.web.FilterChainProxy - Secured GET /images/advertisementRent/b02c42b7-b608-4169-93f2-7ad28d186517_photo_2024-12-23_22-18-01.jpg
2025-04-17 01:18:30 [http-nio-8080-exec-8] [DEBUG] o.s.security.web.FilterChainProxy - Secured GET /images/advertisementSale/2703da27-c848-4e9d-a261-4d33ee79f79c_photo_2024-12-23_22-17-59.jpg
2025-04-17 01:18:30 [http-nio-8080-exec-3] [DEBUG] o.s.s.w.a.i.FilterSecurityInterceptor - Authorized filter invocation [GET /images/advertisementRent/da667149-470d-4844-94d9-c5a37db0ed63_photo_2024-12-23_22-18-05.jpg] with attributes [permitAll]
2025-04-17 01:18:30 [http-nio-8080-exec-7] [DEBUG] o.s.security.web.FilterChainProxy - Secured GET /images/advertisementSale/e63bba72-f8b1-4ec8-b621-657fbcd7b1e3_kozelsk.jpg
2025-04-17 01:18:30 [http-nio-8080-exec-5] [DEBUG] o.s.security.web.FilterChainProxy - Secured GET /images/advertisementRent/809047fb-7261-497f-b19e-b208d4480210_photo_2024-12-23_22-17-57.jpg
2025-04-17 01:18:30 [http-nio-8080-exec-3] [DEBUG] o.s.security.web.FilterChainProxy - Secured GET /images/advertisementRent/da667149-470d-4844-94d9-c5a37db0ed63_photo_2024-12-23_22-18-05.jpg
2025-04-17 01:18:30 [http-nio-8080-exec-6] [DEBUG] o.s.s.w.c.HttpSessionSecurityContextRepository - Retrieved SecurityContextImpl [Authentication=UsernamePasswordAuthenticationToken [Principal=org.springframework.security.core.userdetails.User [Username=user1@gmail.com, Password=[PROTECTED], Enabled=true, AccountNonExpired=true, CredentialsNonExpired=true, AccountNonLocked=true, Granted Authorities=[ROLE_USER]], Credentials=[PROTECTED], Authenticated=true, Details=WebAuthenticationDetails [RemoteIpAddress=0:0:0:0:0:0:0:1, SessionId=null], Granted Authorities=[ROLE_USER]]]
2025-04-17 01:18:30 [http-nio-8080-exec-6] [DEBUG] o.s.s.w.a.i.FilterSecurityInterceptor - Authorized filter invocation [GET /images/placeholder.jpg] with attributes [permitAll]
2025-04-17 01:18:30 [http-nio-8080-exec-6] [DEBUG] o.s.security.web.FilterChainProxy - Secured GET /images/placeholder.jpg
2025-04-17 01:18:30 [http-nio-8080-exec-6] [DEBUG] o.s.security.web.FilterChainProxy - Securing GET /error
2025-04-17 01:18:30 [http-nio-8080-exec-6] [DEBUG] o.s.s.w.c.HttpSessionSecurityContextRepository - Retrieved SecurityContextImpl [Authentication=UsernamePasswordAuthenticationToken [Principal=org.springframework.security.core.userdetails.User [Username=user1@gmail.com, Password=[PROTECTED], Enabled=true, AccountNonExpired=true, CredentialsNonExpired=true, AccountNonLocked=true, Granted Authorities=[ROLE_USER]], Credentials=[PROTECTED], Authenticated=true, Details=WebAuthenticationDetails [RemoteIpAddress=0:0:0:0:0:0:0:1, SessionId=null], Granted Authorities=[ROLE_USER]]]
2025-04-17 01:18:30 [http-nio-8080-exec-6] [DEBUG] o.s.s.w.a.i.FilterSecurityInterceptor - Authorized filter invocation [GET /error] with attributes [permitAll]
2025-04-17 01:18:30 [http-nio-8080-exec-6] [DEBUG] o.s.security.web.FilterChainProxy - Secured GET /error
2025-04-17 01:18:30 [http-nio-8080-exec-1] [DEBUG] o.s.security.web.FilterChainProxy - Securing GET /images/advertisementRent/0a1031cd-43b5-4402-87eb-04fa80f00918_photo_2024-12-23_22-18-03.jpg
2025-04-17 01:18:30 [http-nio-8080-exec-1] [DEBUG] o.s.s.w.c.HttpSessionSecurityContextRepository - Retrieved SecurityContextImpl [Authentication=UsernamePasswordAuthenticationToken [Principal=org.springframework.security.core.userdetails.User [Username=user1@gmail.com, Password=[PROTECTED], Enabled=true, AccountNonExpired=true, CredentialsNonExpired=true, AccountNonLocked=true, Granted Authorities=[ROLE_USER]], Credentials=[PROTECTED], Authenticated=true, Details=WebAuthenticationDetails [RemoteIpAddress=0:0:0:0:0:0:0:1, SessionId=null], Granted Authorities=[ROLE_USER]]]
2025-04-17 01:18:30 [http-nio-8080-exec-1] [DEBUG] o.s.s.w.a.i.FilterSecurityInterceptor - Authorized filter invocation [GET /images/advertisementRent/0a1031cd-43b5-4402-87eb-04fa80f00918_photo_2024-12-23_22-18-03.jpg] with attributes [permitAll]
2025-04-17 01:18:30 [http-nio-8080-exec-1] [DEBUG] o.s.security.web.FilterChainProxy - Secured GET /images/advertisementRent/0a1031cd-43b5-4402-87eb-04fa80f00918_photo_2024-12-23_22-18-03.jpg
2025-04-17 01:18:32 [http-nio-8080-exec-4] [DEBUG] o.s.security.web.FilterChainProxy - Securing GET /excursion
2025-04-17 01:18:32 [http-nio-8080-exec-4] [DEBUG] o.s.s.w.c.HttpSessionSecurityContextRepository - Retrieved SecurityContextImpl [Authentication=UsernamePasswordAuthenticationToken [Principal=org.springframework.security.core.userdetails.User [Username=user1@gmail.com, Password=[PROTECTED], Enabled=true, AccountNonExpired=true, CredentialsNonExpired=true, AccountNonLocked=true, Granted Authorities=[ROLE_USER]], Credentials=[PROTECTED], Authenticated=true, Details=WebAuthenticationDetails [RemoteIpAddress=0:0:0:0:0:0:0:1, SessionId=null], Granted Authorities=[ROLE_USER]]]
2025-04-17 01:18:32 [http-nio-8080-exec-4] [DEBUG] o.s.s.w.a.i.FilterSecurityInterceptor - Authorized filter invocation [GET /excursion] with attributes [permitAll]
2025-04-17 01:18:32 [http-nio-8080-exec-4] [DEBUG] o.s.security.web.FilterChainProxy - Secured GET /excursion
2025-04-17 01:18:32 [http-nio-8080-exec-4] [INFO] r.k.a.u.s.CheckAuthorizeService - checkAdmin is starting, principal: UsernamePasswordAuthenticationToken [Principal=org.springframework.security.core.userdetails.User [Username=user1@gmail.com, Password=[PROTECTED], Enabled=true, AccountNonExpired=true, CredentialsNonExpired=true, AccountNonLocked=true, Granted Authorities=[ROLE_USER]], Credentials=[PROTECTED], Authenticated=true, Details=WebAuthenticationDetails [RemoteIpAddress=0:0:0:0:0:0:0:1, SessionId=null], Granted Authorities=[ROLE_USER]]
2025-04-17 01:18:32 [http-nio-8080-exec-4] [INFO] r.k.a.u.s.CheckAuthorizeService - checkAdmin: principal != null
2025-04-17 01:18:32 [http-nio-8080-exec-4] [INFO] r.k.a.u.s.CheckAuthorizeService - Principal is regular authentication
2025-04-17 01:18:32 [http-nio-8080-exec-4] [INFO] r.k.a.u.s.CheckAuthorizeService - Checking admin rights for email: user1@gmail.com
2025-04-17 01:18:32 [http-nio-8080-exec-4] [INFO] r.k.a.u.s.CheckAuthorizeService - User roles: [USER]
2025-04-17 01:18:32 [http-nio-8080-exec-2] [DEBUG] o.s.security.web.FilterChainProxy - Securing GET /css/styles.css
2025-04-17 01:18:32 [http-nio-8080-exec-2] [DEBUG] o.s.s.w.c.HttpSessionSecurityContextRepository - Retrieved SecurityContextImpl [Authentication=UsernamePasswordAuthenticationToken [Principal=org.springframework.security.core.userdetails.User [Username=user1@gmail.com, Password=[PROTECTED], Enabled=true, AccountNonExpired=true, CredentialsNonExpired=true, AccountNonLocked=true, Granted Authorities=[ROLE_USER]], Credentials=[PROTECTED], Authenticated=true, Details=WebAuthenticationDetails [RemoteIpAddress=0:0:0:0:0:0:0:1, SessionId=null], Granted Authorities=[ROLE_USER]]]
2025-04-17 01:18:32 [http-nio-8080-exec-2] [DEBUG] o.s.s.w.a.i.FilterSecurityInterceptor - Authorized filter invocation [GET /css/styles.css] with attributes [permitAll]
2025-04-17 01:18:32 [http-nio-8080-exec-2] [DEBUG] o.s.security.web.FilterChainProxy - Secured GET /css/styles.css
2025-04-17 01:18:32 [http-nio-8080-exec-9] [DEBUG] o.s.security.web.FilterChainProxy - Securing GET /img/logo_alliance.png
2025-04-17 01:18:32 [http-nio-8080-exec-9] [DEBUG] o.s.s.w.c.HttpSessionSecurityContextRepository - Retrieved SecurityContextImpl [Authentication=UsernamePasswordAuthenticationToken [Principal=org.springframework.security.core.userdetails.User [Username=user1@gmail.com, Password=[PROTECTED], Enabled=true, AccountNonExpired=true, CredentialsNonExpired=true, AccountNonLocked=true, Granted Authorities=[ROLE_USER]], Credentials=[PROTECTED], Authenticated=true, Details=WebAuthenticationDetails [RemoteIpAddress=0:0:0:0:0:0:0:1, SessionId=null], Granted Authorities=[ROLE_USER]]]
2025-04-17 01:18:32 [http-nio-8080-exec-9] [DEBUG] o.s.s.w.a.i.FilterSecurityInterceptor - Authorized filter invocation [GET /img/logo_alliance.png] with attributes [permitAll]
2025-04-17 01:18:32 [http-nio-8080-exec-9] [DEBUG] o.s.security.web.FilterChainProxy - Secured GET /img/logo_alliance.png
2025-04-17 01:18:32 [http-nio-8080-exec-8] [DEBUG] o.s.security.web.FilterChainProxy - Securing GET /images/placeholder.jpg
2025-04-17 01:18:32 [http-nio-8080-exec-5] [DEBUG] o.s.security.web.FilterChainProxy - Securing GET /img/tour-agency.jpg
2025-04-17 01:18:32 [http-nio-8080-exec-10] [DEBUG] o.s.security.web.FilterChainProxy - Securing GET /images/tour/77da970b-1e81-439d-a952-267262094a8c_kozelsk.jpg
2025-04-17 01:18:32 [http-nio-8080-exec-3] [DEBUG] o.s.security.web.FilterChainProxy - Securing GET /images/tour/70efb4f2-568c-40d0-b39f-55ed0ccbc07e_00-Козельск.jpg
2025-04-17 01:18:32 [http-nio-8080-exec-8] [DEBUG] o.s.s.w.c.HttpSessionSecurityContextRepository - Retrieved SecurityContextImpl [Authentication=UsernamePasswordAuthenticationToken [Principal=org.springframework.security.core.userdetails.User [Username=user1@gmail.com, Password=[PROTECTED], Enabled=true, AccountNonExpired=true, CredentialsNonExpired=true, AccountNonLocked=true, Granted Authorities=[ROLE_USER]], Credentials=[PROTECTED], Authenticated=true, Details=WebAuthenticationDetails [RemoteIpAddress=0:0:0:0:0:0:0:1, SessionId=null], Granted Authorities=[ROLE_USER]]]
2025-04-17 01:18:32 [http-nio-8080-exec-10] [DEBUG] o.s.s.w.c.HttpSessionSecurityContextRepository - Retrieved SecurityContextImpl [Authentication=UsernamePasswordAuthenticationToken [Principal=org.springframework.security.core.userdetails.User [Username=user1@gmail.com, Password=[PROTECTED], Enabled=true, AccountNonExpired=true, CredentialsNonExpired=true, AccountNonLocked=true, Granted Authorities=[ROLE_USER]], Credentials=[PROTECTED], Authenticated=true, Details=WebAuthenticationDetails [RemoteIpAddress=0:0:0:0:0:0:0:1, SessionId=null], Granted Authorities=[ROLE_USER]]]
2025-04-17 01:18:32 [http-nio-8080-exec-5] [DEBUG] o.s.s.w.c.HttpSessionSecurityContextRepository - Retrieved SecurityContextImpl [Authentication=UsernamePasswordAuthenticationToken [Principal=org.springframework.security.core.userdetails.User [Username=user1@gmail.com, Password=[PROTECTED], Enabled=true, AccountNonExpired=true, CredentialsNonExpired=true, AccountNonLocked=true, Granted Authorities=[ROLE_USER]], Credentials=[PROTECTED], Authenticated=true, Details=WebAuthenticationDetails [RemoteIpAddress=0:0:0:0:0:0:0:1, SessionId=null], Granted Authorities=[ROLE_USER]]]
2025-04-17 01:18:32 [http-nio-8080-exec-3] [DEBUG] o.s.s.w.c.HttpSessionSecurityContextRepository - Retrieved SecurityContextImpl [Authentication=UsernamePasswordAuthenticationToken [Principal=org.springframework.security.core.userdetails.User [Username=user1@gmail.com, Password=[PROTECTED], Enabled=true, AccountNonExpired=true, CredentialsNonExpired=true, AccountNonLocked=true, Granted Authorities=[ROLE_USER]], Credentials=[PROTECTED], Authenticated=true, Details=WebAuthenticationDetails [RemoteIpAddress=0:0:0:0:0:0:0:1, SessionId=null], Granted Authorities=[ROLE_USER]]]
2025-04-17 01:18:32 [http-nio-8080-exec-8] [DEBUG] o.s.s.w.a.i.FilterSecurityInterceptor - Authorized filter invocation [GET /images/placeholder.jpg] with attributes [permitAll]
2025-04-17 01:18:32 [http-nio-8080-exec-10] [DEBUG] o.s.s.w.a.i.FilterSecurityInterceptor - Authorized filter invocation [GET /images/tour/77da970b-1e81-439d-a952-267262094a8c_kozelsk.jpg] with attributes [permitAll]
2025-04-17 01:18:32 [http-nio-8080-exec-5] [DEBUG] o.s.s.w.a.i.FilterSecurityInterceptor - Authorized filter invocation [GET /img/tour-agency.jpg] with attributes [permitAll]
2025-04-17 01:18:32 [http-nio-8080-exec-3] [DEBUG] o.s.s.w.a.i.FilterSecurityInterceptor - Authorized filter invocation [GET /images/tour/70efb4f2-568c-40d0-b39f-55ed0ccbc07e_00-Козельск.jpg] with attributes [permitAll]
2025-04-17 01:18:32 [http-nio-8080-exec-8] [DEBUG] o.s.security.web.FilterChainProxy - Secured GET /images/placeholder.jpg
2025-04-17 01:18:32 [http-nio-8080-exec-10] [DEBUG] o.s.security.web.FilterChainProxy - Secured GET /images/tour/77da970b-1e81-439d-a952-267262094a8c_kozelsk.jpg
2025-04-17 01:18:32 [http-nio-8080-exec-5] [DEBUG] o.s.security.web.FilterChainProxy - Secured GET /img/tour-agency.jpg
2025-04-17 01:18:32 [http-nio-8080-exec-3] [DEBUG] o.s.security.web.FilterChainProxy - Secured GET /images/tour/70efb4f2-568c-40d0-b39f-55ed0ccbc07e_00-Козельск.jpg
2025-04-17 01:18:32 [http-nio-8080-exec-8] [DEBUG] o.s.security.web.FilterChainProxy - Securing GET /error
2025-04-17 01:18:32 [http-nio-8080-exec-5] [DEBUG] o.s.security.web.FilterChainProxy - Securing GET /error
2025-04-17 01:18:32 [http-nio-8080-exec-5] [DEBUG] o.s.s.w.c.HttpSessionSecurityContextRepository - Retrieved SecurityContextImpl [Authentication=UsernamePasswordAuthenticationToken [Principal=org.springframework.security.core.userdetails.User [Username=user1@gmail.com, Password=[PROTECTED], Enabled=true, AccountNonExpired=true, CredentialsNonExpired=true, AccountNonLocked=true, Granted Authorities=[ROLE_USER]], Credentials=[PROTECTED], Authenticated=true, Details=WebAuthenticationDetails [RemoteIpAddress=0:0:0:0:0:0:0:1, SessionId=null], Granted Authorities=[ROLE_USER]]]
2025-04-17 01:18:32 [http-nio-8080-exec-8] [DEBUG] o.s.s.w.c.HttpSessionSecurityContextRepository - Retrieved SecurityContextImpl [Authentication=UsernamePasswordAuthenticationToken [Principal=org.springframework.security.core.userdetails.User [Username=user1@gmail.com, Password=[PROTECTED], Enabled=true, AccountNonExpired=true, CredentialsNonExpired=true, AccountNonLocked=true, Granted Authorities=[ROLE_USER]], Credentials=[PROTECTED], Authenticated=true, Details=WebAuthenticationDetails [RemoteIpAddress=0:0:0:0:0:0:0:1, SessionId=null], Granted Authorities=[ROLE_USER]]]
2025-04-17 01:18:32 [http-nio-8080-exec-5] [DEBUG] o.s.s.w.a.i.FilterSecurityInterceptor - Authorized filter invocation [GET /error] with attributes [permitAll]
2025-04-17 01:18:32 [http-nio-8080-exec-8] [DEBUG] o.s.s.w.a.i.FilterSecurityInterceptor - Authorized filter invocation [GET /error] with attributes [permitAll]
2025-04-17 01:18:32 [http-nio-8080-exec-5] [DEBUG] o.s.security.web.FilterChainProxy - Secured GET /error
2025-04-17 01:18:32 [http-nio-8080-exec-8] [DEBUG] o.s.security.web.FilterChainProxy - Secured GET /error
2025-04-17 01:18:33 [http-nio-8080-exec-6] [DEBUG] o.s.security.web.FilterChainProxy - Securing GET /excursion/tour/8
2025-04-17 01:18:33 [http-nio-8080-exec-6] [DEBUG] o.s.s.w.c.HttpSessionSecurityContextRepository - Retrieved SecurityContextImpl [Authentication=UsernamePasswordAuthenticationToken [Principal=org.springframework.security.core.userdetails.User [Username=user1@gmail.com, Password=[PROTECTED], Enabled=true, AccountNonExpired=true, CredentialsNonExpired=true, AccountNonLocked=true, Granted Authorities=[ROLE_USER]], Credentials=[PROTECTED], Authenticated=true, Details=WebAuthenticationDetails [RemoteIpAddress=0:0:0:0:0:0:0:1, SessionId=null], Granted Authorities=[ROLE_USER]]]
2025-04-17 01:18:33 [http-nio-8080-exec-6] [DEBUG] o.s.s.w.a.i.FilterSecurityInterceptor - Authorized filter invocation [GET /excursion/tour/8] with attributes [permitAll]
2025-04-17 01:18:33 [http-nio-8080-exec-6] [DEBUG] o.s.security.web.FilterChainProxy - Secured GET /excursion/tour/8
2025-04-17 01:18:33 [http-nio-8080-exec-6] [INFO] r.k.a.u.s.CheckAuthorizeService - checkAdmin is starting, principal: UsernamePasswordAuthenticationToken [Principal=org.springframework.security.core.userdetails.User [Username=user1@gmail.com, Password=[PROTECTED], Enabled=true, AccountNonExpired=true, CredentialsNonExpired=true, AccountNonLocked=true, Granted Authorities=[ROLE_USER]], Credentials=[PROTECTED], Authenticated=true, Details=WebAuthenticationDetails [RemoteIpAddress=0:0:0:0:0:0:0:1, SessionId=null], Granted Authorities=[ROLE_USER]]
2025-04-17 01:18:33 [http-nio-8080-exec-6] [INFO] r.k.a.u.s.CheckAuthorizeService - checkAdmin: principal != null
2025-04-17 01:18:33 [http-nio-8080-exec-6] [INFO] r.k.a.u.s.CheckAuthorizeService - Principal is regular authentication
2025-04-17 01:18:33 [http-nio-8080-exec-6] [INFO] r.k.a.u.s.CheckAuthorizeService - Checking admin rights for email: user1@gmail.com
2025-04-17 01:18:33 [http-nio-8080-exec-6] [INFO] r.k.a.u.s.CheckAuthorizeService - User roles: [USER]
2025-04-17 01:18:33 [http-nio-8080-exec-4] [DEBUG] o.s.security.web.FilterChainProxy - Securing GET /img/logo_alliance.png
2025-04-17 01:18:33 [http-nio-8080-exec-1] [DEBUG] o.s.security.web.FilterChainProxy - Securing GET /css/styles.css
2025-04-17 01:18:33 [http-nio-8080-exec-4] [DEBUG] o.s.s.w.c.HttpSessionSecurityContextRepository - Retrieved SecurityContextImpl [Authentication=UsernamePasswordAuthenticationToken [Principal=org.springframework.security.core.userdetails.User [Username=user1@gmail.com, Password=[PROTECTED], Enabled=true, AccountNonExpired=true, CredentialsNonExpired=true, AccountNonLocked=true, Granted Authorities=[ROLE_USER]], Credentials=[PROTECTED], Authenticated=true, Details=WebAuthenticationDetails [RemoteIpAddress=0:0:0:0:0:0:0:1, SessionId=null], Granted Authorities=[ROLE_USER]]]
2025-04-17 01:18:33 [http-nio-8080-exec-1] [DEBUG] o.s.s.w.c.HttpSessionSecurityContextRepository - Retrieved SecurityContextImpl [Authentication=UsernamePasswordAuthenticationToken [Principal=org.springframework.security.core.userdetails.User [Username=user1@gmail.com, Password=[PROTECTED], Enabled=true, AccountNonExpired=true, CredentialsNonExpired=true, AccountNonLocked=true, Granted Authorities=[ROLE_USER]], Credentials=[PROTECTED], Authenticated=true, Details=WebAuthenticationDetails [RemoteIpAddress=0:0:0:0:0:0:0:1, SessionId=null], Granted Authorities=[ROLE_USER]]]
2025-04-17 01:18:33 [http-nio-8080-exec-4] [DEBUG] o.s.s.w.a.i.FilterSecurityInterceptor - Authorized filter invocation [GET /img/logo_alliance.png] with attributes [permitAll]
2025-04-17 01:18:33 [http-nio-8080-exec-1] [DEBUG] o.s.s.w.a.i.FilterSecurityInterceptor - Authorized filter invocation [GET /css/styles.css] with attributes [permitAll]
2025-04-17 01:18:33 [http-nio-8080-exec-4] [DEBUG] o.s.security.web.FilterChainProxy - Secured GET /img/logo_alliance.png
2025-04-17 01:18:33 [http-nio-8080-exec-1] [DEBUG] o.s.security.web.FilterChainProxy - Secured GET /css/styles.css
2025-04-17 01:18:35 [http-nio-8080-exec-2] [DEBUG] o.s.security.web.FilterChainProxy - Securing GET /excursion/tour/9
2025-04-17 01:18:35 [http-nio-8080-exec-2] [DEBUG] o.s.s.w.c.HttpSessionSecurityContextRepository - Retrieved SecurityContextImpl [Authentication=UsernamePasswordAuthenticationToken [Principal=org.springframework.security.core.userdetails.User [Username=user1@gmail.com, Password=[PROTECTED], Enabled=true, AccountNonExpired=true, CredentialsNonExpired=true, AccountNonLocked=true, Granted Authorities=[ROLE_USER]], Credentials=[PROTECTED], Authenticated=true, Details=WebAuthenticationDetails [RemoteIpAddress=0:0:0:0:0:0:0:1, SessionId=null], Granted Authorities=[ROLE_USER]]]
2025-04-17 01:18:35 [http-nio-8080-exec-2] [DEBUG] o.s.s.w.a.i.FilterSecurityInterceptor - Authorized filter invocation [GET /excursion/tour/9] with attributes [permitAll]
2025-04-17 01:18:35 [http-nio-8080-exec-2] [DEBUG] o.s.security.web.FilterChainProxy - Secured GET /excursion/tour/9
2025-04-17 01:18:35 [http-nio-8080-exec-2] [INFO] r.k.a.u.s.CheckAuthorizeService - checkAdmin is starting, principal: UsernamePasswordAuthenticationToken [Principal=org.springframework.security.core.userdetails.User [Username=user1@gmail.com, Password=[PROTECTED], Enabled=true, AccountNonExpired=true, CredentialsNonExpired=true, AccountNonLocked=true, Granted Authorities=[ROLE_USER]], Credentials=[PROTECTED], Authenticated=true, Details=WebAuthenticationDetails [RemoteIpAddress=0:0:0:0:0:0:0:1, SessionId=null], Granted Authorities=[ROLE_USER]]
2025-04-17 01:18:35 [http-nio-8080-exec-2] [INFO] r.k.a.u.s.CheckAuthorizeService - checkAdmin: principal != null
2025-04-17 01:18:35 [http-nio-8080-exec-2] [INFO] r.k.a.u.s.CheckAuthorizeService - Principal is regular authentication
2025-04-17 01:18:35 [http-nio-8080-exec-2] [INFO] r.k.a.u.s.CheckAuthorizeService - Checking admin rights for email: user1@gmail.com
2025-04-17 01:18:35 [http-nio-8080-exec-2] [INFO] r.k.a.u.s.CheckAuthorizeService - User roles: [USER]
2025-04-17 01:18:35 [http-nio-8080-exec-9] [DEBUG] o.s.security.web.FilterChainProxy - Securing GET /css/styles.css
2025-04-17 01:18:35 [http-nio-8080-exec-9] [DEBUG] o.s.s.w.c.HttpSessionSecurityContextRepository - Retrieved SecurityContextImpl [Authentication=UsernamePasswordAuthenticationToken [Principal=org.springframework.security.core.userdetails.User [Username=user1@gmail.com, Password=[PROTECTED], Enabled=true, AccountNonExpired=true, CredentialsNonExpired=true, AccountNonLocked=true, Granted Authorities=[ROLE_USER]], Credentials=[PROTECTED], Authenticated=true, Details=WebAuthenticationDetails [RemoteIpAddress=0:0:0:0:0:0:0:1, SessionId=null], Granted Authorities=[ROLE_USER]]]
2025-04-17 01:18:35 [http-nio-8080-exec-9] [DEBUG] o.s.s.w.a.i.FilterSecurityInterceptor - Authorized filter invocation [GET /css/styles.css] with attributes [permitAll]
2025-04-17 01:18:35 [http-nio-8080-exec-9] [DEBUG] o.s.security.web.FilterChainProxy - Secured GET /css/styles.css
2025-04-17 01:18:35 [http-nio-8080-exec-10] [DEBUG] o.s.security.web.FilterChainProxy - Securing GET /img/logo_alliance.png
2025-04-17 01:18:35 [http-nio-8080-exec-3] [DEBUG] o.s.security.web.FilterChainProxy - Securing GET /images/tour/77da970b-1e81-439d-a952-267262094a8c_kozelsk.jpg
2025-04-17 01:18:35 [http-nio-8080-exec-3] [DEBUG] o.s.s.w.c.HttpSessionSecurityContextRepository - Retrieved SecurityContextImpl [Authentication=UsernamePasswordAuthenticationToken [Principal=org.springframework.security.core.userdetails.User [Username=user1@gmail.com, Password=[PROTECTED], Enabled=true, AccountNonExpired=true, CredentialsNonExpired=true, AccountNonLocked=true, Granted Authorities=[ROLE_USER]], Credentials=[PROTECTED], Authenticated=true, Details=WebAuthenticationDetails [RemoteIpAddress=0:0:0:0:0:0:0:1, SessionId=null], Granted Authorities=[ROLE_USER]]]
2025-04-17 01:18:35 [http-nio-8080-exec-10] [DEBUG] o.s.s.w.c.HttpSessionSecurityContextRepository - Retrieved SecurityContextImpl [Authentication=UsernamePasswordAuthenticationToken [Principal=org.springframework.security.core.userdetails.User [Username=user1@gmail.com, Password=[PROTECTED], Enabled=true, AccountNonExpired=true, CredentialsNonExpired=true, AccountNonLocked=true, Granted Authorities=[ROLE_USER]], Credentials=[PROTECTED], Authenticated=true, Details=WebAuthenticationDetails [RemoteIpAddress=0:0:0:0:0:0:0:1, SessionId=null], Granted Authorities=[ROLE_USER]]]
2025-04-17 01:18:35 [http-nio-8080-exec-3] [DEBUG] o.s.s.w.a.i.FilterSecurityInterceptor - Authorized filter invocation [GET /images/tour/77da970b-1e81-439d-a952-267262094a8c_kozelsk.jpg] with attributes [permitAll]
2025-04-17 01:18:35 [http-nio-8080-exec-10] [DEBUG] o.s.s.w.a.i.FilterSecurityInterceptor - Authorized filter invocation [GET /img/logo_alliance.png] with attributes [permitAll]
2025-04-17 01:18:35 [http-nio-8080-exec-10] [DEBUG] o.s.security.web.FilterChainProxy - Secured GET /img/logo_alliance.png
2025-04-17 01:18:35 [http-nio-8080-exec-3] [DEBUG] o.s.security.web.FilterChainProxy - Secured GET /images/tour/77da970b-1e81-439d-a952-267262094a8c_kozelsk.jpg
2025-04-17 01:18:35 [http-nio-8080-exec-5] [DEBUG] o.s.security.web.FilterChainProxy - Securing GET /images/tour/0901dc7b-8835-4ba3-9ce8-31ea540d5f7d_photo_2024-12-23_22-17-54.jpg
2025-04-17 01:18:35 [http-nio-8080-exec-8] [DEBUG] o.s.security.web.FilterChainProxy - Securing GET /images/tour/b144cd56-998b-4eec-9a5b-c31f14445037_12-park-tri-bogatyrya_1586958675.jpg
2025-04-17 01:18:35 [http-nio-8080-exec-8] [DEBUG] o.s.s.w.c.HttpSessionSecurityContextRepository - Retrieved SecurityContextImpl [Authentication=UsernamePasswordAuthenticationToken [Principal=org.springframework.security.core.userdetails.User [Username=user1@gmail.com, Password=[PROTECTED], Enabled=true, AccountNonExpired=true, CredentialsNonExpired=true, AccountNonLocked=true, Granted Authorities=[ROLE_USER]], Credentials=[PROTECTED], Authenticated=true, Details=WebAuthenticationDetails [RemoteIpAddress=0:0:0:0:0:0:0:1, SessionId=null], Granted Authorities=[ROLE_USER]]]
2025-04-17 01:18:35 [http-nio-8080-exec-5] [DEBUG] o.s.s.w.c.HttpSessionSecurityContextRepository - Retrieved SecurityContextImpl [Authentication=UsernamePasswordAuthenticationToken [Principal=org.springframework.security.core.userdetails.User [Username=user1@gmail.com, Password=[PROTECTED], Enabled=true, AccountNonExpired=true, CredentialsNonExpired=true, AccountNonLocked=true, Granted Authorities=[ROLE_USER]], Credentials=[PROTECTED], Authenticated=true, Details=WebAuthenticationDetails [RemoteIpAddress=0:0:0:0:0:0:0:1, SessionId=null], Granted Authorities=[ROLE_USER]]]
2025-04-17 01:18:35 [http-nio-8080-exec-8] [DEBUG] o.s.s.w.a.i.FilterSecurityInterceptor - Authorized filter invocation [GET /images/tour/b144cd56-998b-4eec-9a5b-c31f14445037_12-park-tri-bogatyrya_1586958675.jpg] with attributes [permitAll]
2025-04-17 01:18:35 [http-nio-8080-exec-5] [DEBUG] o.s.s.w.a.i.FilterSecurityInterceptor - Authorized filter invocation [GET /images/tour/0901dc7b-8835-4ba3-9ce8-31ea540d5f7d_photo_2024-12-23_22-17-54.jpg] with attributes [permitAll]
2025-04-17 01:18:35 [http-nio-8080-exec-8] [DEBUG] o.s.security.web.FilterChainProxy - Secured GET /images/tour/b144cd56-998b-4eec-9a5b-c31f14445037_12-park-tri-bogatyrya_1586958675.jpg
2025-04-17 01:18:35 [http-nio-8080-exec-5] [DEBUG] o.s.security.web.FilterChainProxy - Secured GET /images/tour/0901dc7b-8835-4ba3-9ce8-31ea540d5f7d_photo_2024-12-23_22-17-54.jpg
2025-04-17 01:18:36 [http-nio-8080-exec-7] [DEBUG] o.s.security.web.FilterChainProxy - Securing GET /excursion/tour/10
2025-04-17 01:18:36 [http-nio-8080-exec-7] [DEBUG] o.s.s.w.c.HttpSessionSecurityContextRepository - Retrieved SecurityContextImpl [Authentication=UsernamePasswordAuthenticationToken [Principal=org.springframework.security.core.userdetails.User [Username=user1@gmail.com, Password=[PROTECTED], Enabled=true, AccountNonExpired=true, CredentialsNonExpired=true, AccountNonLocked=true, Granted Authorities=[ROLE_USER]], Credentials=[PROTECTED], Authenticated=true, Details=WebAuthenticationDetails [RemoteIpAddress=0:0:0:0:0:0:0:1, SessionId=null], Granted Authorities=[ROLE_USER]]]
2025-04-17 01:18:36 [http-nio-8080-exec-7] [DEBUG] o.s.s.w.a.i.FilterSecurityInterceptor - Authorized filter invocation [GET /excursion/tour/10] with attributes [permitAll]
2025-04-17 01:18:36 [http-nio-8080-exec-7] [DEBUG] o.s.security.web.FilterChainProxy - Secured GET /excursion/tour/10
2025-04-17 01:18:36 [http-nio-8080-exec-7] [INFO] r.k.a.u.s.CheckAuthorizeService - checkAdmin is starting, principal: UsernamePasswordAuthenticationToken [Principal=org.springframework.security.core.userdetails.User [Username=user1@gmail.com, Password=[PROTECTED], Enabled=true, AccountNonExpired=true, CredentialsNonExpired=true, AccountNonLocked=true, Granted Authorities=[ROLE_USER]], Credentials=[PROTECTED], Authenticated=true, Details=WebAuthenticationDetails [RemoteIpAddress=0:0:0:0:0:0:0:1, SessionId=null], Granted Authorities=[ROLE_USER]]
2025-04-17 01:18:36 [http-nio-8080-exec-7] [INFO] r.k.a.u.s.CheckAuthorizeService - checkAdmin: principal != null
2025-04-17 01:18:36 [http-nio-8080-exec-7] [INFO] r.k.a.u.s.CheckAuthorizeService - Principal is regular authentication
2025-04-17 01:18:36 [http-nio-8080-exec-7] [INFO] r.k.a.u.s.CheckAuthorizeService - Checking admin rights for email: user1@gmail.com
2025-04-17 01:18:36 [http-nio-8080-exec-7] [INFO] r.k.a.u.s.CheckAuthorizeService - User roles: [USER]
2025-04-17 01:18:36 [http-nio-8080-exec-6] [DEBUG] o.s.security.web.FilterChainProxy - Securing GET /css/styles.css
2025-04-17 01:18:36 [http-nio-8080-exec-4] [DEBUG] o.s.security.web.FilterChainProxy - Securing GET /img/logo_alliance.png
2025-04-17 01:18:36 [http-nio-8080-exec-6] [DEBUG] o.s.s.w.c.HttpSessionSecurityContextRepository - Retrieved SecurityContextImpl [Authentication=UsernamePasswordAuthenticationToken [Principal=org.springframework.security.core.userdetails.User [Username=user1@gmail.com, Password=[PROTECTED], Enabled=true, AccountNonExpired=true, CredentialsNonExpired=true, AccountNonLocked=true, Granted Authorities=[ROLE_USER]], Credentials=[PROTECTED], Authenticated=true, Details=WebAuthenticationDetails [RemoteIpAddress=0:0:0:0:0:0:0:1, SessionId=null], Granted Authorities=[ROLE_USER]]]
2025-04-17 01:18:36 [http-nio-8080-exec-4] [DEBUG] o.s.s.w.c.HttpSessionSecurityContextRepository - Retrieved SecurityContextImpl [Authentication=UsernamePasswordAuthenticationToken [Principal=org.springframework.security.core.userdetails.User [Username=user1@gmail.com, Password=[PROTECTED], Enabled=true, AccountNonExpired=true, CredentialsNonExpired=true, AccountNonLocked=true, Granted Authorities=[ROLE_USER]], Credentials=[PROTECTED], Authenticated=true, Details=WebAuthenticationDetails [RemoteIpAddress=0:0:0:0:0:0:0:1, SessionId=null], Granted Authorities=[ROLE_USER]]]
2025-04-17 01:18:36 [http-nio-8080-exec-6] [DEBUG] o.s.s.w.a.i.FilterSecurityInterceptor - Authorized filter invocation [GET /css/styles.css] with attributes [permitAll]
2025-04-17 01:18:36 [http-nio-8080-exec-4] [DEBUG] o.s.s.w.a.i.FilterSecurityInterceptor - Authorized filter invocation [GET /img/logo_alliance.png] with attributes [permitAll]
2025-04-17 01:18:36 [http-nio-8080-exec-6] [DEBUG] o.s.security.web.FilterChainProxy - Secured GET /css/styles.css
2025-04-17 01:18:36 [http-nio-8080-exec-4] [DEBUG] o.s.security.web.FilterChainProxy - Secured GET /img/logo_alliance.png
2025-04-17 01:18:38 [http-nio-8080-exec-1] [DEBUG] o.s.security.web.FilterChainProxy - Securing GET /excursion/tour/7
2025-04-17 01:18:38 [http-nio-8080-exec-1] [DEBUG] o.s.s.w.c.HttpSessionSecurityContextRepository - Retrieved SecurityContextImpl [Authentication=UsernamePasswordAuthenticationToken [Principal=org.springframework.security.core.userdetails.User [Username=user1@gmail.com, Password=[PROTECTED], Enabled=true, AccountNonExpired=true, CredentialsNonExpired=true, AccountNonLocked=true, Granted Authorities=[ROLE_USER]], Credentials=[PROTECTED], Authenticated=true, Details=WebAuthenticationDetails [RemoteIpAddress=0:0:0:0:0:0:0:1, SessionId=null], Granted Authorities=[ROLE_USER]]]
2025-04-17 01:18:38 [http-nio-8080-exec-1] [DEBUG] o.s.s.w.a.i.FilterSecurityInterceptor - Authorized filter invocation [GET /excursion/tour/7] with attributes [permitAll]
2025-04-17 01:18:38 [http-nio-8080-exec-1] [DEBUG] o.s.security.web.FilterChainProxy - Secured GET /excursion/tour/7
2025-04-17 01:18:38 [http-nio-8080-exec-1] [INFO] r.k.a.u.s.CheckAuthorizeService - checkAdmin is starting, principal: UsernamePasswordAuthenticationToken [Principal=org.springframework.security.core.userdetails.User [Username=user1@gmail.com, Password=[PROTECTED], Enabled=true, AccountNonExpired=true, CredentialsNonExpired=true, AccountNonLocked=true, Granted Authorities=[ROLE_USER]], Credentials=[PROTECTED], Authenticated=true, Details=WebAuthenticationDetails [RemoteIpAddress=0:0:0:0:0:0:0:1, SessionId=null], Granted Authorities=[ROLE_USER]]
2025-04-17 01:18:38 [http-nio-8080-exec-1] [INFO] r.k.a.u.s.CheckAuthorizeService - checkAdmin: principal != null
2025-04-17 01:18:38 [http-nio-8080-exec-1] [INFO] r.k.a.u.s.CheckAuthorizeService - Principal is regular authentication
2025-04-17 01:18:38 [http-nio-8080-exec-1] [INFO] r.k.a.u.s.CheckAuthorizeService - Checking admin rights for email: user1@gmail.com
2025-04-17 01:18:38 [http-nio-8080-exec-1] [INFO] r.k.a.u.s.CheckAuthorizeService - User roles: [USER]
2025-04-17 01:18:38 [http-nio-8080-exec-2] [DEBUG] o.s.security.web.FilterChainProxy - Securing GET /css/styles.css
2025-04-17 01:18:38 [http-nio-8080-exec-9] [DEBUG] o.s.security.web.FilterChainProxy - Securing GET /img/logo_alliance.png
2025-04-17 01:18:38 [http-nio-8080-exec-3] [DEBUG] o.s.security.web.FilterChainProxy - Securing GET /images/tour/70efb4f2-568c-40d0-b39f-55ed0ccbc07e_00-Козельск.jpg
2025-04-17 01:18:38 [http-nio-8080-exec-2] [DEBUG] o.s.s.w.c.HttpSessionSecurityContextRepository - Retrieved SecurityContextImpl [Authentication=UsernamePasswordAuthenticationToken [Principal=org.springframework.security.core.userdetails.User [Username=user1@gmail.com, Password=[PROTECTED], Enabled=true, AccountNonExpired=true, CredentialsNonExpired=true, AccountNonLocked=true, Granted Authorities=[ROLE_USER]], Credentials=[PROTECTED], Authenticated=true, Details=WebAuthenticationDetails [RemoteIpAddress=0:0:0:0:0:0:0:1, SessionId=null], Granted Authorities=[ROLE_USER]]]
2025-04-17 01:18:38 [http-nio-8080-exec-9] [DEBUG] o.s.s.w.c.HttpSessionSecurityContextRepository - Retrieved SecurityContextImpl [Authentication=UsernamePasswordAuthenticationToken [Principal=org.springframework.security.core.userdetails.User [Username=user1@gmail.com, Password=[PROTECTED], Enabled=true, AccountNonExpired=true, CredentialsNonExpired=true, AccountNonLocked=true, Granted Authorities=[ROLE_USER]], Credentials=[PROTECTED], Authenticated=true, Details=WebAuthenticationDetails [RemoteIpAddress=0:0:0:0:0:0:0:1, SessionId=null], Granted Authorities=[ROLE_USER]]]
2025-04-17 01:18:38 [http-nio-8080-exec-3] [DEBUG] o.s.s.w.c.HttpSessionSecurityContextRepository - Retrieved SecurityContextImpl [Authentication=UsernamePasswordAuthenticationToken [Principal=org.springframework.security.core.userdetails.User [Username=user1@gmail.com, Password=[PROTECTED], Enabled=true, AccountNonExpired=true, CredentialsNonExpired=true, AccountNonLocked=true, Granted Authorities=[ROLE_USER]], Credentials=[PROTECTED], Authenticated=true, Details=WebAuthenticationDetails [RemoteIpAddress=0:0:0:0:0:0:0:1, SessionId=null], Granted Authorities=[ROLE_USER]]]
2025-04-17 01:18:38 [http-nio-8080-exec-2] [DEBUG] o.s.s.w.a.i.FilterSecurityInterceptor - Authorized filter invocation [GET /css/styles.css] with attributes [permitAll]
2025-04-17 01:18:38 [http-nio-8080-exec-9] [DEBUG] o.s.s.w.a.i.FilterSecurityInterceptor - Authorized filter invocation [GET /img/logo_alliance.png] with attributes [permitAll]
2025-04-17 01:18:38 [http-nio-8080-exec-3] [DEBUG] o.s.s.w.a.i.FilterSecurityInterceptor - Authorized filter invocation [GET /images/tour/70efb4f2-568c-40d0-b39f-55ed0ccbc07e_00-Козельск.jpg] with attributes [permitAll]
2025-04-17 01:18:38 [http-nio-8080-exec-9] [DEBUG] o.s.security.web.FilterChainProxy - Secured GET /img/logo_alliance.png
2025-04-17 01:18:38 [http-nio-8080-exec-2] [DEBUG] o.s.security.web.FilterChainProxy - Secured GET /css/styles.css
2025-04-17 01:18:38 [http-nio-8080-exec-3] [DEBUG] o.s.security.web.FilterChainProxy - Secured GET /images/tour/70efb4f2-568c-40d0-b39f-55ed0ccbc07e_00-Козельск.jpg
2025-04-17 01:18:38 [http-nio-8080-exec-10] [DEBUG] o.s.security.web.FilterChainProxy - Securing GET /images/tour/9a82b164-22ad-4d36-b819-c6f0b357f20e_01.jpg
2025-04-17 01:18:38 [http-nio-8080-exec-5] [DEBUG] o.s.security.web.FilterChainProxy - Securing GET /images/tour/2fda8126-ebe8-4ae8-8cc0-41fba6cc8428_photo_2024-12-23_22-18-01.jpg
2025-04-17 01:18:38 [http-nio-8080-exec-7] [DEBUG] o.s.security.web.FilterChainProxy - Securing GET /images/tour/414b0294-d609-404f-b29e-bce0b3a8dd2d_2.jpg
2025-04-17 01:18:38 [http-nio-8080-exec-8] [DEBUG] o.s.security.web.FilterChainProxy - Securing GET /images/tour/ab411480-0960-49e0-851d-d9a6ee643bbf_photo_2024-12-23_22-18-02.jpg
2025-04-17 01:18:38 [http-nio-8080-exec-5] [DEBUG] o.s.s.w.c.HttpSessionSecurityContextRepository - Retrieved SecurityContextImpl [Authentication=UsernamePasswordAuthenticationToken [Principal=org.springframework.security.core.userdetails.User [Username=user1@gmail.com, Password=[PROTECTED], Enabled=true, AccountNonExpired=true, CredentialsNonExpired=true, AccountNonLocked=true, Granted Authorities=[ROLE_USER]], Credentials=[PROTECTED], Authenticated=true, Details=WebAuthenticationDetails [RemoteIpAddress=0:0:0:0:0:0:0:1, SessionId=null], Granted Authorities=[ROLE_USER]]]
2025-04-17 01:18:38 [http-nio-8080-exec-10] [DEBUG] o.s.s.w.c.HttpSessionSecurityContextRepository - Retrieved SecurityContextImpl [Authentication=UsernamePasswordAuthenticationToken [Principal=org.springframework.security.core.userdetails.User [Username=user1@gmail.com, Password=[PROTECTED], Enabled=true, AccountNonExpired=true, CredentialsNonExpired=true, AccountNonLocked=true, Granted Authorities=[ROLE_USER]], Credentials=[PROTECTED], Authenticated=true, Details=WebAuthenticationDetails [RemoteIpAddress=0:0:0:0:0:0:0:1, SessionId=null], Granted Authorities=[ROLE_USER]]]
2025-04-17 01:18:38 [http-nio-8080-exec-7] [DEBUG] o.s.s.w.c.HttpSessionSecurityContextRepository - Retrieved SecurityContextImpl [Authentication=UsernamePasswordAuthenticationToken [Principal=org.springframework.security.core.userdetails.User [Username=user1@gmail.com, Password=[PROTECTED], Enabled=true, AccountNonExpired=true, CredentialsNonExpired=true, AccountNonLocked=true, Granted Authorities=[ROLE_USER]], Credentials=[PROTECTED], Authenticated=true, Details=WebAuthenticationDetails [RemoteIpAddress=0:0:0:0:0:0:0:1, SessionId=null], Granted Authorities=[ROLE_USER]]]
2025-04-17 01:18:38 [http-nio-8080-exec-8] [DEBUG] o.s.s.w.c.HttpSessionSecurityContextRepository - Retrieved SecurityContextImpl [Authentication=UsernamePasswordAuthenticationToken [Principal=org.springframework.security.core.userdetails.User [Username=user1@gmail.com, Password=[PROTECTED], Enabled=true, AccountNonExpired=true, CredentialsNonExpired=true, AccountNonLocked=true, Granted Authorities=[ROLE_USER]], Credentials=[PROTECTED], Authenticated=true, Details=WebAuthenticationDetails [RemoteIpAddress=0:0:0:0:0:0:0:1, SessionId=null], Granted Authorities=[ROLE_USER]]]
2025-04-17 01:18:38 [http-nio-8080-exec-10] [DEBUG] o.s.s.w.a.i.FilterSecurityInterceptor - Authorized filter invocation [GET /images/tour/9a82b164-22ad-4d36-b819-c6f0b357f20e_01.jpg] with attributes [permitAll]
2025-04-17 01:18:38 [http-nio-8080-exec-5] [DEBUG] o.s.s.w.a.i.FilterSecurityInterceptor - Authorized filter invocation [GET /images/tour/2fda8126-ebe8-4ae8-8cc0-41fba6cc8428_photo_2024-12-23_22-18-01.jpg] with attributes [permitAll]
2025-04-17 01:18:38 [http-nio-8080-exec-7] [DEBUG] o.s.s.w.a.i.FilterSecurityInterceptor - Authorized filter invocation [GET /images/tour/414b0294-d609-404f-b29e-bce0b3a8dd2d_2.jpg] with attributes [permitAll]
2025-04-17 01:18:38 [http-nio-8080-exec-8] [DEBUG] o.s.s.w.a.i.FilterSecurityInterceptor - Authorized filter invocation [GET /images/tour/ab411480-0960-49e0-851d-d9a6ee643bbf_photo_2024-12-23_22-18-02.jpg] with attributes [permitAll]
2025-04-17 01:18:38 [http-nio-8080-exec-10] [DEBUG] o.s.security.web.FilterChainProxy - Secured GET /images/tour/9a82b164-22ad-4d36-b819-c6f0b357f20e_01.jpg
2025-04-17 01:18:38 [http-nio-8080-exec-5] [DEBUG] o.s.security.web.FilterChainProxy - Secured GET /images/tour/2fda8126-ebe8-4ae8-8cc0-41fba6cc8428_photo_2024-12-23_22-18-01.jpg
2025-04-17 01:18:38 [http-nio-8080-exec-7] [DEBUG] o.s.security.web.FilterChainProxy - Secured GET /images/tour/414b0294-d609-404f-b29e-bce0b3a8dd2d_2.jpg
2025-04-17 01:18:38 [http-nio-8080-exec-8] [DEBUG] o.s.security.web.FilterChainProxy - Secured GET /images/tour/ab411480-0960-49e0-851d-d9a6ee643bbf_photo_2024-12-23_22-18-02.jpg
2025-04-17 01:18:39 [http-nio-8080-exec-4] [DEBUG] o.s.security.web.FilterChainProxy - Securing GET /excursion/tour/8
2025-04-17 01:18:39 [http-nio-8080-exec-4] [DEBUG] o.s.s.w.c.HttpSessionSecurityContextRepository - Retrieved SecurityContextImpl [Authentication=UsernamePasswordAuthenticationToken [Principal=org.springframework.security.core.userdetails.User [Username=user1@gmail.com, Password=[PROTECTED], Enabled=true, AccountNonExpired=true, CredentialsNonExpired=true, AccountNonLocked=true, Granted Authorities=[ROLE_USER]], Credentials=[PROTECTED], Authenticated=true, Details=WebAuthenticationDetails [RemoteIpAddress=0:0:0:0:0:0:0:1, SessionId=null], Granted Authorities=[ROLE_USER]]]
2025-04-17 01:18:39 [http-nio-8080-exec-4] [DEBUG] o.s.s.w.a.i.FilterSecurityInterceptor - Authorized filter invocation [GET /excursion/tour/8] with attributes [permitAll]
2025-04-17 01:18:39 [http-nio-8080-exec-4] [DEBUG] o.s.security.web.FilterChainProxy - Secured GET /excursion/tour/8
2025-04-17 01:18:39 [http-nio-8080-exec-4] [INFO] r.k.a.u.s.CheckAuthorizeService - checkAdmin is starting, principal: UsernamePasswordAuthenticationToken [Principal=org.springframework.security.core.userdetails.User [Username=user1@gmail.com, Password=[PROTECTED], Enabled=true, AccountNonExpired=true, CredentialsNonExpired=true, AccountNonLocked=true, Granted Authorities=[ROLE_USER]], Credentials=[PROTECTED], Authenticated=true, Details=WebAuthenticationDetails [RemoteIpAddress=0:0:0:0:0:0:0:1, SessionId=null], Granted Authorities=[ROLE_USER]]
2025-04-17 01:18:39 [http-nio-8080-exec-4] [INFO] r.k.a.u.s.CheckAuthorizeService - checkAdmin: principal != null
2025-04-17 01:18:39 [http-nio-8080-exec-4] [INFO] r.k.a.u.s.CheckAuthorizeService - Principal is regular authentication
2025-04-17 01:18:39 [http-nio-8080-exec-4] [INFO] r.k.a.u.s.CheckAuthorizeService - Checking admin rights for email: user1@gmail.com
2025-04-17 01:18:39 [http-nio-8080-exec-4] [INFO] r.k.a.u.s.CheckAuthorizeService - User roles: [USER]
2025-04-17 01:18:39 [http-nio-8080-exec-6] [DEBUG] o.s.security.web.FilterChainProxy - Securing GET /css/styles.css
2025-04-17 01:18:39 [http-nio-8080-exec-6] [DEBUG] o.s.s.w.c.HttpSessionSecurityContextRepository - Retrieved SecurityContextImpl [Authentication=UsernamePasswordAuthenticationToken [Principal=org.springframework.security.core.userdetails.User [Username=user1@gmail.com, Password=[PROTECTED], Enabled=true, AccountNonExpired=true, CredentialsNonExpired=true, AccountNonLocked=true, Granted Authorities=[ROLE_USER]], Credentials=[PROTECTED], Authenticated=true, Details=WebAuthenticationDetails [RemoteIpAddress=0:0:0:0:0:0:0:1, SessionId=null], Granted Authorities=[ROLE_USER]]]
2025-04-17 01:18:39 [http-nio-8080-exec-6] [DEBUG] o.s.s.w.a.i.FilterSecurityInterceptor - Authorized filter invocation [GET /css/styles.css] with attributes [permitAll]
2025-04-17 01:18:39 [http-nio-8080-exec-6] [DEBUG] o.s.security.web.FilterChainProxy - Secured GET /css/styles.css
2025-04-17 01:18:39 [http-nio-8080-exec-1] [DEBUG] o.s.security.web.FilterChainProxy - Securing GET /img/logo_alliance.png
2025-04-17 01:18:39 [http-nio-8080-exec-1] [DEBUG] o.s.s.w.c.HttpSessionSecurityContextRepository - Retrieved SecurityContextImpl [Authentication=UsernamePasswordAuthenticationToken [Principal=org.springframework.security.core.userdetails.User [Username=user1@gmail.com, Password=[PROTECTED], Enabled=true, AccountNonExpired=true, CredentialsNonExpired=true, AccountNonLocked=true, Granted Authorities=[ROLE_USER]], Credentials=[PROTECTED], Authenticated=true, Details=WebAuthenticationDetails [RemoteIpAddress=0:0:0:0:0:0:0:1, SessionId=null], Granted Authorities=[ROLE_USER]]]
2025-04-17 01:18:39 [http-nio-8080-exec-1] [DEBUG] o.s.s.w.a.i.FilterSecurityInterceptor - Authorized filter invocation [GET /img/logo_alliance.png] with attributes [permitAll]
2025-04-17 01:18:39 [http-nio-8080-exec-1] [DEBUG] o.s.security.web.FilterChainProxy - Secured GET /img/logo_alliance.png
2025-04-17 01:18:40 [http-nio-8080-exec-2] [DEBUG] o.s.security.web.FilterChainProxy - Securing GET /excursion/booking/8
2025-04-17 01:18:40 [http-nio-8080-exec-2] [DEBUG] o.s.s.w.c.HttpSessionSecurityContextRepository - Retrieved SecurityContextImpl [Authentication=UsernamePasswordAuthenticationToken [Principal=org.springframework.security.core.userdetails.User [Username=user1@gmail.com, Password=[PROTECTED], Enabled=true, AccountNonExpired=true, CredentialsNonExpired=true, AccountNonLocked=true, Granted Authorities=[ROLE_USER]], Credentials=[PROTECTED], Authenticated=true, Details=WebAuthenticationDetails [RemoteIpAddress=0:0:0:0:0:0:0:1, SessionId=null], Granted Authorities=[ROLE_USER]]]
2025-04-17 01:18:40 [http-nio-8080-exec-2] [DEBUG] o.s.s.w.a.i.FilterSecurityInterceptor - Authorized filter invocation [GET /excursion/booking/8] with attributes [permitAll]
2025-04-17 01:18:40 [http-nio-8080-exec-2] [DEBUG] o.s.security.web.FilterChainProxy - Secured GET /excursion/booking/8
2025-04-17 01:18:40 [http-nio-8080-exec-9] [DEBUG] o.s.security.web.FilterChainProxy - Securing GET /img/logo_alliance.png
2025-04-17 01:18:40 [http-nio-8080-exec-9] [DEBUG] o.s.s.w.c.HttpSessionSecurityContextRepository - Retrieved SecurityContextImpl [Authentication=UsernamePasswordAuthenticationToken [Principal=org.springframework.security.core.userdetails.User [Username=user1@gmail.com, Password=[PROTECTED], Enabled=true, AccountNonExpired=true, CredentialsNonExpired=true, AccountNonLocked=true, Granted Authorities=[ROLE_USER]], Credentials=[PROTECTED], Authenticated=true, Details=WebAuthenticationDetails [RemoteIpAddress=0:0:0:0:0:0:0:1, SessionId=null], Granted Authorities=[ROLE_USER]]]
2025-04-17 01:18:40 [http-nio-8080-exec-9] [DEBUG] o.s.s.w.a.i.FilterSecurityInterceptor - Authorized filter invocation [GET /img/logo_alliance.png] with attributes [permitAll]
2025-04-17 01:18:40 [http-nio-8080-exec-9] [DEBUG] o.s.security.web.FilterChainProxy - Secured GET /img/logo_alliance.png
2025-04-17 01:18:45 [http-nio-8080-exec-3] [DEBUG] o.s.security.web.FilterChainProxy - Securing GET /excursion/booking/8?date=2025-04-25
2025-04-17 01:18:45 [http-nio-8080-exec-3] [DEBUG] o.s.s.w.c.HttpSessionSecurityContextRepository - Retrieved SecurityContextImpl [Authentication=UsernamePasswordAuthenticationToken [Principal=org.springframework.security.core.userdetails.User [Username=user1@gmail.com, Password=[PROTECTED], Enabled=true, AccountNonExpired=true, CredentialsNonExpired=true, AccountNonLocked=true, Granted Authorities=[ROLE_USER]], Credentials=[PROTECTED], Authenticated=true, Details=WebAuthenticationDetails [RemoteIpAddress=0:0:0:0:0:0:0:1, SessionId=null], Granted Authorities=[ROLE_USER]]]
2025-04-17 01:18:45 [http-nio-8080-exec-3] [DEBUG] o.s.s.w.a.i.FilterSecurityInterceptor - Authorized filter invocation [GET /excursion/booking/8?date=2025-04-25] with attributes [permitAll]
2025-04-17 01:18:45 [http-nio-8080-exec-3] [DEBUG] o.s.security.web.FilterChainProxy - Secured GET /excursion/booking/8?date=2025-04-25
2025-04-17 01:18:45 [http-nio-8080-exec-7] [DEBUG] o.s.security.web.FilterChainProxy - Securing GET /img/logo_alliance.png
2025-04-17 01:18:45 [http-nio-8080-exec-7] [DEBUG] o.s.s.w.c.HttpSessionSecurityContextRepository - Retrieved SecurityContextImpl [Authentication=UsernamePasswordAuthenticationToken [Principal=org.springframework.security.core.userdetails.User [Username=user1@gmail.com, Password=[PROTECTED], Enabled=true, AccountNonExpired=true, CredentialsNonExpired=true, AccountNonLocked=true, Granted Authorities=[ROLE_USER]], Credentials=[PROTECTED], Authenticated=true, Details=WebAuthenticationDetails [RemoteIpAddress=0:0:0:0:0:0:0:1, SessionId=null], Granted Authorities=[ROLE_USER]]]
2025-04-17 01:18:45 [http-nio-8080-exec-7] [DEBUG] o.s.s.w.a.i.FilterSecurityInterceptor - Authorized filter invocation [GET /img/logo_alliance.png] with attributes [permitAll]
2025-04-17 01:18:45 [http-nio-8080-exec-7] [DEBUG] o.s.security.web.FilterChainProxy - Secured GET /img/logo_alliance.png
2025-04-17 01:18:48 [http-nio-8080-exec-8] [DEBUG] o.s.security.web.FilterChainProxy - Securing GET /excursion/booking/8?date=2025-04-25
2025-04-17 01:18:48 [http-nio-8080-exec-8] [DEBUG] o.s.s.w.c.HttpSessionSecurityContextRepository - Retrieved SecurityContextImpl [Authentication=UsernamePasswordAuthenticationToken [Principal=org.springframework.security.core.userdetails.User [Username=user1@gmail.com, Password=[PROTECTED], Enabled=true, AccountNonExpired=true, CredentialsNonExpired=true, AccountNonLocked=true, Granted Authorities=[ROLE_USER]], Credentials=[PROTECTED], Authenticated=true, Details=WebAuthenticationDetails [RemoteIpAddress=0:0:0:0:0:0:0:1, SessionId=null], Granted Authorities=[ROLE_USER]]]
2025-04-17 01:18:48 [http-nio-8080-exec-8] [DEBUG] o.s.s.w.a.i.FilterSecurityInterceptor - Authorized filter invocation [GET /excursion/booking/8?date=2025-04-25] with attributes [permitAll]
2025-04-17 01:18:48 [http-nio-8080-exec-8] [DEBUG] o.s.security.web.FilterChainProxy - Secured GET /excursion/booking/8?date=2025-04-25
2025-04-17 01:18:48 [http-nio-8080-exec-5] [DEBUG] o.s.security.web.FilterChainProxy - Securing GET /img/logo_alliance.png
2025-04-17 01:18:48 [http-nio-8080-exec-5] [DEBUG] o.s.s.w.c.HttpSessionSecurityContextRepository - Retrieved SecurityContextImpl [Authentication=UsernamePasswordAuthenticationToken [Principal=org.springframework.security.core.userdetails.User [Username=user1@gmail.com, Password=[PROTECTED], Enabled=true, AccountNonExpired=true, CredentialsNonExpired=true, AccountNonLocked=true, Granted Authorities=[ROLE_USER]], Credentials=[PROTECTED], Authenticated=true, Details=WebAuthenticationDetails [RemoteIpAddress=0:0:0:0:0:0:0:1, SessionId=null], Granted Authorities=[ROLE_USER]]]
2025-04-17 01:18:48 [http-nio-8080-exec-5] [DEBUG] o.s.s.w.a.i.FilterSecurityInterceptor - Authorized filter invocation [GET /img/logo_alliance.png] with attributes [permitAll]
2025-04-17 01:18:48 [http-nio-8080-exec-5] [DEBUG] o.s.security.web.FilterChainProxy - Secured GET /img/logo_alliance.png
2025-04-17 01:18:51 [http-nio-8080-exec-10] [DEBUG] o.s.security.web.FilterChainProxy - Securing GET /excursion/booking/8?date=2025-04-26
2025-04-17 01:18:51 [http-nio-8080-exec-10] [DEBUG] o.s.s.w.c.HttpSessionSecurityContextRepository - Retrieved SecurityContextImpl [Authentication=UsernamePasswordAuthenticationToken [Principal=org.springframework.security.core.userdetails.User [Username=user1@gmail.com, Password=[PROTECTED], Enabled=true, AccountNonExpired=true, CredentialsNonExpired=true, AccountNonLocked=true, Granted Authorities=[ROLE_USER]], Credentials=[PROTECTED], Authenticated=true, Details=WebAuthenticationDetails [RemoteIpAddress=0:0:0:0:0:0:0:1, SessionId=null], Granted Authorities=[ROLE_USER]]]
2025-04-17 01:18:51 [http-nio-8080-exec-10] [DEBUG] o.s.s.w.a.i.FilterSecurityInterceptor - Authorized filter invocation [GET /excursion/booking/8?date=2025-04-26] with attributes [permitAll]
2025-04-17 01:18:51 [http-nio-8080-exec-10] [DEBUG] o.s.security.web.FilterChainProxy - Secured GET /excursion/booking/8?date=2025-04-26
2025-04-17 01:18:51 [http-nio-8080-exec-4] [DEBUG] o.s.security.web.FilterChainProxy - Securing GET /img/logo_alliance.png
2025-04-17 01:18:51 [http-nio-8080-exec-4] [DEBUG] o.s.s.w.c.HttpSessionSecurityContextRepository - Retrieved SecurityContextImpl [Authentication=UsernamePasswordAuthenticationToken [Principal=org.springframework.security.core.userdetails.User [Username=user1@gmail.com, Password=[PROTECTED], Enabled=true, AccountNonExpired=true, CredentialsNonExpired=true, AccountNonLocked=true, Granted Authorities=[ROLE_USER]], Credentials=[PROTECTED], Authenticated=true, Details=WebAuthenticationDetails [RemoteIpAddress=0:0:0:0:0:0:0:1, SessionId=null], Granted Authorities=[ROLE_USER]]]
2025-04-17 01:18:51 [http-nio-8080-exec-4] [DEBUG] o.s.s.w.a.i.FilterSecurityInterceptor - Authorized filter invocation [GET /img/logo_alliance.png] with attributes [permitAll]
2025-04-17 01:18:51 [http-nio-8080-exec-4] [DEBUG] o.s.security.web.FilterChainProxy - Secured GET /img/logo_alliance.png
2025-04-17 01:19:34 [http-nio-8080-exec-1] [DEBUG] o.s.security.web.FilterChainProxy - Securing POST /excursion/booking/8
2025-04-17 01:19:34 [http-nio-8080-exec-1] [DEBUG] o.s.s.w.c.HttpSessionSecurityContextRepository - Retrieved SecurityContextImpl [Authentication=UsernamePasswordAuthenticationToken [Principal=org.springframework.security.core.userdetails.User [Username=user1@gmail.com, Password=[PROTECTED], Enabled=true, AccountNonExpired=true, CredentialsNonExpired=true, AccountNonLocked=true, Granted Authorities=[ROLE_USER]], Credentials=[PROTECTED], Authenticated=true, Details=WebAuthenticationDetails [RemoteIpAddress=0:0:0:0:0:0:0:1, SessionId=null], Granted Authorities=[ROLE_USER]]]
2025-04-17 01:19:34 [http-nio-8080-exec-1] [DEBUG] o.s.s.w.a.i.FilterSecurityInterceptor - Authorized filter invocation [POST /excursion/booking/8] with attributes [permitAll]
2025-04-17 01:19:34 [http-nio-8080-exec-1] [DEBUG] o.s.security.web.FilterChainProxy - Secured POST /excursion/booking/8
2025-04-17 01:19:34 [http-nio-8080-exec-2] [DEBUG] o.s.security.web.FilterChainProxy - Securing GET /excursion/tour/8
2025-04-17 01:19:34 [http-nio-8080-exec-2] [DEBUG] o.s.s.w.c.HttpSessionSecurityContextRepository - Retrieved SecurityContextImpl [Authentication=UsernamePasswordAuthenticationToken [Principal=org.springframework.security.core.userdetails.User [Username=user1@gmail.com, Password=[PROTECTED], Enabled=true, AccountNonExpired=true, CredentialsNonExpired=true, AccountNonLocked=true, Granted Authorities=[ROLE_USER]], Credentials=[PROTECTED], Authenticated=true, Details=WebAuthenticationDetails [RemoteIpAddress=0:0:0:0:0:0:0:1, SessionId=null], Granted Authorities=[ROLE_USER]]]
2025-04-17 01:19:34 [http-nio-8080-exec-2] [DEBUG] o.s.s.w.a.i.FilterSecurityInterceptor - Authorized filter invocation [GET /excursion/tour/8] with attributes [permitAll]
2025-04-17 01:19:34 [http-nio-8080-exec-2] [DEBUG] o.s.security.web.FilterChainProxy - Secured GET /excursion/tour/8
2025-04-17 01:19:34 [http-nio-8080-exec-2] [INFO] r.k.a.u.s.CheckAuthorizeService - checkAdmin is starting, principal: UsernamePasswordAuthenticationToken [Principal=org.springframework.security.core.userdetails.User [Username=user1@gmail.com, Password=[PROTECTED], Enabled=true, AccountNonExpired=true, CredentialsNonExpired=true, AccountNonLocked=true, Granted Authorities=[ROLE_USER]], Credentials=[PROTECTED], Authenticated=true, Details=WebAuthenticationDetails [RemoteIpAddress=0:0:0:0:0:0:0:1, SessionId=null], Granted Authorities=[ROLE_USER]]
2025-04-17 01:19:34 [http-nio-8080-exec-2] [INFO] r.k.a.u.s.CheckAuthorizeService - checkAdmin: principal != null
2025-04-17 01:19:34 [http-nio-8080-exec-2] [INFO] r.k.a.u.s.CheckAuthorizeService - Principal is regular authentication
2025-04-17 01:19:34 [http-nio-8080-exec-2] [INFO] r.k.a.u.s.CheckAuthorizeService - Checking admin rights for email: user1@gmail.com
2025-04-17 01:19:34 [http-nio-8080-exec-2] [INFO] r.k.a.u.s.CheckAuthorizeService - User roles: [USER]
2025-04-17 01:19:34 [http-nio-8080-exec-9] [DEBUG] o.s.security.web.FilterChainProxy - Securing GET /css/styles.css
2025-04-17 01:19:34 [http-nio-8080-exec-3] [DEBUG] o.s.security.web.FilterChainProxy - Securing GET /img/logo_alliance.png
2025-04-17 01:19:34 [http-nio-8080-exec-9] [DEBUG] o.s.s.w.c.HttpSessionSecurityContextRepository - Retrieved SecurityContextImpl [Authentication=UsernamePasswordAuthenticationToken [Principal=org.springframework.security.core.userdetails.User [Username=user1@gmail.com, Password=[PROTECTED], Enabled=true, AccountNonExpired=true, CredentialsNonExpired=true, AccountNonLocked=true, Granted Authorities=[ROLE_USER]], Credentials=[PROTECTED], Authenticated=true, Details=WebAuthenticationDetails [RemoteIpAddress=0:0:0:0:0:0:0:1, SessionId=null], Granted Authorities=[ROLE_USER]]]
2025-04-17 01:19:34 [http-nio-8080-exec-3] [DEBUG] o.s.s.w.c.HttpSessionSecurityContextRepository - Retrieved SecurityContextImpl [Authentication=UsernamePasswordAuthenticationToken [Principal=org.springframework.security.core.userdetails.User [Username=user1@gmail.com, Password=[PROTECTED], Enabled=true, AccountNonExpired=true, CredentialsNonExpired=true, AccountNonLocked=true, Granted Authorities=[ROLE_USER]], Credentials=[PROTECTED], Authenticated=true, Details=WebAuthenticationDetails [RemoteIpAddress=0:0:0:0:0:0:0:1, SessionId=null], Granted Authorities=[ROLE_USER]]]
2025-04-17 01:19:34 [http-nio-8080-exec-9] [DEBUG] o.s.s.w.a.i.FilterSecurityInterceptor - Authorized filter invocation [GET /css/styles.css] with attributes [permitAll]
2025-04-17 01:19:34 [http-nio-8080-exec-3] [DEBUG] o.s.s.w.a.i.FilterSecurityInterceptor - Authorized filter invocation [GET /img/logo_alliance.png] with attributes [permitAll]
2025-04-17 01:19:34 [http-nio-8080-exec-9] [DEBUG] o.s.security.web.FilterChainProxy - Secured GET /css/styles.css
2025-04-17 01:19:34 [http-nio-8080-exec-3] [DEBUG] o.s.security.web.FilterChainProxy - Secured GET /img/logo_alliance.png
2025-04-17 01:19:37 [http-nio-8080-exec-7] [DEBUG] o.s.security.web.FilterChainProxy - Securing GET /excursion
2025-04-17 01:19:37 [http-nio-8080-exec-7] [DEBUG] o.s.s.w.c.HttpSessionSecurityContextRepository - Retrieved SecurityContextImpl [Authentication=UsernamePasswordAuthenticationToken [Principal=org.springframework.security.core.userdetails.User [Username=user1@gmail.com, Password=[PROTECTED], Enabled=true, AccountNonExpired=true, CredentialsNonExpired=true, AccountNonLocked=true, Granted Authorities=[ROLE_USER]], Credentials=[PROTECTED], Authenticated=true, Details=WebAuthenticationDetails [RemoteIpAddress=0:0:0:0:0:0:0:1, SessionId=null], Granted Authorities=[ROLE_USER]]]
2025-04-17 01:19:37 [http-nio-8080-exec-7] [DEBUG] o.s.s.w.a.i.FilterSecurityInterceptor - Authorized filter invocation [GET /excursion] with attributes [permitAll]
2025-04-17 01:19:37 [http-nio-8080-exec-7] [DEBUG] o.s.security.web.FilterChainProxy - Secured GET /excursion
2025-04-17 01:19:37 [http-nio-8080-exec-7] [INFO] r.k.a.u.s.CheckAuthorizeService - checkAdmin is starting, principal: UsernamePasswordAuthenticationToken [Principal=org.springframework.security.core.userdetails.User [Username=user1@gmail.com, Password=[PROTECTED], Enabled=true, AccountNonExpired=true, CredentialsNonExpired=true, AccountNonLocked=true, Granted Authorities=[ROLE_USER]], Credentials=[PROTECTED], Authenticated=true, Details=WebAuthenticationDetails [RemoteIpAddress=0:0:0:0:0:0:0:1, SessionId=null], Granted Authorities=[ROLE_USER]]
2025-04-17 01:19:37 [http-nio-8080-exec-7] [INFO] r.k.a.u.s.CheckAuthorizeService - checkAdmin: principal != null
2025-04-17 01:19:37 [http-nio-8080-exec-7] [INFO] r.k.a.u.s.CheckAuthorizeService - Principal is regular authentication
2025-04-17 01:19:37 [http-nio-8080-exec-7] [INFO] r.k.a.u.s.CheckAuthorizeService - Checking admin rights for email: user1@gmail.com
2025-04-17 01:19:37 [http-nio-8080-exec-7] [INFO] r.k.a.u.s.CheckAuthorizeService - User roles: [USER]
2025-04-17 01:19:37 [http-nio-8080-exec-8] [DEBUG] o.s.security.web.FilterChainProxy - Securing GET /css/styles.css
2025-04-17 01:19:37 [http-nio-8080-exec-8] [DEBUG] o.s.s.w.c.HttpSessionSecurityContextRepository - Retrieved SecurityContextImpl [Authentication=UsernamePasswordAuthenticationToken [Principal=org.springframework.security.core.userdetails.User [Username=user1@gmail.com, Password=[PROTECTED], Enabled=true, AccountNonExpired=true, CredentialsNonExpired=true, AccountNonLocked=true, Granted Authorities=[ROLE_USER]], Credentials=[PROTECTED], Authenticated=true, Details=WebAuthenticationDetails [RemoteIpAddress=0:0:0:0:0:0:0:1, SessionId=null], Granted Authorities=[ROLE_USER]]]
2025-04-17 01:19:37 [http-nio-8080-exec-8] [DEBUG] o.s.s.w.a.i.FilterSecurityInterceptor - Authorized filter invocation [GET /css/styles.css] with attributes [permitAll]
2025-04-17 01:19:37 [http-nio-8080-exec-8] [DEBUG] o.s.security.web.FilterChainProxy - Secured GET /css/styles.css
2025-04-17 01:19:37 [http-nio-8080-exec-5] [DEBUG] o.s.security.web.FilterChainProxy - Securing GET /img/logo_alliance.png
2025-04-17 01:19:37 [http-nio-8080-exec-5] [DEBUG] o.s.s.w.c.HttpSessionSecurityContextRepository - Retrieved SecurityContextImpl [Authentication=UsernamePasswordAuthenticationToken [Principal=org.springframework.security.core.userdetails.User [Username=user1@gmail.com, Password=[PROTECTED], Enabled=true, AccountNonExpired=true, CredentialsNonExpired=true, AccountNonLocked=true, Granted Authorities=[ROLE_USER]], Credentials=[PROTECTED], Authenticated=true, Details=WebAuthenticationDetails [RemoteIpAddress=0:0:0:0:0:0:0:1, SessionId=null], Granted Authorities=[ROLE_USER]]]
2025-04-17 01:19:37 [http-nio-8080-exec-5] [DEBUG] o.s.s.w.a.i.FilterSecurityInterceptor - Authorized filter invocation [GET /img/logo_alliance.png] with attributes [permitAll]
2025-04-17 01:19:37 [http-nio-8080-exec-5] [DEBUG] o.s.security.web.FilterChainProxy - Secured GET /img/logo_alliance.png
2025-04-17 01:19:37 [http-nio-8080-exec-1] [DEBUG] o.s.security.web.FilterChainProxy - Securing GET /images/tour/77da970b-1e81-439d-a952-267262094a8c_kozelsk.jpg
2025-04-17 01:19:37 [http-nio-8080-exec-4] [DEBUG] o.s.security.web.FilterChainProxy - Securing GET /img/tour-agency.jpg
2025-04-17 01:19:37 [http-nio-8080-exec-6] [DEBUG] o.s.security.web.FilterChainProxy - Securing GET /images/placeholder.jpg
2025-04-17 01:19:37 [http-nio-8080-exec-10] [DEBUG] o.s.security.web.FilterChainProxy - Securing GET /images/tour/70efb4f2-568c-40d0-b39f-55ed0ccbc07e_00-Козельск.jpg
2025-04-17 01:19:37 [http-nio-8080-exec-4] [DEBUG] o.s.s.w.c.HttpSessionSecurityContextRepository - Retrieved SecurityContextImpl [Authentication=UsernamePasswordAuthenticationToken [Principal=org.springframework.security.core.userdetails.User [Username=user1@gmail.com, Password=[PROTECTED], Enabled=true, AccountNonExpired=true, CredentialsNonExpired=true, AccountNonLocked=true, Granted Authorities=[ROLE_USER]], Credentials=[PROTECTED], Authenticated=true, Details=WebAuthenticationDetails [RemoteIpAddress=0:0:0:0:0:0:0:1, SessionId=null], Granted Authorities=[ROLE_USER]]]
2025-04-17 01:19:37 [http-nio-8080-exec-6] [DEBUG] o.s.s.w.c.HttpSessionSecurityContextRepository - Retrieved SecurityContextImpl [Authentication=UsernamePasswordAuthenticationToken [Principal=org.springframework.security.core.userdetails.User [Username=user1@gmail.com, Password=[PROTECTED], Enabled=true, AccountNonExpired=true, CredentialsNonExpired=true, AccountNonLocked=true, Granted Authorities=[ROLE_USER]], Credentials=[PROTECTED], Authenticated=true, Details=WebAuthenticationDetails [RemoteIpAddress=0:0:0:0:0:0:0:1, SessionId=null], Granted Authorities=[ROLE_USER]]]
2025-04-17 01:19:37 [http-nio-8080-exec-1] [DEBUG] o.s.s.w.c.HttpSessionSecurityContextRepository - Retrieved SecurityContextImpl [Authentication=UsernamePasswordAuthenticationToken [Principal=org.springframework.security.core.userdetails.User [Username=user1@gmail.com, Password=[PROTECTED], Enabled=true, AccountNonExpired=true, CredentialsNonExpired=true, AccountNonLocked=true, Granted Authorities=[ROLE_USER]], Credentials=[PROTECTED], Authenticated=true, Details=WebAuthenticationDetails [RemoteIpAddress=0:0:0:0:0:0:0:1, SessionId=null], Granted Authorities=[ROLE_USER]]]
2025-04-17 01:19:37 [http-nio-8080-exec-10] [DEBUG] o.s.s.w.c.HttpSessionSecurityContextRepository - Retrieved SecurityContextImpl [Authentication=UsernamePasswordAuthenticationToken [Principal=org.springframework.security.core.userdetails.User [Username=user1@gmail.com, Password=[PROTECTED], Enabled=true, AccountNonExpired=true, CredentialsNonExpired=true, AccountNonLocked=true, Granted Authorities=[ROLE_USER]], Credentials=[PROTECTED], Authenticated=true, Details=WebAuthenticationDetails [RemoteIpAddress=0:0:0:0:0:0:0:1, SessionId=null], Granted Authorities=[ROLE_USER]]]
2025-04-17 01:19:37 [http-nio-8080-exec-4] [DEBUG] o.s.s.w.a.i.FilterSecurityInterceptor - Authorized filter invocation [GET /img/tour-agency.jpg] with attributes [permitAll]
2025-04-17 01:19:37 [http-nio-8080-exec-6] [DEBUG] o.s.s.w.a.i.FilterSecurityInterceptor - Authorized filter invocation [GET /images/placeholder.jpg] with attributes [permitAll]
2025-04-17 01:19:37 [http-nio-8080-exec-10] [DEBUG] o.s.s.w.a.i.FilterSecurityInterceptor - Authorized filter invocation [GET /images/tour/70efb4f2-568c-40d0-b39f-55ed0ccbc07e_00-Козельск.jpg] with attributes [permitAll]
2025-04-17 01:19:37 [http-nio-8080-exec-1] [DEBUG] o.s.s.w.a.i.FilterSecurityInterceptor - Authorized filter invocation [GET /images/tour/77da970b-1e81-439d-a952-267262094a8c_kozelsk.jpg] with attributes [permitAll]
2025-04-17 01:19:37 [http-nio-8080-exec-4] [DEBUG] o.s.security.web.FilterChainProxy - Secured GET /img/tour-agency.jpg
2025-04-17 01:19:37 [http-nio-8080-exec-6] [DEBUG] o.s.security.web.FilterChainProxy - Secured GET /images/placeholder.jpg
2025-04-17 01:19:37 [http-nio-8080-exec-10] [DEBUG] o.s.security.web.FilterChainProxy - Secured GET /images/tour/70efb4f2-568c-40d0-b39f-55ed0ccbc07e_00-Козельск.jpg
2025-04-17 01:19:37 [http-nio-8080-exec-1] [DEBUG] o.s.security.web.FilterChainProxy - Secured GET /images/tour/77da970b-1e81-439d-a952-267262094a8c_kozelsk.jpg
2025-04-17 01:19:37 [http-nio-8080-exec-4] [DEBUG] o.s.security.web.FilterChainProxy - Securing GET /error
2025-04-17 01:19:37 [http-nio-8080-exec-6] [DEBUG] o.s.security.web.FilterChainProxy - Securing GET /error
2025-04-17 01:19:37 [http-nio-8080-exec-6] [DEBUG] o.s.s.w.c.HttpSessionSecurityContextRepository - Retrieved SecurityContextImpl [Authentication=UsernamePasswordAuthenticationToken [Principal=org.springframework.security.core.userdetails.User [Username=user1@gmail.com, Password=[PROTECTED], Enabled=true, AccountNonExpired=true, CredentialsNonExpired=true, AccountNonLocked=true, Granted Authorities=[ROLE_USER]], Credentials=[PROTECTED], Authenticated=true, Details=WebAuthenticationDetails [RemoteIpAddress=0:0:0:0:0:0:0:1, SessionId=null], Granted Authorities=[ROLE_USER]]]
2025-04-17 01:19:37 [http-nio-8080-exec-4] [DEBUG] o.s.s.w.c.HttpSessionSecurityContextRepository - Retrieved SecurityContextImpl [Authentication=UsernamePasswordAuthenticationToken [Principal=org.springframework.security.core.userdetails.User [Username=user1@gmail.com, Password=[PROTECTED], Enabled=true, AccountNonExpired=true, CredentialsNonExpired=true, AccountNonLocked=true, Granted Authorities=[ROLE_USER]], Credentials=[PROTECTED], Authenticated=true, Details=WebAuthenticationDetails [RemoteIpAddress=0:0:0:0:0:0:0:1, SessionId=null], Granted Authorities=[ROLE_USER]]]
2025-04-17 01:19:37 [http-nio-8080-exec-6] [DEBUG] o.s.s.w.a.i.FilterSecurityInterceptor - Authorized filter invocation [GET /error] with attributes [permitAll]
2025-04-17 01:19:37 [http-nio-8080-exec-4] [DEBUG] o.s.s.w.a.i.FilterSecurityInterceptor - Authorized filter invocation [GET /error] with attributes [permitAll]
2025-04-17 01:19:37 [http-nio-8080-exec-6] [DEBUG] o.s.security.web.FilterChainProxy - Secured GET /error
2025-04-17 01:19:37 [http-nio-8080-exec-4] [DEBUG] o.s.security.web.FilterChainProxy - Secured GET /error
2025-04-17 01:19:41 [http-nio-8080-exec-2] [DEBUG] o.s.security.web.FilterChainProxy - Securing GET /excursion/tour/8
2025-04-17 01:19:41 [http-nio-8080-exec-2] [DEBUG] o.s.s.w.c.HttpSessionSecurityContextRepository - Retrieved SecurityContextImpl [Authentication=UsernamePasswordAuthenticationToken [Principal=org.springframework.security.core.userdetails.User [Username=user1@gmail.com, Password=[PROTECTED], Enabled=true, AccountNonExpired=true, CredentialsNonExpired=true, AccountNonLocked=true, Granted Authorities=[ROLE_USER]], Credentials=[PROTECTED], Authenticated=true, Details=WebAuthenticationDetails [RemoteIpAddress=0:0:0:0:0:0:0:1, SessionId=null], Granted Authorities=[ROLE_USER]]]
2025-04-17 01:19:41 [http-nio-8080-exec-2] [DEBUG] o.s.s.w.a.i.FilterSecurityInterceptor - Authorized filter invocation [GET /excursion/tour/8] with attributes [permitAll]
2025-04-17 01:19:41 [http-nio-8080-exec-2] [DEBUG] o.s.security.web.FilterChainProxy - Secured GET /excursion/tour/8
2025-04-17 01:19:41 [http-nio-8080-exec-2] [INFO] r.k.a.u.s.CheckAuthorizeService - checkAdmin is starting, principal: UsernamePasswordAuthenticationToken [Principal=org.springframework.security.core.userdetails.User [Username=user1@gmail.com, Password=[PROTECTED], Enabled=true, AccountNonExpired=true, CredentialsNonExpired=true, AccountNonLocked=true, Granted Authorities=[ROLE_USER]], Credentials=[PROTECTED], Authenticated=true, Details=WebAuthenticationDetails [RemoteIpAddress=0:0:0:0:0:0:0:1, SessionId=null], Granted Authorities=[ROLE_USER]]
2025-04-17 01:19:41 [http-nio-8080-exec-2] [INFO] r.k.a.u.s.CheckAuthorizeService - checkAdmin: principal != null
2025-04-17 01:19:41 [http-nio-8080-exec-2] [INFO] r.k.a.u.s.CheckAuthorizeService - Principal is regular authentication
2025-04-17 01:19:41 [http-nio-8080-exec-2] [INFO] r.k.a.u.s.CheckAuthorizeService - Checking admin rights for email: user1@gmail.com
2025-04-17 01:19:41 [http-nio-8080-exec-2] [INFO] r.k.a.u.s.CheckAuthorizeService - User roles: [USER]
2025-04-17 01:19:41 [http-nio-8080-exec-3] [DEBUG] o.s.security.web.FilterChainProxy - Securing GET /img/logo_alliance.png
2025-04-17 01:19:41 [http-nio-8080-exec-9] [DEBUG] o.s.security.web.FilterChainProxy - Securing GET /css/styles.css
2025-04-17 01:19:41 [http-nio-8080-exec-3] [DEBUG] o.s.s.w.c.HttpSessionSecurityContextRepository - Retrieved SecurityContextImpl [Authentication=UsernamePasswordAuthenticationToken [Principal=org.springframework.security.core.userdetails.User [Username=user1@gmail.com, Password=[PROTECTED], Enabled=true, AccountNonExpired=true, CredentialsNonExpired=true, AccountNonLocked=true, Granted Authorities=[ROLE_USER]], Credentials=[PROTECTED], Authenticated=true, Details=WebAuthenticationDetails [RemoteIpAddress=0:0:0:0:0:0:0:1, SessionId=null], Granted Authorities=[ROLE_USER]]]
2025-04-17 01:19:41 [http-nio-8080-exec-9] [DEBUG] o.s.s.w.c.HttpSessionSecurityContextRepository - Retrieved SecurityContextImpl [Authentication=UsernamePasswordAuthenticationToken [Principal=org.springframework.security.core.userdetails.User [Username=user1@gmail.com, Password=[PROTECTED], Enabled=true, AccountNonExpired=true, CredentialsNonExpired=true, AccountNonLocked=true, Granted Authorities=[ROLE_USER]], Credentials=[PROTECTED], Authenticated=true, Details=WebAuthenticationDetails [RemoteIpAddress=0:0:0:0:0:0:0:1, SessionId=null], Granted Authorities=[ROLE_USER]]]
2025-04-17 01:19:41 [http-nio-8080-exec-3] [DEBUG] o.s.s.w.a.i.FilterSecurityInterceptor - Authorized filter invocation [GET /img/logo_alliance.png] with attributes [permitAll]
2025-04-17 01:19:41 [http-nio-8080-exec-9] [DEBUG] o.s.s.w.a.i.FilterSecurityInterceptor - Authorized filter invocation [GET /css/styles.css] with attributes [permitAll]
2025-04-17 01:19:41 [http-nio-8080-exec-3] [DEBUG] o.s.security.web.FilterChainProxy - Secured GET /img/logo_alliance.png
2025-04-17 01:19:41 [http-nio-8080-exec-9] [DEBUG] o.s.security.web.FilterChainProxy - Secured GET /css/styles.css
2025-04-17 01:19:43 [http-nio-8080-exec-7] [DEBUG] o.s.security.web.FilterChainProxy - Securing GET /excursion/tour/9
2025-04-17 01:19:43 [http-nio-8080-exec-7] [DEBUG] o.s.s.w.c.HttpSessionSecurityContextRepository - Retrieved SecurityContextImpl [Authentication=UsernamePasswordAuthenticationToken [Principal=org.springframework.security.core.userdetails.User [Username=user1@gmail.com, Password=[PROTECTED], Enabled=true, AccountNonExpired=true, CredentialsNonExpired=true, AccountNonLocked=true, Granted Authorities=[ROLE_USER]], Credentials=[PROTECTED], Authenticated=true, Details=WebAuthenticationDetails [RemoteIpAddress=0:0:0:0:0:0:0:1, SessionId=null], Granted Authorities=[ROLE_USER]]]
2025-04-17 01:19:43 [http-nio-8080-exec-7] [DEBUG] o.s.s.w.a.i.FilterSecurityInterceptor - Authorized filter invocation [GET /excursion/tour/9] with attributes [permitAll]
2025-04-17 01:19:43 [http-nio-8080-exec-7] [DEBUG] o.s.security.web.FilterChainProxy - Secured GET /excursion/tour/9
2025-04-17 01:19:43 [http-nio-8080-exec-7] [INFO] r.k.a.u.s.CheckAuthorizeService - checkAdmin is starting, principal: UsernamePasswordAuthenticationToken [Principal=org.springframework.security.core.userdetails.User [Username=user1@gmail.com, Password=[PROTECTED], Enabled=true, AccountNonExpired=true, CredentialsNonExpired=true, AccountNonLocked=true, Granted Authorities=[ROLE_USER]], Credentials=[PROTECTED], Authenticated=true, Details=WebAuthenticationDetails [RemoteIpAddress=0:0:0:0:0:0:0:1, SessionId=null], Granted Authorities=[ROLE_USER]]
2025-04-17 01:19:43 [http-nio-8080-exec-7] [INFO] r.k.a.u.s.CheckAuthorizeService - checkAdmin: principal != null
2025-04-17 01:19:43 [http-nio-8080-exec-7] [INFO] r.k.a.u.s.CheckAuthorizeService - Principal is regular authentication
2025-04-17 01:19:43 [http-nio-8080-exec-7] [INFO] r.k.a.u.s.CheckAuthorizeService - Checking admin rights for email: user1@gmail.com
2025-04-17 01:19:43 [http-nio-8080-exec-7] [INFO] r.k.a.u.s.CheckAuthorizeService - User roles: [USER]
2025-04-17 01:19:43 [http-nio-8080-exec-5] [DEBUG] o.s.security.web.FilterChainProxy - Securing GET /img/logo_alliance.png
2025-04-17 01:19:43 [http-nio-8080-exec-8] [DEBUG] o.s.security.web.FilterChainProxy - Securing GET /css/styles.css
2025-04-17 01:19:43 [http-nio-8080-exec-1] [DEBUG] o.s.security.web.FilterChainProxy - Securing GET /images/tour/77da970b-1e81-439d-a952-267262094a8c_kozelsk.jpg
2025-04-17 01:19:43 [http-nio-8080-exec-5] [DEBUG] o.s.s.w.c.HttpSessionSecurityContextRepository - Retrieved SecurityContextImpl [Authentication=UsernamePasswordAuthenticationToken [Principal=org.springframework.security.core.userdetails.User [Username=user1@gmail.com, Password=[PROTECTED], Enabled=true, AccountNonExpired=true, CredentialsNonExpired=true, AccountNonLocked=true, Granted Authorities=[ROLE_USER]], Credentials=[PROTECTED], Authenticated=true, Details=WebAuthenticationDetails [RemoteIpAddress=0:0:0:0:0:0:0:1, SessionId=null], Granted Authorities=[ROLE_USER]]]
2025-04-17 01:19:43 [http-nio-8080-exec-1] [DEBUG] o.s.s.w.c.HttpSessionSecurityContextRepository - Retrieved SecurityContextImpl [Authentication=UsernamePasswordAuthenticationToken [Principal=org.springframework.security.core.userdetails.User [Username=user1@gmail.com, Password=[PROTECTED], Enabled=true, AccountNonExpired=true, CredentialsNonExpired=true, AccountNonLocked=true, Granted Authorities=[ROLE_USER]], Credentials=[PROTECTED], Authenticated=true, Details=WebAuthenticationDetails [RemoteIpAddress=0:0:0:0:0:0:0:1, SessionId=null], Granted Authorities=[ROLE_USER]]]
2025-04-17 01:19:43 [http-nio-8080-exec-8] [DEBUG] o.s.s.w.c.HttpSessionSecurityContextRepository - Retrieved SecurityContextImpl [Authentication=UsernamePasswordAuthenticationToken [Principal=org.springframework.security.core.userdetails.User [Username=user1@gmail.com, Password=[PROTECTED], Enabled=true, AccountNonExpired=true, CredentialsNonExpired=true, AccountNonLocked=true, Granted Authorities=[ROLE_USER]], Credentials=[PROTECTED], Authenticated=true, Details=WebAuthenticationDetails [RemoteIpAddress=0:0:0:0:0:0:0:1, SessionId=null], Granted Authorities=[ROLE_USER]]]
2025-04-17 01:19:43 [http-nio-8080-exec-5] [DEBUG] o.s.s.w.a.i.FilterSecurityInterceptor - Authorized filter invocation [GET /img/logo_alliance.png] with attributes [permitAll]
2025-04-17 01:19:43 [http-nio-8080-exec-1] [DEBUG] o.s.s.w.a.i.FilterSecurityInterceptor - Authorized filter invocation [GET /images/tour/77da970b-1e81-439d-a952-267262094a8c_kozelsk.jpg] with attributes [permitAll]
2025-04-17 01:19:43 [http-nio-8080-exec-5] [DEBUG] o.s.security.web.FilterChainProxy - Secured GET /img/logo_alliance.png
2025-04-17 01:19:43 [http-nio-8080-exec-8] [DEBUG] o.s.s.w.a.i.FilterSecurityInterceptor - Authorized filter invocation [GET /css/styles.css] with attributes [permitAll]
2025-04-17 01:19:43 [http-nio-8080-exec-1] [DEBUG] o.s.security.web.FilterChainProxy - Secured GET /images/tour/77da970b-1e81-439d-a952-267262094a8c_kozelsk.jpg
2025-04-17 01:19:43 [http-nio-8080-exec-8] [DEBUG] o.s.security.web.FilterChainProxy - Secured GET /css/styles.css
2025-04-17 01:19:43 [http-nio-8080-exec-10] [DEBUG] o.s.security.web.FilterChainProxy - Securing GET /images/tour/0901dc7b-8835-4ba3-9ce8-31ea540d5f7d_photo_2024-12-23_22-17-54.jpg
2025-04-17 01:19:43 [http-nio-8080-exec-4] [DEBUG] o.s.security.web.FilterChainProxy - Securing GET /images/tour/b144cd56-998b-4eec-9a5b-c31f14445037_12-park-tri-bogatyrya_1586958675.jpg
2025-04-17 01:19:43 [http-nio-8080-exec-10] [DEBUG] o.s.s.w.c.HttpSessionSecurityContextRepository - Retrieved SecurityContextImpl [Authentication=UsernamePasswordAuthenticationToken [Principal=org.springframework.security.core.userdetails.User [Username=user1@gmail.com, Password=[PROTECTED], Enabled=true, AccountNonExpired=true, CredentialsNonExpired=true, AccountNonLocked=true, Granted Authorities=[ROLE_USER]], Credentials=[PROTECTED], Authenticated=true, Details=WebAuthenticationDetails [RemoteIpAddress=0:0:0:0:0:0:0:1, SessionId=null], Granted Authorities=[ROLE_USER]]]
2025-04-17 01:19:43 [http-nio-8080-exec-4] [DEBUG] o.s.s.w.c.HttpSessionSecurityContextRepository - Retrieved SecurityContextImpl [Authentication=UsernamePasswordAuthenticationToken [Principal=org.springframework.security.core.userdetails.User [Username=user1@gmail.com, Password=[PROTECTED], Enabled=true, AccountNonExpired=true, CredentialsNonExpired=true, AccountNonLocked=true, Granted Authorities=[ROLE_USER]], Credentials=[PROTECTED], Authenticated=true, Details=WebAuthenticationDetails [RemoteIpAddress=0:0:0:0:0:0:0:1, SessionId=null], Granted Authorities=[ROLE_USER]]]
2025-04-17 01:19:43 [http-nio-8080-exec-4] [DEBUG] o.s.s.w.a.i.FilterSecurityInterceptor - Authorized filter invocation [GET /images/tour/b144cd56-998b-4eec-9a5b-c31f14445037_12-park-tri-bogatyrya_1586958675.jpg] with attributes [permitAll]
2025-04-17 01:19:43 [http-nio-8080-exec-10] [DEBUG] o.s.s.w.a.i.FilterSecurityInterceptor - Authorized filter invocation [GET /images/tour/0901dc7b-8835-4ba3-9ce8-31ea540d5f7d_photo_2024-12-23_22-17-54.jpg] with attributes [permitAll]
2025-04-17 01:19:43 [http-nio-8080-exec-4] [DEBUG] o.s.security.web.FilterChainProxy - Secured GET /images/tour/b144cd56-998b-4eec-9a5b-c31f14445037_12-park-tri-bogatyrya_1586958675.jpg
2025-04-17 01:19:43 [http-nio-8080-exec-10] [DEBUG] o.s.security.web.FilterChainProxy - Secured GET /images/tour/0901dc7b-8835-4ba3-9ce8-31ea540d5f7d_photo_2024-12-23_22-17-54.jpg
2025-04-17 01:19:44 [http-nio-8080-exec-6] [DEBUG] o.s.security.web.FilterChainProxy - Securing GET /excursion/booking/9
2025-04-17 01:19:44 [http-nio-8080-exec-6] [DEBUG] o.s.s.w.c.HttpSessionSecurityContextRepository - Retrieved SecurityContextImpl [Authentication=UsernamePasswordAuthenticationToken [Principal=org.springframework.security.core.userdetails.User [Username=user1@gmail.com, Password=[PROTECTED], Enabled=true, AccountNonExpired=true, CredentialsNonExpired=true, AccountNonLocked=true, Granted Authorities=[ROLE_USER]], Credentials=[PROTECTED], Authenticated=true, Details=WebAuthenticationDetails [RemoteIpAddress=0:0:0:0:0:0:0:1, SessionId=null], Granted Authorities=[ROLE_USER]]]
2025-04-17 01:19:44 [http-nio-8080-exec-6] [DEBUG] o.s.s.w.a.i.FilterSecurityInterceptor - Authorized filter invocation [GET /excursion/booking/9] with attributes [permitAll]
2025-04-17 01:19:44 [http-nio-8080-exec-6] [DEBUG] o.s.security.web.FilterChainProxy - Secured GET /excursion/booking/9
2025-04-17 01:19:44 [http-nio-8080-exec-2] [DEBUG] o.s.security.web.FilterChainProxy - Securing GET /img/logo_alliance.png
2025-04-17 01:19:44 [http-nio-8080-exec-2] [DEBUG] o.s.s.w.c.HttpSessionSecurityContextRepository - Retrieved SecurityContextImpl [Authentication=UsernamePasswordAuthenticationToken [Principal=org.springframework.security.core.userdetails.User [Username=user1@gmail.com, Password=[PROTECTED], Enabled=true, AccountNonExpired=true, CredentialsNonExpired=true, AccountNonLocked=true, Granted Authorities=[ROLE_USER]], Credentials=[PROTECTED], Authenticated=true, Details=WebAuthenticationDetails [RemoteIpAddress=0:0:0:0:0:0:0:1, SessionId=null], Granted Authorities=[ROLE_USER]]]
2025-04-17 01:19:44 [http-nio-8080-exec-2] [DEBUG] o.s.s.w.a.i.FilterSecurityInterceptor - Authorized filter invocation [GET /img/logo_alliance.png] with attributes [permitAll]
2025-04-17 01:19:44 [http-nio-8080-exec-2] [DEBUG] o.s.security.web.FilterChainProxy - Secured GET /img/logo_alliance.png
2025-04-17 01:19:47 [http-nio-8080-exec-9] [DEBUG] o.s.security.web.FilterChainProxy - Securing GET /excursion/booking/9?date=2025-04-26
2025-04-17 01:19:47 [http-nio-8080-exec-9] [DEBUG] o.s.s.w.c.HttpSessionSecurityContextRepository - Retrieved SecurityContextImpl [Authentication=UsernamePasswordAuthenticationToken [Principal=org.springframework.security.core.userdetails.User [Username=user1@gmail.com, Password=[PROTECTED], Enabled=true, AccountNonExpired=true, CredentialsNonExpired=true, AccountNonLocked=true, Granted Authorities=[ROLE_USER]], Credentials=[PROTECTED], Authenticated=true, Details=WebAuthenticationDetails [RemoteIpAddress=0:0:0:0:0:0:0:1, SessionId=null], Granted Authorities=[ROLE_USER]]]
2025-04-17 01:19:47 [http-nio-8080-exec-9] [DEBUG] o.s.s.w.a.i.FilterSecurityInterceptor - Authorized filter invocation [GET /excursion/booking/9?date=2025-04-26] with attributes [permitAll]
2025-04-17 01:19:47 [http-nio-8080-exec-9] [DEBUG] o.s.security.web.FilterChainProxy - Secured GET /excursion/booking/9?date=2025-04-26
2025-04-17 01:19:47 [http-nio-8080-exec-3] [DEBUG] o.s.security.web.FilterChainProxy - Securing GET /img/logo_alliance.png
2025-04-17 01:19:47 [http-nio-8080-exec-3] [DEBUG] o.s.s.w.c.HttpSessionSecurityContextRepository - Retrieved SecurityContextImpl [Authentication=UsernamePasswordAuthenticationToken [Principal=org.springframework.security.core.userdetails.User [Username=user1@gmail.com, Password=[PROTECTED], Enabled=true, AccountNonExpired=true, CredentialsNonExpired=true, AccountNonLocked=true, Granted Authorities=[ROLE_USER]], Credentials=[PROTECTED], Authenticated=true, Details=WebAuthenticationDetails [RemoteIpAddress=0:0:0:0:0:0:0:1, SessionId=null], Granted Authorities=[ROLE_USER]]]
2025-04-17 01:19:47 [http-nio-8080-exec-3] [DEBUG] o.s.s.w.a.i.FilterSecurityInterceptor - Authorized filter invocation [GET /img/logo_alliance.png] with attributes [permitAll]
2025-04-17 01:19:47 [http-nio-8080-exec-3] [DEBUG] o.s.security.web.FilterChainProxy - Secured GET /img/logo_alliance.png
2025-04-17 01:19:56 [http-nio-8080-exec-7] [DEBUG] o.s.security.web.FilterChainProxy - Securing POST /excursion/booking/9
2025-04-17 01:19:56 [http-nio-8080-exec-7] [DEBUG] o.s.s.w.c.HttpSessionSecurityContextRepository - Retrieved SecurityContextImpl [Authentication=UsernamePasswordAuthenticationToken [Principal=org.springframework.security.core.userdetails.User [Username=user1@gmail.com, Password=[PROTECTED], Enabled=true, AccountNonExpired=true, CredentialsNonExpired=true, AccountNonLocked=true, Granted Authorities=[ROLE_USER]], Credentials=[PROTECTED], Authenticated=true, Details=WebAuthenticationDetails [RemoteIpAddress=0:0:0:0:0:0:0:1, SessionId=null], Granted Authorities=[ROLE_USER]]]
2025-04-17 01:19:56 [http-nio-8080-exec-7] [DEBUG] o.s.s.w.a.i.FilterSecurityInterceptor - Authorized filter invocation [POST /excursion/booking/9] with attributes [permitAll]
2025-04-17 01:19:56 [http-nio-8080-exec-7] [DEBUG] o.s.security.web.FilterChainProxy - Secured POST /excursion/booking/9
2025-04-17 01:19:56 [http-nio-8080-exec-5] [DEBUG] o.s.security.web.FilterChainProxy - Securing GET /excursion/tour/9
2025-04-17 01:19:56 [http-nio-8080-exec-5] [DEBUG] o.s.s.w.c.HttpSessionSecurityContextRepository - Retrieved SecurityContextImpl [Authentication=UsernamePasswordAuthenticationToken [Principal=org.springframework.security.core.userdetails.User [Username=user1@gmail.com, Password=[PROTECTED], Enabled=true, AccountNonExpired=true, CredentialsNonExpired=true, AccountNonLocked=true, Granted Authorities=[ROLE_USER]], Credentials=[PROTECTED], Authenticated=true, Details=WebAuthenticationDetails [RemoteIpAddress=0:0:0:0:0:0:0:1, SessionId=null], Granted Authorities=[ROLE_USER]]]
2025-04-17 01:19:56 [http-nio-8080-exec-5] [DEBUG] o.s.s.w.a.i.FilterSecurityInterceptor - Authorized filter invocation [GET /excursion/tour/9] with attributes [permitAll]
2025-04-17 01:19:56 [http-nio-8080-exec-5] [DEBUG] o.s.security.web.FilterChainProxy - Secured GET /excursion/tour/9
2025-04-17 01:19:56 [http-nio-8080-exec-5] [INFO] r.k.a.u.s.CheckAuthorizeService - checkAdmin is starting, principal: UsernamePasswordAuthenticationToken [Principal=org.springframework.security.core.userdetails.User [Username=user1@gmail.com, Password=[PROTECTED], Enabled=true, AccountNonExpired=true, CredentialsNonExpired=true, AccountNonLocked=true, Granted Authorities=[ROLE_USER]], Credentials=[PROTECTED], Authenticated=true, Details=WebAuthenticationDetails [RemoteIpAddress=0:0:0:0:0:0:0:1, SessionId=null], Granted Authorities=[ROLE_USER]]
2025-04-17 01:19:56 [http-nio-8080-exec-5] [INFO] r.k.a.u.s.CheckAuthorizeService - checkAdmin: principal != null
2025-04-17 01:19:56 [http-nio-8080-exec-5] [INFO] r.k.a.u.s.CheckAuthorizeService - Principal is regular authentication
2025-04-17 01:19:56 [http-nio-8080-exec-5] [INFO] r.k.a.u.s.CheckAuthorizeService - Checking admin rights for email: user1@gmail.com
2025-04-17 01:19:56 [http-nio-8080-exec-5] [INFO] r.k.a.u.s.CheckAuthorizeService - User roles: [USER]
2025-04-17 01:19:56 [http-nio-8080-exec-8] [DEBUG] o.s.security.web.FilterChainProxy - Securing GET /img/logo_alliance.png
2025-04-17 01:19:56 [http-nio-8080-exec-1] [DEBUG] o.s.security.web.FilterChainProxy - Securing GET /css/styles.css
2025-04-17 01:19:56 [http-nio-8080-exec-10] [DEBUG] o.s.security.web.FilterChainProxy - Securing GET /images/tour/77da970b-1e81-439d-a952-267262094a8c_kozelsk.jpg
2025-04-17 01:19:56 [http-nio-8080-exec-10] [DEBUG] o.s.s.w.c.HttpSessionSecurityContextRepository - Retrieved SecurityContextImpl [Authentication=UsernamePasswordAuthenticationToken [Principal=org.springframework.security.core.userdetails.User [Username=user1@gmail.com, Password=[PROTECTED], Enabled=true, AccountNonExpired=true, CredentialsNonExpired=true, AccountNonLocked=true, Granted Authorities=[ROLE_USER]], Credentials=[PROTECTED], Authenticated=true, Details=WebAuthenticationDetails [RemoteIpAddress=0:0:0:0:0:0:0:1, SessionId=null], Granted Authorities=[ROLE_USER]]]
2025-04-17 01:19:56 [http-nio-8080-exec-8] [DEBUG] o.s.s.w.c.HttpSessionSecurityContextRepository - Retrieved SecurityContextImpl [Authentication=UsernamePasswordAuthenticationToken [Principal=org.springframework.security.core.userdetails.User [Username=user1@gmail.com, Password=[PROTECTED], Enabled=true, AccountNonExpired=true, CredentialsNonExpired=true, AccountNonLocked=true, Granted Authorities=[ROLE_USER]], Credentials=[PROTECTED], Authenticated=true, Details=WebAuthenticationDetails [RemoteIpAddress=0:0:0:0:0:0:0:1, SessionId=null], Granted Authorities=[ROLE_USER]]]
2025-04-17 01:19:56 [http-nio-8080-exec-1] [DEBUG] o.s.s.w.c.HttpSessionSecurityContextRepository - Retrieved SecurityContextImpl [Authentication=UsernamePasswordAuthenticationToken [Principal=org.springframework.security.core.userdetails.User [Username=user1@gmail.com, Password=[PROTECTED], Enabled=true, AccountNonExpired=true, CredentialsNonExpired=true, AccountNonLocked=true, Granted Authorities=[ROLE_USER]], Credentials=[PROTECTED], Authenticated=true, Details=WebAuthenticationDetails [RemoteIpAddress=0:0:0:0:0:0:0:1, SessionId=null], Granted Authorities=[ROLE_USER]]]
2025-04-17 01:19:56 [http-nio-8080-exec-10] [DEBUG] o.s.s.w.a.i.FilterSecurityInterceptor - Authorized filter invocation [GET /images/tour/77da970b-1e81-439d-a952-267262094a8c_kozelsk.jpg] with attributes [permitAll]
2025-04-17 01:19:56 [http-nio-8080-exec-8] [DEBUG] o.s.s.w.a.i.FilterSecurityInterceptor - Authorized filter invocation [GET /img/logo_alliance.png] with attributes [permitAll]
2025-04-17 01:19:56 [http-nio-8080-exec-1] [DEBUG] o.s.s.w.a.i.FilterSecurityInterceptor - Authorized filter invocation [GET /css/styles.css] with attributes [permitAll]
2025-04-17 01:19:56 [http-nio-8080-exec-10] [DEBUG] o.s.security.web.FilterChainProxy - Secured GET /images/tour/77da970b-1e81-439d-a952-267262094a8c_kozelsk.jpg
2025-04-17 01:19:56 [http-nio-8080-exec-8] [DEBUG] o.s.security.web.FilterChainProxy - Secured GET /img/logo_alliance.png
2025-04-17 01:19:56 [http-nio-8080-exec-1] [DEBUG] o.s.security.web.FilterChainProxy - Secured GET /css/styles.css
2025-04-17 01:19:56 [http-nio-8080-exec-4] [DEBUG] o.s.security.web.FilterChainProxy - Securing GET /images/tour/0901dc7b-8835-4ba3-9ce8-31ea540d5f7d_photo_2024-12-23_22-17-54.jpg
2025-04-17 01:19:56 [http-nio-8080-exec-6] [DEBUG] o.s.security.web.FilterChainProxy - Securing GET /images/tour/b144cd56-998b-4eec-9a5b-c31f14445037_12-park-tri-bogatyrya_1586958675.jpg
2025-04-17 01:19:56 [http-nio-8080-exec-6] [DEBUG] o.s.s.w.c.HttpSessionSecurityContextRepository - Retrieved SecurityContextImpl [Authentication=UsernamePasswordAuthenticationToken [Principal=org.springframework.security.core.userdetails.User [Username=user1@gmail.com, Password=[PROTECTED], Enabled=true, AccountNonExpired=true, CredentialsNonExpired=true, AccountNonLocked=true, Granted Authorities=[ROLE_USER]], Credentials=[PROTECTED], Authenticated=true, Details=WebAuthenticationDetails [RemoteIpAddress=0:0:0:0:0:0:0:1, SessionId=null], Granted Authorities=[ROLE_USER]]]
2025-04-17 01:19:56 [http-nio-8080-exec-4] [DEBUG] o.s.s.w.c.HttpSessionSecurityContextRepository - Retrieved SecurityContextImpl [Authentication=UsernamePasswordAuthenticationToken [Principal=org.springframework.security.core.userdetails.User [Username=user1@gmail.com, Password=[PROTECTED], Enabled=true, AccountNonExpired=true, CredentialsNonExpired=true, AccountNonLocked=true, Granted Authorities=[ROLE_USER]], Credentials=[PROTECTED], Authenticated=true, Details=WebAuthenticationDetails [RemoteIpAddress=0:0:0:0:0:0:0:1, SessionId=null], Granted Authorities=[ROLE_USER]]]
2025-04-17 01:19:56 [http-nio-8080-exec-6] [DEBUG] o.s.s.w.a.i.FilterSecurityInterceptor - Authorized filter invocation [GET /images/tour/b144cd56-998b-4eec-9a5b-c31f14445037_12-park-tri-bogatyrya_1586958675.jpg] with attributes [permitAll]
2025-04-17 01:19:56 [http-nio-8080-exec-6] [DEBUG] o.s.security.web.FilterChainProxy - Secured GET /images/tour/b144cd56-998b-4eec-9a5b-c31f14445037_12-park-tri-bogatyrya_1586958675.jpg
2025-04-17 01:19:56 [http-nio-8080-exec-4] [DEBUG] o.s.s.w.a.i.FilterSecurityInterceptor - Authorized filter invocation [GET /images/tour/0901dc7b-8835-4ba3-9ce8-31ea540d5f7d_photo_2024-12-23_22-17-54.jpg] with attributes [permitAll]
2025-04-17 01:19:56 [http-nio-8080-exec-4] [DEBUG] o.s.security.web.FilterChainProxy - Secured GET /images/tour/0901dc7b-8835-4ba3-9ce8-31ea540d5f7d_photo_2024-12-23_22-17-54.jpg
2025-04-17 01:20:02 [http-nio-8080-exec-2] [DEBUG] o.s.security.web.FilterChainProxy - Securing GET /excursion
2025-04-17 01:20:02 [http-nio-8080-exec-2] [DEBUG] o.s.s.w.c.HttpSessionSecurityContextRepository - Retrieved SecurityContextImpl [Authentication=UsernamePasswordAuthenticationToken [Principal=org.springframework.security.core.userdetails.User [Username=user1@gmail.com, Password=[PROTECTED], Enabled=true, AccountNonExpired=true, CredentialsNonExpired=true, AccountNonLocked=true, Granted Authorities=[ROLE_USER]], Credentials=[PROTECTED], Authenticated=true, Details=WebAuthenticationDetails [RemoteIpAddress=0:0:0:0:0:0:0:1, SessionId=null], Granted Authorities=[ROLE_USER]]]
2025-04-17 01:20:02 [http-nio-8080-exec-2] [DEBUG] o.s.s.w.a.i.FilterSecurityInterceptor - Authorized filter invocation [GET /excursion] with attributes [permitAll]
2025-04-17 01:20:02 [http-nio-8080-exec-2] [DEBUG] o.s.security.web.FilterChainProxy - Secured GET /excursion
2025-04-17 01:20:02 [http-nio-8080-exec-2] [INFO] r.k.a.u.s.CheckAuthorizeService - checkAdmin is starting, principal: UsernamePasswordAuthenticationToken [Principal=org.springframework.security.core.userdetails.User [Username=user1@gmail.com, Password=[PROTECTED], Enabled=true, AccountNonExpired=true, CredentialsNonExpired=true, AccountNonLocked=true, Granted Authorities=[ROLE_USER]], Credentials=[PROTECTED], Authenticated=true, Details=WebAuthenticationDetails [RemoteIpAddress=0:0:0:0:0:0:0:1, SessionId=null], Granted Authorities=[ROLE_USER]]
2025-04-17 01:20:02 [http-nio-8080-exec-2] [INFO] r.k.a.u.s.CheckAuthorizeService - checkAdmin: principal != null
2025-04-17 01:20:02 [http-nio-8080-exec-2] [INFO] r.k.a.u.s.CheckAuthorizeService - Principal is regular authentication
2025-04-17 01:20:02 [http-nio-8080-exec-2] [INFO] r.k.a.u.s.CheckAuthorizeService - Checking admin rights for email: user1@gmail.com
2025-04-17 01:20:02 [http-nio-8080-exec-2] [INFO] r.k.a.u.s.CheckAuthorizeService - User roles: [USER]
2025-04-17 01:20:02 [http-nio-8080-exec-9] [DEBUG] o.s.security.web.FilterChainProxy - Securing GET /css/styles.css
2025-04-17 01:20:02 [http-nio-8080-exec-7] [DEBUG] o.s.security.web.FilterChainProxy - Securing GET /img/tour-agency.jpg
2025-04-17 01:20:02 [http-nio-8080-exec-3] [DEBUG] o.s.security.web.FilterChainProxy - Securing GET /img/logo_alliance.png
2025-04-17 01:20:02 [http-nio-8080-exec-3] [DEBUG] o.s.s.w.c.HttpSessionSecurityContextRepository - Retrieved SecurityContextImpl [Authentication=UsernamePasswordAuthenticationToken [Principal=org.springframework.security.core.userdetails.User [Username=user1@gmail.com, Password=[PROTECTED], Enabled=true, AccountNonExpired=true, CredentialsNonExpired=true, AccountNonLocked=true, Granted Authorities=[ROLE_USER]], Credentials=[PROTECTED], Authenticated=true, Details=WebAuthenticationDetails [RemoteIpAddress=0:0:0:0:0:0:0:1, SessionId=null], Granted Authorities=[ROLE_USER]]]
2025-04-17 01:20:02 [http-nio-8080-exec-9] [DEBUG] o.s.s.w.c.HttpSessionSecurityContextRepository - Retrieved SecurityContextImpl [Authentication=UsernamePasswordAuthenticationToken [Principal=org.springframework.security.core.userdetails.User [Username=user1@gmail.com, Password=[PROTECTED], Enabled=true, AccountNonExpired=true, CredentialsNonExpired=true, AccountNonLocked=true, Granted Authorities=[ROLE_USER]], Credentials=[PROTECTED], Authenticated=true, Details=WebAuthenticationDetails [RemoteIpAddress=0:0:0:0:0:0:0:1, SessionId=null], Granted Authorities=[ROLE_USER]]]
2025-04-17 01:20:02 [http-nio-8080-exec-7] [DEBUG] o.s.s.w.c.HttpSessionSecurityContextRepository - Retrieved SecurityContextImpl [Authentication=UsernamePasswordAuthenticationToken [Principal=org.springframework.security.core.userdetails.User [Username=user1@gmail.com, Password=[PROTECTED], Enabled=true, AccountNonExpired=true, CredentialsNonExpired=true, AccountNonLocked=true, Granted Authorities=[ROLE_USER]], Credentials=[PROTECTED], Authenticated=true, Details=WebAuthenticationDetails [RemoteIpAddress=0:0:0:0:0:0:0:1, SessionId=null], Granted Authorities=[ROLE_USER]]]
2025-04-17 01:20:02 [http-nio-8080-exec-3] [DEBUG] o.s.s.w.a.i.FilterSecurityInterceptor - Authorized filter invocation [GET /img/logo_alliance.png] with attributes [permitAll]
2025-04-17 01:20:02 [http-nio-8080-exec-9] [DEBUG] o.s.s.w.a.i.FilterSecurityInterceptor - Authorized filter invocation [GET /css/styles.css] with attributes [permitAll]
2025-04-17 01:20:02 [http-nio-8080-exec-7] [DEBUG] o.s.s.w.a.i.FilterSecurityInterceptor - Authorized filter invocation [GET /img/tour-agency.jpg] with attributes [permitAll]
2025-04-17 01:20:02 [http-nio-8080-exec-3] [DEBUG] o.s.security.web.FilterChainProxy - Secured GET /img/logo_alliance.png
2025-04-17 01:20:02 [http-nio-8080-exec-9] [DEBUG] o.s.security.web.FilterChainProxy - Secured GET /css/styles.css
2025-04-17 01:20:02 [http-nio-8080-exec-7] [DEBUG] o.s.security.web.FilterChainProxy - Secured GET /img/tour-agency.jpg
2025-04-17 01:20:02 [http-nio-8080-exec-7] [DEBUG] o.s.security.web.FilterChainProxy - Securing GET /error
2025-04-17 01:20:02 [http-nio-8080-exec-7] [DEBUG] o.s.s.w.c.HttpSessionSecurityContextRepository - Retrieved SecurityContextImpl [Authentication=UsernamePasswordAuthenticationToken [Principal=org.springframework.security.core.userdetails.User [Username=user1@gmail.com, Password=[PROTECTED], Enabled=true, AccountNonExpired=true, CredentialsNonExpired=true, AccountNonLocked=true, Granted Authorities=[ROLE_USER]], Credentials=[PROTECTED], Authenticated=true, Details=WebAuthenticationDetails [RemoteIpAddress=0:0:0:0:0:0:0:1, SessionId=null], Granted Authorities=[ROLE_USER]]]
2025-04-17 01:20:02 [http-nio-8080-exec-7] [DEBUG] o.s.s.w.a.i.FilterSecurityInterceptor - Authorized filter invocation [GET /error] with attributes [permitAll]
2025-04-17 01:20:02 [http-nio-8080-exec-7] [DEBUG] o.s.security.web.FilterChainProxy - Secured GET /error
2025-04-17 01:20:02 [http-nio-8080-exec-1] [DEBUG] o.s.security.web.FilterChainProxy - Securing GET /images/placeholder.jpg
2025-04-17 01:20:02 [http-nio-8080-exec-5] [DEBUG] o.s.security.web.FilterChainProxy - Securing GET /images/tour/77da970b-1e81-439d-a952-267262094a8c_kozelsk.jpg
2025-04-17 01:20:02 [http-nio-8080-exec-10] [DEBUG] o.s.security.web.FilterChainProxy - Securing GET /images/tour/70efb4f2-568c-40d0-b39f-55ed0ccbc07e_00-Козельск.jpg
2025-04-17 01:20:02 [http-nio-8080-exec-10] [DEBUG] o.s.s.w.c.HttpSessionSecurityContextRepository - Retrieved SecurityContextImpl [Authentication=UsernamePasswordAuthenticationToken [Principal=org.springframework.security.core.userdetails.User [Username=user1@gmail.com, Password=[PROTECTED], Enabled=true, AccountNonExpired=true, CredentialsNonExpired=true, AccountNonLocked=true, Granted Authorities=[ROLE_USER]], Credentials=[PROTECTED], Authenticated=true, Details=WebAuthenticationDetails [RemoteIpAddress=0:0:0:0:0:0:0:1, SessionId=null], Granted Authorities=[ROLE_USER]]]
2025-04-17 01:20:02 [http-nio-8080-exec-1] [DEBUG] o.s.s.w.c.HttpSessionSecurityContextRepository - Retrieved SecurityContextImpl [Authentication=UsernamePasswordAuthenticationToken [Principal=org.springframework.security.core.userdetails.User [Username=user1@gmail.com, Password=[PROTECTED], Enabled=true, AccountNonExpired=true, CredentialsNonExpired=true, AccountNonLocked=true, Granted Authorities=[ROLE_USER]], Credentials=[PROTECTED], Authenticated=true, Details=WebAuthenticationDetails [RemoteIpAddress=0:0:0:0:0:0:0:1, SessionId=null], Granted Authorities=[ROLE_USER]]]
2025-04-17 01:20:02 [http-nio-8080-exec-5] [DEBUG] o.s.s.w.c.HttpSessionSecurityContextRepository - Retrieved SecurityContextImpl [Authentication=UsernamePasswordAuthenticationToken [Principal=org.springframework.security.core.userdetails.User [Username=user1@gmail.com, Password=[PROTECTED], Enabled=true, AccountNonExpired=true, CredentialsNonExpired=true, AccountNonLocked=true, Granted Authorities=[ROLE_USER]], Credentials=[PROTECTED], Authenticated=true, Details=WebAuthenticationDetails [RemoteIpAddress=0:0:0:0:0:0:0:1, SessionId=null], Granted Authorities=[ROLE_USER]]]
2025-04-17 01:20:02 [http-nio-8080-exec-1] [DEBUG] o.s.s.w.a.i.FilterSecurityInterceptor - Authorized filter invocation [GET /images/placeholder.jpg] with attributes [permitAll]
2025-04-17 01:20:02 [http-nio-8080-exec-5] [DEBUG] o.s.s.w.a.i.FilterSecurityInterceptor - Authorized filter invocation [GET /images/tour/77da970b-1e81-439d-a952-267262094a8c_kozelsk.jpg] with attributes [permitAll]
2025-04-17 01:20:02 [http-nio-8080-exec-10] [DEBUG] o.s.s.w.a.i.FilterSecurityInterceptor - Authorized filter invocation [GET /images/tour/70efb4f2-568c-40d0-b39f-55ed0ccbc07e_00-Козельск.jpg] with attributes [permitAll]
2025-04-17 01:20:02 [http-nio-8080-exec-1] [DEBUG] o.s.security.web.FilterChainProxy - Secured GET /images/placeholder.jpg
2025-04-17 01:20:02 [http-nio-8080-exec-5] [DEBUG] o.s.security.web.FilterChainProxy - Secured GET /images/tour/77da970b-1e81-439d-a952-267262094a8c_kozelsk.jpg
2025-04-17 01:20:02 [http-nio-8080-exec-10] [DEBUG] o.s.security.web.FilterChainProxy - Secured GET /images/tour/70efb4f2-568c-40d0-b39f-55ed0ccbc07e_00-Козельск.jpg
2025-04-17 01:20:02 [http-nio-8080-exec-1] [DEBUG] o.s.security.web.FilterChainProxy - Securing GET /error
2025-04-17 01:20:02 [http-nio-8080-exec-1] [DEBUG] o.s.s.w.c.HttpSessionSecurityContextRepository - Retrieved SecurityContextImpl [Authentication=UsernamePasswordAuthenticationToken [Principal=org.springframework.security.core.userdetails.User [Username=user1@gmail.com, Password=[PROTECTED], Enabled=true, AccountNonExpired=true, CredentialsNonExpired=true, AccountNonLocked=true, Granted Authorities=[ROLE_USER]], Credentials=[PROTECTED], Authenticated=true, Details=WebAuthenticationDetails [RemoteIpAddress=0:0:0:0:0:0:0:1, SessionId=null], Granted Authorities=[ROLE_USER]]]
2025-04-17 01:20:02 [http-nio-8080-exec-1] [DEBUG] o.s.s.w.a.i.FilterSecurityInterceptor - Authorized filter invocation [GET /error] with attributes [permitAll]
2025-04-17 01:20:02 [http-nio-8080-exec-1] [DEBUG] o.s.security.web.FilterChainProxy - Secured GET /error
2025-04-17 01:20:05 [http-nio-8080-exec-8] [DEBUG] o.s.security.web.FilterChainProxy - Securing GET /excursion/tour/8
2025-04-17 01:20:05 [http-nio-8080-exec-8] [DEBUG] o.s.s.w.c.HttpSessionSecurityContextRepository - Retrieved SecurityContextImpl [Authentication=UsernamePasswordAuthenticationToken [Principal=org.springframework.security.core.userdetails.User [Username=user1@gmail.com, Password=[PROTECTED], Enabled=true, AccountNonExpired=true, CredentialsNonExpired=true, AccountNonLocked=true, Granted Authorities=[ROLE_USER]], Credentials=[PROTECTED], Authenticated=true, Details=WebAuthenticationDetails [RemoteIpAddress=0:0:0:0:0:0:0:1, SessionId=null], Granted Authorities=[ROLE_USER]]]
2025-04-17 01:20:05 [http-nio-8080-exec-8] [DEBUG] o.s.s.w.a.i.FilterSecurityInterceptor - Authorized filter invocation [GET /excursion/tour/8] with attributes [permitAll]
2025-04-17 01:20:05 [http-nio-8080-exec-8] [DEBUG] o.s.security.web.FilterChainProxy - Secured GET /excursion/tour/8
2025-04-17 01:20:05 [http-nio-8080-exec-8] [INFO] r.k.a.u.s.CheckAuthorizeService - checkAdmin is starting, principal: UsernamePasswordAuthenticationToken [Principal=org.springframework.security.core.userdetails.User [Username=user1@gmail.com, Password=[PROTECTED], Enabled=true, AccountNonExpired=true, CredentialsNonExpired=true, AccountNonLocked=true, Granted Authorities=[ROLE_USER]], Credentials=[PROTECTED], Authenticated=true, Details=WebAuthenticationDetails [RemoteIpAddress=0:0:0:0:0:0:0:1, SessionId=null], Granted Authorities=[ROLE_USER]]
2025-04-17 01:20:05 [http-nio-8080-exec-8] [INFO] r.k.a.u.s.CheckAuthorizeService - checkAdmin: principal != null
2025-04-17 01:20:05 [http-nio-8080-exec-8] [INFO] r.k.a.u.s.CheckAuthorizeService - Principal is regular authentication
2025-04-17 01:20:05 [http-nio-8080-exec-8] [INFO] r.k.a.u.s.CheckAuthorizeService - Checking admin rights for email: user1@gmail.com
2025-04-17 01:20:05 [http-nio-8080-exec-8] [INFO] r.k.a.u.s.CheckAuthorizeService - User roles: [USER]
2025-04-17 01:20:05 [http-nio-8080-exec-4] [DEBUG] o.s.security.web.FilterChainProxy - Securing GET /css/styles.css
2025-04-17 01:20:05 [http-nio-8080-exec-4] [DEBUG] o.s.s.w.c.HttpSessionSecurityContextRepository - Retrieved SecurityContextImpl [Authentication=UsernamePasswordAuthenticationToken [Principal=org.springframework.security.core.userdetails.User [Username=user1@gmail.com, Password=[PROTECTED], Enabled=true, AccountNonExpired=true, CredentialsNonExpired=true, AccountNonLocked=true, Granted Authorities=[ROLE_USER]], Credentials=[PROTECTED], Authenticated=true, Details=WebAuthenticationDetails [RemoteIpAddress=0:0:0:0:0:0:0:1, SessionId=null], Granted Authorities=[ROLE_USER]]]
2025-04-17 01:20:05 [http-nio-8080-exec-4] [DEBUG] o.s.s.w.a.i.FilterSecurityInterceptor - Authorized filter invocation [GET /css/styles.css] with attributes [permitAll]
2025-04-17 01:20:05 [http-nio-8080-exec-4] [DEBUG] o.s.security.web.FilterChainProxy - Secured GET /css/styles.css
2025-04-17 01:20:05 [http-nio-8080-exec-6] [DEBUG] o.s.security.web.FilterChainProxy - Securing GET /img/logo_alliance.png
2025-04-17 01:20:05 [http-nio-8080-exec-6] [DEBUG] o.s.s.w.c.HttpSessionSecurityContextRepository - Retrieved SecurityContextImpl [Authentication=UsernamePasswordAuthenticationToken [Principal=org.springframework.security.core.userdetails.User [Username=user1@gmail.com, Password=[PROTECTED], Enabled=true, AccountNonExpired=true, CredentialsNonExpired=true, AccountNonLocked=true, Granted Authorities=[ROLE_USER]], Credentials=[PROTECTED], Authenticated=true, Details=WebAuthenticationDetails [RemoteIpAddress=0:0:0:0:0:0:0:1, SessionId=null], Granted Authorities=[ROLE_USER]]]
2025-04-17 01:20:05 [http-nio-8080-exec-6] [DEBUG] o.s.s.w.a.i.FilterSecurityInterceptor - Authorized filter invocation [GET /img/logo_alliance.png] with attributes [permitAll]
2025-04-17 01:20:05 [http-nio-8080-exec-6] [DEBUG] o.s.security.web.FilterChainProxy - Secured GET /img/logo_alliance.png
2025-04-17 01:20:05 [http-nio-8080-exec-2] [DEBUG] o.s.security.web.FilterChainProxy - Securing GET /excursion/tour/9
2025-04-17 01:20:05 [http-nio-8080-exec-2] [DEBUG] o.s.s.w.c.HttpSessionSecurityContextRepository - Retrieved SecurityContextImpl [Authentication=UsernamePasswordAuthenticationToken [Principal=org.springframework.security.core.userdetails.User [Username=user1@gmail.com, Password=[PROTECTED], Enabled=true, AccountNonExpired=true, CredentialsNonExpired=true, AccountNonLocked=true, Granted Authorities=[ROLE_USER]], Credentials=[PROTECTED], Authenticated=true, Details=WebAuthenticationDetails [RemoteIpAddress=0:0:0:0:0:0:0:1, SessionId=null], Granted Authorities=[ROLE_USER]]]
2025-04-17 01:20:05 [http-nio-8080-exec-2] [DEBUG] o.s.s.w.a.i.FilterSecurityInterceptor - Authorized filter invocation [GET /excursion/tour/9] with attributes [permitAll]
2025-04-17 01:20:05 [http-nio-8080-exec-2] [DEBUG] o.s.security.web.FilterChainProxy - Secured GET /excursion/tour/9
2025-04-17 01:20:05 [http-nio-8080-exec-2] [INFO] r.k.a.u.s.CheckAuthorizeService - checkAdmin is starting, principal: UsernamePasswordAuthenticationToken [Principal=org.springframework.security.core.userdetails.User [Username=user1@gmail.com, Password=[PROTECTED], Enabled=true, AccountNonExpired=true, CredentialsNonExpired=true, AccountNonLocked=true, Granted Authorities=[ROLE_USER]], Credentials=[PROTECTED], Authenticated=true, Details=WebAuthenticationDetails [RemoteIpAddress=0:0:0:0:0:0:0:1, SessionId=null], Granted Authorities=[ROLE_USER]]
2025-04-17 01:20:05 [http-nio-8080-exec-2] [INFO] r.k.a.u.s.CheckAuthorizeService - checkAdmin: principal != null
2025-04-17 01:20:05 [http-nio-8080-exec-2] [INFO] r.k.a.u.s.CheckAuthorizeService - Principal is regular authentication
2025-04-17 01:20:05 [http-nio-8080-exec-2] [INFO] r.k.a.u.s.CheckAuthorizeService - Checking admin rights for email: user1@gmail.com
2025-04-17 01:20:05 [http-nio-8080-exec-2] [INFO] r.k.a.u.s.CheckAuthorizeService - User roles: [USER]
2025-04-17 01:20:05 [http-nio-8080-exec-3] [DEBUG] o.s.security.web.FilterChainProxy - Securing GET /css/styles.css
2025-04-17 01:20:05 [http-nio-8080-exec-3] [DEBUG] o.s.s.w.c.HttpSessionSecurityContextRepository - Retrieved SecurityContextImpl [Authentication=UsernamePasswordAuthenticationToken [Principal=org.springframework.security.core.userdetails.User [Username=user1@gmail.com, Password=[PROTECTED], Enabled=true, AccountNonExpired=true, CredentialsNonExpired=true, AccountNonLocked=true, Granted Authorities=[ROLE_USER]], Credentials=[PROTECTED], Authenticated=true, Details=WebAuthenticationDetails [RemoteIpAddress=0:0:0:0:0:0:0:1, SessionId=null], Granted Authorities=[ROLE_USER]]]
2025-04-17 01:20:05 [http-nio-8080-exec-3] [DEBUG] o.s.s.w.a.i.FilterSecurityInterceptor - Authorized filter invocation [GET /css/styles.css] with attributes [permitAll]
2025-04-17 01:20:05 [http-nio-8080-exec-3] [DEBUG] o.s.security.web.FilterChainProxy - Secured GET /css/styles.css
2025-04-17 01:20:05 [http-nio-8080-exec-9] [DEBUG] o.s.security.web.FilterChainProxy - Securing GET /img/logo_alliance.png
2025-04-17 01:20:05 [http-nio-8080-exec-7] [DEBUG] o.s.security.web.FilterChainProxy - Securing GET /images/tour/77da970b-1e81-439d-a952-267262094a8c_kozelsk.jpg
2025-04-17 01:20:05 [http-nio-8080-exec-9] [DEBUG] o.s.s.w.c.HttpSessionSecurityContextRepository - Retrieved SecurityContextImpl [Authentication=UsernamePasswordAuthenticationToken [Principal=org.springframework.security.core.userdetails.User [Username=user1@gmail.com, Password=[PROTECTED], Enabled=true, AccountNonExpired=true, CredentialsNonExpired=true, AccountNonLocked=true, Granted Authorities=[ROLE_USER]], Credentials=[PROTECTED], Authenticated=true, Details=WebAuthenticationDetails [RemoteIpAddress=0:0:0:0:0:0:0:1, SessionId=null], Granted Authorities=[ROLE_USER]]]
2025-04-17 01:20:05 [http-nio-8080-exec-7] [DEBUG] o.s.s.w.c.HttpSessionSecurityContextRepository - Retrieved SecurityContextImpl [Authentication=UsernamePasswordAuthenticationToken [Principal=org.springframework.security.core.userdetails.User [Username=user1@gmail.com, Password=[PROTECTED], Enabled=true, AccountNonExpired=true, CredentialsNonExpired=true, AccountNonLocked=true, Granted Authorities=[ROLE_USER]], Credentials=[PROTECTED], Authenticated=true, Details=WebAuthenticationDetails [RemoteIpAddress=0:0:0:0:0:0:0:1, SessionId=null], Granted Authorities=[ROLE_USER]]]
2025-04-17 01:20:05 [http-nio-8080-exec-9] [DEBUG] o.s.s.w.a.i.FilterSecurityInterceptor - Authorized filter invocation [GET /img/logo_alliance.png] with attributes [permitAll]
2025-04-17 01:20:05 [http-nio-8080-exec-7] [DEBUG] o.s.s.w.a.i.FilterSecurityInterceptor - Authorized filter invocation [GET /images/tour/77da970b-1e81-439d-a952-267262094a8c_kozelsk.jpg] with attributes [permitAll]
2025-04-17 01:20:05 [http-nio-8080-exec-9] [DEBUG] o.s.security.web.FilterChainProxy - Secured GET /img/logo_alliance.png
2025-04-17 01:20:05 [http-nio-8080-exec-7] [DEBUG] o.s.security.web.FilterChainProxy - Secured GET /images/tour/77da970b-1e81-439d-a952-267262094a8c_kozelsk.jpg
2025-04-17 01:20:06 [http-nio-8080-exec-5] [DEBUG] o.s.security.web.FilterChainProxy - Securing GET /images/tour/0901dc7b-8835-4ba3-9ce8-31ea540d5f7d_photo_2024-12-23_22-17-54.jpg
2025-04-17 01:20:06 [http-nio-8080-exec-10] [DEBUG] o.s.security.web.FilterChainProxy - Securing GET /images/tour/b144cd56-998b-4eec-9a5b-c31f14445037_12-park-tri-bogatyrya_1586958675.jpg
2025-04-17 01:20:06 [http-nio-8080-exec-10] [DEBUG] o.s.s.w.c.HttpSessionSecurityContextRepository - Retrieved SecurityContextImpl [Authentication=UsernamePasswordAuthenticationToken [Principal=org.springframework.security.core.userdetails.User [Username=user1@gmail.com, Password=[PROTECTED], Enabled=true, AccountNonExpired=true, CredentialsNonExpired=true, AccountNonLocked=true, Granted Authorities=[ROLE_USER]], Credentials=[PROTECTED], Authenticated=true, Details=WebAuthenticationDetails [RemoteIpAddress=0:0:0:0:0:0:0:1, SessionId=null], Granted Authorities=[ROLE_USER]]]
2025-04-17 01:20:06 [http-nio-8080-exec-5] [DEBUG] o.s.s.w.c.HttpSessionSecurityContextRepository - Retrieved SecurityContextImpl [Authentication=UsernamePasswordAuthenticationToken [Principal=org.springframework.security.core.userdetails.User [Username=user1@gmail.com, Password=[PROTECTED], Enabled=true, AccountNonExpired=true, CredentialsNonExpired=true, AccountNonLocked=true, Granted Authorities=[ROLE_USER]], Credentials=[PROTECTED], Authenticated=true, Details=WebAuthenticationDetails [RemoteIpAddress=0:0:0:0:0:0:0:1, SessionId=null], Granted Authorities=[ROLE_USER]]]
2025-04-17 01:20:06 [http-nio-8080-exec-10] [DEBUG] o.s.s.w.a.i.FilterSecurityInterceptor - Authorized filter invocation [GET /images/tour/b144cd56-998b-4eec-9a5b-c31f14445037_12-park-tri-bogatyrya_1586958675.jpg] with attributes [permitAll]
2025-04-17 01:20:06 [http-nio-8080-exec-5] [DEBUG] o.s.s.w.a.i.FilterSecurityInterceptor - Authorized filter invocation [GET /images/tour/0901dc7b-8835-4ba3-9ce8-31ea540d5f7d_photo_2024-12-23_22-17-54.jpg] with attributes [permitAll]
2025-04-17 01:20:06 [http-nio-8080-exec-10] [DEBUG] o.s.security.web.FilterChainProxy - Secured GET /images/tour/b144cd56-998b-4eec-9a5b-c31f14445037_12-park-tri-bogatyrya_1586958675.jpg
2025-04-17 01:20:06 [http-nio-8080-exec-5] [DEBUG] o.s.security.web.FilterChainProxy - Secured GET /images/tour/0901dc7b-8835-4ba3-9ce8-31ea540d5f7d_photo_2024-12-23_22-17-54.jpg
2025-04-17 01:20:06 [http-nio-8080-exec-1] [DEBUG] o.s.security.web.FilterChainProxy - Securing GET /excursion/tour/10
2025-04-17 01:20:06 [http-nio-8080-exec-1] [DEBUG] o.s.s.w.c.HttpSessionSecurityContextRepository - Retrieved SecurityContextImpl [Authentication=UsernamePasswordAuthenticationToken [Principal=org.springframework.security.core.userdetails.User [Username=user1@gmail.com, Password=[PROTECTED], Enabled=true, AccountNonExpired=true, CredentialsNonExpired=true, AccountNonLocked=true, Granted Authorities=[ROLE_USER]], Credentials=[PROTECTED], Authenticated=true, Details=WebAuthenticationDetails [RemoteIpAddress=0:0:0:0:0:0:0:1, SessionId=null], Granted Authorities=[ROLE_USER]]]
2025-04-17 01:20:06 [http-nio-8080-exec-1] [DEBUG] o.s.s.w.a.i.FilterSecurityInterceptor - Authorized filter invocation [GET /excursion/tour/10] with attributes [permitAll]
2025-04-17 01:20:06 [http-nio-8080-exec-1] [DEBUG] o.s.security.web.FilterChainProxy - Secured GET /excursion/tour/10
2025-04-17 01:20:06 [http-nio-8080-exec-1] [INFO] r.k.a.u.s.CheckAuthorizeService - checkAdmin is starting, principal: UsernamePasswordAuthenticationToken [Principal=org.springframework.security.core.userdetails.User [Username=user1@gmail.com, Password=[PROTECTED], Enabled=true, AccountNonExpired=true, CredentialsNonExpired=true, AccountNonLocked=true, Granted Authorities=[ROLE_USER]], Credentials=[PROTECTED], Authenticated=true, Details=WebAuthenticationDetails [RemoteIpAddress=0:0:0:0:0:0:0:1, SessionId=null], Granted Authorities=[ROLE_USER]]
2025-04-17 01:20:06 [http-nio-8080-exec-1] [INFO] r.k.a.u.s.CheckAuthorizeService - checkAdmin: principal != null
2025-04-17 01:20:06 [http-nio-8080-exec-1] [INFO] r.k.a.u.s.CheckAuthorizeService - Principal is regular authentication
2025-04-17 01:20:06 [http-nio-8080-exec-1] [INFO] r.k.a.u.s.CheckAuthorizeService - Checking admin rights for email: user1@gmail.com
2025-04-17 01:20:06 [http-nio-8080-exec-1] [INFO] r.k.a.u.s.CheckAuthorizeService - User roles: [USER]
2025-04-17 01:20:06 [http-nio-8080-exec-8] [DEBUG] o.s.security.web.FilterChainProxy - Securing GET /css/styles.css
2025-04-17 01:20:06 [http-nio-8080-exec-4] [DEBUG] o.s.security.web.FilterChainProxy - Securing GET /img/logo_alliance.png
2025-04-17 01:20:06 [http-nio-8080-exec-8] [DEBUG] o.s.s.w.c.HttpSessionSecurityContextRepository - Retrieved SecurityContextImpl [Authentication=UsernamePasswordAuthenticationToken [Principal=org.springframework.security.core.userdetails.User [Username=user1@gmail.com, Password=[PROTECTED], Enabled=true, AccountNonExpired=true, CredentialsNonExpired=true, AccountNonLocked=true, Granted Authorities=[ROLE_USER]], Credentials=[PROTECTED], Authenticated=true, Details=WebAuthenticationDetails [RemoteIpAddress=0:0:0:0:0:0:0:1, SessionId=null], Granted Authorities=[ROLE_USER]]]
2025-04-17 01:20:06 [http-nio-8080-exec-4] [DEBUG] o.s.s.w.c.HttpSessionSecurityContextRepository - Retrieved SecurityContextImpl [Authentication=UsernamePasswordAuthenticationToken [Principal=org.springframework.security.core.userdetails.User [Username=user1@gmail.com, Password=[PROTECTED], Enabled=true, AccountNonExpired=true, CredentialsNonExpired=true, AccountNonLocked=true, Granted Authorities=[ROLE_USER]], Credentials=[PROTECTED], Authenticated=true, Details=WebAuthenticationDetails [RemoteIpAddress=0:0:0:0:0:0:0:1, SessionId=null], Granted Authorities=[ROLE_USER]]]
2025-04-17 01:20:06 [http-nio-8080-exec-8] [DEBUG] o.s.s.w.a.i.FilterSecurityInterceptor - Authorized filter invocation [GET /css/styles.css] with attributes [permitAll]
2025-04-17 01:20:06 [http-nio-8080-exec-4] [DEBUG] o.s.s.w.a.i.FilterSecurityInterceptor - Authorized filter invocation [GET /img/logo_alliance.png] with attributes [permitAll]
2025-04-17 01:20:06 [http-nio-8080-exec-8] [DEBUG] o.s.security.web.FilterChainProxy - Secured GET /css/styles.css
2025-04-17 01:20:06 [http-nio-8080-exec-4] [DEBUG] o.s.security.web.FilterChainProxy - Secured GET /img/logo_alliance.png
2025-04-17 01:20:09 [http-nio-8080-exec-6] [DEBUG] o.s.security.web.FilterChainProxy - Securing GET /excursion/tour/9
2025-04-17 01:20:09 [http-nio-8080-exec-6] [DEBUG] o.s.s.w.c.HttpSessionSecurityContextRepository - Retrieved SecurityContextImpl [Authentication=UsernamePasswordAuthenticationToken [Principal=org.springframework.security.core.userdetails.User [Username=user1@gmail.com, Password=[PROTECTED], Enabled=true, AccountNonExpired=true, CredentialsNonExpired=true, AccountNonLocked=true, Granted Authorities=[ROLE_USER]], Credentials=[PROTECTED], Authenticated=true, Details=WebAuthenticationDetails [RemoteIpAddress=0:0:0:0:0:0:0:1, SessionId=null], Granted Authorities=[ROLE_USER]]]
2025-04-17 01:20:09 [http-nio-8080-exec-6] [DEBUG] o.s.s.w.a.i.FilterSecurityInterceptor - Authorized filter invocation [GET /excursion/tour/9] with attributes [permitAll]
2025-04-17 01:20:09 [http-nio-8080-exec-6] [DEBUG] o.s.security.web.FilterChainProxy - Secured GET /excursion/tour/9
2025-04-17 01:20:09 [http-nio-8080-exec-6] [INFO] r.k.a.u.s.CheckAuthorizeService - checkAdmin is starting, principal: UsernamePasswordAuthenticationToken [Principal=org.springframework.security.core.userdetails.User [Username=user1@gmail.com, Password=[PROTECTED], Enabled=true, AccountNonExpired=true, CredentialsNonExpired=true, AccountNonLocked=true, Granted Authorities=[ROLE_USER]], Credentials=[PROTECTED], Authenticated=true, Details=WebAuthenticationDetails [RemoteIpAddress=0:0:0:0:0:0:0:1, SessionId=null], Granted Authorities=[ROLE_USER]]
2025-04-17 01:20:09 [http-nio-8080-exec-6] [INFO] r.k.a.u.s.CheckAuthorizeService - checkAdmin: principal != null
2025-04-17 01:20:09 [http-nio-8080-exec-6] [INFO] r.k.a.u.s.CheckAuthorizeService - Principal is regular authentication
2025-04-17 01:20:09 [http-nio-8080-exec-6] [INFO] r.k.a.u.s.CheckAuthorizeService - Checking admin rights for email: user1@gmail.com
2025-04-17 01:20:09 [http-nio-8080-exec-6] [INFO] r.k.a.u.s.CheckAuthorizeService - User roles: [USER]
2025-04-17 01:20:09 [http-nio-8080-exec-2] [DEBUG] o.s.security.web.FilterChainProxy - Securing GET /css/styles.css
2025-04-17 01:20:09 [http-nio-8080-exec-2] [DEBUG] o.s.s.w.c.HttpSessionSecurityContextRepository - Retrieved SecurityContextImpl [Authentication=UsernamePasswordAuthenticationToken [Principal=org.springframework.security.core.userdetails.User [Username=user1@gmail.com, Password=[PROTECTED], Enabled=true, AccountNonExpired=true, CredentialsNonExpired=true, AccountNonLocked=true, Granted Authorities=[ROLE_USER]], Credentials=[PROTECTED], Authenticated=true, Details=WebAuthenticationDetails [RemoteIpAddress=0:0:0:0:0:0:0:1, SessionId=null], Granted Authorities=[ROLE_USER]]]
2025-04-17 01:20:09 [http-nio-8080-exec-2] [DEBUG] o.s.s.w.a.i.FilterSecurityInterceptor - Authorized filter invocation [GET /css/styles.css] with attributes [permitAll]
2025-04-17 01:20:09 [http-nio-8080-exec-2] [DEBUG] o.s.security.web.FilterChainProxy - Secured GET /css/styles.css
2025-04-17 01:20:09 [http-nio-8080-exec-3] [DEBUG] o.s.security.web.FilterChainProxy - Securing GET /img/logo_alliance.png
2025-04-17 01:20:09 [http-nio-8080-exec-9] [DEBUG] o.s.security.web.FilterChainProxy - Securing GET /images/tour/77da970b-1e81-439d-a952-267262094a8c_kozelsk.jpg
2025-04-17 01:20:09 [http-nio-8080-exec-3] [DEBUG] o.s.s.w.c.HttpSessionSecurityContextRepository - Retrieved SecurityContextImpl [Authentication=UsernamePasswordAuthenticationToken [Principal=org.springframework.security.core.userdetails.User [Username=user1@gmail.com, Password=[PROTECTED], Enabled=true, AccountNonExpired=true, CredentialsNonExpired=true, AccountNonLocked=true, Granted Authorities=[ROLE_USER]], Credentials=[PROTECTED], Authenticated=true, Details=WebAuthenticationDetails [RemoteIpAddress=0:0:0:0:0:0:0:1, SessionId=null], Granted Authorities=[ROLE_USER]]]
2025-04-17 01:20:09 [http-nio-8080-exec-9] [DEBUG] o.s.s.w.c.HttpSessionSecurityContextRepository - Retrieved SecurityContextImpl [Authentication=UsernamePasswordAuthenticationToken [Principal=org.springframework.security.core.userdetails.User [Username=user1@gmail.com, Password=[PROTECTED], Enabled=true, AccountNonExpired=true, CredentialsNonExpired=true, AccountNonLocked=true, Granted Authorities=[ROLE_USER]], Credentials=[PROTECTED], Authenticated=true, Details=WebAuthenticationDetails [RemoteIpAddress=0:0:0:0:0:0:0:1, SessionId=null], Granted Authorities=[ROLE_USER]]]
2025-04-17 01:20:09 [http-nio-8080-exec-3] [DEBUG] o.s.s.w.a.i.FilterSecurityInterceptor - Authorized filter invocation [GET /img/logo_alliance.png] with attributes [permitAll]
2025-04-17 01:20:09 [http-nio-8080-exec-9] [DEBUG] o.s.s.w.a.i.FilterSecurityInterceptor - Authorized filter invocation [GET /images/tour/77da970b-1e81-439d-a952-267262094a8c_kozelsk.jpg] with attributes [permitAll]
2025-04-17 01:20:09 [http-nio-8080-exec-3] [DEBUG] o.s.security.web.FilterChainProxy - Secured GET /img/logo_alliance.png
2025-04-17 01:20:09 [http-nio-8080-exec-9] [DEBUG] o.s.security.web.FilterChainProxy - Secured GET /images/tour/77da970b-1e81-439d-a952-267262094a8c_kozelsk.jpg
2025-04-17 01:20:09 [http-nio-8080-exec-10] [DEBUG] o.s.security.web.FilterChainProxy - Securing GET /images/tour/b144cd56-998b-4eec-9a5b-c31f14445037_12-park-tri-bogatyrya_1586958675.jpg
2025-04-17 01:20:09 [http-nio-8080-exec-7] [DEBUG] o.s.security.web.FilterChainProxy - Securing GET /images/tour/0901dc7b-8835-4ba3-9ce8-31ea540d5f7d_photo_2024-12-23_22-17-54.jpg
2025-04-17 01:20:09 [http-nio-8080-exec-10] [DEBUG] o.s.s.w.c.HttpSessionSecurityContextRepository - Retrieved SecurityContextImpl [Authentication=UsernamePasswordAuthenticationToken [Principal=org.springframework.security.core.userdetails.User [Username=user1@gmail.com, Password=[PROTECTED], Enabled=true, AccountNonExpired=true, CredentialsNonExpired=true, AccountNonLocked=true, Granted Authorities=[ROLE_USER]], Credentials=[PROTECTED], Authenticated=true, Details=WebAuthenticationDetails [RemoteIpAddress=0:0:0:0:0:0:0:1, SessionId=null], Granted Authorities=[ROLE_USER]]]
2025-04-17 01:20:09 [http-nio-8080-exec-7] [DEBUG] o.s.s.w.c.HttpSessionSecurityContextRepository - Retrieved SecurityContextImpl [Authentication=UsernamePasswordAuthenticationToken [Principal=org.springframework.security.core.userdetails.User [Username=user1@gmail.com, Password=[PROTECTED], Enabled=true, AccountNonExpired=true, CredentialsNonExpired=true, AccountNonLocked=true, Granted Authorities=[ROLE_USER]], Credentials=[PROTECTED], Authenticated=true, Details=WebAuthenticationDetails [RemoteIpAddress=0:0:0:0:0:0:0:1, SessionId=null], Granted Authorities=[ROLE_USER]]]
2025-04-17 01:20:09 [http-nio-8080-exec-7] [DEBUG] o.s.s.w.a.i.FilterSecurityInterceptor - Authorized filter invocation [GET /images/tour/0901dc7b-8835-4ba3-9ce8-31ea540d5f7d_photo_2024-12-23_22-17-54.jpg] with attributes [permitAll]
2025-04-17 01:20:09 [http-nio-8080-exec-10] [DEBUG] o.s.s.w.a.i.FilterSecurityInterceptor - Authorized filter invocation [GET /images/tour/b144cd56-998b-4eec-9a5b-c31f14445037_12-park-tri-bogatyrya_1586958675.jpg] with attributes [permitAll]
2025-04-17 01:20:09 [http-nio-8080-exec-7] [DEBUG] o.s.security.web.FilterChainProxy - Secured GET /images/tour/0901dc7b-8835-4ba3-9ce8-31ea540d5f7d_photo_2024-12-23_22-17-54.jpg
2025-04-17 01:20:09 [http-nio-8080-exec-10] [DEBUG] o.s.security.web.FilterChainProxy - Secured GET /images/tour/b144cd56-998b-4eec-9a5b-c31f14445037_12-park-tri-bogatyrya_1586958675.jpg
2025-04-17 01:20:20 [SpringApplicationShutdownHook] [INFO] o.s.o.j.LocalContainerEntityManagerFactoryBean - Closing JPA EntityManagerFactory for persistence unit 'default'
2025-04-17 01:20:20 [SpringApplicationShutdownHook] [INFO] com.zaxxer.hikari.HikariDataSource - HikariPool-1 - Shutdown initiated...
2025-04-17 01:20:20 [SpringApplicationShutdownHook] [INFO] com.zaxxer.hikari.HikariDataSource - HikariPool-1 - Shutdown completed.
2025-04-17 20:46:57 [background-preinit] [INFO] o.h.validator.internal.util.Version - HV000001: Hibernate Validator 8.0.1.Final
2025-04-17 20:46:57 [restartedMain] [INFO] r.k.alliance.AllianceApplication - Starting AllianceApplication using Java 23.0.1 with PID 11360 (C:\Users\Zver\Desktop\Projects\alliance\target\classes started by pavel in C:\Users\Zver\Desktop\Projects\alliance)
2025-04-17 20:46:57 [restartedMain] [INFO] r.k.alliance.AllianceApplication - No active profile set, falling back to 1 default profile: "default"
2025-04-17 20:46:57 [restartedMain] [INFO] o.s.b.d.e.DevToolsPropertyDefaultsPostProcessor - Devtools property defaults active! Set 'spring.devtools.add-properties' to 'false' to disable
2025-04-17 20:46:57 [restartedMain] [INFO] o.s.b.d.e.DevToolsPropertyDefaultsPostProcessor - For additional web related logging consider setting the 'logging.level.web' property to 'DEBUG'
2025-04-17 20:46:58 [restartedMain] [INFO] o.s.d.r.c.RepositoryConfigurationDelegate - Bootstrapping Spring Data JPA repositories in DEFAULT mode.
2025-04-17 20:46:58 [restartedMain] [INFO] o.s.d.r.c.RepositoryConfigurationDelegate - Finished Spring Data repository scanning in 65 ms. Found 11 JPA repository interfaces.
2025-04-17 20:46:59 [restartedMain] [INFO] o.s.b.w.e.tomcat.TomcatWebServer - Tomcat initialized with port 8080 (http)
2025-04-17 20:46:59 [restartedMain] [INFO] o.a.coyote.http11.Http11NioProtocol - Initializing ProtocolHandler ["http-nio-8080"]
2025-04-17 20:46:59 [restartedMain] [INFO] o.a.catalina.core.StandardService - Starting service [Tomcat]
2025-04-17 20:46:59 [restartedMain] [INFO] o.a.catalina.core.StandardEngine - Starting Servlet engine: [Apache Tomcat/10.1.31]
2025-04-17 20:46:59 [restartedMain] [INFO] o.a.c.c.C.[Tomcat].[localhost].[/] - Initializing Spring embedded WebApplicationContext
2025-04-17 20:46:59 [restartedMain] [INFO] o.s.b.w.s.c.ServletWebServerApplicationContext - Root WebApplicationContext: initialization completed in 1699 ms
2025-04-17 20:46:59 [restartedMain] [INFO] com.zaxxer.hikari.HikariDataSource - HikariPool-1 - Starting...
2025-04-17 20:46:59 [restartedMain] [INFO] com.zaxxer.hikari.pool.HikariPool - HikariPool-1 - Added connection org.postgresql.jdbc.PgConnection@917eefa
2025-04-17 20:46:59 [restartedMain] [INFO] com.zaxxer.hikari.HikariDataSource - HikariPool-1 - Start completed.
2025-04-17 20:46:59 [restartedMain] [INFO] o.h.jpa.internal.util.LogHelper - HHH000204: Processing PersistenceUnitInfo [name: default]
2025-04-17 20:46:59 [restartedMain] [INFO] org.hibernate.Version - HHH000412: Hibernate ORM core version 6.5.3.Final
2025-04-17 20:46:59 [restartedMain] [INFO] o.h.c.i.RegionFactoryInitiator - HHH000026: Second-level cache disabled
2025-04-17 20:47:00 [restartedMain] [INFO] o.s.o.j.p.SpringPersistenceUnitInfo - No LoadTimeWeaver setup: ignoring JPA class transformer
2025-04-17 20:47:00 [restartedMain] [INFO] o.h.e.t.j.p.i.JtaPlatformInitiator - HHH000489: No JTA platform available (set 'hibernate.transaction.jta.platform' to enable JTA platform integration)
2025-04-17 20:47:00 [restartedMain] [INFO] o.s.o.j.LocalContainerEntityManagerFactoryBean - Initialized JPA EntityManagerFactory for persistence unit 'default'
2025-04-17 20:47:01 [restartedMain] [INFO] o.s.d.j.r.query.QueryEnhancerFactory - Hibernate is in classpath; If applicable, HQL parser will be used.
2025-04-17 20:47:02 [restartedMain] [WARN] o.s.b.a.o.j.JpaBaseConfiguration$JpaWebConfiguration - spring.jpa.open-in-view is enabled by default. Therefore, database queries may be performed during view rendering. Explicitly configure spring.jpa.open-in-view to disable this warning
2025-04-17 20:47:02 [restartedMain] [INFO] o.s.s.c.a.a.c.InitializeUserDetailsBeanManagerConfigurer$InitializeUserDetailsManagerConfigurer - Global AuthenticationManager configured with UserDetailsService bean with name myUserDetailsService
2025-04-17 20:47:02 [restartedMain] [INFO] o.s.b.a.e.web.EndpointLinksResolver - Exposing 1 endpoint beneath base path '/actuator'
2025-04-17 20:47:02 [restartedMain] [DEBUG] o.s.s.w.a.e.ExpressionBasedFilterInvocationSecurityMetadataSource - Adding web access control expression [permitAll] for ExactUrl [processUrl='/login?error']
2025-04-17 20:47:02 [restartedMain] [DEBUG] o.s.s.w.a.e.ExpressionBasedFilterInvocationSecurityMetadataSource - Adding web access control expression [permitAll] for ExactUrl [processUrl='/login']
2025-04-17 20:47:02 [restartedMain] [DEBUG] o.s.s.w.a.e.ExpressionBasedFilterInvocationSecurityMetadataSource - Adding web access control expression [permitAll] for ExactUrl [processUrl='/login']
2025-04-17 20:47:02 [restartedMain] [DEBUG] o.s.s.w.a.e.ExpressionBasedFilterInvocationSecurityMetadataSource - Adding web access control expression [permitAll] for Ant [pattern='/logout', POST]
2025-04-17 20:47:02 [restartedMain] [DEBUG] o.s.s.w.a.e.ExpressionBasedFilterInvocationSecurityMetadataSource - Adding web access control expression [permitAll] for ExactUrl [processUrl='/realty']
2025-04-17 20:47:02 [restartedMain] [DEBUG] o.s.s.w.a.e.ExpressionBasedFilterInvocationSecurityMetadataSource - Adding web access control expression [authenticated] for Deferred [Mvc [pattern='/realty/new'], Ant [pattern='/realty/new']]
2025-04-17 20:47:02 [restartedMain] [DEBUG] o.s.s.w.a.e.ExpressionBasedFilterInvocationSecurityMetadataSource - Adding web access control expression [authenticated] for Deferred [Mvc [pattern='/realty/edit/**'], Ant [pattern='/realty/edit/**']]
2025-04-17 20:47:02 [restartedMain] [DEBUG] o.s.s.w.a.e.ExpressionBasedFilterInvocationSecurityMetadataSource - Adding web access control expression [authenticated] for Deferred [Mvc [pattern='/realty/delete/**'], Ant [pattern='/realty/delete/**']]
2025-04-17 20:47:02 [restartedMain] [DEBUG] o.s.s.w.a.e.ExpressionBasedFilterInvocationSecurityMetadataSource - Adding web access control expression [permitAll] for any request
2025-04-17 20:47:02 [restartedMain] [DEBUG] o.s.s.web.DefaultSecurityFilterChain - Will secure any request with filters: DisableEncodeUrlFilter, WebAsyncManagerIntegrationFilter, SecurityContextHolderFilter, HeaderWriterFilter, CsrfFilter, LogoutFilter, OAuth2AuthorizationRequestRedirectFilter, OAuth2LoginAuthenticationFilter, UsernamePasswordAuthenticationFilter, ConcurrentSessionFilter, RequestCacheAwareFilter, SecurityContextHolderAwareRequestFilter, AnonymousAuthenticationFilter, SessionManagementFilter, ExceptionTranslationFilter, FilterSecurityInterceptor
2025-04-17 20:47:03 [restartedMain] [INFO] o.s.b.d.a.OptionalLiveReloadServer - LiveReload server is running on port 35729
2025-04-17 20:47:03 [restartedMain] [INFO] o.a.coyote.http11.Http11NioProtocol - Starting ProtocolHandler ["http-nio-8080"]
2025-04-17 20:47:03 [restartedMain] [INFO] o.s.b.w.e.tomcat.TomcatWebServer - Tomcat started on port 8080 (http) with context path '/'
2025-04-17 20:47:03 [restartedMain] [INFO] r.k.alliance.AllianceApplication - Started AllianceApplication in 6.1 seconds (process running for 7.146)
2025-04-17 20:47:03 [RMI TCP Connection(3)-192.168.100.28] [INFO] o.a.c.c.C.[Tomcat].[localhost].[/] - Initializing Spring DispatcherServlet 'dispatcherServlet'
2025-04-17 20:47:03 [RMI TCP Connection(3)-192.168.100.28] [INFO] o.s.web.servlet.DispatcherServlet - Initializing Servlet 'dispatcherServlet'
2025-04-17 20:47:03 [RMI TCP Connection(3)-192.168.100.28] [INFO] o.s.web.servlet.DispatcherServlet - Completed initialization in 1 ms
2025-04-17 20:47:08 [http-nio-8080-exec-1] [DEBUG] o.s.security.web.FilterChainProxy - Securing GET /excursion
2025-04-17 20:47:08 [http-nio-8080-exec-1] [DEBUG] o.s.s.w.a.AnonymousAuthenticationFilter - Set SecurityContextHolder to anonymous SecurityContext
2025-04-17 20:47:08 [http-nio-8080-exec-1] [DEBUG] o.s.s.w.s.SessionManagementFilter - Request requested invalid session id 2459085CA146D2C71AD9417970C4D1D3
2025-04-17 20:47:08 [http-nio-8080-exec-1] [DEBUG] o.s.s.w.a.i.FilterSecurityInterceptor - Authorized filter invocation [GET /excursion] with attributes [permitAll]
2025-04-17 20:47:08 [http-nio-8080-exec-1] [DEBUG] o.s.security.web.FilterChainProxy - Secured GET /excursion
2025-04-17 20:47:08 [http-nio-8080-exec-1] [INFO] r.k.a.u.s.CheckAuthorizeService - checkAdmin is starting, principal: null
2025-04-17 20:47:09 [http-nio-8080-exec-2] [DEBUG] o.s.security.web.FilterChainProxy - Securing GET /css/styles.css
2025-04-17 20:47:09 [http-nio-8080-exec-3] [DEBUG] o.s.security.web.FilterChainProxy - Securing GET /img/logo_alliance.png
2025-04-17 20:47:09 [http-nio-8080-exec-2] [DEBUG] o.s.s.w.a.AnonymousAuthenticationFilter - Set SecurityContextHolder to anonymous SecurityContext
2025-04-17 20:47:09 [http-nio-8080-exec-3] [DEBUG] o.s.s.w.a.AnonymousAuthenticationFilter - Set SecurityContextHolder to anonymous SecurityContext
2025-04-17 20:47:09 [http-nio-8080-exec-2] [DEBUG] o.s.s.w.s.SessionManagementFilter - Request requested invalid session id 2459085CA146D2C71AD9417970C4D1D3
2025-04-17 20:47:09 [http-nio-8080-exec-3] [DEBUG] o.s.s.w.s.SessionManagementFilter - Request requested invalid session id 2459085CA146D2C71AD9417970C4D1D3
2025-04-17 20:47:09 [http-nio-8080-exec-3] [DEBUG] o.s.s.w.a.i.FilterSecurityInterceptor - Authorized filter invocation [GET /img/logo_alliance.png] with attributes [permitAll]
2025-04-17 20:47:09 [http-nio-8080-exec-2] [DEBUG] o.s.s.w.a.i.FilterSecurityInterceptor - Authorized filter invocation [GET /css/styles.css] with attributes [permitAll]
2025-04-17 20:47:09 [http-nio-8080-exec-3] [DEBUG] o.s.security.web.FilterChainProxy - Secured GET /img/logo_alliance.png
2025-04-17 20:47:09 [http-nio-8080-exec-2] [DEBUG] o.s.security.web.FilterChainProxy - Secured GET /css/styles.css
2025-04-17 20:47:09 [http-nio-8080-exec-8] [DEBUG] o.s.security.web.FilterChainProxy - Securing GET /images/placeholder.jpg
2025-04-17 20:47:09 [http-nio-8080-exec-5] [DEBUG] o.s.security.web.FilterChainProxy - Securing GET /images/tour/77da970b-1e81-439d-a952-267262094a8c_kozelsk.jpg
2025-04-17 20:47:09 [http-nio-8080-exec-4] [DEBUG] o.s.security.web.FilterChainProxy - Securing GET /img/tour-agency.jpg
2025-04-17 20:47:09 [http-nio-8080-exec-9] [DEBUG] o.s.security.web.FilterChainProxy - Securing GET /images/tour/70efb4f2-568c-40d0-b39f-55ed0ccbc07e_00-Козельск.jpg
2025-04-17 20:47:09 [http-nio-8080-exec-4] [DEBUG] o.s.s.w.a.AnonymousAuthenticationFilter - Set SecurityContextHolder to anonymous SecurityContext
2025-04-17 20:47:09 [http-nio-8080-exec-5] [DEBUG] o.s.s.w.a.AnonymousAuthenticationFilter - Set SecurityContextHolder to anonymous SecurityContext
2025-04-17 20:47:09 [http-nio-8080-exec-8] [DEBUG] o.s.s.w.a.AnonymousAuthenticationFilter - Set SecurityContextHolder to anonymous SecurityContext
2025-04-17 20:47:09 [http-nio-8080-exec-4] [DEBUG] o.s.s.w.s.SessionManagementFilter - Request requested invalid session id 2459085CA146D2C71AD9417970C4D1D3
2025-04-17 20:47:09 [http-nio-8080-exec-9] [DEBUG] o.s.s.w.a.AnonymousAuthenticationFilter - Set SecurityContextHolder to anonymous SecurityContext
2025-04-17 20:47:09 [http-nio-8080-exec-5] [DEBUG] o.s.s.w.s.SessionManagementFilter - Request requested invalid session id 2459085CA146D2C71AD9417970C4D1D3
2025-04-17 20:47:09 [http-nio-8080-exec-8] [DEBUG] o.s.s.w.s.SessionManagementFilter - Request requested invalid session id 2459085CA146D2C71AD9417970C4D1D3
2025-04-17 20:47:09 [http-nio-8080-exec-9] [DEBUG] o.s.s.w.s.SessionManagementFilter - Request requested invalid session id 2459085CA146D2C71AD9417970C4D1D3
2025-04-17 20:47:09 [http-nio-8080-exec-4] [DEBUG] o.s.s.w.a.i.FilterSecurityInterceptor - Authorized filter invocation [GET /img/tour-agency.jpg] with attributes [permitAll]
2025-04-17 20:47:09 [http-nio-8080-exec-8] [DEBUG] o.s.s.w.a.i.FilterSecurityInterceptor - Authorized filter invocation [GET /images/placeholder.jpg] with attributes [permitAll]
2025-04-17 20:47:09 [http-nio-8080-exec-9] [DEBUG] o.s.s.w.a.i.FilterSecurityInterceptor - Authorized filter invocation [GET /images/tour/70efb4f2-568c-40d0-b39f-55ed0ccbc07e_00-Козельск.jpg] with attributes [permitAll]
2025-04-17 20:47:09 [http-nio-8080-exec-5] [DEBUG] o.s.s.w.a.i.FilterSecurityInterceptor - Authorized filter invocation [GET /images/tour/77da970b-1e81-439d-a952-267262094a8c_kozelsk.jpg] with attributes [permitAll]
2025-04-17 20:47:09 [http-nio-8080-exec-8] [DEBUG] o.s.security.web.FilterChainProxy - Secured GET /images/placeholder.jpg
2025-04-17 20:47:09 [http-nio-8080-exec-9] [DEBUG] o.s.security.web.FilterChainProxy - Secured GET /images/tour/70efb4f2-568c-40d0-b39f-55ed0ccbc07e_00-Козельск.jpg
2025-04-17 20:47:09 [http-nio-8080-exec-4] [DEBUG] o.s.security.web.FilterChainProxy - Secured GET /img/tour-agency.jpg
2025-04-17 20:47:09 [http-nio-8080-exec-5] [DEBUG] o.s.security.web.FilterChainProxy - Secured GET /images/tour/77da970b-1e81-439d-a952-267262094a8c_kozelsk.jpg
2025-04-17 20:47:09 [http-nio-8080-exec-8] [DEBUG] o.s.security.web.FilterChainProxy - Securing GET /error
2025-04-17 20:47:09 [http-nio-8080-exec-4] [DEBUG] o.s.security.web.FilterChainProxy - Securing GET /error
2025-04-17 20:47:09 [http-nio-8080-exec-4] [DEBUG] o.s.s.w.a.AnonymousAuthenticationFilter - Set SecurityContextHolder to anonymous SecurityContext
2025-04-17 20:47:09 [http-nio-8080-exec-8] [DEBUG] o.s.s.w.a.AnonymousAuthenticationFilter - Set SecurityContextHolder to anonymous SecurityContext
2025-04-17 20:47:09 [http-nio-8080-exec-4] [DEBUG] o.s.s.w.a.i.FilterSecurityInterceptor - Authorized filter invocation [GET /error] with attributes [permitAll]
2025-04-17 20:47:09 [http-nio-8080-exec-8] [DEBUG] o.s.s.w.a.i.FilterSecurityInterceptor - Authorized filter invocation [GET /error] with attributes [permitAll]
2025-04-17 20:47:09 [http-nio-8080-exec-4] [DEBUG] o.s.security.web.FilterChainProxy - Secured GET /error
2025-04-17 20:47:09 [http-nio-8080-exec-8] [DEBUG] o.s.security.web.FilterChainProxy - Secured GET /error
2025-04-17 20:47:09 [http-nio-8080-exec-6] [DEBUG] o.s.security.web.FilterChainProxy - Securing GET /favicon.ico
2025-04-17 20:47:09 [http-nio-8080-exec-6] [DEBUG] o.s.s.w.a.AnonymousAuthenticationFilter - Set SecurityContextHolder to anonymous SecurityContext
2025-04-17 20:47:09 [http-nio-8080-exec-6] [DEBUG] o.s.s.w.s.SessionManagementFilter - Request requested invalid session id 2459085CA146D2C71AD9417970C4D1D3
2025-04-17 20:47:09 [http-nio-8080-exec-6] [DEBUG] o.s.s.w.a.i.FilterSecurityInterceptor - Authorized filter invocation [GET /favicon.ico] with attributes [permitAll]
2025-04-17 20:47:09 [http-nio-8080-exec-6] [DEBUG] o.s.security.web.FilterChainProxy - Secured GET /favicon.ico
2025-04-17 20:47:09 [http-nio-8080-exec-6] [DEBUG] o.s.security.web.FilterChainProxy - Securing GET /error
2025-04-17 20:47:09 [http-nio-8080-exec-6] [DEBUG] o.s.s.w.a.AnonymousAuthenticationFilter - Set SecurityContextHolder to anonymous SecurityContext
2025-04-17 20:47:09 [http-nio-8080-exec-6] [DEBUG] o.s.s.w.a.i.FilterSecurityInterceptor - Authorized filter invocation [GET /error] with attributes [permitAll]
2025-04-17 20:47:09 [http-nio-8080-exec-6] [DEBUG] o.s.security.web.FilterChainProxy - Secured GET /error
2025-04-17 20:47:11 [http-nio-8080-exec-7] [DEBUG] o.s.security.web.FilterChainProxy - Securing GET /login
2025-04-17 20:47:11 [http-nio-8080-exec-7] [DEBUG] o.s.s.w.a.AnonymousAuthenticationFilter - Set SecurityContextHolder to anonymous SecurityContext
2025-04-17 20:47:11 [http-nio-8080-exec-7] [DEBUG] o.s.s.w.s.SessionManagementFilter - Request requested invalid session id 2459085CA146D2C71AD9417970C4D1D3
2025-04-17 20:47:11 [http-nio-8080-exec-7] [DEBUG] o.s.s.w.a.i.FilterSecurityInterceptor - Authorized filter invocation [GET /login] with attributes [permitAll]
2025-04-17 20:47:11 [http-nio-8080-exec-7] [DEBUG] o.s.security.web.FilterChainProxy - Secured GET /login
2025-04-17 20:47:11 [http-nio-8080-exec-10] [DEBUG] o.s.security.web.FilterChainProxy - Securing GET /img/logo_alliance.png
2025-04-17 20:47:11 [http-nio-8080-exec-10] [DEBUG] o.s.s.w.a.AnonymousAuthenticationFilter - Set SecurityContextHolder to anonymous SecurityContext
2025-04-17 20:47:11 [http-nio-8080-exec-10] [DEBUG] o.s.s.w.s.SessionManagementFilter - Request requested invalid session id 2459085CA146D2C71AD9417970C4D1D3
2025-04-17 20:47:11 [http-nio-8080-exec-10] [DEBUG] o.s.s.w.a.i.FilterSecurityInterceptor - Authorized filter invocation [GET /img/logo_alliance.png] with attributes [permitAll]
2025-04-17 20:47:11 [http-nio-8080-exec-10] [DEBUG] o.s.security.web.FilterChainProxy - Secured GET /img/logo_alliance.png
2025-04-17 20:47:12 [http-nio-8080-exec-3] [DEBUG] o.s.security.web.FilterChainProxy - Securing GET /oauth2/authorization/google
2025-04-17 20:47:12 [http-nio-8080-exec-3] [DEBUG] o.s.s.web.DefaultRedirectStrategy - Redirecting to https://accounts.google.com/o/oauth2/v2/auth?response_type=code&client_id=909915657042-l07l5jl8r3v54r15k12hp7vev9dor6r7.apps.googleusercontent.com&scope=openid%20email%20profile&state=c_f38Snq8JaLmsQw-Uk2AhgO4nE7aeEoGkPgruQyB08%3D&redirect_uri=http://localhost:8080/login/oauth2/code/google&nonce=SE7yJaD8SJAkoz2yEczj-O6t2iokK23j98iKX5Vf7no
2025-04-17 20:47:14 [http-nio-8080-exec-2] [DEBUG] o.s.security.web.FilterChainProxy - Securing GET /login/oauth2/code/google?state=c_f38Snq8JaLmsQw-Uk2AhgO4nE7aeEoGkPgruQyB08%3D&code=4%2F0Ab_5qllQ5IkIK0ydxtAP1M8YSkW3v3nHimBcz6QK4jihybxqBE8CrnLPc7OLb62tcTQfNQ&scope=email+profile+https%3A%2F%2Fwww.googleapis.com%2Fauth%2Fuserinfo.email+https%3A%2F%2Fwww.googleapis.com%2Fauth%2Fuserinfo.profile+openid&authuser=2&prompt=none
2025-04-17 20:47:15 [http-nio-8080-exec-1] [DEBUG] o.s.security.web.FilterChainProxy - Securing GET /login
2025-04-17 20:47:15 [http-nio-8080-exec-1] [DEBUG] o.s.s.w.a.AnonymousAuthenticationFilter - Set SecurityContextHolder to anonymous SecurityContext
2025-04-17 20:47:15 [http-nio-8080-exec-1] [DEBUG] o.s.s.w.a.i.FilterSecurityInterceptor - Authorized filter invocation [GET /login] with attributes [permitAll]
2025-04-17 20:47:15 [http-nio-8080-exec-1] [DEBUG] o.s.security.web.FilterChainProxy - Secured GET /login
2025-04-17 20:47:15 [http-nio-8080-exec-5] [DEBUG] o.s.security.web.FilterChainProxy - Securing GET /img/logo_alliance.png
2025-04-17 20:47:15 [http-nio-8080-exec-5] [DEBUG] o.s.s.w.a.AnonymousAuthenticationFilter - Set SecurityContextHolder to anonymous SecurityContext
2025-04-17 20:47:15 [http-nio-8080-exec-5] [DEBUG] o.s.s.w.a.i.FilterSecurityInterceptor - Authorized filter invocation [GET /img/logo_alliance.png] with attributes [permitAll]
2025-04-17 20:47:15 [http-nio-8080-exec-5] [DEBUG] o.s.security.web.FilterChainProxy - Secured GET /img/logo_alliance.png
2025-04-17 20:47:15 [http-nio-8080-exec-2] [DEBUG] o.s.s.w.a.s.SessionFixationProtectionStrategy - Invalidating session with Id '1DB9BF4401D5143F761FA0970F37B782' and migrating attributes.
2025-04-17 20:47:15 [http-nio-8080-exec-2] [DEBUG] o.s.s.w.a.s.SessionFixationProtectionStrategy - Started new session: C1735C6A2B20FADC9051CE49E01D320F
2025-04-17 20:47:15 [http-nio-8080-exec-2] [DEBUG] o.s.s.w.a.s.SessionFixationProtectionStrategy - Changed session id from 1DB9BF4401D5143F761FA0970F37B782
2025-04-17 20:47:15 [http-nio-8080-exec-2] [DEBUG] o.s.s.c.session.SessionRegistryImpl - Registering session C1735C6A2B20FADC9051CE49E01D320F, for principal Name: [117244840378840244759], Granted Authorities: [[OIDC_USER, SCOPE_https://www.googleapis.com/auth/userinfo.email, SCOPE_https://www.googleapis.com/auth/userinfo.profile, SCOPE_openid]], User Attributes: [{at_hash=q4Rn2_mRBfXmoxPJi0dJ3w, sub=117244840378840244759, email_verified=true, iss=https://accounts.google.com, given_name=Павел, nonce=SE7yJaD8SJAkoz2yEczj-O6t2iokK23j98iKX5Vf7no, picture=https://lh3.googleusercontent.com/a/ACg8ocKEyHT5b_2MVWE92SXcrWekF3qR40hpgIHjg8MqBbYmtO6rDQ=s96-c, aud=[909915657042-l07l5jl8r3v54r15k12hp7vev9dor6r7.apps.googleusercontent.com], azp=909915657042-l07l5jl8r3v54r15k12hp7vev9dor6r7.apps.googleusercontent.com, name=Павел, exp=2025-04-17T18:47:15Z, iat=2025-04-17T17:47:15Z, email=greef2233@gmail.com}]
2025-04-17 20:47:15 [http-nio-8080-exec-2] [DEBUG] o.s.s.w.c.CsrfAuthenticationStrategy - Replaced CSRF Token
2025-04-17 20:47:15 [http-nio-8080-exec-2] [DEBUG] o.s.s.w.c.HttpSessionSecurityContextRepository - Stored SecurityContextImpl [Authentication=OAuth2AuthenticationToken [Principal=Name: [117244840378840244759], Granted Authorities: [[OIDC_USER, SCOPE_https://www.googleapis.com/auth/userinfo.email, SCOPE_https://www.googleapis.com/auth/userinfo.profile, SCOPE_openid]], User Attributes: [{at_hash=q4Rn2_mRBfXmoxPJi0dJ3w, sub=117244840378840244759, email_verified=true, iss=https://accounts.google.com, given_name=Павел, nonce=SE7yJaD8SJAkoz2yEczj-O6t2iokK23j98iKX5Vf7no, picture=https://lh3.googleusercontent.com/a/ACg8ocKEyHT5b_2MVWE92SXcrWekF3qR40hpgIHjg8MqBbYmtO6rDQ=s96-c, aud=[909915657042-l07l5jl8r3v54r15k12hp7vev9dor6r7.apps.googleusercontent.com], azp=909915657042-l07l5jl8r3v54r15k12hp7vev9dor6r7.apps.googleusercontent.com, name=Павел, exp=2025-04-17T18:47:15Z, iat=2025-04-17T17:47:15Z, email=greef2233@gmail.com}], Credentials=[PROTECTED], Authenticated=true, Details=WebAuthenticationDetails [RemoteIpAddress=0:0:0:0:0:0:0:1, SessionId=1DB9BF4401D5143F761FA0970F37B782], Granted Authorities=[OIDC_USER, SCOPE_https://www.googleapis.com/auth/userinfo.email, SCOPE_https://www.googleapis.com/auth/userinfo.profile, SCOPE_openid]]] to HttpSession [org.apache.catalina.session.StandardSessionFacade@2b9df0e9]
2025-04-17 20:47:15 [http-nio-8080-exec-2] [DEBUG] o.s.s.o.c.w.OAuth2LoginAuthenticationFilter - Set SecurityContextHolder to OAuth2AuthenticationToken [Principal=Name: [117244840378840244759], Granted Authorities: [[OIDC_USER, SCOPE_https://www.googleapis.com/auth/userinfo.email, SCOPE_https://www.googleapis.com/auth/userinfo.profile, SCOPE_openid]], User Attributes: [{at_hash=q4Rn2_mRBfXmoxPJi0dJ3w, sub=117244840378840244759, email_verified=true, iss=https://accounts.google.com, given_name=Павел, nonce=SE7yJaD8SJAkoz2yEczj-O6t2iokK23j98iKX5Vf7no, picture=https://lh3.googleusercontent.com/a/ACg8ocKEyHT5b_2MVWE92SXcrWekF3qR40hpgIHjg8MqBbYmtO6rDQ=s96-c, aud=[909915657042-l07l5jl8r3v54r15k12hp7vev9dor6r7.apps.googleusercontent.com], azp=909915657042-l07l5jl8r3v54r15k12hp7vev9dor6r7.apps.googleusercontent.com, name=Павел, exp=2025-04-17T18:47:15Z, iat=2025-04-17T17:47:15Z, email=greef2233@gmail.com}], Credentials=[PROTECTED], Authenticated=true, Details=WebAuthenticationDetails [RemoteIpAddress=0:0:0:0:0:0:0:1, SessionId=1DB9BF4401D5143F761FA0970F37B782], Granted Authorities=[OIDC_USER, SCOPE_https://www.googleapis.com/auth/userinfo.email, SCOPE_https://www.googleapis.com/auth/userinfo.profile, SCOPE_openid]]
2025-04-17 20:47:15 [http-nio-8080-exec-2] [INFO] r.k.a.c.MyCustomAuthenticationSuccessHandler - onAuthenticationSuccess os starting
2025-04-17 20:47:15 [http-nio-8080-exec-2] [INFO] r.k.a.s.users.MyUserDetailsService - registerUser in service is starting
2025-04-17 20:47:16 [http-nio-8080-exec-9] [DEBUG] o.s.security.web.FilterChainProxy - Securing GET /oauth2/authorization/google
2025-04-17 20:47:16 [http-nio-8080-exec-9] [DEBUG] o.s.s.web.DefaultRedirectStrategy - Redirecting to https://accounts.google.com/o/oauth2/v2/auth?response_type=code&client_id=909915657042-l07l5jl8r3v54r15k12hp7vev9dor6r7.apps.googleusercontent.com&scope=openid%20email%20profile&state=gzLM_YvM0KrruzFCyeOq35r4qDsGIWjxBLKTP0Ig4eA%3D&redirect_uri=http://localhost:8080/login/oauth2/code/google&nonce=51PFiQM_xAFhl-wd8c20fVbxtWRR2uaV_s_TjkMvQnM
2025-04-17 20:47:20 [http-nio-8080-exec-8] [DEBUG] o.s.security.web.FilterChainProxy - Securing GET /login/oauth2/code/google?state=gzLM_YvM0KrruzFCyeOq35r4qDsGIWjxBLKTP0Ig4eA%3D&code=4%2F0Ab_5qlnPKLWLruF203n7jLGwmMtufoP66oEFgbzLYyhH9-SU6xgSNCSAcHr9jq2uzsfj7w&scope=email+profile+openid+https%3A%2F%2Fwww.googleapis.com%2Fauth%2Fuserinfo.email+https%3A%2F%2Fwww.googleapis.com%2Fauth%2Fuserinfo.profile&authuser=0&prompt=none
2025-04-17 20:47:20 [http-nio-8080-exec-8] [DEBUG] o.s.s.w.a.s.SessionFixationProtectionStrategy - Invalidating session with Id '159E49DEBC03C783FA2D7C7B5AB95D2F' and migrating attributes.
2025-04-17 20:47:20 [http-nio-8080-exec-8] [DEBUG] o.s.s.w.a.s.SessionFixationProtectionStrategy - Started new session: 32FD69AC4A96A8D1F247CACEBB5175E7
2025-04-17 20:47:20 [http-nio-8080-exec-8] [DEBUG] o.s.s.w.a.s.SessionFixationProtectionStrategy - Changed session id from 159E49DEBC03C783FA2D7C7B5AB95D2F
2025-04-17 20:47:20 [http-nio-8080-exec-8] [DEBUG] o.s.s.c.session.SessionRegistryImpl - Registering session 32FD69AC4A96A8D1F247CACEBB5175E7, for principal Name: [107234087105093742255], Granted Authorities: [[OIDC_USER, SCOPE_https://www.googleapis.com/auth/userinfo.email, SCOPE_https://www.googleapis.com/auth/userinfo.profile, SCOPE_openid]], User Attributes: [{at_hash=4ha9Jx278JehbhwLuUyTfg, sub=107234087105093742255, email_verified=true, iss=https://accounts.google.com, given_name=Павел, nonce=51PFiQM_xAFhl-wd8c20fVbxtWRR2uaV_s_TjkMvQnM, picture=https://lh3.googleusercontent.com/a/ACg8ocJJoh9jonlTH61VWgvXCiXb0zCDjifGZZtZ30sCErS3N5ntDw=s96-c, aud=[909915657042-l07l5jl8r3v54r15k12hp7vev9dor6r7.apps.googleusercontent.com], azp=909915657042-l07l5jl8r3v54r15k12hp7vev9dor6r7.apps.googleusercontent.com, name=Павел Королев, exp=2025-04-17T18:47:20Z, family_name=Королев, iat=2025-04-17T17:47:20Z, email=passapdom@gmail.com}]
2025-04-17 20:47:20 [http-nio-8080-exec-8] [DEBUG] o.s.s.w.c.CsrfAuthenticationStrategy - Replaced CSRF Token
2025-04-17 20:47:20 [http-nio-8080-exec-8] [DEBUG] o.s.s.w.c.HttpSessionSecurityContextRepository - Stored SecurityContextImpl [Authentication=OAuth2AuthenticationToken [Principal=Name: [107234087105093742255], Granted Authorities: [[OIDC_USER, SCOPE_https://www.googleapis.com/auth/userinfo.email, SCOPE_https://www.googleapis.com/auth/userinfo.profile, SCOPE_openid]], User Attributes: [{at_hash=4ha9Jx278JehbhwLuUyTfg, sub=107234087105093742255, email_verified=true, iss=https://accounts.google.com, given_name=Павел, nonce=51PFiQM_xAFhl-wd8c20fVbxtWRR2uaV_s_TjkMvQnM, picture=https://lh3.googleusercontent.com/a/ACg8ocJJoh9jonlTH61VWgvXCiXb0zCDjifGZZtZ30sCErS3N5ntDw=s96-c, aud=[909915657042-l07l5jl8r3v54r15k12hp7vev9dor6r7.apps.googleusercontent.com], azp=909915657042-l07l5jl8r3v54r15k12hp7vev9dor6r7.apps.googleusercontent.com, name=Павел Королев, exp=2025-04-17T18:47:20Z, family_name=Королев, iat=2025-04-17T17:47:20Z, email=passapdom@gmail.com}], Credentials=[PROTECTED], Authenticated=true, Details=WebAuthenticationDetails [RemoteIpAddress=0:0:0:0:0:0:0:1, SessionId=159E49DEBC03C783FA2D7C7B5AB95D2F], Granted Authorities=[OIDC_USER, SCOPE_https://www.googleapis.com/auth/userinfo.email, SCOPE_https://www.googleapis.com/auth/userinfo.profile, SCOPE_openid]]] to HttpSession [org.apache.catalina.session.StandardSessionFacade@384b20df]
2025-04-17 20:47:20 [http-nio-8080-exec-8] [DEBUG] o.s.s.o.c.w.OAuth2LoginAuthenticationFilter - Set SecurityContextHolder to OAuth2AuthenticationToken [Principal=Name: [107234087105093742255], Granted Authorities: [[OIDC_USER, SCOPE_https://www.googleapis.com/auth/userinfo.email, SCOPE_https://www.googleapis.com/auth/userinfo.profile, SCOPE_openid]], User Attributes: [{at_hash=4ha9Jx278JehbhwLuUyTfg, sub=107234087105093742255, email_verified=true, iss=https://accounts.google.com, given_name=Павел, nonce=51PFiQM_xAFhl-wd8c20fVbxtWRR2uaV_s_TjkMvQnM, picture=https://lh3.googleusercontent.com/a/ACg8ocJJoh9jonlTH61VWgvXCiXb0zCDjifGZZtZ30sCErS3N5ntDw=s96-c, aud=[909915657042-l07l5jl8r3v54r15k12hp7vev9dor6r7.apps.googleusercontent.com], azp=909915657042-l07l5jl8r3v54r15k12hp7vev9dor6r7.apps.googleusercontent.com, name=Павел Королев, exp=2025-04-17T18:47:20Z, family_name=Королев, iat=2025-04-17T17:47:20Z, email=passapdom@gmail.com}], Credentials=[PROTECTED], Authenticated=true, Details=WebAuthenticationDetails [RemoteIpAddress=0:0:0:0:0:0:0:1, SessionId=159E49DEBC03C783FA2D7C7B5AB95D2F], Granted Authorities=[OIDC_USER, SCOPE_https://www.googleapis.com/auth/userinfo.email, SCOPE_https://www.googleapis.com/auth/userinfo.profile, SCOPE_openid]]
2025-04-17 20:47:20 [http-nio-8080-exec-8] [INFO] r.k.a.c.MyCustomAuthenticationSuccessHandler - onAuthenticationSuccess os starting
2025-04-17 20:47:20 [http-nio-8080-exec-8] [INFO] r.k.a.s.users.MyUserDetailsService - registerUser in service is starting
2025-04-17 20:47:20 [http-nio-8080-exec-4] [DEBUG] o.s.security.web.FilterChainProxy - Securing GET /realty
2025-04-17 20:47:20 [http-nio-8080-exec-4] [DEBUG] o.s.s.w.c.HttpSessionSecurityContextRepository - Retrieved SecurityContextImpl [Authentication=OAuth2AuthenticationToken [Principal=Name: [107234087105093742255], Granted Authorities: [[OIDC_USER, SCOPE_https://www.googleapis.com/auth/userinfo.email, SCOPE_https://www.googleapis.com/auth/userinfo.profile, SCOPE_openid]], User Attributes: [{at_hash=4ha9Jx278JehbhwLuUyTfg, sub=107234087105093742255, email_verified=true, iss=https://accounts.google.com, given_name=Павел, nonce=51PFiQM_xAFhl-wd8c20fVbxtWRR2uaV_s_TjkMvQnM, picture=https://lh3.googleusercontent.com/a/ACg8ocJJoh9jonlTH61VWgvXCiXb0zCDjifGZZtZ30sCErS3N5ntDw=s96-c, aud=[909915657042-l07l5jl8r3v54r15k12hp7vev9dor6r7.apps.googleusercontent.com], azp=909915657042-l07l5jl8r3v54r15k12hp7vev9dor6r7.apps.googleusercontent.com, name=Павел Королев, exp=2025-04-17T18:47:20Z, family_name=Королев, iat=2025-04-17T17:47:20Z, email=passapdom@gmail.com}], Credentials=[PROTECTED], Authenticated=true, Details=WebAuthenticationDetails [RemoteIpAddress=0:0:0:0:0:0:0:1, SessionId=159E49DEBC03C783FA2D7C7B5AB95D2F], Granted Authorities=[OIDC_USER, SCOPE_https://www.googleapis.com/auth/userinfo.email, SCOPE_https://www.googleapis.com/auth/userinfo.profile, SCOPE_openid]]]
2025-04-17 20:47:20 [http-nio-8080-exec-4] [DEBUG] o.s.s.w.a.i.FilterSecurityInterceptor - Authorized filter invocation [GET /realty] with attributes [permitAll]
2025-04-17 20:47:20 [http-nio-8080-exec-4] [DEBUG] o.s.security.web.FilterChainProxy - Secured GET /realty
2025-04-17 20:47:20 [http-nio-8080-exec-4] [INFO] r.k.a.u.s.CheckAuthorizeService - checkAdmin is starting, principal: OAuth2AuthenticationToken [Principal=Name: [107234087105093742255], Granted Authorities: [[OIDC_USER, SCOPE_https://www.googleapis.com/auth/userinfo.email, SCOPE_https://www.googleapis.com/auth/userinfo.profile, SCOPE_openid]], User Attributes: [{at_hash=4ha9Jx278JehbhwLuUyTfg, sub=107234087105093742255, email_verified=true, iss=https://accounts.google.com, given_name=Павел, nonce=51PFiQM_xAFhl-wd8c20fVbxtWRR2uaV_s_TjkMvQnM, picture=https://lh3.googleusercontent.com/a/ACg8ocJJoh9jonlTH61VWgvXCiXb0zCDjifGZZtZ30sCErS3N5ntDw=s96-c, aud=[909915657042-l07l5jl8r3v54r15k12hp7vev9dor6r7.apps.googleusercontent.com], azp=909915657042-l07l5jl8r3v54r15k12hp7vev9dor6r7.apps.googleusercontent.com, name=Павел Королев, exp=2025-04-17T18:47:20Z, family_name=Королев, iat=2025-04-17T17:47:20Z, email=passapdom@gmail.com}], Credentials=[PROTECTED], Authenticated=true, Details=WebAuthenticationDetails [RemoteIpAddress=0:0:0:0:0:0:0:1, SessionId=159E49DEBC03C783FA2D7C7B5AB95D2F], Granted Authorities=[OIDC_USER, SCOPE_https://www.googleapis.com/auth/userinfo.email, SCOPE_https://www.googleapis.com/auth/userinfo.profile, SCOPE_openid]]
2025-04-17 20:47:20 [http-nio-8080-exec-4] [INFO] r.k.a.u.s.CheckAuthorizeService - checkAdmin: principal != null
2025-04-17 20:47:20 [http-nio-8080-exec-4] [INFO] r.k.a.u.s.CheckAuthorizeService - Principal is OAuth2AuthenticationToken
2025-04-17 20:47:20 [http-nio-8080-exec-4] [INFO] r.k.a.u.s.CheckAuthorizeService - Checking admin rights for email: passapdom@gmail.com
2025-04-17 20:47:20 [http-nio-8080-exec-4] [INFO] r.k.a.u.s.CheckAuthorizeService - User roles: [ADMIN]
2025-04-17 20:47:20 [http-nio-8080-exec-6] [DEBUG] o.s.security.web.FilterChainProxy - Securing GET /css/styles.css
2025-04-17 20:47:20 [http-nio-8080-exec-7] [DEBUG] o.s.security.web.FilterChainProxy - Securing GET /img/logo_alliance.png
2025-04-17 20:47:20 [http-nio-8080-exec-6] [DEBUG] o.s.s.w.c.HttpSessionSecurityContextRepository - Retrieved SecurityContextImpl [Authentication=OAuth2AuthenticationToken [Principal=Name: [107234087105093742255], Granted Authorities: [[OIDC_USER, SCOPE_https://www.googleapis.com/auth/userinfo.email, SCOPE_https://www.googleapis.com/auth/userinfo.profile, SCOPE_openid]], User Attributes: [{at_hash=4ha9Jx278JehbhwLuUyTfg, sub=107234087105093742255, email_verified=true, iss=https://accounts.google.com, given_name=Павел, nonce=51PFiQM_xAFhl-wd8c20fVbxtWRR2uaV_s_TjkMvQnM, picture=https://lh3.googleusercontent.com/a/ACg8ocJJoh9jonlTH61VWgvXCiXb0zCDjifGZZtZ30sCErS3N5ntDw=s96-c, aud=[909915657042-l07l5jl8r3v54r15k12hp7vev9dor6r7.apps.googleusercontent.com], azp=909915657042-l07l5jl8r3v54r15k12hp7vev9dor6r7.apps.googleusercontent.com, name=Павел Королев, exp=2025-04-17T18:47:20Z, family_name=Королев, iat=2025-04-17T17:47:20Z, email=passapdom@gmail.com}], Credentials=[PROTECTED], Authenticated=true, Details=WebAuthenticationDetails [RemoteIpAddress=0:0:0:0:0:0:0:1, SessionId=159E49DEBC03C783FA2D7C7B5AB95D2F], Granted Authorities=[OIDC_USER, SCOPE_https://www.googleapis.com/auth/userinfo.email, SCOPE_https://www.googleapis.com/auth/userinfo.profile, SCOPE_openid]]]
2025-04-17 20:47:20 [http-nio-8080-exec-7] [DEBUG] o.s.s.w.c.HttpSessionSecurityContextRepository - Retrieved SecurityContextImpl [Authentication=OAuth2AuthenticationToken [Principal=Name: [107234087105093742255], Granted Authorities: [[OIDC_USER, SCOPE_https://www.googleapis.com/auth/userinfo.email, SCOPE_https://www.googleapis.com/auth/userinfo.profile, SCOPE_openid]], User Attributes: [{at_hash=4ha9Jx278JehbhwLuUyTfg, sub=107234087105093742255, email_verified=true, iss=https://accounts.google.com, given_name=Павел, nonce=51PFiQM_xAFhl-wd8c20fVbxtWRR2uaV_s_TjkMvQnM, picture=https://lh3.googleusercontent.com/a/ACg8ocJJoh9jonlTH61VWgvXCiXb0zCDjifGZZtZ30sCErS3N5ntDw=s96-c, aud=[909915657042-l07l5jl8r3v54r15k12hp7vev9dor6r7.apps.googleusercontent.com], azp=909915657042-l07l5jl8r3v54r15k12hp7vev9dor6r7.apps.googleusercontent.com, name=Павел Королев, exp=2025-04-17T18:47:20Z, family_name=Королев, iat=2025-04-17T17:47:20Z, email=passapdom@gmail.com}], Credentials=[PROTECTED], Authenticated=true, Details=WebAuthenticationDetails [RemoteIpAddress=0:0:0:0:0:0:0:1, SessionId=159E49DEBC03C783FA2D7C7B5AB95D2F], Granted Authorities=[OIDC_USER, SCOPE_https://www.googleapis.com/auth/userinfo.email, SCOPE_https://www.googleapis.com/auth/userinfo.profile, SCOPE_openid]]]
2025-04-17 20:47:20 [http-nio-8080-exec-6] [DEBUG] o.s.s.w.a.i.FilterSecurityInterceptor - Authorized filter invocation [GET /css/styles.css] with attributes [permitAll]
2025-04-17 20:47:20 [http-nio-8080-exec-7] [DEBUG] o.s.s.w.a.i.FilterSecurityInterceptor - Authorized filter invocation [GET /img/logo_alliance.png] with attributes [permitAll]
2025-04-17 20:47:20 [http-nio-8080-exec-6] [DEBUG] o.s.security.web.FilterChainProxy - Secured GET /css/styles.css
2025-04-17 20:47:20 [http-nio-8080-exec-7] [DEBUG] o.s.security.web.FilterChainProxy - Secured GET /img/logo_alliance.png
2025-04-17 20:47:20 [http-nio-8080-exec-10] [DEBUG] o.s.security.web.FilterChainProxy - Securing GET /img/agency.jpg
2025-04-17 20:47:20 [http-nio-8080-exec-3] [DEBUG] o.s.security.web.FilterChainProxy - Securing GET /images/advertisementSale/d4315efc-c703-4501-a94b-81ff7ce200a0_photo_2024-12-23_22-17-59.jpg
2025-04-17 20:47:20 [http-nio-8080-exec-10] [DEBUG] o.s.s.w.c.HttpSessionSecurityContextRepository - Retrieved SecurityContextImpl [Authentication=OAuth2AuthenticationToken [Principal=Name: [107234087105093742255], Granted Authorities: [[OIDC_USER, SCOPE_https://www.googleapis.com/auth/userinfo.email, SCOPE_https://www.googleapis.com/auth/userinfo.profile, SCOPE_openid]], User Attributes: [{at_hash=4ha9Jx278JehbhwLuUyTfg, sub=107234087105093742255, email_verified=true, iss=https://accounts.google.com, given_name=Павел, nonce=51PFiQM_xAFhl-wd8c20fVbxtWRR2uaV_s_TjkMvQnM, picture=https://lh3.googleusercontent.com/a/ACg8ocJJoh9jonlTH61VWgvXCiXb0zCDjifGZZtZ30sCErS3N5ntDw=s96-c, aud=[909915657042-l07l5jl8r3v54r15k12hp7vev9dor6r7.apps.googleusercontent.com], azp=909915657042-l07l5jl8r3v54r15k12hp7vev9dor6r7.apps.googleusercontent.com, name=Павел Королев, exp=2025-04-17T18:47:20Z, family_name=Королев, iat=2025-04-17T17:47:20Z, email=passapdom@gmail.com}], Credentials=[PROTECTED], Authenticated=true, Details=WebAuthenticationDetails [RemoteIpAddress=0:0:0:0:0:0:0:1, SessionId=159E49DEBC03C783FA2D7C7B5AB95D2F], Granted Authorities=[OIDC_USER, SCOPE_https://www.googleapis.com/auth/userinfo.email, SCOPE_https://www.googleapis.com/auth/userinfo.profile, SCOPE_openid]]]
2025-04-17 20:47:20 [http-nio-8080-exec-3] [DEBUG] o.s.s.w.c.HttpSessionSecurityContextRepository - Retrieved SecurityContextImpl [Authentication=OAuth2AuthenticationToken [Principal=Name: [107234087105093742255], Granted Authorities: [[OIDC_USER, SCOPE_https://www.googleapis.com/auth/userinfo.email, SCOPE_https://www.googleapis.com/auth/userinfo.profile, SCOPE_openid]], User Attributes: [{at_hash=4ha9Jx278JehbhwLuUyTfg, sub=107234087105093742255, email_verified=true, iss=https://accounts.google.com, given_name=Павел, nonce=51PFiQM_xAFhl-wd8c20fVbxtWRR2uaV_s_TjkMvQnM, picture=https://lh3.googleusercontent.com/a/ACg8ocJJoh9jonlTH61VWgvXCiXb0zCDjifGZZtZ30sCErS3N5ntDw=s96-c, aud=[909915657042-l07l5jl8r3v54r15k12hp7vev9dor6r7.apps.googleusercontent.com], azp=909915657042-l07l5jl8r3v54r15k12hp7vev9dor6r7.apps.googleusercontent.com, name=Павел Королев, exp=2025-04-17T18:47:20Z, family_name=Королев, iat=2025-04-17T17:47:20Z, email=passapdom@gmail.com}], Credentials=[PROTECTED], Authenticated=true, Details=WebAuthenticationDetails [RemoteIpAddress=0:0:0:0:0:0:0:1, SessionId=159E49DEBC03C783FA2D7C7B5AB95D2F], Granted Authorities=[OIDC_USER, SCOPE_https://www.googleapis.com/auth/userinfo.email, SCOPE_https://www.googleapis.com/auth/userinfo.profile, SCOPE_openid]]]
2025-04-17 20:47:20 [http-nio-8080-exec-10] [DEBUG] o.s.s.w.a.i.FilterSecurityInterceptor - Authorized filter invocation [GET /img/agency.jpg] with attributes [permitAll]
2025-04-17 20:47:20 [http-nio-8080-exec-3] [DEBUG] o.s.s.w.a.i.FilterSecurityInterceptor - Authorized filter invocation [GET /images/advertisementSale/d4315efc-c703-4501-a94b-81ff7ce200a0_photo_2024-12-23_22-17-59.jpg] with attributes [permitAll]
2025-04-17 20:47:20 [http-nio-8080-exec-10] [DEBUG] o.s.security.web.FilterChainProxy - Secured GET /img/agency.jpg
2025-04-17 20:47:20 [http-nio-8080-exec-3] [DEBUG] o.s.security.web.FilterChainProxy - Secured GET /images/advertisementSale/d4315efc-c703-4501-a94b-81ff7ce200a0_photo_2024-12-23_22-17-59.jpg
2025-04-17 20:47:20 [http-nio-8080-exec-1] [DEBUG] o.s.security.web.FilterChainProxy - Securing GET /images/advertisementSale/f59acdf2-baf6-4bc0-b36b-35e41bacd18b_photo_2024-12-23_22-17-54.jpg
2025-04-17 20:47:20 [http-nio-8080-exec-5] [DEBUG] o.s.security.web.FilterChainProxy - Securing GET /images/placeholder.jpg
2025-04-17 20:47:20 [http-nio-8080-exec-2] [DEBUG] o.s.security.web.FilterChainProxy - Securing GET /images/advertisementSale/199952c8-f50d-4f4d-bedc-5c44f013ee64_Снимок экрана (6).png
2025-04-17 20:47:20 [http-nio-8080-exec-1] [DEBUG] o.s.s.w.c.HttpSessionSecurityContextRepository - Retrieved SecurityContextImpl [Authentication=OAuth2AuthenticationToken [Principal=Name: [107234087105093742255], Granted Authorities: [[OIDC_USER, SCOPE_https://www.googleapis.com/auth/userinfo.email, SCOPE_https://www.googleapis.com/auth/userinfo.profile, SCOPE_openid]], User Attributes: [{at_hash=4ha9Jx278JehbhwLuUyTfg, sub=107234087105093742255, email_verified=true, iss=https://accounts.google.com, given_name=Павел, nonce=51PFiQM_xAFhl-wd8c20fVbxtWRR2uaV_s_TjkMvQnM, picture=https://lh3.googleusercontent.com/a/ACg8ocJJoh9jonlTH61VWgvXCiXb0zCDjifGZZtZ30sCErS3N5ntDw=s96-c, aud=[909915657042-l07l5jl8r3v54r15k12hp7vev9dor6r7.apps.googleusercontent.com], azp=909915657042-l07l5jl8r3v54r15k12hp7vev9dor6r7.apps.googleusercontent.com, name=Павел Королев, exp=2025-04-17T18:47:20Z, family_name=Королев, iat=2025-04-17T17:47:20Z, email=passapdom@gmail.com}], Credentials=[PROTECTED], Authenticated=true, Details=WebAuthenticationDetails [RemoteIpAddress=0:0:0:0:0:0:0:1, SessionId=159E49DEBC03C783FA2D7C7B5AB95D2F], Granted Authorities=[OIDC_USER, SCOPE_https://www.googleapis.com/auth/userinfo.email, SCOPE_https://www.googleapis.com/auth/userinfo.profile, SCOPE_openid]]]
2025-04-17 20:47:20 [http-nio-8080-exec-9] [DEBUG] o.s.security.web.FilterChainProxy - Securing GET /images/advertisementSale/0dab0807-9cf3-481e-9749-99e44f837125_photo_2024-12-23_22-18-04.jpg
2025-04-17 20:47:20 [http-nio-8080-exec-1] [DEBUG] o.s.s.w.a.i.FilterSecurityInterceptor - Authorized filter invocation [GET /images/advertisementSale/f59acdf2-baf6-4bc0-b36b-35e41bacd18b_photo_2024-12-23_22-17-54.jpg] with attributes [permitAll]
2025-04-17 20:47:20 [http-nio-8080-exec-5] [DEBUG] o.s.s.w.c.HttpSessionSecurityContextRepository - Retrieved SecurityContextImpl [Authentication=OAuth2AuthenticationToken [Principal=Name: [107234087105093742255], Granted Authorities: [[OIDC_USER, SCOPE_https://www.googleapis.com/auth/userinfo.email, SCOPE_https://www.googleapis.com/auth/userinfo.profile, SCOPE_openid]], User Attributes: [{at_hash=4ha9Jx278JehbhwLuUyTfg, sub=107234087105093742255, email_verified=true, iss=https://accounts.google.com, given_name=Павел, nonce=51PFiQM_xAFhl-wd8c20fVbxtWRR2uaV_s_TjkMvQnM, picture=https://lh3.googleusercontent.com/a/ACg8ocJJoh9jonlTH61VWgvXCiXb0zCDjifGZZtZ30sCErS3N5ntDw=s96-c, aud=[909915657042-l07l5jl8r3v54r15k12hp7vev9dor6r7.apps.googleusercontent.com], azp=909915657042-l07l5jl8r3v54r15k12hp7vev9dor6r7.apps.googleusercontent.com, name=Павел Королев, exp=2025-04-17T18:47:20Z, family_name=Королев, iat=2025-04-17T17:47:20Z, email=passapdom@gmail.com}], Credentials=[PROTECTED], Authenticated=true, Details=WebAuthenticationDetails [RemoteIpAddress=0:0:0:0:0:0:0:1, SessionId=159E49DEBC03C783FA2D7C7B5AB95D2F], Granted Authorities=[OIDC_USER, SCOPE_https://www.googleapis.com/auth/userinfo.email, SCOPE_https://www.googleapis.com/auth/userinfo.profile, SCOPE_openid]]]
2025-04-17 20:47:20 [http-nio-8080-exec-2] [DEBUG] o.s.s.w.c.HttpSessionSecurityContextRepository - Retrieved SecurityContextImpl [Authentication=OAuth2AuthenticationToken [Principal=Name: [107234087105093742255], Granted Authorities: [[OIDC_USER, SCOPE_https://www.googleapis.com/auth/userinfo.email, SCOPE_https://www.googleapis.com/auth/userinfo.profile, SCOPE_openid]], User Attributes: [{at_hash=4ha9Jx278JehbhwLuUyTfg, sub=107234087105093742255, email_verified=true, iss=https://accounts.google.com, given_name=Павел, nonce=51PFiQM_xAFhl-wd8c20fVbxtWRR2uaV_s_TjkMvQnM, picture=https://lh3.googleusercontent.com/a/ACg8ocJJoh9jonlTH61VWgvXCiXb0zCDjifGZZtZ30sCErS3N5ntDw=s96-c, aud=[909915657042-l07l5jl8r3v54r15k12hp7vev9dor6r7.apps.googleusercontent.com], azp=909915657042-l07l5jl8r3v54r15k12hp7vev9dor6r7.apps.googleusercontent.com, name=Павел Королев, exp=2025-04-17T18:47:20Z, family_name=Королев, iat=2025-04-17T17:47:20Z, email=passapdom@gmail.com}], Credentials=[PROTECTED], Authenticated=true, Details=WebAuthenticationDetails [RemoteIpAddress=0:0:0:0:0:0:0:1, SessionId=159E49DEBC03C783FA2D7C7B5AB95D2F], Granted Authorities=[OIDC_USER, SCOPE_https://www.googleapis.com/auth/userinfo.email, SCOPE_https://www.googleapis.com/auth/userinfo.profile, SCOPE_openid]]]
2025-04-17 20:47:20 [http-nio-8080-exec-1] [DEBUG] o.s.security.web.FilterChainProxy - Secured GET /images/advertisementSale/f59acdf2-baf6-4bc0-b36b-35e41bacd18b_photo_2024-12-23_22-17-54.jpg
2025-04-17 20:47:20 [http-nio-8080-exec-5] [DEBUG] o.s.s.w.a.i.FilterSecurityInterceptor - Authorized filter invocation [GET /images/placeholder.jpg] with attributes [permitAll]
2025-04-17 20:47:20 [http-nio-8080-exec-2] [DEBUG] o.s.s.w.a.i.FilterSecurityInterceptor - Authorized filter invocation [GET /images/advertisementSale/199952c8-f50d-4f4d-bedc-5c44f013ee64_Снимок экрана (6).png] with attributes [permitAll]
2025-04-17 20:47:20 [http-nio-8080-exec-5] [DEBUG] o.s.security.web.FilterChainProxy - Secured GET /images/placeholder.jpg
2025-04-17 20:47:20 [http-nio-8080-exec-9] [DEBUG] o.s.s.w.c.HttpSessionSecurityContextRepository - Retrieved SecurityContextImpl [Authentication=OAuth2AuthenticationToken [Principal=Name: [107234087105093742255], Granted Authorities: [[OIDC_USER, SCOPE_https://www.googleapis.com/auth/userinfo.email, SCOPE_https://www.googleapis.com/auth/userinfo.profile, SCOPE_openid]], User Attributes: [{at_hash=4ha9Jx278JehbhwLuUyTfg, sub=107234087105093742255, email_verified=true, iss=https://accounts.google.com, given_name=Павел, nonce=51PFiQM_xAFhl-wd8c20fVbxtWRR2uaV_s_TjkMvQnM, picture=https://lh3.googleusercontent.com/a/ACg8ocJJoh9jonlTH61VWgvXCiXb0zCDjifGZZtZ30sCErS3N5ntDw=s96-c, aud=[909915657042-l07l5jl8r3v54r15k12hp7vev9dor6r7.apps.googleusercontent.com], azp=909915657042-l07l5jl8r3v54r15k12hp7vev9dor6r7.apps.googleusercontent.com, name=Павел Королев, exp=2025-04-17T18:47:20Z, family_name=Королев, iat=2025-04-17T17:47:20Z, email=passapdom@gmail.com}], Credentials=[PROTECTED], Authenticated=true, Details=WebAuthenticationDetails [RemoteIpAddress=0:0:0:0:0:0:0:1, SessionId=159E49DEBC03C783FA2D7C7B5AB95D2F], Granted Authorities=[OIDC_USER, SCOPE_https://www.googleapis.com/auth/userinfo.email, SCOPE_https://www.googleapis.com/auth/userinfo.profile, SCOPE_openid]]]
2025-04-17 20:47:20 [http-nio-8080-exec-2] [DEBUG] o.s.security.web.FilterChainProxy - Secured GET /images/advertisementSale/199952c8-f50d-4f4d-bedc-5c44f013ee64_Снимок экрана (6).png
2025-04-17 20:47:20 [http-nio-8080-exec-9] [DEBUG] o.s.s.w.a.i.FilterSecurityInterceptor - Authorized filter invocation [GET /images/advertisementSale/0dab0807-9cf3-481e-9749-99e44f837125_photo_2024-12-23_22-18-04.jpg] with attributes [permitAll]
2025-04-17 20:47:20 [http-nio-8080-exec-9] [DEBUG] o.s.security.web.FilterChainProxy - Secured GET /images/advertisementSale/0dab0807-9cf3-481e-9749-99e44f837125_photo_2024-12-23_22-18-04.jpg
2025-04-17 20:47:20 [http-nio-8080-exec-5] [DEBUG] o.s.security.web.FilterChainProxy - Securing GET /error
2025-04-17 20:47:20 [http-nio-8080-exec-10] [DEBUG] o.s.security.web.FilterChainProxy - Securing GET /images/advertisementSale/8712f027-90a6-4f31-aeed-9b8fbd323086_Снимок экрана (8).png
2025-04-17 20:47:20 [http-nio-8080-exec-5] [DEBUG] o.s.s.w.c.HttpSessionSecurityContextRepository - Retrieved SecurityContextImpl [Authentication=OAuth2AuthenticationToken [Principal=Name: [107234087105093742255], Granted Authorities: [[OIDC_USER, SCOPE_https://www.googleapis.com/auth/userinfo.email, SCOPE_https://www.googleapis.com/auth/userinfo.profile, SCOPE_openid]], User Attributes: [{at_hash=4ha9Jx278JehbhwLuUyTfg, sub=107234087105093742255, email_verified=true, iss=https://accounts.google.com, given_name=Павел, nonce=51PFiQM_xAFhl-wd8c20fVbxtWRR2uaV_s_TjkMvQnM, picture=https://lh3.googleusercontent.com/a/ACg8ocJJoh9jonlTH61VWgvXCiXb0zCDjifGZZtZ30sCErS3N5ntDw=s96-c, aud=[909915657042-l07l5jl8r3v54r15k12hp7vev9dor6r7.apps.googleusercontent.com], azp=909915657042-l07l5jl8r3v54r15k12hp7vev9dor6r7.apps.googleusercontent.com, name=Павел Королев, exp=2025-04-17T18:47:20Z, family_name=Королев, iat=2025-04-17T17:47:20Z, email=passapdom@gmail.com}], Credentials=[PROTECTED], Authenticated=true, Details=WebAuthenticationDetails [RemoteIpAddress=0:0:0:0:0:0:0:1, SessionId=159E49DEBC03C783FA2D7C7B5AB95D2F], Granted Authorities=[OIDC_USER, SCOPE_https://www.googleapis.com/auth/userinfo.email, SCOPE_https://www.googleapis.com/auth/userinfo.profile, SCOPE_openid]]]
2025-04-17 20:47:20 [http-nio-8080-exec-5] [DEBUG] o.s.s.w.a.i.FilterSecurityInterceptor - Authorized filter invocation [GET /error] with attributes [permitAll]
2025-04-17 20:47:20 [http-nio-8080-exec-5] [DEBUG] o.s.security.web.FilterChainProxy - Secured GET /error
2025-04-17 20:47:20 [http-nio-8080-exec-10] [DEBUG] o.s.s.w.c.HttpSessionSecurityContextRepository - Retrieved SecurityContextImpl [Authentication=OAuth2AuthenticationToken [Principal=Name: [107234087105093742255], Granted Authorities: [[OIDC_USER, SCOPE_https://www.googleapis.com/auth/userinfo.email, SCOPE_https://www.googleapis.com/auth/userinfo.profile, SCOPE_openid]], User Attributes: [{at_hash=4ha9Jx278JehbhwLuUyTfg, sub=107234087105093742255, email_verified=true, iss=https://accounts.google.com, given_name=Павел, nonce=51PFiQM_xAFhl-wd8c20fVbxtWRR2uaV_s_TjkMvQnM, picture=https://lh3.googleusercontent.com/a/ACg8ocJJoh9jonlTH61VWgvXCiXb0zCDjifGZZtZ30sCErS3N5ntDw=s96-c, aud=[909915657042-l07l5jl8r3v54r15k12hp7vev9dor6r7.apps.googleusercontent.com], azp=909915657042-l07l5jl8r3v54r15k12hp7vev9dor6r7.apps.googleusercontent.com, name=Павел Королев, exp=2025-04-17T18:47:20Z, family_name=Королев, iat=2025-04-17T17:47:20Z, email=passapdom@gmail.com}], Credentials=[PROTECTED], Authenticated=true, Details=WebAuthenticationDetails [RemoteIpAddress=0:0:0:0:0:0:0:1, SessionId=159E49DEBC03C783FA2D7C7B5AB95D2F], Granted Authorities=[OIDC_USER, SCOPE_https://www.googleapis.com/auth/userinfo.email, SCOPE_https://www.googleapis.com/auth/userinfo.profile, SCOPE_openid]]]
2025-04-17 20:47:20 [http-nio-8080-exec-10] [DEBUG] o.s.s.w.a.i.FilterSecurityInterceptor - Authorized filter invocation [GET /images/advertisementSale/8712f027-90a6-4f31-aeed-9b8fbd323086_Снимок экрана (8).png] with attributes [permitAll]
2025-04-17 20:47:20 [http-nio-8080-exec-10] [DEBUG] o.s.security.web.FilterChainProxy - Secured GET /images/advertisementSale/8712f027-90a6-4f31-aeed-9b8fbd323086_Снимок экрана (8).png
2025-04-17 20:47:20 [http-nio-8080-exec-8] [DEBUG] o.s.security.web.FilterChainProxy - Securing GET /images/advertisementSale/76d213ca-dba5-4b57-88f5-b6b4129f212e_photo_2024-12-23_22-17-54.jpg
2025-04-17 20:47:20 [http-nio-8080-exec-8] [DEBUG] o.s.s.w.c.HttpSessionSecurityContextRepository - Retrieved SecurityContextImpl [Authentication=OAuth2AuthenticationToken [Principal=Name: [107234087105093742255], Granted Authorities: [[OIDC_USER, SCOPE_https://www.googleapis.com/auth/userinfo.email, SCOPE_https://www.googleapis.com/auth/userinfo.profile, SCOPE_openid]], User Attributes: [{at_hash=4ha9Jx278JehbhwLuUyTfg, sub=107234087105093742255, email_verified=true, iss=https://accounts.google.com, given_name=Павел, nonce=51PFiQM_xAFhl-wd8c20fVbxtWRR2uaV_s_TjkMvQnM, picture=https://lh3.googleusercontent.com/a/ACg8ocJJoh9jonlTH61VWgvXCiXb0zCDjifGZZtZ30sCErS3N5ntDw=s96-c, aud=[909915657042-l07l5jl8r3v54r15k12hp7vev9dor6r7.apps.googleusercontent.com], azp=909915657042-l07l5jl8r3v54r15k12hp7vev9dor6r7.apps.googleusercontent.com, name=Павел Королев, exp=2025-04-17T18:47:20Z, family_name=Королев, iat=2025-04-17T17:47:20Z, email=passapdom@gmail.com}], Credentials=[PROTECTED], Authenticated=true, Details=WebAuthenticationDetails [RemoteIpAddress=0:0:0:0:0:0:0:1, SessionId=159E49DEBC03C783FA2D7C7B5AB95D2F], Granted Authorities=[OIDC_USER, SCOPE_https://www.googleapis.com/auth/userinfo.email, SCOPE_https://www.googleapis.com/auth/userinfo.profile, SCOPE_openid]]]
2025-04-17 20:47:20 [http-nio-8080-exec-8] [DEBUG] o.s.s.w.a.i.FilterSecurityInterceptor - Authorized filter invocation [GET /images/advertisementSale/76d213ca-dba5-4b57-88f5-b6b4129f212e_photo_2024-12-23_22-17-54.jpg] with attributes [permitAll]
2025-04-17 20:47:20 [http-nio-8080-exec-8] [DEBUG] o.s.security.web.FilterChainProxy - Secured GET /images/advertisementSale/76d213ca-dba5-4b57-88f5-b6b4129f212e_photo_2024-12-23_22-17-54.jpg
2025-04-17 20:47:20 [http-nio-8080-exec-7] [DEBUG] o.s.security.web.FilterChainProxy - Securing GET /images/advertisementSale/f11f04c5-71bc-4048-ad70-323ba1188611_Снимок экрана (2).png
2025-04-17 20:47:20 [http-nio-8080-exec-6] [DEBUG] o.s.security.web.FilterChainProxy - Securing GET /images/advertisementSale/0673bdb4-3423-44e8-8636-a66497d7ab52_photo_2024-12-23_22-18-01.jpg
2025-04-17 20:47:20 [http-nio-8080-exec-7] [DEBUG] o.s.s.w.c.HttpSessionSecurityContextRepository - Retrieved SecurityContextImpl [Authentication=OAuth2AuthenticationToken [Principal=Name: [107234087105093742255], Granted Authorities: [[OIDC_USER, SCOPE_https://www.googleapis.com/auth/userinfo.email, SCOPE_https://www.googleapis.com/auth/userinfo.profile, SCOPE_openid]], User Attributes: [{at_hash=4ha9Jx278JehbhwLuUyTfg, sub=107234087105093742255, email_verified=true, iss=https://accounts.google.com, given_name=Павел, nonce=51PFiQM_xAFhl-wd8c20fVbxtWRR2uaV_s_TjkMvQnM, picture=https://lh3.googleusercontent.com/a/ACg8ocJJoh9jonlTH61VWgvXCiXb0zCDjifGZZtZ30sCErS3N5ntDw=s96-c, aud=[909915657042-l07l5jl8r3v54r15k12hp7vev9dor6r7.apps.googleusercontent.com], azp=909915657042-l07l5jl8r3v54r15k12hp7vev9dor6r7.apps.googleusercontent.com, name=Павел Королев, exp=2025-04-17T18:47:20Z, family_name=Королев, iat=2025-04-17T17:47:20Z, email=passapdom@gmail.com}], Credentials=[PROTECTED], Authenticated=true, Details=WebAuthenticationDetails [RemoteIpAddress=0:0:0:0:0:0:0:1, SessionId=159E49DEBC03C783FA2D7C7B5AB95D2F], Granted Authorities=[OIDC_USER, SCOPE_https://www.googleapis.com/auth/userinfo.email, SCOPE_https://www.googleapis.com/auth/userinfo.profile, SCOPE_openid]]]
2025-04-17 20:47:20 [http-nio-8080-exec-6] [DEBUG] o.s.s.w.c.HttpSessionSecurityContextRepository - Retrieved SecurityContextImpl [Authentication=OAuth2AuthenticationToken [Principal=Name: [107234087105093742255], Granted Authorities: [[OIDC_USER, SCOPE_https://www.googleapis.com/auth/userinfo.email, SCOPE_https://www.googleapis.com/auth/userinfo.profile, SCOPE_openid]], User Attributes: [{at_hash=4ha9Jx278JehbhwLuUyTfg, sub=107234087105093742255, email_verified=true, iss=https://accounts.google.com, given_name=Павел, nonce=51PFiQM_xAFhl-wd8c20fVbxtWRR2uaV_s_TjkMvQnM, picture=https://lh3.googleusercontent.com/a/ACg8ocJJoh9jonlTH61VWgvXCiXb0zCDjifGZZtZ30sCErS3N5ntDw=s96-c, aud=[909915657042-l07l5jl8r3v54r15k12hp7vev9dor6r7.apps.googleusercontent.com], azp=909915657042-l07l5jl8r3v54r15k12hp7vev9dor6r7.apps.googleusercontent.com, name=Павел Королев, exp=2025-04-17T18:47:20Z, family_name=Королев, iat=2025-04-17T17:47:20Z, email=passapdom@gmail.com}], Credentials=[PROTECTED], Authenticated=true, Details=WebAuthenticationDetails [RemoteIpAddress=0:0:0:0:0:0:0:1, SessionId=159E49DEBC03C783FA2D7C7B5AB95D2F], Granted Authorities=[OIDC_USER, SCOPE_https://www.googleapis.com/auth/userinfo.email, SCOPE_https://www.googleapis.com/auth/userinfo.profile, SCOPE_openid]]]
2025-04-17 20:47:20 [http-nio-8080-exec-6] [DEBUG] o.s.s.w.a.i.FilterSecurityInterceptor - Authorized filter invocation [GET /images/advertisementSale/0673bdb4-3423-44e8-8636-a66497d7ab52_photo_2024-12-23_22-18-01.jpg] with attributes [permitAll]
2025-04-17 20:47:20 [http-nio-8080-exec-7] [DEBUG] o.s.s.w.a.i.FilterSecurityInterceptor - Authorized filter invocation [GET /images/advertisementSale/f11f04c5-71bc-4048-ad70-323ba1188611_Снимок экрана (2).png] with attributes [permitAll]
2025-04-17 20:47:20 [http-nio-8080-exec-6] [DEBUG] o.s.security.web.FilterChainProxy - Secured GET /images/advertisementSale/0673bdb4-3423-44e8-8636-a66497d7ab52_photo_2024-12-23_22-18-01.jpg
2025-04-17 20:47:20 [http-nio-8080-exec-7] [DEBUG] o.s.security.web.FilterChainProxy - Secured GET /images/advertisementSale/f11f04c5-71bc-4048-ad70-323ba1188611_Снимок экрана (2).png
2025-04-17 20:47:20 [http-nio-8080-exec-5] [DEBUG] o.s.security.web.FilterChainProxy - Securing GET /images/advertisementSale/6d439031-8c11-4cfd-9007-7047bd94ec62_photo_2024-12-23_22-18-10.jpg
2025-04-17 20:47:20 [http-nio-8080-exec-4] [DEBUG] o.s.security.web.FilterChainProxy - Securing GET /images/advertisementSale/770d16f9-e061-46fc-94e4-17e8e3e3588a_photo_2024-12-23_22-18-11.jpg
2025-04-17 20:47:20 [http-nio-8080-exec-2] [DEBUG] o.s.security.web.FilterChainProxy - Securing GET /images/advertisementSale/15c13dfd-2da8-4565-ae8d-d9857bb9f550_photo_2024-12-23_22-17-54.jpg
2025-04-17 20:47:20 [http-nio-8080-exec-5] [DEBUG] o.s.s.w.c.HttpSessionSecurityContextRepository - Retrieved SecurityContextImpl [Authentication=OAuth2AuthenticationToken [Principal=Name: [107234087105093742255], Granted Authorities: [[OIDC_USER, SCOPE_https://www.googleapis.com/auth/userinfo.email, SCOPE_https://www.googleapis.com/auth/userinfo.profile, SCOPE_openid]], User Attributes: [{at_hash=4ha9Jx278JehbhwLuUyTfg, sub=107234087105093742255, email_verified=true, iss=https://accounts.google.com, given_name=Павел, nonce=51PFiQM_xAFhl-wd8c20fVbxtWRR2uaV_s_TjkMvQnM, picture=https://lh3.googleusercontent.com/a/ACg8ocJJoh9jonlTH61VWgvXCiXb0zCDjifGZZtZ30sCErS3N5ntDw=s96-c, aud=[909915657042-l07l5jl8r3v54r15k12hp7vev9dor6r7.apps.googleusercontent.com], azp=909915657042-l07l5jl8r3v54r15k12hp7vev9dor6r7.apps.googleusercontent.com, name=Павел Королев, exp=2025-04-17T18:47:20Z, family_name=Королев, iat=2025-04-17T17:47:20Z, email=passapdom@gmail.com}], Credentials=[PROTECTED], Authenticated=true, Details=WebAuthenticationDetails [RemoteIpAddress=0:0:0:0:0:0:0:1, SessionId=159E49DEBC03C783FA2D7C7B5AB95D2F], Granted Authorities=[OIDC_USER, SCOPE_https://www.googleapis.com/auth/userinfo.email, SCOPE_https://www.googleapis.com/auth/userinfo.profile, SCOPE_openid]]]
2025-04-17 20:47:20 [http-nio-8080-exec-4] [DEBUG] o.s.s.w.c.HttpSessionSecurityContextRepository - Retrieved SecurityContextImpl [Authentication=OAuth2AuthenticationToken [Principal=Name: [107234087105093742255], Granted Authorities: [[OIDC_USER, SCOPE_https://www.googleapis.com/auth/userinfo.email, SCOPE_https://www.googleapis.com/auth/userinfo.profile, SCOPE_openid]], User Attributes: [{at_hash=4ha9Jx278JehbhwLuUyTfg, sub=107234087105093742255, email_verified=true, iss=https://accounts.google.com, given_name=Павел, nonce=51PFiQM_xAFhl-wd8c20fVbxtWRR2uaV_s_TjkMvQnM, picture=https://lh3.googleusercontent.com/a/ACg8ocJJoh9jonlTH61VWgvXCiXb0zCDjifGZZtZ30sCErS3N5ntDw=s96-c, aud=[909915657042-l07l5jl8r3v54r15k12hp7vev9dor6r7.apps.googleusercontent.com], azp=909915657042-l07l5jl8r3v54r15k12hp7vev9dor6r7.apps.googleusercontent.com, name=Павел Королев, exp=2025-04-17T18:47:20Z, family_name=Королев, iat=2025-04-17T17:47:20Z, email=passapdom@gmail.com}], Credentials=[PROTECTED], Authenticated=true, Details=WebAuthenticationDetails [RemoteIpAddress=0:0:0:0:0:0:0:1, SessionId=159E49DEBC03C783FA2D7C7B5AB95D2F], Granted Authorities=[OIDC_USER, SCOPE_https://www.googleapis.com/auth/userinfo.email, SCOPE_https://www.googleapis.com/auth/userinfo.profile, SCOPE_openid]]]
2025-04-17 20:47:20 [http-nio-8080-exec-2] [DEBUG] o.s.s.w.c.HttpSessionSecurityContextRepository - Retrieved SecurityContextImpl [Authentication=OAuth2AuthenticationToken [Principal=Name: [107234087105093742255], Granted Authorities: [[OIDC_USER, SCOPE_https://www.googleapis.com/auth/userinfo.email, SCOPE_https://www.googleapis.com/auth/userinfo.profile, SCOPE_openid]], User Attributes: [{at_hash=4ha9Jx278JehbhwLuUyTfg, sub=107234087105093742255, email_verified=true, iss=https://accounts.google.com, given_name=Павел, nonce=51PFiQM_xAFhl-wd8c20fVbxtWRR2uaV_s_TjkMvQnM, picture=https://lh3.googleusercontent.com/a/ACg8ocJJoh9jonlTH61VWgvXCiXb0zCDjifGZZtZ30sCErS3N5ntDw=s96-c, aud=[909915657042-l07l5jl8r3v54r15k12hp7vev9dor6r7.apps.googleusercontent.com], azp=909915657042-l07l5jl8r3v54r15k12hp7vev9dor6r7.apps.googleusercontent.com, name=Павел Королев, exp=2025-04-17T18:47:20Z, family_name=Королев, iat=2025-04-17T17:47:20Z, email=passapdom@gmail.com}], Credentials=[PROTECTED], Authenticated=true, Details=WebAuthenticationDetails [RemoteIpAddress=0:0:0:0:0:0:0:1, SessionId=159E49DEBC03C783FA2D7C7B5AB95D2F], Granted Authorities=[OIDC_USER, SCOPE_https://www.googleapis.com/auth/userinfo.email, SCOPE_https://www.googleapis.com/auth/userinfo.profile, SCOPE_openid]]]
2025-04-17 20:47:20 [http-nio-8080-exec-4] [DEBUG] o.s.s.w.a.i.FilterSecurityInterceptor - Authorized filter invocation [GET /images/advertisementSale/770d16f9-e061-46fc-94e4-17e8e3e3588a_photo_2024-12-23_22-18-11.jpg] with attributes [permitAll]
2025-04-17 20:47:20 [http-nio-8080-exec-5] [DEBUG] o.s.s.w.a.i.FilterSecurityInterceptor - Authorized filter invocation [GET /images/advertisementSale/6d439031-8c11-4cfd-9007-7047bd94ec62_photo_2024-12-23_22-18-10.jpg] with attributes [permitAll]
2025-04-17 20:47:20 [http-nio-8080-exec-2] [DEBUG] o.s.s.w.a.i.FilterSecurityInterceptor - Authorized filter invocation [GET /images/advertisementSale/15c13dfd-2da8-4565-ae8d-d9857bb9f550_photo_2024-12-23_22-17-54.jpg] with attributes [permitAll]
2025-04-17 20:47:20 [http-nio-8080-exec-4] [DEBUG] o.s.security.web.FilterChainProxy - Secured GET /images/advertisementSale/770d16f9-e061-46fc-94e4-17e8e3e3588a_photo_2024-12-23_22-18-11.jpg
2025-04-17 20:47:20 [http-nio-8080-exec-2] [DEBUG] o.s.security.web.FilterChainProxy - Secured GET /images/advertisementSale/15c13dfd-2da8-4565-ae8d-d9857bb9f550_photo_2024-12-23_22-17-54.jpg
2025-04-17 20:47:20 [http-nio-8080-exec-5] [DEBUG] o.s.security.web.FilterChainProxy - Secured GET /images/advertisementSale/6d439031-8c11-4cfd-9007-7047bd94ec62_photo_2024-12-23_22-18-10.jpg
2025-04-17 20:47:20 [http-nio-8080-exec-10] [DEBUG] o.s.security.web.FilterChainProxy - Securing GET /images/advertisementSale/2703da27-c848-4e9d-a261-4d33ee79f79c_photo_2024-12-23_22-17-59.jpg
2025-04-17 20:47:20 [http-nio-8080-exec-10] [DEBUG] o.s.s.w.c.HttpSessionSecurityContextRepository - Retrieved SecurityContextImpl [Authentication=OAuth2AuthenticationToken [Principal=Name: [107234087105093742255], Granted Authorities: [[OIDC_USER, SCOPE_https://www.googleapis.com/auth/userinfo.email, SCOPE_https://www.googleapis.com/auth/userinfo.profile, SCOPE_openid]], User Attributes: [{at_hash=4ha9Jx278JehbhwLuUyTfg, sub=107234087105093742255, email_verified=true, iss=https://accounts.google.com, given_name=Павел, nonce=51PFiQM_xAFhl-wd8c20fVbxtWRR2uaV_s_TjkMvQnM, picture=https://lh3.googleusercontent.com/a/ACg8ocJJoh9jonlTH61VWgvXCiXb0zCDjifGZZtZ30sCErS3N5ntDw=s96-c, aud=[909915657042-l07l5jl8r3v54r15k12hp7vev9dor6r7.apps.googleusercontent.com], azp=909915657042-l07l5jl8r3v54r15k12hp7vev9dor6r7.apps.googleusercontent.com, name=Павел Королев, exp=2025-04-17T18:47:20Z, family_name=Королев, iat=2025-04-17T17:47:20Z, email=passapdom@gmail.com}], Credentials=[PROTECTED], Authenticated=true, Details=WebAuthenticationDetails [RemoteIpAddress=0:0:0:0:0:0:0:1, SessionId=159E49DEBC03C783FA2D7C7B5AB95D2F], Granted Authorities=[OIDC_USER, SCOPE_https://www.googleapis.com/auth/userinfo.email, SCOPE_https://www.googleapis.com/auth/userinfo.profile, SCOPE_openid]]]
2025-04-17 20:47:20 [http-nio-8080-exec-10] [DEBUG] o.s.s.w.a.i.FilterSecurityInterceptor - Authorized filter invocation [GET /images/advertisementSale/2703da27-c848-4e9d-a261-4d33ee79f79c_photo_2024-12-23_22-17-59.jpg] with attributes [permitAll]
2025-04-17 20:47:20 [http-nio-8080-exec-10] [DEBUG] o.s.security.web.FilterChainProxy - Secured GET /images/advertisementSale/2703da27-c848-4e9d-a261-4d33ee79f79c_photo_2024-12-23_22-17-59.jpg
2025-04-17 20:47:20 [http-nio-8080-exec-8] [DEBUG] o.s.security.web.FilterChainProxy - Securing GET /images/advertisementSale/e63bba72-f8b1-4ec8-b621-657fbcd7b1e3_kozelsk.jpg
2025-04-17 20:47:20 [http-nio-8080-exec-8] [DEBUG] o.s.s.w.c.HttpSessionSecurityContextRepository - Retrieved SecurityContextImpl [Authentication=OAuth2AuthenticationToken [Principal=Name: [107234087105093742255], Granted Authorities: [[OIDC_USER, SCOPE_https://www.googleapis.com/auth/userinfo.email, SCOPE_https://www.googleapis.com/auth/userinfo.profile, SCOPE_openid]], User Attributes: [{at_hash=4ha9Jx278JehbhwLuUyTfg, sub=107234087105093742255, email_verified=true, iss=https://accounts.google.com, given_name=Павел, nonce=51PFiQM_xAFhl-wd8c20fVbxtWRR2uaV_s_TjkMvQnM, picture=https://lh3.googleusercontent.com/a/ACg8ocJJoh9jonlTH61VWgvXCiXb0zCDjifGZZtZ30sCErS3N5ntDw=s96-c, aud=[909915657042-l07l5jl8r3v54r15k12hp7vev9dor6r7.apps.googleusercontent.com], azp=909915657042-l07l5jl8r3v54r15k12hp7vev9dor6r7.apps.googleusercontent.com, name=Павел Королев, exp=2025-04-17T18:47:20Z, family_name=Королев, iat=2025-04-17T17:47:20Z, email=passapdom@gmail.com}], Credentials=[PROTECTED], Authenticated=true, Details=WebAuthenticationDetails [RemoteIpAddress=0:0:0:0:0:0:0:1, SessionId=159E49DEBC03C783FA2D7C7B5AB95D2F], Granted Authorities=[OIDC_USER, SCOPE_https://www.googleapis.com/auth/userinfo.email, SCOPE_https://www.googleapis.com/auth/userinfo.profile, SCOPE_openid]]]
2025-04-17 20:47:20 [http-nio-8080-exec-8] [DEBUG] o.s.s.w.a.i.FilterSecurityInterceptor - Authorized filter invocation [GET /images/advertisementSale/e63bba72-f8b1-4ec8-b621-657fbcd7b1e3_kozelsk.jpg] with attributes [permitAll]
2025-04-17 20:47:20 [http-nio-8080-exec-8] [DEBUG] o.s.security.web.FilterChainProxy - Secured GET /images/advertisementSale/e63bba72-f8b1-4ec8-b621-657fbcd7b1e3_kozelsk.jpg
2025-04-17 20:47:20 [http-nio-8080-exec-3] [DEBUG] o.s.security.web.FilterChainProxy - Securing GET /images/advertisementRent/809047fb-7261-497f-b19e-b208d4480210_photo_2024-12-23_22-17-57.jpg
2025-04-17 20:47:20 [http-nio-8080-exec-3] [DEBUG] o.s.s.w.c.HttpSessionSecurityContextRepository - Retrieved SecurityContextImpl [Authentication=OAuth2AuthenticationToken [Principal=Name: [107234087105093742255], Granted Authorities: [[OIDC_USER, SCOPE_https://www.googleapis.com/auth/userinfo.email, SCOPE_https://www.googleapis.com/auth/userinfo.profile, SCOPE_openid]], User Attributes: [{at_hash=4ha9Jx278JehbhwLuUyTfg, sub=107234087105093742255, email_verified=true, iss=https://accounts.google.com, given_name=Павел, nonce=51PFiQM_xAFhl-wd8c20fVbxtWRR2uaV_s_TjkMvQnM, picture=https://lh3.googleusercontent.com/a/ACg8ocJJoh9jonlTH61VWgvXCiXb0zCDjifGZZtZ30sCErS3N5ntDw=s96-c, aud=[909915657042-l07l5jl8r3v54r15k12hp7vev9dor6r7.apps.googleusercontent.com], azp=909915657042-l07l5jl8r3v54r15k12hp7vev9dor6r7.apps.googleusercontent.com, name=Павел Королев, exp=2025-04-17T18:47:20Z, family_name=Королев, iat=2025-04-17T17:47:20Z, email=passapdom@gmail.com}], Credentials=[PROTECTED], Authenticated=true, Details=WebAuthenticationDetails [RemoteIpAddress=0:0:0:0:0:0:0:1, SessionId=159E49DEBC03C783FA2D7C7B5AB95D2F], Granted Authorities=[OIDC_USER, SCOPE_https://www.googleapis.com/auth/userinfo.email, SCOPE_https://www.googleapis.com/auth/userinfo.profile, SCOPE_openid]]]
2025-04-17 20:47:20 [http-nio-8080-exec-3] [DEBUG] o.s.s.w.a.i.FilterSecurityInterceptor - Authorized filter invocation [GET /images/advertisementRent/809047fb-7261-497f-b19e-b208d4480210_photo_2024-12-23_22-17-57.jpg] with attributes [permitAll]
2025-04-17 20:47:20 [http-nio-8080-exec-3] [DEBUG] o.s.security.web.FilterChainProxy - Secured GET /images/advertisementRent/809047fb-7261-497f-b19e-b208d4480210_photo_2024-12-23_22-17-57.jpg
2025-04-17 20:47:20 [http-nio-8080-exec-9] [DEBUG] o.s.security.web.FilterChainProxy - Securing GET /images/advertisementRent/b02c42b7-b608-4169-93f2-7ad28d186517_photo_2024-12-23_22-18-01.jpg
2025-04-17 20:47:20 [http-nio-8080-exec-7] [DEBUG] o.s.security.web.FilterChainProxy - Securing GET /images/advertisementRent/0a1031cd-43b5-4402-87eb-04fa80f00918_photo_2024-12-23_22-18-03.jpg
2025-04-17 20:47:20 [http-nio-8080-exec-1] [DEBUG] o.s.security.web.FilterChainProxy - Securing GET /images/advertisementRent/da667149-470d-4844-94d9-c5a37db0ed63_photo_2024-12-23_22-18-05.jpg
2025-04-17 20:47:20 [http-nio-8080-exec-7] [DEBUG] o.s.s.w.c.HttpSessionSecurityContextRepository - Retrieved SecurityContextImpl [Authentication=OAuth2AuthenticationToken [Principal=Name: [107234087105093742255], Granted Authorities: [[OIDC_USER, SCOPE_https://www.googleapis.com/auth/userinfo.email, SCOPE_https://www.googleapis.com/auth/userinfo.profile, SCOPE_openid]], User Attributes: [{at_hash=4ha9Jx278JehbhwLuUyTfg, sub=107234087105093742255, email_verified=true, iss=https://accounts.google.com, given_name=Павел, nonce=51PFiQM_xAFhl-wd8c20fVbxtWRR2uaV_s_TjkMvQnM, picture=https://lh3.googleusercontent.com/a/ACg8ocJJoh9jonlTH61VWgvXCiXb0zCDjifGZZtZ30sCErS3N5ntDw=s96-c, aud=[909915657042-l07l5jl8r3v54r15k12hp7vev9dor6r7.apps.googleusercontent.com], azp=909915657042-l07l5jl8r3v54r15k12hp7vev9dor6r7.apps.googleusercontent.com, name=Павел Королев, exp=2025-04-17T18:47:20Z, family_name=Королев, iat=2025-04-17T17:47:20Z, email=passapdom@gmail.com}], Credentials=[PROTECTED], Authenticated=true, Details=WebAuthenticationDetails [RemoteIpAddress=0:0:0:0:0:0:0:1, SessionId=159E49DEBC03C783FA2D7C7B5AB95D2F], Granted Authorities=[OIDC_USER, SCOPE_https://www.googleapis.com/auth/userinfo.email, SCOPE_https://www.googleapis.com/auth/userinfo.profile, SCOPE_openid]]]
2025-04-17 20:47:20 [http-nio-8080-exec-9] [DEBUG] o.s.s.w.c.HttpSessionSecurityContextRepository - Retrieved SecurityContextImpl [Authentication=OAuth2AuthenticationToken [Principal=Name: [107234087105093742255], Granted Authorities: [[OIDC_USER, SCOPE_https://www.googleapis.com/auth/userinfo.email, SCOPE_https://www.googleapis.com/auth/userinfo.profile, SCOPE_openid]], User Attributes: [{at_hash=4ha9Jx278JehbhwLuUyTfg, sub=107234087105093742255, email_verified=true, iss=https://accounts.google.com, given_name=Павел, nonce=51PFiQM_xAFhl-wd8c20fVbxtWRR2uaV_s_TjkMvQnM, picture=https://lh3.googleusercontent.com/a/ACg8ocJJoh9jonlTH61VWgvXCiXb0zCDjifGZZtZ30sCErS3N5ntDw=s96-c, aud=[909915657042-l07l5jl8r3v54r15k12hp7vev9dor6r7.apps.googleusercontent.com], azp=909915657042-l07l5jl8r3v54r15k12hp7vev9dor6r7.apps.googleusercontent.com, name=Павел Королев, exp=2025-04-17T18:47:20Z, family_name=Королев, iat=2025-04-17T17:47:20Z, email=passapdom@gmail.com}], Credentials=[PROTECTED], Authenticated=true, Details=WebAuthenticationDetails [RemoteIpAddress=0:0:0:0:0:0:0:1, SessionId=159E49DEBC03C783FA2D7C7B5AB95D2F], Granted Authorities=[OIDC_USER, SCOPE_https://www.googleapis.com/auth/userinfo.email, SCOPE_https://www.googleapis.com/auth/userinfo.profile, SCOPE_openid]]]
2025-04-17 20:47:20 [http-nio-8080-exec-1] [DEBUG] o.s.s.w.c.HttpSessionSecurityContextRepository - Retrieved SecurityContextImpl [Authentication=OAuth2AuthenticationToken [Principal=Name: [107234087105093742255], Granted Authorities: [[OIDC_USER, SCOPE_https://www.googleapis.com/auth/userinfo.email, SCOPE_https://www.googleapis.com/auth/userinfo.profile, SCOPE_openid]], User Attributes: [{at_hash=4ha9Jx278JehbhwLuUyTfg, sub=107234087105093742255, email_verified=true, iss=https://accounts.google.com, given_name=Павел, nonce=51PFiQM_xAFhl-wd8c20fVbxtWRR2uaV_s_TjkMvQnM, picture=https://lh3.googleusercontent.com/a/ACg8ocJJoh9jonlTH61VWgvXCiXb0zCDjifGZZtZ30sCErS3N5ntDw=s96-c, aud=[909915657042-l07l5jl8r3v54r15k12hp7vev9dor6r7.apps.googleusercontent.com], azp=909915657042-l07l5jl8r3v54r15k12hp7vev9dor6r7.apps.googleusercontent.com, name=Павел Королев, exp=2025-04-17T18:47:20Z, family_name=Королев, iat=2025-04-17T17:47:20Z, email=passapdom@gmail.com}], Credentials=[PROTECTED], Authenticated=true, Details=WebAuthenticationDetails [RemoteIpAddress=0:0:0:0:0:0:0:1, SessionId=159E49DEBC03C783FA2D7C7B5AB95D2F], Granted Authorities=[OIDC_USER, SCOPE_https://www.googleapis.com/auth/userinfo.email, SCOPE_https://www.googleapis.com/auth/userinfo.profile, SCOPE_openid]]]
2025-04-17 20:47:20 [http-nio-8080-exec-7] [DEBUG] o.s.s.w.a.i.FilterSecurityInterceptor - Authorized filter invocation [GET /images/advertisementRent/0a1031cd-43b5-4402-87eb-04fa80f00918_photo_2024-12-23_22-18-03.jpg] with attributes [permitAll]
2025-04-17 20:47:20 [http-nio-8080-exec-9] [DEBUG] o.s.s.w.a.i.FilterSecurityInterceptor - Authorized filter invocation [GET /images/advertisementRent/b02c42b7-b608-4169-93f2-7ad28d186517_photo_2024-12-23_22-18-01.jpg] with attributes [permitAll]
2025-04-17 20:47:20 [http-nio-8080-exec-1] [DEBUG] o.s.s.w.a.i.FilterSecurityInterceptor - Authorized filter invocation [GET /images/advertisementRent/da667149-470d-4844-94d9-c5a37db0ed63_photo_2024-12-23_22-18-05.jpg] with attributes [permitAll]
2025-04-17 20:47:20 [http-nio-8080-exec-7] [DEBUG] o.s.security.web.FilterChainProxy - Secured GET /images/advertisementRent/0a1031cd-43b5-4402-87eb-04fa80f00918_photo_2024-12-23_22-18-03.jpg
2025-04-17 20:47:20 [http-nio-8080-exec-9] [DEBUG] o.s.security.web.FilterChainProxy - Secured GET /images/advertisementRent/b02c42b7-b608-4169-93f2-7ad28d186517_photo_2024-12-23_22-18-01.jpg
2025-04-17 20:47:20 [http-nio-8080-exec-1] [DEBUG] o.s.security.web.FilterChainProxy - Secured GET /images/advertisementRent/da667149-470d-4844-94d9-c5a37db0ed63_photo_2024-12-23_22-18-05.jpg
2025-04-17 20:47:23 [http-nio-8080-exec-6] [DEBUG] o.s.security.web.FilterChainProxy - Securing GET /admin-panel?
2025-04-17 20:47:23 [http-nio-8080-exec-6] [DEBUG] o.s.s.w.c.HttpSessionSecurityContextRepository - Retrieved SecurityContextImpl [Authentication=OAuth2AuthenticationToken [Principal=Name: [107234087105093742255], Granted Authorities: [[OIDC_USER, SCOPE_https://www.googleapis.com/auth/userinfo.email, SCOPE_https://www.googleapis.com/auth/userinfo.profile, SCOPE_openid]], User Attributes: [{at_hash=4ha9Jx278JehbhwLuUyTfg, sub=107234087105093742255, email_verified=true, iss=https://accounts.google.com, given_name=Павел, nonce=51PFiQM_xAFhl-wd8c20fVbxtWRR2uaV_s_TjkMvQnM, picture=https://lh3.googleusercontent.com/a/ACg8ocJJoh9jonlTH61VWgvXCiXb0zCDjifGZZtZ30sCErS3N5ntDw=s96-c, aud=[909915657042-l07l5jl8r3v54r15k12hp7vev9dor6r7.apps.googleusercontent.com], azp=909915657042-l07l5jl8r3v54r15k12hp7vev9dor6r7.apps.googleusercontent.com, name=Павел Королев, exp=2025-04-17T18:47:20Z, family_name=Королев, iat=2025-04-17T17:47:20Z, email=passapdom@gmail.com}], Credentials=[PROTECTED], Authenticated=true, Details=WebAuthenticationDetails [RemoteIpAddress=0:0:0:0:0:0:0:1, SessionId=159E49DEBC03C783FA2D7C7B5AB95D2F], Granted Authorities=[OIDC_USER, SCOPE_https://www.googleapis.com/auth/userinfo.email, SCOPE_https://www.googleapis.com/auth/userinfo.profile, SCOPE_openid]]]
2025-04-17 20:47:23 [http-nio-8080-exec-6] [DEBUG] o.s.s.w.a.i.FilterSecurityInterceptor - Authorized filter invocation [GET /admin-panel?] with attributes [permitAll]
2025-04-17 20:47:23 [http-nio-8080-exec-6] [DEBUG] o.s.security.web.FilterChainProxy - Secured GET /admin-panel?
2025-04-17 20:47:23 [http-nio-8080-exec-6] [DEBUG] o.s.s.a.m.AuthorizationManagerBeforeMethodInterceptor - Authorizing method invocation ReflectiveMethodInvocation: public java.lang.String ru.kozelsk.alliance.controllers.admin.AdminController.adminPanel(); target is of class [ru.kozelsk.alliance.controllers.admin.AdminController]
2025-04-17 20:47:23 [http-nio-8080-exec-6] [INFO] r.k.a.u.s.CheckAuthorizeService - checkAdmin is starting, principal: OAuth2AuthenticationToken [Principal=Name: [107234087105093742255], Granted Authorities: [[OIDC_USER, SCOPE_https://www.googleapis.com/auth/userinfo.email, SCOPE_https://www.googleapis.com/auth/userinfo.profile, SCOPE_openid]], User Attributes: [{at_hash=4ha9Jx278JehbhwLuUyTfg, sub=107234087105093742255, email_verified=true, iss=https://accounts.google.com, given_name=Павел, nonce=51PFiQM_xAFhl-wd8c20fVbxtWRR2uaV_s_TjkMvQnM, picture=https://lh3.googleusercontent.com/a/ACg8ocJJoh9jonlTH61VWgvXCiXb0zCDjifGZZtZ30sCErS3N5ntDw=s96-c, aud=[909915657042-l07l5jl8r3v54r15k12hp7vev9dor6r7.apps.googleusercontent.com], azp=909915657042-l07l5jl8r3v54r15k12hp7vev9dor6r7.apps.googleusercontent.com, name=Павел Королев, exp=2025-04-17T18:47:20Z, family_name=Королев, iat=2025-04-17T17:47:20Z, email=passapdom@gmail.com}], Credentials=[PROTECTED], Authenticated=true, Details=WebAuthenticationDetails [RemoteIpAddress=0:0:0:0:0:0:0:1, SessionId=159E49DEBC03C783FA2D7C7B5AB95D2F], Granted Authorities=[OIDC_USER, SCOPE_https://www.googleapis.com/auth/userinfo.email, SCOPE_https://www.googleapis.com/auth/userinfo.profile, SCOPE_openid]]
2025-04-17 20:47:23 [http-nio-8080-exec-6] [INFO] r.k.a.u.s.CheckAuthorizeService - checkAdmin: principal != null
2025-04-17 20:47:23 [http-nio-8080-exec-6] [INFO] r.k.a.u.s.CheckAuthorizeService - Principal is OAuth2AuthenticationToken
2025-04-17 20:47:23 [http-nio-8080-exec-6] [INFO] r.k.a.u.s.CheckAuthorizeService - Checking admin rights for email: passapdom@gmail.com
2025-04-17 20:47:23 [http-nio-8080-exec-6] [INFO] r.k.a.u.s.CheckAuthorizeService - User roles: [ADMIN]
2025-04-17 20:47:23 [http-nio-8080-exec-6] [DEBUG] o.s.s.a.m.AuthorizationManagerBeforeMethodInterceptor - Authorized method invocation ReflectiveMethodInvocation: public java.lang.String ru.kozelsk.alliance.controllers.admin.AdminController.adminPanel(); target is of class [ru.kozelsk.alliance.controllers.admin.AdminController]
2025-04-17 20:47:27 [http-nio-8080-exec-2] [DEBUG] o.s.security.web.FilterChainProxy - Securing GET /admin/courses
2025-04-17 20:47:27 [http-nio-8080-exec-2] [DEBUG] o.s.s.w.c.HttpSessionSecurityContextRepository - Retrieved SecurityContextImpl [Authentication=OAuth2AuthenticationToken [Principal=Name: [107234087105093742255], Granted Authorities: [[OIDC_USER, SCOPE_https://www.googleapis.com/auth/userinfo.email, SCOPE_https://www.googleapis.com/auth/userinfo.profile, SCOPE_openid]], User Attributes: [{at_hash=4ha9Jx278JehbhwLuUyTfg, sub=107234087105093742255, email_verified=true, iss=https://accounts.google.com, given_name=Павел, nonce=51PFiQM_xAFhl-wd8c20fVbxtWRR2uaV_s_TjkMvQnM, picture=https://lh3.googleusercontent.com/a/ACg8ocJJoh9jonlTH61VWgvXCiXb0zCDjifGZZtZ30sCErS3N5ntDw=s96-c, aud=[909915657042-l07l5jl8r3v54r15k12hp7vev9dor6r7.apps.googleusercontent.com], azp=909915657042-l07l5jl8r3v54r15k12hp7vev9dor6r7.apps.googleusercontent.com, name=Павел Королев, exp=2025-04-17T18:47:20Z, family_name=Королев, iat=2025-04-17T17:47:20Z, email=passapdom@gmail.com}], Credentials=[PROTECTED], Authenticated=true, Details=WebAuthenticationDetails [RemoteIpAddress=0:0:0:0:0:0:0:1, SessionId=159E49DEBC03C783FA2D7C7B5AB95D2F], Granted Authorities=[OIDC_USER, SCOPE_https://www.googleapis.com/auth/userinfo.email, SCOPE_https://www.googleapis.com/auth/userinfo.profile, SCOPE_openid]]]
2025-04-17 20:47:27 [http-nio-8080-exec-2] [DEBUG] o.s.s.w.a.i.FilterSecurityInterceptor - Authorized filter invocation [GET /admin/courses] with attributes [permitAll]
2025-04-17 20:47:27 [http-nio-8080-exec-2] [DEBUG] o.s.security.web.FilterChainProxy - Secured GET /admin/courses
2025-04-17 20:47:27 [http-nio-8080-exec-2] [WARN] o.s.w.s.m.s.DefaultHandlerExceptionResolver - Resolved [org.springframework.web.HttpRequestMethodNotSupportedException: Request method 'GET' is not supported]
2025-04-17 20:47:27 [http-nio-8080-exec-2] [DEBUG] o.s.security.web.FilterChainProxy - Securing GET /error
2025-04-17 20:47:27 [http-nio-8080-exec-2] [DEBUG] o.s.s.w.c.HttpSessionSecurityContextRepository - Retrieved SecurityContextImpl [Authentication=OAuth2AuthenticationToken [Principal=Name: [107234087105093742255], Granted Authorities: [[OIDC_USER, SCOPE_https://www.googleapis.com/auth/userinfo.email, SCOPE_https://www.googleapis.com/auth/userinfo.profile, SCOPE_openid]], User Attributes: [{at_hash=4ha9Jx278JehbhwLuUyTfg, sub=107234087105093742255, email_verified=true, iss=https://accounts.google.com, given_name=Павел, nonce=51PFiQM_xAFhl-wd8c20fVbxtWRR2uaV_s_TjkMvQnM, picture=https://lh3.googleusercontent.com/a/ACg8ocJJoh9jonlTH61VWgvXCiXb0zCDjifGZZtZ30sCErS3N5ntDw=s96-c, aud=[909915657042-l07l5jl8r3v54r15k12hp7vev9dor6r7.apps.googleusercontent.com], azp=909915657042-l07l5jl8r3v54r15k12hp7vev9dor6r7.apps.googleusercontent.com, name=Павел Королев, exp=2025-04-17T18:47:20Z, family_name=Королев, iat=2025-04-17T17:47:20Z, email=passapdom@gmail.com}], Credentials=[PROTECTED], Authenticated=true, Details=WebAuthenticationDetails [RemoteIpAddress=0:0:0:0:0:0:0:1, SessionId=159E49DEBC03C783FA2D7C7B5AB95D2F], Granted Authorities=[OIDC_USER, SCOPE_https://www.googleapis.com/auth/userinfo.email, SCOPE_https://www.googleapis.com/auth/userinfo.profile, SCOPE_openid]]]
2025-04-17 20:47:27 [http-nio-8080-exec-2] [DEBUG] o.s.s.w.a.i.FilterSecurityInterceptor - Authorized filter invocation [GET /error] with attributes [permitAll]
2025-04-17 20:47:27 [http-nio-8080-exec-2] [DEBUG] o.s.security.web.FilterChainProxy - Secured GET /error
2025-04-17 20:47:29 [http-nio-8080-exec-4] [DEBUG] o.s.security.web.FilterChainProxy - Securing GET /admin/booking
2025-04-17 20:47:29 [http-nio-8080-exec-4] [DEBUG] o.s.s.w.c.HttpSessionSecurityContextRepository - Retrieved SecurityContextImpl [Authentication=OAuth2AuthenticationToken [Principal=Name: [107234087105093742255], Granted Authorities: [[OIDC_USER, SCOPE_https://www.googleapis.com/auth/userinfo.email, SCOPE_https://www.googleapis.com/auth/userinfo.profile, SCOPE_openid]], User Attributes: [{at_hash=4ha9Jx278JehbhwLuUyTfg, sub=107234087105093742255, email_verified=true, iss=https://accounts.google.com, given_name=Павел, nonce=51PFiQM_xAFhl-wd8c20fVbxtWRR2uaV_s_TjkMvQnM, picture=https://lh3.googleusercontent.com/a/ACg8ocJJoh9jonlTH61VWgvXCiXb0zCDjifGZZtZ30sCErS3N5ntDw=s96-c, aud=[909915657042-l07l5jl8r3v54r15k12hp7vev9dor6r7.apps.googleusercontent.com], azp=909915657042-l07l5jl8r3v54r15k12hp7vev9dor6r7.apps.googleusercontent.com, name=Павел Королев, exp=2025-04-17T18:47:20Z, family_name=Королев, iat=2025-04-17T17:47:20Z, email=passapdom@gmail.com}], Credentials=[PROTECTED], Authenticated=true, Details=WebAuthenticationDetails [RemoteIpAddress=0:0:0:0:0:0:0:1, SessionId=159E49DEBC03C783FA2D7C7B5AB95D2F], Granted Authorities=[OIDC_USER, SCOPE_https://www.googleapis.com/auth/userinfo.email, SCOPE_https://www.googleapis.com/auth/userinfo.profile, SCOPE_openid]]]
2025-04-17 20:47:29 [http-nio-8080-exec-4] [DEBUG] o.s.s.w.a.i.FilterSecurityInterceptor - Authorized filter invocation [GET /admin/booking] with attributes [permitAll]
2025-04-17 20:47:29 [http-nio-8080-exec-4] [DEBUG] o.s.security.web.FilterChainProxy - Secured GET /admin/booking
2025-04-17 20:47:29 [http-nio-8080-exec-4] [DEBUG] o.s.s.a.m.AuthorizationManagerBeforeMethodInterceptor - Authorizing method invocation ReflectiveMethodInvocation: public java.lang.String ru.kozelsk.alliance.controllers.admin.booking.BookingTourAdminController.allBookings(org.springframework.ui.Model); target is of class [ru.kozelsk.alliance.controllers.admin.booking.BookingTourAdminController]
2025-04-17 20:47:29 [http-nio-8080-exec-4] [INFO] r.k.a.u.s.CheckAuthorizeService - checkAdmin is starting, principal: OAuth2AuthenticationToken [Principal=Name: [107234087105093742255], Granted Authorities: [[OIDC_USER, SCOPE_https://www.googleapis.com/auth/userinfo.email, SCOPE_https://www.googleapis.com/auth/userinfo.profile, SCOPE_openid]], User Attributes: [{at_hash=4ha9Jx278JehbhwLuUyTfg, sub=107234087105093742255, email_verified=true, iss=https://accounts.google.com, given_name=Павел, nonce=51PFiQM_xAFhl-wd8c20fVbxtWRR2uaV_s_TjkMvQnM, picture=https://lh3.googleusercontent.com/a/ACg8ocJJoh9jonlTH61VWgvXCiXb0zCDjifGZZtZ30sCErS3N5ntDw=s96-c, aud=[909915657042-l07l5jl8r3v54r15k12hp7vev9dor6r7.apps.googleusercontent.com], azp=909915657042-l07l5jl8r3v54r15k12hp7vev9dor6r7.apps.googleusercontent.com, name=Павел Королев, exp=2025-04-17T18:47:20Z, family_name=Королев, iat=2025-04-17T17:47:20Z, email=passapdom@gmail.com}], Credentials=[PROTECTED], Authenticated=true, Details=WebAuthenticationDetails [RemoteIpAddress=0:0:0:0:0:0:0:1, SessionId=159E49DEBC03C783FA2D7C7B5AB95D2F], Granted Authorities=[OIDC_USER, SCOPE_https://www.googleapis.com/auth/userinfo.email, SCOPE_https://www.googleapis.com/auth/userinfo.profile, SCOPE_openid]]
2025-04-17 20:47:29 [http-nio-8080-exec-4] [INFO] r.k.a.u.s.CheckAuthorizeService - checkAdmin: principal != null
2025-04-17 20:47:29 [http-nio-8080-exec-4] [INFO] r.k.a.u.s.CheckAuthorizeService - Principal is OAuth2AuthenticationToken
2025-04-17 20:47:29 [http-nio-8080-exec-4] [INFO] r.k.a.u.s.CheckAuthorizeService - Checking admin rights for email: passapdom@gmail.com
2025-04-17 20:47:29 [http-nio-8080-exec-4] [INFO] r.k.a.u.s.CheckAuthorizeService - User roles: [ADMIN]
2025-04-17 20:47:29 [http-nio-8080-exec-4] [DEBUG] o.s.s.a.m.AuthorizationManagerBeforeMethodInterceptor - Authorized method invocation ReflectiveMethodInvocation: public java.lang.String ru.kozelsk.alliance.controllers.admin.booking.BookingTourAdminController.allBookings(org.springframework.ui.Model); target is of class [ru.kozelsk.alliance.controllers.admin.booking.BookingTourAdminController]
2025-04-17 20:47:29 [http-nio-8080-exec-5] [DEBUG] o.s.security.web.FilterChainProxy - Securing GET /img/logo_alliance.png
2025-04-17 20:47:29 [http-nio-8080-exec-5] [DEBUG] o.s.s.w.c.HttpSessionSecurityContextRepository - Retrieved SecurityContextImpl [Authentication=OAuth2AuthenticationToken [Principal=Name: [107234087105093742255], Granted Authorities: [[OIDC_USER, SCOPE_https://www.googleapis.com/auth/userinfo.email, SCOPE_https://www.googleapis.com/auth/userinfo.profile, SCOPE_openid]], User Attributes: [{at_hash=4ha9Jx278JehbhwLuUyTfg, sub=107234087105093742255, email_verified=true, iss=https://accounts.google.com, given_name=Павел, nonce=51PFiQM_xAFhl-wd8c20fVbxtWRR2uaV_s_TjkMvQnM, picture=https://lh3.googleusercontent.com/a/ACg8ocJJoh9jonlTH61VWgvXCiXb0zCDjifGZZtZ30sCErS3N5ntDw=s96-c, aud=[909915657042-l07l5jl8r3v54r15k12hp7vev9dor6r7.apps.googleusercontent.com], azp=909915657042-l07l5jl8r3v54r15k12hp7vev9dor6r7.apps.googleusercontent.com, name=Павел Королев, exp=2025-04-17T18:47:20Z, family_name=Королев, iat=2025-04-17T17:47:20Z, email=passapdom@gmail.com}], Credentials=[PROTECTED], Authenticated=true, Details=WebAuthenticationDetails [RemoteIpAddress=0:0:0:0:0:0:0:1, SessionId=159E49DEBC03C783FA2D7C7B5AB95D2F], Granted Authorities=[OIDC_USER, SCOPE_https://www.googleapis.com/auth/userinfo.email, SCOPE_https://www.googleapis.com/auth/userinfo.profile, SCOPE_openid]]]
2025-04-17 20:47:29 [http-nio-8080-exec-5] [DEBUG] o.s.s.w.a.i.FilterSecurityInterceptor - Authorized filter invocation [GET /img/logo_alliance.png] with attributes [permitAll]
2025-04-17 20:47:29 [http-nio-8080-exec-5] [DEBUG] o.s.security.web.FilterChainProxy - Secured GET /img/logo_alliance.png
2025-04-17 20:47:45 [http-nio-8080-exec-10] [DEBUG] o.s.security.web.FilterChainProxy - Securing GET /admin/booking/unavailable
2025-04-17 20:47:45 [http-nio-8080-exec-10] [DEBUG] o.s.s.w.c.HttpSessionSecurityContextRepository - Retrieved SecurityContextImpl [Authentication=OAuth2AuthenticationToken [Principal=Name: [107234087105093742255], Granted Authorities: [[OIDC_USER, SCOPE_https://www.googleapis.com/auth/userinfo.email, SCOPE_https://www.googleapis.com/auth/userinfo.profile, SCOPE_openid]], User Attributes: [{at_hash=4ha9Jx278JehbhwLuUyTfg, sub=107234087105093742255, email_verified=true, iss=https://accounts.google.com, given_name=Павел, nonce=51PFiQM_xAFhl-wd8c20fVbxtWRR2uaV_s_TjkMvQnM, picture=https://lh3.googleusercontent.com/a/ACg8ocJJoh9jonlTH61VWgvXCiXb0zCDjifGZZtZ30sCErS3N5ntDw=s96-c, aud=[909915657042-l07l5jl8r3v54r15k12hp7vev9dor6r7.apps.googleusercontent.com], azp=909915657042-l07l5jl8r3v54r15k12hp7vev9dor6r7.apps.googleusercontent.com, name=Павел Королев, exp=2025-04-17T18:47:20Z, family_name=Королев, iat=2025-04-17T17:47:20Z, email=passapdom@gmail.com}], Credentials=[PROTECTED], Authenticated=true, Details=WebAuthenticationDetails [RemoteIpAddress=0:0:0:0:0:0:0:1, SessionId=159E49DEBC03C783FA2D7C7B5AB95D2F], Granted Authorities=[OIDC_USER, SCOPE_https://www.googleapis.com/auth/userinfo.email, SCOPE_https://www.googleapis.com/auth/userinfo.profile, SCOPE_openid]]]
2025-04-17 20:47:45 [http-nio-8080-exec-10] [DEBUG] o.s.s.w.a.i.FilterSecurityInterceptor - Authorized filter invocation [GET /admin/booking/unavailable] with attributes [permitAll]
2025-04-17 20:47:45 [http-nio-8080-exec-10] [DEBUG] o.s.security.web.FilterChainProxy - Secured GET /admin/booking/unavailable
2025-04-17 20:47:45 [http-nio-8080-exec-10] [DEBUG] o.s.s.a.m.AuthorizationManagerBeforeMethodInterceptor - Authorizing method invocation ReflectiveMethodInvocation: public java.lang.String ru.kozelsk.alliance.controllers.admin.booking.BookingTourAdminController.allBookingsUnavailable(org.springframework.ui.Model); target is of class [ru.kozelsk.alliance.controllers.admin.booking.BookingTourAdminController]
2025-04-17 20:47:45 [http-nio-8080-exec-10] [INFO] r.k.a.u.s.CheckAuthorizeService - checkAdmin is starting, principal: OAuth2AuthenticationToken [Principal=Name: [107234087105093742255], Granted Authorities: [[OIDC_USER, SCOPE_https://www.googleapis.com/auth/userinfo.email, SCOPE_https://www.googleapis.com/auth/userinfo.profile, SCOPE_openid]], User Attributes: [{at_hash=4ha9Jx278JehbhwLuUyTfg, sub=107234087105093742255, email_verified=true, iss=https://accounts.google.com, given_name=Павел, nonce=51PFiQM_xAFhl-wd8c20fVbxtWRR2uaV_s_TjkMvQnM, picture=https://lh3.googleusercontent.com/a/ACg8ocJJoh9jonlTH61VWgvXCiXb0zCDjifGZZtZ30sCErS3N5ntDw=s96-c, aud=[909915657042-l07l5jl8r3v54r15k12hp7vev9dor6r7.apps.googleusercontent.com], azp=909915657042-l07l5jl8r3v54r15k12hp7vev9dor6r7.apps.googleusercontent.com, name=Павел Королев, exp=2025-04-17T18:47:20Z, family_name=Королев, iat=2025-04-17T17:47:20Z, email=passapdom@gmail.com}], Credentials=[PROTECTED], Authenticated=true, Details=WebAuthenticationDetails [RemoteIpAddress=0:0:0:0:0:0:0:1, SessionId=159E49DEBC03C783FA2D7C7B5AB95D2F], Granted Authorities=[OIDC_USER, SCOPE_https://www.googleapis.com/auth/userinfo.email, SCOPE_https://www.googleapis.com/auth/userinfo.profile, SCOPE_openid]]
2025-04-17 20:47:45 [http-nio-8080-exec-10] [INFO] r.k.a.u.s.CheckAuthorizeService - checkAdmin: principal != null
2025-04-17 20:47:45 [http-nio-8080-exec-10] [INFO] r.k.a.u.s.CheckAuthorizeService - Principal is OAuth2AuthenticationToken
2025-04-17 20:47:45 [http-nio-8080-exec-10] [INFO] r.k.a.u.s.CheckAuthorizeService - Checking admin rights for email: passapdom@gmail.com
2025-04-17 20:47:45 [http-nio-8080-exec-10] [INFO] r.k.a.u.s.CheckAuthorizeService - User roles: [ADMIN]
2025-04-17 20:47:45 [http-nio-8080-exec-10] [DEBUG] o.s.s.a.m.AuthorizationManagerBeforeMethodInterceptor - Authorized method invocation ReflectiveMethodInvocation: public java.lang.String ru.kozelsk.alliance.controllers.admin.booking.BookingTourAdminController.allBookingsUnavailable(org.springframework.ui.Model); target is of class [ru.kozelsk.alliance.controllers.admin.booking.BookingTourAdminController]
2025-04-17 20:47:45 [http-nio-8080-exec-8] [DEBUG] o.s.security.web.FilterChainProxy - Securing GET /img/logo_alliance.png
2025-04-17 20:47:45 [http-nio-8080-exec-8] [DEBUG] o.s.s.w.c.HttpSessionSecurityContextRepository - Retrieved SecurityContextImpl [Authentication=OAuth2AuthenticationToken [Principal=Name: [107234087105093742255], Granted Authorities: [[OIDC_USER, SCOPE_https://www.googleapis.com/auth/userinfo.email, SCOPE_https://www.googleapis.com/auth/userinfo.profile, SCOPE_openid]], User Attributes: [{at_hash=4ha9Jx278JehbhwLuUyTfg, sub=107234087105093742255, email_verified=true, iss=https://accounts.google.com, given_name=Павел, nonce=51PFiQM_xAFhl-wd8c20fVbxtWRR2uaV_s_TjkMvQnM, picture=https://lh3.googleusercontent.com/a/ACg8ocJJoh9jonlTH61VWgvXCiXb0zCDjifGZZtZ30sCErS3N5ntDw=s96-c, aud=[909915657042-l07l5jl8r3v54r15k12hp7vev9dor6r7.apps.googleusercontent.com], azp=909915657042-l07l5jl8r3v54r15k12hp7vev9dor6r7.apps.googleusercontent.com, name=Павел Королев, exp=2025-04-17T18:47:20Z, family_name=Королев, iat=2025-04-17T17:47:20Z, email=passapdom@gmail.com}], Credentials=[PROTECTED], Authenticated=true, Details=WebAuthenticationDetails [RemoteIpAddress=0:0:0:0:0:0:0:1, SessionId=159E49DEBC03C783FA2D7C7B5AB95D2F], Granted Authorities=[OIDC_USER, SCOPE_https://www.googleapis.com/auth/userinfo.email, SCOPE_https://www.googleapis.com/auth/userinfo.profile, SCOPE_openid]]]
2025-04-17 20:47:45 [http-nio-8080-exec-8] [DEBUG] o.s.s.w.a.i.FilterSecurityInterceptor - Authorized filter invocation [GET /img/logo_alliance.png] with attributes [permitAll]
2025-04-17 20:47:45 [http-nio-8080-exec-8] [DEBUG] o.s.security.web.FilterChainProxy - Secured GET /img/logo_alliance.png
2025-04-17 21:43:57 [SpringApplicationShutdownHook] [INFO] o.s.o.j.LocalContainerEntityManagerFactoryBean - Closing JPA EntityManagerFactory for persistence unit 'default'
2025-04-17 21:43:57 [SpringApplicationShutdownHook] [INFO] com.zaxxer.hikari.HikariDataSource - HikariPool-1 - Shutdown initiated...
2025-04-17 21:43:57 [SpringApplicationShutdownHook] [INFO] com.zaxxer.hikari.HikariDataSource - HikariPool-1 - Shutdown completed.
2025-04-17 21:43:59 [background-preinit] [INFO] o.h.validator.internal.util.Version - HV000001: Hibernate Validator 8.0.1.Final
2025-04-17 21:43:59 [restartedMain] [INFO] r.k.alliance.AllianceApplication - Starting AllianceApplication using Java 23.0.1 with PID 3236 (C:\Users\Zver\Desktop\Projects\alliance\target\classes started by pavel in C:\Users\Zver\Desktop\Projects\alliance)
2025-04-17 21:43:59 [restartedMain] [INFO] r.k.alliance.AllianceApplication - No active profile set, falling back to 1 default profile: "default"
2025-04-17 21:43:59 [restartedMain] [INFO] o.s.b.d.e.DevToolsPropertyDefaultsPostProcessor - Devtools property defaults active! Set 'spring.devtools.add-properties' to 'false' to disable
2025-04-17 21:43:59 [restartedMain] [INFO] o.s.b.d.e.DevToolsPropertyDefaultsPostProcessor - For additional web related logging consider setting the 'logging.level.web' property to 'DEBUG'
2025-04-17 21:44:00 [restartedMain] [INFO] o.s.d.r.c.RepositoryConfigurationDelegate - Bootstrapping Spring Data JPA repositories in DEFAULT mode.
2025-04-17 21:44:00 [restartedMain] [INFO] o.s.d.r.c.RepositoryConfigurationDelegate - Finished Spring Data repository scanning in 58 ms. Found 11 JPA repository interfaces.
2025-04-17 21:44:01 [restartedMain] [INFO] o.s.b.w.e.tomcat.TomcatWebServer - Tomcat initialized with port 8080 (http)
2025-04-17 21:44:01 [restartedMain] [INFO] o.a.coyote.http11.Http11NioProtocol - Initializing ProtocolHandler ["http-nio-8080"]
2025-04-17 21:44:01 [restartedMain] [INFO] o.a.catalina.core.StandardService - Starting service [Tomcat]
2025-04-17 21:44:01 [restartedMain] [INFO] o.a.catalina.core.StandardEngine - Starting Servlet engine: [Apache Tomcat/10.1.31]
2025-04-17 21:44:01 [restartedMain] [INFO] o.a.c.c.C.[Tomcat].[localhost].[/] - Initializing Spring embedded WebApplicationContext
2025-04-17 21:44:01 [restartedMain] [INFO] o.s.b.w.s.c.ServletWebServerApplicationContext - Root WebApplicationContext: initialization completed in 1612 ms
2025-04-17 21:44:01 [restartedMain] [INFO] com.zaxxer.hikari.HikariDataSource - HikariPool-1 - Starting...
2025-04-17 21:44:01 [restartedMain] [INFO] com.zaxxer.hikari.pool.HikariPool - HikariPool-1 - Added connection org.postgresql.jdbc.PgConnection@6245f5a5
2025-04-17 21:44:01 [restartedMain] [INFO] com.zaxxer.hikari.HikariDataSource - HikariPool-1 - Start completed.
2025-04-17 21:44:01 [restartedMain] [INFO] o.h.jpa.internal.util.LogHelper - HHH000204: Processing PersistenceUnitInfo [name: default]
2025-04-17 21:44:01 [restartedMain] [INFO] org.hibernate.Version - HHH000412: Hibernate ORM core version 6.5.3.Final
2025-04-17 21:44:01 [restartedMain] [INFO] o.h.c.i.RegionFactoryInitiator - HHH000026: Second-level cache disabled
2025-04-17 21:44:02 [restartedMain] [INFO] o.s.o.j.p.SpringPersistenceUnitInfo - No LoadTimeWeaver setup: ignoring JPA class transformer
2025-04-17 21:44:02 [restartedMain] [INFO] o.h.e.t.j.p.i.JtaPlatformInitiator - HHH000489: No JTA platform available (set 'hibernate.transaction.jta.platform' to enable JTA platform integration)
2025-04-17 21:44:02 [restartedMain] [INFO] o.s.o.j.LocalContainerEntityManagerFactoryBean - Initialized JPA EntityManagerFactory for persistence unit 'default'
2025-04-17 21:44:03 [restartedMain] [INFO] o.s.d.j.r.query.QueryEnhancerFactory - Hibernate is in classpath; If applicable, HQL parser will be used.
2025-04-17 21:44:04 [restartedMain] [WARN] o.s.b.a.o.j.JpaBaseConfiguration$JpaWebConfiguration - spring.jpa.open-in-view is enabled by default. Therefore, database queries may be performed during view rendering. Explicitly configure spring.jpa.open-in-view to disable this warning
2025-04-17 21:44:04 [restartedMain] [INFO] o.s.s.c.a.a.c.InitializeUserDetailsBeanManagerConfigurer$InitializeUserDetailsManagerConfigurer - Global AuthenticationManager configured with UserDetailsService bean with name myUserDetailsService
2025-04-17 21:44:04 [restartedMain] [INFO] o.s.b.a.e.web.EndpointLinksResolver - Exposing 1 endpoint beneath base path '/actuator'
2025-04-17 21:44:04 [restartedMain] [DEBUG] o.s.s.w.a.e.ExpressionBasedFilterInvocationSecurityMetadataSource - Adding web access control expression [permitAll] for ExactUrl [processUrl='/login?error']
2025-04-17 21:44:04 [restartedMain] [DEBUG] o.s.s.w.a.e.ExpressionBasedFilterInvocationSecurityMetadataSource - Adding web access control expression [permitAll] for ExactUrl [processUrl='/login']
2025-04-17 21:44:04 [restartedMain] [DEBUG] o.s.s.w.a.e.ExpressionBasedFilterInvocationSecurityMetadataSource - Adding web access control expression [permitAll] for ExactUrl [processUrl='/login']
2025-04-17 21:44:04 [restartedMain] [DEBUG] o.s.s.w.a.e.ExpressionBasedFilterInvocationSecurityMetadataSource - Adding web access control expression [permitAll] for Ant [pattern='/logout', POST]
2025-04-17 21:44:04 [restartedMain] [DEBUG] o.s.s.w.a.e.ExpressionBasedFilterInvocationSecurityMetadataSource - Adding web access control expression [permitAll] for ExactUrl [processUrl='/realty']
2025-04-17 21:44:04 [restartedMain] [DEBUG] o.s.s.w.a.e.ExpressionBasedFilterInvocationSecurityMetadataSource - Adding web access control expression [authenticated] for Deferred [Mvc [pattern='/realty/new'], Ant [pattern='/realty/new']]
2025-04-17 21:44:04 [restartedMain] [DEBUG] o.s.s.w.a.e.ExpressionBasedFilterInvocationSecurityMetadataSource - Adding web access control expression [authenticated] for Deferred [Mvc [pattern='/realty/edit/**'], Ant [pattern='/realty/edit/**']]
2025-04-17 21:44:04 [restartedMain] [DEBUG] o.s.s.w.a.e.ExpressionBasedFilterInvocationSecurityMetadataSource - Adding web access control expression [authenticated] for Deferred [Mvc [pattern='/realty/delete/**'], Ant [pattern='/realty/delete/**']]
2025-04-17 21:44:04 [restartedMain] [DEBUG] o.s.s.w.a.e.ExpressionBasedFilterInvocationSecurityMetadataSource - Adding web access control expression [permitAll] for any request
2025-04-17 21:44:04 [restartedMain] [DEBUG] o.s.s.web.DefaultSecurityFilterChain - Will secure any request with filters: DisableEncodeUrlFilter, WebAsyncManagerIntegrationFilter, SecurityContextHolderFilter, HeaderWriterFilter, CsrfFilter, LogoutFilter, OAuth2AuthorizationRequestRedirectFilter, OAuth2LoginAuthenticationFilter, UsernamePasswordAuthenticationFilter, ConcurrentSessionFilter, RequestCacheAwareFilter, SecurityContextHolderAwareRequestFilter, AnonymousAuthenticationFilter, SessionManagementFilter, ExceptionTranslationFilter, FilterSecurityInterceptor
2025-04-17 21:44:04 [restartedMain] [INFO] o.s.b.d.a.OptionalLiveReloadServer - LiveReload server is running on port 35729
2025-04-17 21:44:05 [restartedMain] [INFO] o.a.coyote.http11.Http11NioProtocol - Starting ProtocolHandler ["http-nio-8080"]
2025-04-17 21:44:05 [restartedMain] [INFO] o.s.b.w.e.tomcat.TomcatWebServer - Tomcat started on port 8080 (http) with context path '/'
2025-04-17 21:44:05 [restartedMain] [INFO] r.k.alliance.AllianceApplication - Started AllianceApplication in 5.589 seconds (process running for 6.633)
2025-04-17 21:44:05 [http-nio-8080-exec-2] [INFO] o.a.c.c.C.[Tomcat].[localhost].[/] - Initializing Spring DispatcherServlet 'dispatcherServlet'
2025-04-17 21:44:05 [http-nio-8080-exec-2] [INFO] o.s.web.servlet.DispatcherServlet - Initializing Servlet 'dispatcherServlet'
2025-04-17 21:44:05 [http-nio-8080-exec-2] [INFO] o.s.web.servlet.DispatcherServlet - Completed initialization in 1 ms
2025-04-17 21:44:05 [http-nio-8080-exec-2] [DEBUG] o.s.security.web.FilterChainProxy - Securing GET /admin/booking
2025-04-17 21:44:05 [http-nio-8080-exec-2] [DEBUG] o.s.s.w.a.AnonymousAuthenticationFilter - Set SecurityContextHolder to anonymous SecurityContext
2025-04-17 21:44:05 [http-nio-8080-exec-2] [DEBUG] o.s.s.w.s.SessionManagementFilter - Request requested invalid session id 32FD69AC4A96A8D1F247CACEBB5175E7
2025-04-17 21:44:05 [http-nio-8080-exec-2] [DEBUG] o.s.s.w.a.i.FilterSecurityInterceptor - Authorized filter invocation [GET /admin/booking] with attributes [permitAll]
2025-04-17 21:44:05 [http-nio-8080-exec-2] [DEBUG] o.s.security.web.FilterChainProxy - Secured GET /admin/booking
2025-04-17 21:44:05 [http-nio-8080-exec-2] [DEBUG] o.s.s.a.m.AuthorizationManagerBeforeMethodInterceptor - Authorizing method invocation ReflectiveMethodInvocation: public java.lang.String ru.kozelsk.alliance.controllers.admin.booking.BookingTourAdminController.allBookings(org.springframework.ui.Model); target is of class [ru.kozelsk.alliance.controllers.admin.booking.BookingTourAdminController]
2025-04-17 21:44:05 [http-nio-8080-exec-2] [INFO] r.k.a.u.s.CheckAuthorizeService - checkAdmin2: principal != null
2025-04-17 21:44:05 [http-nio-8080-exec-2] [INFO] r.k.a.u.s.CheckAuthorizeService - Principal2 is String
2025-04-17 21:44:05 [http-nio-8080-exec-2] [INFO] r.k.a.u.s.CheckAuthorizeService - Checking admin2 rights for email: anonymousUser
2025-04-17 21:44:05 [http-nio-8080-exec-2] [DEBUG] o.s.s.a.m.AuthorizationManagerBeforeMethodInterceptor - Failed to authorize ReflectiveMethodInvocation: public java.lang.String ru.kozelsk.alliance.controllers.admin.booking.BookingTourAdminController.allBookings(org.springframework.ui.Model); target is of class [ru.kozelsk.alliance.controllers.admin.booking.BookingTourAdminController] with authorization manager org.springframework.security.authorization.ObservationAuthorizationManager@4bfc68fe and decision ExpressionAuthorizationDecision [granted=false, expressionAttribute=@customSecurity.checkAdmin(authentication)]
2025-04-17 21:44:05 [http-nio-8080-exec-2] [DEBUG] o.s.s.w.s.HttpSessionRequestCache - Saved request http://localhost:8080/admin/booking?continue to session
2025-04-17 21:44:05 [http-nio-8080-exec-2] [DEBUG] o.s.s.w.a.DelegatingAuthenticationEntryPoint - Trying to match using And [Not [RequestHeaderRequestMatcher [expectedHeaderName=X-Requested-With, expectedHeaderValue=XMLHttpRequest]], MediaTypeRequestMatcher [contentNegotiationStrategy=org.springframework.web.accept.ContentNegotiationManager@476f37fb, matchingMediaTypes=[application/xhtml+xml, image/*, text/html, text/plain], useEquals=false, ignoredMediaTypes=[*/*]]]
2025-04-17 21:44:05 [http-nio-8080-exec-2] [DEBUG] o.s.s.w.a.DelegatingAuthenticationEntryPoint - Match found! Executing org.springframework.security.web.authentication.LoginUrlAuthenticationEntryPoint@7e20816b
2025-04-17 21:44:05 [http-nio-8080-exec-2] [DEBUG] o.s.s.web.DefaultRedirectStrategy - Redirecting to http://localhost:8080/login
2025-04-17 21:44:05 [http-nio-8080-exec-1] [DEBUG] o.s.security.web.FilterChainProxy - Securing GET /login
2025-04-17 21:44:05 [http-nio-8080-exec-1] [DEBUG] o.s.s.w.a.AnonymousAuthenticationFilter - Set SecurityContextHolder to anonymous SecurityContext
2025-04-17 21:44:05 [http-nio-8080-exec-1] [DEBUG] o.s.s.w.a.i.FilterSecurityInterceptor - Authorized filter invocation [GET /login] with attributes [permitAll]
2025-04-17 21:44:05 [http-nio-8080-exec-1] [DEBUG] o.s.security.web.FilterChainProxy - Secured GET /login
2025-04-17 21:44:05 [http-nio-8080-exec-3] [DEBUG] o.s.security.web.FilterChainProxy - Securing GET /img/logo_alliance.png
2025-04-17 21:44:05 [http-nio-8080-exec-3] [DEBUG] o.s.s.w.a.AnonymousAuthenticationFilter - Set SecurityContextHolder to anonymous SecurityContext
2025-04-17 21:44:05 [http-nio-8080-exec-3] [DEBUG] o.s.s.w.a.i.FilterSecurityInterceptor - Authorized filter invocation [GET /img/logo_alliance.png] with attributes [permitAll]
2025-04-17 21:44:05 [http-nio-8080-exec-3] [DEBUG] o.s.security.web.FilterChainProxy - Secured GET /img/logo_alliance.png
2025-04-17 21:44:06 [http-nio-8080-exec-4] [DEBUG] o.s.security.web.FilterChainProxy - Securing GET /oauth2/authorization/google
2025-04-17 21:44:06 [http-nio-8080-exec-4] [DEBUG] o.s.s.web.DefaultRedirectStrategy - Redirecting to https://accounts.google.com/o/oauth2/v2/auth?response_type=code&client_id=909915657042-l07l5jl8r3v54r15k12hp7vev9dor6r7.apps.googleusercontent.com&scope=openid%20email%20profile&state=mPnEpFWNT4uZ6LEcQuurV61qiCk66SM5idLTpoHiMaY%3D&redirect_uri=http://localhost:8080/login/oauth2/code/google&nonce=b8OhfnMYAlJFkcWuBj-bRhz1dNROMpY7wy6M3Sq0Eqo
2025-04-17 21:44:09 [http-nio-8080-exec-5] [DEBUG] o.s.security.web.FilterChainProxy - Securing GET /login/oauth2/code/google?state=mPnEpFWNT4uZ6LEcQuurV61qiCk66SM5idLTpoHiMaY%3D&code=4%2F0Ab_5qllXtNAsnFYaD2ONY_xtBGTOZYpqscXzJU8NiKeNXyD7xyPwifnuWmQRI87GFo2NKQ&scope=email+profile+openid+https%3A%2F%2Fwww.googleapis.com%2Fauth%2Fuserinfo.email+https%3A%2F%2Fwww.googleapis.com%2Fauth%2Fuserinfo.profile&authuser=0&prompt=none
2025-04-17 21:44:09 [http-nio-8080-exec-5] [DEBUG] o.s.s.w.a.s.SessionFixationProtectionStrategy - Invalidating session with Id '98762F650CCE78E7C409D2E917E9B42B' and migrating attributes.
2025-04-17 21:44:09 [http-nio-8080-exec-5] [DEBUG] o.s.s.w.a.s.SessionFixationProtectionStrategy - Started new session: FAB9943E03CDEA373CE98ECBE2786414
2025-04-17 21:44:09 [http-nio-8080-exec-5] [DEBUG] o.s.s.w.a.s.SessionFixationProtectionStrategy - Changed session id from 98762F650CCE78E7C409D2E917E9B42B
2025-04-17 21:44:09 [http-nio-8080-exec-5] [DEBUG] o.s.s.c.session.SessionRegistryImpl - Registering session FAB9943E03CDEA373CE98ECBE2786414, for principal Name: [107234087105093742255], Granted Authorities: [[OIDC_USER, SCOPE_https://www.googleapis.com/auth/userinfo.email, SCOPE_https://www.googleapis.com/auth/userinfo.profile, SCOPE_openid]], User Attributes: [{at_hash=p3YhWlYM2r3im2ZYGxHcCQ, sub=107234087105093742255, email_verified=true, iss=https://accounts.google.com, given_name=Павел, nonce=b8OhfnMYAlJFkcWuBj-bRhz1dNROMpY7wy6M3Sq0Eqo, picture=https://lh3.googleusercontent.com/a/ACg8ocJJoh9jonlTH61VWgvXCiXb0zCDjifGZZtZ30sCErS3N5ntDw=s96-c, aud=[909915657042-l07l5jl8r3v54r15k12hp7vev9dor6r7.apps.googleusercontent.com], azp=909915657042-l07l5jl8r3v54r15k12hp7vev9dor6r7.apps.googleusercontent.com, name=Павел Королев, exp=2025-04-17T19:44:09Z, family_name=Королев, iat=2025-04-17T18:44:09Z, email=passapdom@gmail.com}]
2025-04-17 21:44:09 [http-nio-8080-exec-5] [DEBUG] o.s.s.w.c.CsrfAuthenticationStrategy - Replaced CSRF Token
2025-04-17 21:44:09 [http-nio-8080-exec-5] [DEBUG] o.s.s.w.c.HttpSessionSecurityContextRepository - Stored SecurityContextImpl [Authentication=OAuth2AuthenticationToken [Principal=Name: [107234087105093742255], Granted Authorities: [[OIDC_USER, SCOPE_https://www.googleapis.com/auth/userinfo.email, SCOPE_https://www.googleapis.com/auth/userinfo.profile, SCOPE_openid]], User Attributes: [{at_hash=p3YhWlYM2r3im2ZYGxHcCQ, sub=107234087105093742255, email_verified=true, iss=https://accounts.google.com, given_name=Павел, nonce=b8OhfnMYAlJFkcWuBj-bRhz1dNROMpY7wy6M3Sq0Eqo, picture=https://lh3.googleusercontent.com/a/ACg8ocJJoh9jonlTH61VWgvXCiXb0zCDjifGZZtZ30sCErS3N5ntDw=s96-c, aud=[909915657042-l07l5jl8r3v54r15k12hp7vev9dor6r7.apps.googleusercontent.com], azp=909915657042-l07l5jl8r3v54r15k12hp7vev9dor6r7.apps.googleusercontent.com, name=Павел Королев, exp=2025-04-17T19:44:09Z, family_name=Королев, iat=2025-04-17T18:44:09Z, email=passapdom@gmail.com}], Credentials=[PROTECTED], Authenticated=true, Details=WebAuthenticationDetails [RemoteIpAddress=0:0:0:0:0:0:0:1, SessionId=98762F650CCE78E7C409D2E917E9B42B], Granted Authorities=[OIDC_USER, SCOPE_https://www.googleapis.com/auth/userinfo.email, SCOPE_https://www.googleapis.com/auth/userinfo.profile, SCOPE_openid]]] to HttpSession [org.apache.catalina.session.StandardSessionFacade@7f4cf1a8]
2025-04-17 21:44:09 [http-nio-8080-exec-5] [DEBUG] o.s.s.o.c.w.OAuth2LoginAuthenticationFilter - Set SecurityContextHolder to OAuth2AuthenticationToken [Principal=Name: [107234087105093742255], Granted Authorities: [[OIDC_USER, SCOPE_https://www.googleapis.com/auth/userinfo.email, SCOPE_https://www.googleapis.com/auth/userinfo.profile, SCOPE_openid]], User Attributes: [{at_hash=p3YhWlYM2r3im2ZYGxHcCQ, sub=107234087105093742255, email_verified=true, iss=https://accounts.google.com, given_name=Павел, nonce=b8OhfnMYAlJFkcWuBj-bRhz1dNROMpY7wy6M3Sq0Eqo, picture=https://lh3.googleusercontent.com/a/ACg8ocJJoh9jonlTH61VWgvXCiXb0zCDjifGZZtZ30sCErS3N5ntDw=s96-c, aud=[909915657042-l07l5jl8r3v54r15k12hp7vev9dor6r7.apps.googleusercontent.com], azp=909915657042-l07l5jl8r3v54r15k12hp7vev9dor6r7.apps.googleusercontent.com, name=Павел Королев, exp=2025-04-17T19:44:09Z, family_name=Королев, iat=2025-04-17T18:44:09Z, email=passapdom@gmail.com}], Credentials=[PROTECTED], Authenticated=true, Details=WebAuthenticationDetails [RemoteIpAddress=0:0:0:0:0:0:0:1, SessionId=98762F650CCE78E7C409D2E917E9B42B], Granted Authorities=[OIDC_USER, SCOPE_https://www.googleapis.com/auth/userinfo.email, SCOPE_https://www.googleapis.com/auth/userinfo.profile, SCOPE_openid]]
2025-04-17 21:44:09 [http-nio-8080-exec-5] [INFO] r.k.a.c.MyCustomAuthenticationSuccessHandler - onAuthenticationSuccess os starting
2025-04-17 21:44:09 [http-nio-8080-exec-5] [INFO] r.k.a.s.users.MyUserDetailsService - registerUser in service is starting
2025-04-17 21:44:09 [http-nio-8080-exec-6] [DEBUG] o.s.security.web.FilterChainProxy - Securing GET /realty
2025-04-17 21:44:09 [http-nio-8080-exec-6] [DEBUG] o.s.s.w.c.HttpSessionSecurityContextRepository - Retrieved SecurityContextImpl [Authentication=OAuth2AuthenticationToken [Principal=Name: [107234087105093742255], Granted Authorities: [[OIDC_USER, SCOPE_https://www.googleapis.com/auth/userinfo.email, SCOPE_https://www.googleapis.com/auth/userinfo.profile, SCOPE_openid]], User Attributes: [{at_hash=p3YhWlYM2r3im2ZYGxHcCQ, sub=107234087105093742255, email_verified=true, iss=https://accounts.google.com, given_name=Павел, nonce=b8OhfnMYAlJFkcWuBj-bRhz1dNROMpY7wy6M3Sq0Eqo, picture=https://lh3.googleusercontent.com/a/ACg8ocJJoh9jonlTH61VWgvXCiXb0zCDjifGZZtZ30sCErS3N5ntDw=s96-c, aud=[909915657042-l07l5jl8r3v54r15k12hp7vev9dor6r7.apps.googleusercontent.com], azp=909915657042-l07l5jl8r3v54r15k12hp7vev9dor6r7.apps.googleusercontent.com, name=Павел Королев, exp=2025-04-17T19:44:09Z, family_name=Королев, iat=2025-04-17T18:44:09Z, email=passapdom@gmail.com}], Credentials=[PROTECTED], Authenticated=true, Details=WebAuthenticationDetails [RemoteIpAddress=0:0:0:0:0:0:0:1, SessionId=98762F650CCE78E7C409D2E917E9B42B], Granted Authorities=[OIDC_USER, SCOPE_https://www.googleapis.com/auth/userinfo.email, SCOPE_https://www.googleapis.com/auth/userinfo.profile, SCOPE_openid]]]
2025-04-17 21:44:09 [http-nio-8080-exec-6] [DEBUG] o.s.s.w.a.i.FilterSecurityInterceptor - Authorized filter invocation [GET /realty] with attributes [permitAll]
2025-04-17 21:44:09 [http-nio-8080-exec-6] [DEBUG] o.s.security.web.FilterChainProxy - Secured GET /realty
2025-04-17 21:44:09 [http-nio-8080-exec-6] [INFO] r.k.a.u.s.CheckAuthorizeService - checkAdmin is starting, principal: OAuth2AuthenticationToken [Principal=Name: [107234087105093742255], Granted Authorities: [[OIDC_USER, SCOPE_https://www.googleapis.com/auth/userinfo.email, SCOPE_https://www.googleapis.com/auth/userinfo.profile, SCOPE_openid]], User Attributes: [{at_hash=p3YhWlYM2r3im2ZYGxHcCQ, sub=107234087105093742255, email_verified=true, iss=https://accounts.google.com, given_name=Павел, nonce=b8OhfnMYAlJFkcWuBj-bRhz1dNROMpY7wy6M3Sq0Eqo, picture=https://lh3.googleusercontent.com/a/ACg8ocJJoh9jonlTH61VWgvXCiXb0zCDjifGZZtZ30sCErS3N5ntDw=s96-c, aud=[909915657042-l07l5jl8r3v54r15k12hp7vev9dor6r7.apps.googleusercontent.com], azp=909915657042-l07l5jl8r3v54r15k12hp7vev9dor6r7.apps.googleusercontent.com, name=Павел Королев, exp=2025-04-17T19:44:09Z, family_name=Королев, iat=2025-04-17T18:44:09Z, email=passapdom@gmail.com}], Credentials=[PROTECTED], Authenticated=true, Details=WebAuthenticationDetails [RemoteIpAddress=0:0:0:0:0:0:0:1, SessionId=98762F650CCE78E7C409D2E917E9B42B], Granted Authorities=[OIDC_USER, SCOPE_https://www.googleapis.com/auth/userinfo.email, SCOPE_https://www.googleapis.com/auth/userinfo.profile, SCOPE_openid]]
2025-04-17 21:44:09 [http-nio-8080-exec-6] [INFO] r.k.a.u.s.CheckAuthorizeService - checkAdmin: principal != null
2025-04-17 21:44:09 [http-nio-8080-exec-6] [INFO] r.k.a.u.s.CheckAuthorizeService - Principal is OAuth2AuthenticationToken
2025-04-17 21:44:09 [http-nio-8080-exec-6] [INFO] r.k.a.u.s.CheckAuthorizeService - Checking admin rights for email: passapdom@gmail.com
2025-04-17 21:44:09 [http-nio-8080-exec-6] [INFO] r.k.a.u.s.CheckAuthorizeService - User roles: [ADMIN]
2025-04-17 21:44:09 [http-nio-8080-exec-7] [DEBUG] o.s.security.web.FilterChainProxy - Securing GET /css/styles.css
2025-04-17 21:44:09 [http-nio-8080-exec-7] [DEBUG] o.s.s.w.c.HttpSessionSecurityContextRepository - Retrieved SecurityContextImpl [Authentication=OAuth2AuthenticationToken [Principal=Name: [107234087105093742255], Granted Authorities: [[OIDC_USER, SCOPE_https://www.googleapis.com/auth/userinfo.email, SCOPE_https://www.googleapis.com/auth/userinfo.profile, SCOPE_openid]], User Attributes: [{at_hash=p3YhWlYM2r3im2ZYGxHcCQ, sub=107234087105093742255, email_verified=true, iss=https://accounts.google.com, given_name=Павел, nonce=b8OhfnMYAlJFkcWuBj-bRhz1dNROMpY7wy6M3Sq0Eqo, picture=https://lh3.googleusercontent.com/a/ACg8ocJJoh9jonlTH61VWgvXCiXb0zCDjifGZZtZ30sCErS3N5ntDw=s96-c, aud=[909915657042-l07l5jl8r3v54r15k12hp7vev9dor6r7.apps.googleusercontent.com], azp=909915657042-l07l5jl8r3v54r15k12hp7vev9dor6r7.apps.googleusercontent.com, name=Павел Королев, exp=2025-04-17T19:44:09Z, family_name=Королев, iat=2025-04-17T18:44:09Z, email=passapdom@gmail.com}], Credentials=[PROTECTED], Authenticated=true, Details=WebAuthenticationDetails [RemoteIpAddress=0:0:0:0:0:0:0:1, SessionId=98762F650CCE78E7C409D2E917E9B42B], Granted Authorities=[OIDC_USER, SCOPE_https://www.googleapis.com/auth/userinfo.email, SCOPE_https://www.googleapis.com/auth/userinfo.profile, SCOPE_openid]]]
2025-04-17 21:44:09 [http-nio-8080-exec-7] [DEBUG] o.s.s.w.a.i.FilterSecurityInterceptor - Authorized filter invocation [GET /css/styles.css] with attributes [permitAll]
2025-04-17 21:44:09 [http-nio-8080-exec-7] [DEBUG] o.s.security.web.FilterChainProxy - Secured GET /css/styles.css
2025-04-17 21:44:09 [http-nio-8080-exec-8] [DEBUG] o.s.security.web.FilterChainProxy - Securing GET /img/logo_alliance.png
2025-04-17 21:44:09 [http-nio-8080-exec-8] [DEBUG] o.s.s.w.c.HttpSessionSecurityContextRepository - Retrieved SecurityContextImpl [Authentication=OAuth2AuthenticationToken [Principal=Name: [107234087105093742255], Granted Authorities: [[OIDC_USER, SCOPE_https://www.googleapis.com/auth/userinfo.email, SCOPE_https://www.googleapis.com/auth/userinfo.profile, SCOPE_openid]], User Attributes: [{at_hash=p3YhWlYM2r3im2ZYGxHcCQ, sub=107234087105093742255, email_verified=true, iss=https://accounts.google.com, given_name=Павел, nonce=b8OhfnMYAlJFkcWuBj-bRhz1dNROMpY7wy6M3Sq0Eqo, picture=https://lh3.googleusercontent.com/a/ACg8ocJJoh9jonlTH61VWgvXCiXb0zCDjifGZZtZ30sCErS3N5ntDw=s96-c, aud=[909915657042-l07l5jl8r3v54r15k12hp7vev9dor6r7.apps.googleusercontent.com], azp=909915657042-l07l5jl8r3v54r15k12hp7vev9dor6r7.apps.googleusercontent.com, name=Павел Королев, exp=2025-04-17T19:44:09Z, family_name=Королев, iat=2025-04-17T18:44:09Z, email=passapdom@gmail.com}], Credentials=[PROTECTED], Authenticated=true, Details=WebAuthenticationDetails [RemoteIpAddress=0:0:0:0:0:0:0:1, SessionId=98762F650CCE78E7C409D2E917E9B42B], Granted Authorities=[OIDC_USER, SCOPE_https://www.googleapis.com/auth/userinfo.email, SCOPE_https://www.googleapis.com/auth/userinfo.profile, SCOPE_openid]]]
2025-04-17 21:44:09 [http-nio-8080-exec-8] [DEBUG] o.s.s.w.a.i.FilterSecurityInterceptor - Authorized filter invocation [GET /img/logo_alliance.png] with attributes [permitAll]
2025-04-17 21:44:09 [http-nio-8080-exec-8] [DEBUG] o.s.security.web.FilterChainProxy - Secured GET /img/logo_alliance.png
2025-04-17 21:44:09 [http-nio-8080-exec-9] [DEBUG] o.s.security.web.FilterChainProxy - Securing GET /img/agency.jpg
2025-04-17 21:44:09 [http-nio-8080-exec-1] [DEBUG] o.s.security.web.FilterChainProxy - Securing GET /images/placeholder.jpg
2025-04-17 21:44:09 [http-nio-8080-exec-2] [DEBUG] o.s.security.web.FilterChainProxy - Securing GET /images/advertisementSale/f59acdf2-baf6-4bc0-b36b-35e41bacd18b_photo_2024-12-23_22-17-54.jpg
2025-04-17 21:44:09 [http-nio-8080-exec-10] [DEBUG] o.s.security.web.FilterChainProxy - Securing GET /images/advertisementSale/d4315efc-c703-4501-a94b-81ff7ce200a0_photo_2024-12-23_22-17-59.jpg
2025-04-17 21:44:09 [http-nio-8080-exec-1] [DEBUG] o.s.s.w.c.HttpSessionSecurityContextRepository - Retrieved SecurityContextImpl [Authentication=OAuth2AuthenticationToken [Principal=Name: [107234087105093742255], Granted Authorities: [[OIDC_USER, SCOPE_https://www.googleapis.com/auth/userinfo.email, SCOPE_https://www.googleapis.com/auth/userinfo.profile, SCOPE_openid]], User Attributes: [{at_hash=p3YhWlYM2r3im2ZYGxHcCQ, sub=107234087105093742255, email_verified=true, iss=https://accounts.google.com, given_name=Павел, nonce=b8OhfnMYAlJFkcWuBj-bRhz1dNROMpY7wy6M3Sq0Eqo, picture=https://lh3.googleusercontent.com/a/ACg8ocJJoh9jonlTH61VWgvXCiXb0zCDjifGZZtZ30sCErS3N5ntDw=s96-c, aud=[909915657042-l07l5jl8r3v54r15k12hp7vev9dor6r7.apps.googleusercontent.com], azp=909915657042-l07l5jl8r3v54r15k12hp7vev9dor6r7.apps.googleusercontent.com, name=Павел Королев, exp=2025-04-17T19:44:09Z, family_name=Королев, iat=2025-04-17T18:44:09Z, email=passapdom@gmail.com}], Credentials=[PROTECTED], Authenticated=true, Details=WebAuthenticationDetails [RemoteIpAddress=0:0:0:0:0:0:0:1, SessionId=98762F650CCE78E7C409D2E917E9B42B], Granted Authorities=[OIDC_USER, SCOPE_https://www.googleapis.com/auth/userinfo.email, SCOPE_https://www.googleapis.com/auth/userinfo.profile, SCOPE_openid]]]
2025-04-17 21:44:09 [http-nio-8080-exec-9] [DEBUG] o.s.s.w.c.HttpSessionSecurityContextRepository - Retrieved SecurityContextImpl [Authentication=OAuth2AuthenticationToken [Principal=Name: [107234087105093742255], Granted Authorities: [[OIDC_USER, SCOPE_https://www.googleapis.com/auth/userinfo.email, SCOPE_https://www.googleapis.com/auth/userinfo.profile, SCOPE_openid]], User Attributes: [{at_hash=p3YhWlYM2r3im2ZYGxHcCQ, sub=107234087105093742255, email_verified=true, iss=https://accounts.google.com, given_name=Павел, nonce=b8OhfnMYAlJFkcWuBj-bRhz1dNROMpY7wy6M3Sq0Eqo, picture=https://lh3.googleusercontent.com/a/ACg8ocJJoh9jonlTH61VWgvXCiXb0zCDjifGZZtZ30sCErS3N5ntDw=s96-c, aud=[909915657042-l07l5jl8r3v54r15k12hp7vev9dor6r7.apps.googleusercontent.com], azp=909915657042-l07l5jl8r3v54r15k12hp7vev9dor6r7.apps.googleusercontent.com, name=Павел Королев, exp=2025-04-17T19:44:09Z, family_name=Королев, iat=2025-04-17T18:44:09Z, email=passapdom@gmail.com}], Credentials=[PROTECTED], Authenticated=true, Details=WebAuthenticationDetails [RemoteIpAddress=0:0:0:0:0:0:0:1, SessionId=98762F650CCE78E7C409D2E917E9B42B], Granted Authorities=[OIDC_USER, SCOPE_https://www.googleapis.com/auth/userinfo.email, SCOPE_https://www.googleapis.com/auth/userinfo.profile, SCOPE_openid]]]
2025-04-17 21:44:09 [http-nio-8080-exec-1] [DEBUG] o.s.s.w.a.i.FilterSecurityInterceptor - Authorized filter invocation [GET /images/placeholder.jpg] with attributes [permitAll]
2025-04-17 21:44:09 [http-nio-8080-exec-9] [DEBUG] o.s.s.w.a.i.FilterSecurityInterceptor - Authorized filter invocation [GET /img/agency.jpg] with attributes [permitAll]
2025-04-17 21:44:09 [http-nio-8080-exec-2] [DEBUG] o.s.s.w.c.HttpSessionSecurityContextRepository - Retrieved SecurityContextImpl [Authentication=OAuth2AuthenticationToken [Principal=Name: [107234087105093742255], Granted Authorities: [[OIDC_USER, SCOPE_https://www.googleapis.com/auth/userinfo.email, SCOPE_https://www.googleapis.com/auth/userinfo.profile, SCOPE_openid]], User Attributes: [{at_hash=p3YhWlYM2r3im2ZYGxHcCQ, sub=107234087105093742255, email_verified=true, iss=https://accounts.google.com, given_name=Павел, nonce=b8OhfnMYAlJFkcWuBj-bRhz1dNROMpY7wy6M3Sq0Eqo, picture=https://lh3.googleusercontent.com/a/ACg8ocJJoh9jonlTH61VWgvXCiXb0zCDjifGZZtZ30sCErS3N5ntDw=s96-c, aud=[909915657042-l07l5jl8r3v54r15k12hp7vev9dor6r7.apps.googleusercontent.com], azp=909915657042-l07l5jl8r3v54r15k12hp7vev9dor6r7.apps.googleusercontent.com, name=Павел Королев, exp=2025-04-17T19:44:09Z, family_name=Королев, iat=2025-04-17T18:44:09Z, email=passapdom@gmail.com}], Credentials=[PROTECTED], Authenticated=true, Details=WebAuthenticationDetails [RemoteIpAddress=0:0:0:0:0:0:0:1, SessionId=98762F650CCE78E7C409D2E917E9B42B], Granted Authorities=[OIDC_USER, SCOPE_https://www.googleapis.com/auth/userinfo.email, SCOPE_https://www.googleapis.com/auth/userinfo.profile, SCOPE_openid]]]
2025-04-17 21:44:09 [http-nio-8080-exec-2] [DEBUG] o.s.s.w.a.i.FilterSecurityInterceptor - Authorized filter invocation [GET /images/advertisementSale/f59acdf2-baf6-4bc0-b36b-35e41bacd18b_photo_2024-12-23_22-17-54.jpg] with attributes [permitAll]
2025-04-17 21:44:09 [http-nio-8080-exec-1] [DEBUG] o.s.security.web.FilterChainProxy - Secured GET /images/placeholder.jpg
2025-04-17 21:44:09 [http-nio-8080-exec-9] [DEBUG] o.s.security.web.FilterChainProxy - Secured GET /img/agency.jpg
2025-04-17 21:44:09 [http-nio-8080-exec-2] [DEBUG] o.s.security.web.FilterChainProxy - Secured GET /images/advertisementSale/f59acdf2-baf6-4bc0-b36b-35e41bacd18b_photo_2024-12-23_22-17-54.jpg
2025-04-17 21:44:09 [http-nio-8080-exec-10] [DEBUG] o.s.s.w.c.HttpSessionSecurityContextRepository - Retrieved SecurityContextImpl [Authentication=OAuth2AuthenticationToken [Principal=Name: [107234087105093742255], Granted Authorities: [[OIDC_USER, SCOPE_https://www.googleapis.com/auth/userinfo.email, SCOPE_https://www.googleapis.com/auth/userinfo.profile, SCOPE_openid]], User Attributes: [{at_hash=p3YhWlYM2r3im2ZYGxHcCQ, sub=107234087105093742255, email_verified=true, iss=https://accounts.google.com, given_name=Павел, nonce=b8OhfnMYAlJFkcWuBj-bRhz1dNROMpY7wy6M3Sq0Eqo, picture=https://lh3.googleusercontent.com/a/ACg8ocJJoh9jonlTH61VWgvXCiXb0zCDjifGZZtZ30sCErS3N5ntDw=s96-c, aud=[909915657042-l07l5jl8r3v54r15k12hp7vev9dor6r7.apps.googleusercontent.com], azp=909915657042-l07l5jl8r3v54r15k12hp7vev9dor6r7.apps.googleusercontent.com, name=Павел Королев, exp=2025-04-17T19:44:09Z, family_name=Королев, iat=2025-04-17T18:44:09Z, email=passapdom@gmail.com}], Credentials=[PROTECTED], Authenticated=true, Details=WebAuthenticationDetails [RemoteIpAddress=0:0:0:0:0:0:0:1, SessionId=98762F650CCE78E7C409D2E917E9B42B], Granted Authorities=[OIDC_USER, SCOPE_https://www.googleapis.com/auth/userinfo.email, SCOPE_https://www.googleapis.com/auth/userinfo.profile, SCOPE_openid]]]
2025-04-17 21:44:09 [http-nio-8080-exec-10] [DEBUG] o.s.s.w.a.i.FilterSecurityInterceptor - Authorized filter invocation [GET /images/advertisementSale/d4315efc-c703-4501-a94b-81ff7ce200a0_photo_2024-12-23_22-17-59.jpg] with attributes [permitAll]
2025-04-17 21:44:09 [http-nio-8080-exec-10] [DEBUG] o.s.security.web.FilterChainProxy - Secured GET /images/advertisementSale/d4315efc-c703-4501-a94b-81ff7ce200a0_photo_2024-12-23_22-17-59.jpg
2025-04-17 21:44:09 [http-nio-8080-exec-3] [DEBUG] o.s.security.web.FilterChainProxy - Securing GET /images/advertisementSale/199952c8-f50d-4f4d-bedc-5c44f013ee64_Снимок экрана (6).png
2025-04-17 21:44:09 [http-nio-8080-exec-3] [DEBUG] o.s.s.w.c.HttpSessionSecurityContextRepository - Retrieved SecurityContextImpl [Authentication=OAuth2AuthenticationToken [Principal=Name: [107234087105093742255], Granted Authorities: [[OIDC_USER, SCOPE_https://www.googleapis.com/auth/userinfo.email, SCOPE_https://www.googleapis.com/auth/userinfo.profile, SCOPE_openid]], User Attributes: [{at_hash=p3YhWlYM2r3im2ZYGxHcCQ, sub=107234087105093742255, email_verified=true, iss=https://accounts.google.com, given_name=Павел, nonce=b8OhfnMYAlJFkcWuBj-bRhz1dNROMpY7wy6M3Sq0Eqo, picture=https://lh3.googleusercontent.com/a/ACg8ocJJoh9jonlTH61VWgvXCiXb0zCDjifGZZtZ30sCErS3N5ntDw=s96-c, aud=[909915657042-l07l5jl8r3v54r15k12hp7vev9dor6r7.apps.googleusercontent.com], azp=909915657042-l07l5jl8r3v54r15k12hp7vev9dor6r7.apps.googleusercontent.com, name=Павел Королев, exp=2025-04-17T19:44:09Z, family_name=Королев, iat=2025-04-17T18:44:09Z, email=passapdom@gmail.com}], Credentials=[PROTECTED], Authenticated=true, Details=WebAuthenticationDetails [RemoteIpAddress=0:0:0:0:0:0:0:1, SessionId=98762F650CCE78E7C409D2E917E9B42B], Granted Authorities=[OIDC_USER, SCOPE_https://www.googleapis.com/auth/userinfo.email, SCOPE_https://www.googleapis.com/auth/userinfo.profile, SCOPE_openid]]]
2025-04-17 21:44:09 [http-nio-8080-exec-4] [DEBUG] o.s.security.web.FilterChainProxy - Securing GET /images/advertisementSale/0dab0807-9cf3-481e-9749-99e44f837125_photo_2024-12-23_22-18-04.jpg
2025-04-17 21:44:09 [http-nio-8080-exec-3] [DEBUG] o.s.s.w.a.i.FilterSecurityInterceptor - Authorized filter invocation [GET /images/advertisementSale/199952c8-f50d-4f4d-bedc-5c44f013ee64_Снимок экрана (6).png] with attributes [permitAll]
2025-04-17 21:44:09 [http-nio-8080-exec-5] [DEBUG] o.s.security.web.FilterChainProxy - Securing GET /images/advertisementSale/8712f027-90a6-4f31-aeed-9b8fbd323086_Снимок экрана (8).png
2025-04-17 21:44:09 [http-nio-8080-exec-7] [DEBUG] o.s.security.web.FilterChainProxy - Securing GET /images/advertisementSale/76d213ca-dba5-4b57-88f5-b6b4129f212e_photo_2024-12-23_22-17-54.jpg
2025-04-17 21:44:09 [http-nio-8080-exec-3] [DEBUG] o.s.security.web.FilterChainProxy - Secured GET /images/advertisementSale/199952c8-f50d-4f4d-bedc-5c44f013ee64_Снимок экрана (6).png
2025-04-17 21:44:09 [http-nio-8080-exec-4] [DEBUG] o.s.s.w.c.HttpSessionSecurityContextRepository - Retrieved SecurityContextImpl [Authentication=OAuth2AuthenticationToken [Principal=Name: [107234087105093742255], Granted Authorities: [[OIDC_USER, SCOPE_https://www.googleapis.com/auth/userinfo.email, SCOPE_https://www.googleapis.com/auth/userinfo.profile, SCOPE_openid]], User Attributes: [{at_hash=p3YhWlYM2r3im2ZYGxHcCQ, sub=107234087105093742255, email_verified=true, iss=https://accounts.google.com, given_name=Павел, nonce=b8OhfnMYAlJFkcWuBj-bRhz1dNROMpY7wy6M3Sq0Eqo, picture=https://lh3.googleusercontent.com/a/ACg8ocJJoh9jonlTH61VWgvXCiXb0zCDjifGZZtZ30sCErS3N5ntDw=s96-c, aud=[909915657042-l07l5jl8r3v54r15k12hp7vev9dor6r7.apps.googleusercontent.com], azp=909915657042-l07l5jl8r3v54r15k12hp7vev9dor6r7.apps.googleusercontent.com, name=Павел Королев, exp=2025-04-17T19:44:09Z, family_name=Королев, iat=2025-04-17T18:44:09Z, email=passapdom@gmail.com}], Credentials=[PROTECTED], Authenticated=true, Details=WebAuthenticationDetails [RemoteIpAddress=0:0:0:0:0:0:0:1, SessionId=98762F650CCE78E7C409D2E917E9B42B], Granted Authorities=[OIDC_USER, SCOPE_https://www.googleapis.com/auth/userinfo.email, SCOPE_https://www.googleapis.com/auth/userinfo.profile, SCOPE_openid]]]
2025-04-17 21:44:09 [http-nio-8080-exec-4] [DEBUG] o.s.s.w.a.i.FilterSecurityInterceptor - Authorized filter invocation [GET /images/advertisementSale/0dab0807-9cf3-481e-9749-99e44f837125_photo_2024-12-23_22-18-04.jpg] with attributes [permitAll]
2025-04-17 21:44:09 [http-nio-8080-exec-5] [DEBUG] o.s.s.w.c.HttpSessionSecurityContextRepository - Retrieved SecurityContextImpl [Authentication=OAuth2AuthenticationToken [Principal=Name: [107234087105093742255], Granted Authorities: [[OIDC_USER, SCOPE_https://www.googleapis.com/auth/userinfo.email, SCOPE_https://www.googleapis.com/auth/userinfo.profile, SCOPE_openid]], User Attributes: [{at_hash=p3YhWlYM2r3im2ZYGxHcCQ, sub=107234087105093742255, email_verified=true, iss=https://accounts.google.com, given_name=Павел, nonce=b8OhfnMYAlJFkcWuBj-bRhz1dNROMpY7wy6M3Sq0Eqo, picture=https://lh3.googleusercontent.com/a/ACg8ocJJoh9jonlTH61VWgvXCiXb0zCDjifGZZtZ30sCErS3N5ntDw=s96-c, aud=[909915657042-l07l5jl8r3v54r15k12hp7vev9dor6r7.apps.googleusercontent.com], azp=909915657042-l07l5jl8r3v54r15k12hp7vev9dor6r7.apps.googleusercontent.com, name=Павел Королев, exp=2025-04-17T19:44:09Z, family_name=Королев, iat=2025-04-17T18:44:09Z, email=passapdom@gmail.com}], Credentials=[PROTECTED], Authenticated=true, Details=WebAuthenticationDetails [RemoteIpAddress=0:0:0:0:0:0:0:1, SessionId=98762F650CCE78E7C409D2E917E9B42B], Granted Authorities=[OIDC_USER, SCOPE_https://www.googleapis.com/auth/userinfo.email, SCOPE_https://www.googleapis.com/auth/userinfo.profile, SCOPE_openid]]]
2025-04-17 21:44:09 [http-nio-8080-exec-7] [DEBUG] o.s.s.w.c.HttpSessionSecurityContextRepository - Retrieved SecurityContextImpl [Authentication=OAuth2AuthenticationToken [Principal=Name: [107234087105093742255], Granted Authorities: [[OIDC_USER, SCOPE_https://www.googleapis.com/auth/userinfo.email, SCOPE_https://www.googleapis.com/auth/userinfo.profile, SCOPE_openid]], User Attributes: [{at_hash=p3YhWlYM2r3im2ZYGxHcCQ, sub=107234087105093742255, email_verified=true, iss=https://accounts.google.com, given_name=Павел, nonce=b8OhfnMYAlJFkcWuBj-bRhz1dNROMpY7wy6M3Sq0Eqo, picture=https://lh3.googleusercontent.com/a/ACg8ocJJoh9jonlTH61VWgvXCiXb0zCDjifGZZtZ30sCErS3N5ntDw=s96-c, aud=[909915657042-l07l5jl8r3v54r15k12hp7vev9dor6r7.apps.googleusercontent.com], azp=909915657042-l07l5jl8r3v54r15k12hp7vev9dor6r7.apps.googleusercontent.com, name=Павел Королев, exp=2025-04-17T19:44:09Z, family_name=Королев, iat=2025-04-17T18:44:09Z, email=passapdom@gmail.com}], Credentials=[PROTECTED], Authenticated=true, Details=WebAuthenticationDetails [RemoteIpAddress=0:0:0:0:0:0:0:1, SessionId=98762F650CCE78E7C409D2E917E9B42B], Granted Authorities=[OIDC_USER, SCOPE_https://www.googleapis.com/auth/userinfo.email, SCOPE_https://www.googleapis.com/auth/userinfo.profile, SCOPE_openid]]]
2025-04-17 21:44:09 [http-nio-8080-exec-4] [DEBUG] o.s.security.web.FilterChainProxy - Secured GET /images/advertisementSale/0dab0807-9cf3-481e-9749-99e44f837125_photo_2024-12-23_22-18-04.jpg
2025-04-17 21:44:09 [http-nio-8080-exec-5] [DEBUG] o.s.s.w.a.i.FilterSecurityInterceptor - Authorized filter invocation [GET /images/advertisementSale/8712f027-90a6-4f31-aeed-9b8fbd323086_Снимок экрана (8).png] with attributes [permitAll]
2025-04-17 21:44:09 [http-nio-8080-exec-7] [DEBUG] o.s.s.w.a.i.FilterSecurityInterceptor - Authorized filter invocation [GET /images/advertisementSale/76d213ca-dba5-4b57-88f5-b6b4129f212e_photo_2024-12-23_22-17-54.jpg] with attributes [permitAll]
2025-04-17 21:44:09 [http-nio-8080-exec-5] [DEBUG] o.s.security.web.FilterChainProxy - Secured GET /images/advertisementSale/8712f027-90a6-4f31-aeed-9b8fbd323086_Снимок экрана (8).png
2025-04-17 21:44:09 [http-nio-8080-exec-7] [DEBUG] o.s.security.web.FilterChainProxy - Secured GET /images/advertisementSale/76d213ca-dba5-4b57-88f5-b6b4129f212e_photo_2024-12-23_22-17-54.jpg
2025-04-17 21:44:09 [http-nio-8080-exec-2] [DEBUG] o.s.security.web.FilterChainProxy - Securing GET /images/advertisementSale/770d16f9-e061-46fc-94e4-17e8e3e3588a_photo_2024-12-23_22-18-11.jpg
2025-04-17 21:44:09 [http-nio-8080-exec-8] [DEBUG] o.s.security.web.FilterChainProxy - Securing GET /images/advertisementSale/0673bdb4-3423-44e8-8636-a66497d7ab52_photo_2024-12-23_22-18-01.jpg
2025-04-17 21:44:09 [http-nio-8080-exec-6] [DEBUG] o.s.security.web.FilterChainProxy - Securing GET /images/advertisementSale/f11f04c5-71bc-4048-ad70-323ba1188611_Снимок экрана (2).png
2025-04-17 21:44:09 [http-nio-8080-exec-2] [DEBUG] o.s.s.w.c.HttpSessionSecurityContextRepository - Retrieved SecurityContextImpl [Authentication=OAuth2AuthenticationToken [Principal=Name: [107234087105093742255], Granted Authorities: [[OIDC_USER, SCOPE_https://www.googleapis.com/auth/userinfo.email, SCOPE_https://www.googleapis.com/auth/userinfo.profile, SCOPE_openid]], User Attributes: [{at_hash=p3YhWlYM2r3im2ZYGxHcCQ, sub=107234087105093742255, email_verified=true, iss=https://accounts.google.com, given_name=Павел, nonce=b8OhfnMYAlJFkcWuBj-bRhz1dNROMpY7wy6M3Sq0Eqo, picture=https://lh3.googleusercontent.com/a/ACg8ocJJoh9jonlTH61VWgvXCiXb0zCDjifGZZtZ30sCErS3N5ntDw=s96-c, aud=[909915657042-l07l5jl8r3v54r15k12hp7vev9dor6r7.apps.googleusercontent.com], azp=909915657042-l07l5jl8r3v54r15k12hp7vev9dor6r7.apps.googleusercontent.com, name=Павел Королев, exp=2025-04-17T19:44:09Z, family_name=Королев, iat=2025-04-17T18:44:09Z, email=passapdom@gmail.com}], Credentials=[PROTECTED], Authenticated=true, Details=WebAuthenticationDetails [RemoteIpAddress=0:0:0:0:0:0:0:1, SessionId=98762F650CCE78E7C409D2E917E9B42B], Granted Authorities=[OIDC_USER, SCOPE_https://www.googleapis.com/auth/userinfo.email, SCOPE_https://www.googleapis.com/auth/userinfo.profile, SCOPE_openid]]]
2025-04-17 21:44:09 [http-nio-8080-exec-6] [DEBUG] o.s.s.w.c.HttpSessionSecurityContextRepository - Retrieved SecurityContextImpl [Authentication=OAuth2AuthenticationToken [Principal=Name: [107234087105093742255], Granted Authorities: [[OIDC_USER, SCOPE_https://www.googleapis.com/auth/userinfo.email, SCOPE_https://www.googleapis.com/auth/userinfo.profile, SCOPE_openid]], User Attributes: [{at_hash=p3YhWlYM2r3im2ZYGxHcCQ, sub=107234087105093742255, email_verified=true, iss=https://accounts.google.com, given_name=Павел, nonce=b8OhfnMYAlJFkcWuBj-bRhz1dNROMpY7wy6M3Sq0Eqo, picture=https://lh3.googleusercontent.com/a/ACg8ocJJoh9jonlTH61VWgvXCiXb0zCDjifGZZtZ30sCErS3N5ntDw=s96-c, aud=[909915657042-l07l5jl8r3v54r15k12hp7vev9dor6r7.apps.googleusercontent.com], azp=909915657042-l07l5jl8r3v54r15k12hp7vev9dor6r7.apps.googleusercontent.com, name=Павел Королев, exp=2025-04-17T19:44:09Z, family_name=Королев, iat=2025-04-17T18:44:09Z, email=passapdom@gmail.com}], Credentials=[PROTECTED], Authenticated=true, Details=WebAuthenticationDetails [RemoteIpAddress=0:0:0:0:0:0:0:1, SessionId=98762F650CCE78E7C409D2E917E9B42B], Granted Authorities=[OIDC_USER, SCOPE_https://www.googleapis.com/auth/userinfo.email, SCOPE_https://www.googleapis.com/auth/userinfo.profile, SCOPE_openid]]]
2025-04-17 21:44:09 [http-nio-8080-exec-8] [DEBUG] o.s.s.w.c.HttpSessionSecurityContextRepository - Retrieved SecurityContextImpl [Authentication=OAuth2AuthenticationToken [Principal=Name: [107234087105093742255], Granted Authorities: [[OIDC_USER, SCOPE_https://www.googleapis.com/auth/userinfo.email, SCOPE_https://www.googleapis.com/auth/userinfo.profile, SCOPE_openid]], User Attributes: [{at_hash=p3YhWlYM2r3im2ZYGxHcCQ, sub=107234087105093742255, email_verified=true, iss=https://accounts.google.com, given_name=Павел, nonce=b8OhfnMYAlJFkcWuBj-bRhz1dNROMpY7wy6M3Sq0Eqo, picture=https://lh3.googleusercontent.com/a/ACg8ocJJoh9jonlTH61VWgvXCiXb0zCDjifGZZtZ30sCErS3N5ntDw=s96-c, aud=[909915657042-l07l5jl8r3v54r15k12hp7vev9dor6r7.apps.googleusercontent.com], azp=909915657042-l07l5jl8r3v54r15k12hp7vev9dor6r7.apps.googleusercontent.com, name=Павел Королев, exp=2025-04-17T19:44:09Z, family_name=Королев, iat=2025-04-17T18:44:09Z, email=passapdom@gmail.com}], Credentials=[PROTECTED], Authenticated=true, Details=WebAuthenticationDetails [RemoteIpAddress=0:0:0:0:0:0:0:1, SessionId=98762F650CCE78E7C409D2E917E9B42B], Granted Authorities=[OIDC_USER, SCOPE_https://www.googleapis.com/auth/userinfo.email, SCOPE_https://www.googleapis.com/auth/userinfo.profile, SCOPE_openid]]]
2025-04-17 21:44:09 [http-nio-8080-exec-1] [DEBUG] o.s.security.web.FilterChainProxy - Securing GET /error
2025-04-17 21:44:09 [http-nio-8080-exec-2] [DEBUG] o.s.s.w.a.i.FilterSecurityInterceptor - Authorized filter invocation [GET /images/advertisementSale/770d16f9-e061-46fc-94e4-17e8e3e3588a_photo_2024-12-23_22-18-11.jpg] with attributes [permitAll]
2025-04-17 21:44:09 [http-nio-8080-exec-6] [DEBUG] o.s.s.w.a.i.FilterSecurityInterceptor - Authorized filter invocation [GET /images/advertisementSale/f11f04c5-71bc-4048-ad70-323ba1188611_Снимок экрана (2).png] with attributes [permitAll]
2025-04-17 21:44:09 [http-nio-8080-exec-8] [DEBUG] o.s.s.w.a.i.FilterSecurityInterceptor - Authorized filter invocation [GET /images/advertisementSale/0673bdb4-3423-44e8-8636-a66497d7ab52_photo_2024-12-23_22-18-01.jpg] with attributes [permitAll]
2025-04-17 21:44:09 [http-nio-8080-exec-2] [DEBUG] o.s.security.web.FilterChainProxy - Secured GET /images/advertisementSale/770d16f9-e061-46fc-94e4-17e8e3e3588a_photo_2024-12-23_22-18-11.jpg
2025-04-17 21:44:09 [http-nio-8080-exec-6] [DEBUG] o.s.security.web.FilterChainProxy - Secured GET /images/advertisementSale/f11f04c5-71bc-4048-ad70-323ba1188611_Снимок экрана (2).png
2025-04-17 21:44:09 [http-nio-8080-exec-8] [DEBUG] o.s.security.web.FilterChainProxy - Secured GET /images/advertisementSale/0673bdb4-3423-44e8-8636-a66497d7ab52_photo_2024-12-23_22-18-01.jpg
2025-04-17 21:44:09 [http-nio-8080-exec-9] [DEBUG] o.s.security.web.FilterChainProxy - Securing GET /images/advertisementSale/15c13dfd-2da8-4565-ae8d-d9857bb9f550_photo_2024-12-23_22-17-54.jpg
2025-04-17 21:44:09 [http-nio-8080-exec-1] [DEBUG] o.s.s.w.c.HttpSessionSecurityContextRepository - Retrieved SecurityContextImpl [Authentication=OAuth2AuthenticationToken [Principal=Name: [107234087105093742255], Granted Authorities: [[OIDC_USER, SCOPE_https://www.googleapis.com/auth/userinfo.email, SCOPE_https://www.googleapis.com/auth/userinfo.profile, SCOPE_openid]], User Attributes: [{at_hash=p3YhWlYM2r3im2ZYGxHcCQ, sub=107234087105093742255, email_verified=true, iss=https://accounts.google.com, given_name=Павел, nonce=b8OhfnMYAlJFkcWuBj-bRhz1dNROMpY7wy6M3Sq0Eqo, picture=https://lh3.googleusercontent.com/a/ACg8ocJJoh9jonlTH61VWgvXCiXb0zCDjifGZZtZ30sCErS3N5ntDw=s96-c, aud=[909915657042-l07l5jl8r3v54r15k12hp7vev9dor6r7.apps.googleusercontent.com], azp=909915657042-l07l5jl8r3v54r15k12hp7vev9dor6r7.apps.googleusercontent.com, name=Павел Королев, exp=2025-04-17T19:44:09Z, family_name=Королев, iat=2025-04-17T18:44:09Z, email=passapdom@gmail.com}], Credentials=[PROTECTED], Authenticated=true, Details=WebAuthenticationDetails [RemoteIpAddress=0:0:0:0:0:0:0:1, SessionId=98762F650CCE78E7C409D2E917E9B42B], Granted Authorities=[OIDC_USER, SCOPE_https://www.googleapis.com/auth/userinfo.email, SCOPE_https://www.googleapis.com/auth/userinfo.profile, SCOPE_openid]]]
2025-04-17 21:44:09 [http-nio-8080-exec-1] [DEBUG] o.s.s.w.a.i.FilterSecurityInterceptor - Authorized filter invocation [GET /error] with attributes [permitAll]
2025-04-17 21:44:09 [http-nio-8080-exec-1] [DEBUG] o.s.security.web.FilterChainProxy - Secured GET /error
2025-04-17 21:44:09 [http-nio-8080-exec-9] [DEBUG] o.s.s.w.c.HttpSessionSecurityContextRepository - Retrieved SecurityContextImpl [Authentication=OAuth2AuthenticationToken [Principal=Name: [107234087105093742255], Granted Authorities: [[OIDC_USER, SCOPE_https://www.googleapis.com/auth/userinfo.email, SCOPE_https://www.googleapis.com/auth/userinfo.profile, SCOPE_openid]], User Attributes: [{at_hash=p3YhWlYM2r3im2ZYGxHcCQ, sub=107234087105093742255, email_verified=true, iss=https://accounts.google.com, given_name=Павел, nonce=b8OhfnMYAlJFkcWuBj-bRhz1dNROMpY7wy6M3Sq0Eqo, picture=https://lh3.googleusercontent.com/a/ACg8ocJJoh9jonlTH61VWgvXCiXb0zCDjifGZZtZ30sCErS3N5ntDw=s96-c, aud=[909915657042-l07l5jl8r3v54r15k12hp7vev9dor6r7.apps.googleusercontent.com], azp=909915657042-l07l5jl8r3v54r15k12hp7vev9dor6r7.apps.googleusercontent.com, name=Павел Королев, exp=2025-04-17T19:44:09Z, family_name=Королев, iat=2025-04-17T18:44:09Z, email=passapdom@gmail.com}], Credentials=[PROTECTED], Authenticated=true, Details=WebAuthenticationDetails [RemoteIpAddress=0:0:0:0:0:0:0:1, SessionId=98762F650CCE78E7C409D2E917E9B42B], Granted Authorities=[OIDC_USER, SCOPE_https://www.googleapis.com/auth/userinfo.email, SCOPE_https://www.googleapis.com/auth/userinfo.profile, SCOPE_openid]]]
2025-04-17 21:44:09 [http-nio-8080-exec-9] [DEBUG] o.s.s.w.a.i.FilterSecurityInterceptor - Authorized filter invocation [GET /images/advertisementSale/15c13dfd-2da8-4565-ae8d-d9857bb9f550_photo_2024-12-23_22-17-54.jpg] with attributes [permitAll]
2025-04-17 21:44:09 [http-nio-8080-exec-9] [DEBUG] o.s.security.web.FilterChainProxy - Secured GET /images/advertisementSale/15c13dfd-2da8-4565-ae8d-d9857bb9f550_photo_2024-12-23_22-17-54.jpg
2025-04-17 21:44:09 [http-nio-8080-exec-10] [DEBUG] o.s.security.web.FilterChainProxy - Securing GET /images/advertisementSale/6d439031-8c11-4cfd-9007-7047bd94ec62_photo_2024-12-23_22-18-10.jpg
2025-04-17 21:44:09 [http-nio-8080-exec-4] [DEBUG] o.s.security.web.FilterChainProxy - Securing GET /images/advertisementSale/2703da27-c848-4e9d-a261-4d33ee79f79c_photo_2024-12-23_22-17-59.jpg
2025-04-17 21:44:09 [http-nio-8080-exec-7] [DEBUG] o.s.security.web.FilterChainProxy - Securing GET /images/advertisementSale/e63bba72-f8b1-4ec8-b621-657fbcd7b1e3_kozelsk.jpg
2025-04-17 21:44:09 [http-nio-8080-exec-10] [DEBUG] o.s.s.w.c.HttpSessionSecurityContextRepository - Retrieved SecurityContextImpl [Authentication=OAuth2AuthenticationToken [Principal=Name: [107234087105093742255], Granted Authorities: [[OIDC_USER, SCOPE_https://www.googleapis.com/auth/userinfo.email, SCOPE_https://www.googleapis.com/auth/userinfo.profile, SCOPE_openid]], User Attributes: [{at_hash=p3YhWlYM2r3im2ZYGxHcCQ, sub=107234087105093742255, email_verified=true, iss=https://accounts.google.com, given_name=Павел, nonce=b8OhfnMYAlJFkcWuBj-bRhz1dNROMpY7wy6M3Sq0Eqo, picture=https://lh3.googleusercontent.com/a/ACg8ocJJoh9jonlTH61VWgvXCiXb0zCDjifGZZtZ30sCErS3N5ntDw=s96-c, aud=[909915657042-l07l5jl8r3v54r15k12hp7vev9dor6r7.apps.googleusercontent.com], azp=909915657042-l07l5jl8r3v54r15k12hp7vev9dor6r7.apps.googleusercontent.com, name=Павел Королев, exp=2025-04-17T19:44:09Z, family_name=Королев, iat=2025-04-17T18:44:09Z, email=passapdom@gmail.com}], Credentials=[PROTECTED], Authenticated=true, Details=WebAuthenticationDetails [RemoteIpAddress=0:0:0:0:0:0:0:1, SessionId=98762F650CCE78E7C409D2E917E9B42B], Granted Authorities=[OIDC_USER, SCOPE_https://www.googleapis.com/auth/userinfo.email, SCOPE_https://www.googleapis.com/auth/userinfo.profile, SCOPE_openid]]]
2025-04-17 21:44:09 [http-nio-8080-exec-4] [DEBUG] o.s.s.w.c.HttpSessionSecurityContextRepository - Retrieved SecurityContextImpl [Authentication=OAuth2AuthenticationToken [Principal=Name: [107234087105093742255], Granted Authorities: [[OIDC_USER, SCOPE_https://www.googleapis.com/auth/userinfo.email, SCOPE_https://www.googleapis.com/auth/userinfo.profile, SCOPE_openid]], User Attributes: [{at_hash=p3YhWlYM2r3im2ZYGxHcCQ, sub=107234087105093742255, email_verified=true, iss=https://accounts.google.com, given_name=Павел, nonce=b8OhfnMYAlJFkcWuBj-bRhz1dNROMpY7wy6M3Sq0Eqo, picture=https://lh3.googleusercontent.com/a/ACg8ocJJoh9jonlTH61VWgvXCiXb0zCDjifGZZtZ30sCErS3N5ntDw=s96-c, aud=[909915657042-l07l5jl8r3v54r15k12hp7vev9dor6r7.apps.googleusercontent.com], azp=909915657042-l07l5jl8r3v54r15k12hp7vev9dor6r7.apps.googleusercontent.com, name=Павел Королев, exp=2025-04-17T19:44:09Z, family_name=Королев, iat=2025-04-17T18:44:09Z, email=passapdom@gmail.com}], Credentials=[PROTECTED], Authenticated=true, Details=WebAuthenticationDetails [RemoteIpAddress=0:0:0:0:0:0:0:1, SessionId=98762F650CCE78E7C409D2E917E9B42B], Granted Authorities=[OIDC_USER, SCOPE_https://www.googleapis.com/auth/userinfo.email, SCOPE_https://www.googleapis.com/auth/userinfo.profile, SCOPE_openid]]]
2025-04-17 21:44:09 [http-nio-8080-exec-10] [DEBUG] o.s.s.w.a.i.FilterSecurityInterceptor - Authorized filter invocation [GET /images/advertisementSale/6d439031-8c11-4cfd-9007-7047bd94ec62_photo_2024-12-23_22-18-10.jpg] with attributes [permitAll]
2025-04-17 21:44:09 [http-nio-8080-exec-4] [DEBUG] o.s.s.w.a.i.FilterSecurityInterceptor - Authorized filter invocation [GET /images/advertisementSale/2703da27-c848-4e9d-a261-4d33ee79f79c_photo_2024-12-23_22-17-59.jpg] with attributes [permitAll]
2025-04-17 21:44:09 [http-nio-8080-exec-7] [DEBUG] o.s.s.w.c.HttpSessionSecurityContextRepository - Retrieved SecurityContextImpl [Authentication=OAuth2AuthenticationToken [Principal=Name: [107234087105093742255], Granted Authorities: [[OIDC_USER, SCOPE_https://www.googleapis.com/auth/userinfo.email, SCOPE_https://www.googleapis.com/auth/userinfo.profile, SCOPE_openid]], User Attributes: [{at_hash=p3YhWlYM2r3im2ZYGxHcCQ, sub=107234087105093742255, email_verified=true, iss=https://accounts.google.com, given_name=Павел, nonce=b8OhfnMYAlJFkcWuBj-bRhz1dNROMpY7wy6M3Sq0Eqo, picture=https://lh3.googleusercontent.com/a/ACg8ocJJoh9jonlTH61VWgvXCiXb0zCDjifGZZtZ30sCErS3N5ntDw=s96-c, aud=[909915657042-l07l5jl8r3v54r15k12hp7vev9dor6r7.apps.googleusercontent.com], azp=909915657042-l07l5jl8r3v54r15k12hp7vev9dor6r7.apps.googleusercontent.com, name=Павел Королев, exp=2025-04-17T19:44:09Z, family_name=Королев, iat=2025-04-17T18:44:09Z, email=passapdom@gmail.com}], Credentials=[PROTECTED], Authenticated=true, Details=WebAuthenticationDetails [RemoteIpAddress=0:0:0:0:0:0:0:1, SessionId=98762F650CCE78E7C409D2E917E9B42B], Granted Authorities=[OIDC_USER, SCOPE_https://www.googleapis.com/auth/userinfo.email, SCOPE_https://www.googleapis.com/auth/userinfo.profile, SCOPE_openid]]]
2025-04-17 21:44:09 [http-nio-8080-exec-4] [DEBUG] o.s.security.web.FilterChainProxy - Secured GET /images/advertisementSale/2703da27-c848-4e9d-a261-4d33ee79f79c_photo_2024-12-23_22-17-59.jpg
2025-04-17 21:44:09 [http-nio-8080-exec-7] [DEBUG] o.s.s.w.a.i.FilterSecurityInterceptor - Authorized filter invocation [GET /images/advertisementSale/e63bba72-f8b1-4ec8-b621-657fbcd7b1e3_kozelsk.jpg] with attributes [permitAll]
2025-04-17 21:44:09 [http-nio-8080-exec-10] [DEBUG] o.s.security.web.FilterChainProxy - Secured GET /images/advertisementSale/6d439031-8c11-4cfd-9007-7047bd94ec62_photo_2024-12-23_22-18-10.jpg
2025-04-17 21:44:09 [http-nio-8080-exec-7] [DEBUG] o.s.security.web.FilterChainProxy - Secured GET /images/advertisementSale/e63bba72-f8b1-4ec8-b621-657fbcd7b1e3_kozelsk.jpg
2025-04-17 21:44:09 [http-nio-8080-exec-5] [DEBUG] o.s.security.web.FilterChainProxy - Securing GET /images/advertisementRent/809047fb-7261-497f-b19e-b208d4480210_photo_2024-12-23_22-17-57.jpg
2025-04-17 21:44:09 [http-nio-8080-exec-5] [DEBUG] o.s.s.w.c.HttpSessionSecurityContextRepository - Retrieved SecurityContextImpl [Authentication=OAuth2AuthenticationToken [Principal=Name: [107234087105093742255], Granted Authorities: [[OIDC_USER, SCOPE_https://www.googleapis.com/auth/userinfo.email, SCOPE_https://www.googleapis.com/auth/userinfo.profile, SCOPE_openid]], User Attributes: [{at_hash=p3YhWlYM2r3im2ZYGxHcCQ, sub=107234087105093742255, email_verified=true, iss=https://accounts.google.com, given_name=Павел, nonce=b8OhfnMYAlJFkcWuBj-bRhz1dNROMpY7wy6M3Sq0Eqo, picture=https://lh3.googleusercontent.com/a/ACg8ocJJoh9jonlTH61VWgvXCiXb0zCDjifGZZtZ30sCErS3N5ntDw=s96-c, aud=[909915657042-l07l5jl8r3v54r15k12hp7vev9dor6r7.apps.googleusercontent.com], azp=909915657042-l07l5jl8r3v54r15k12hp7vev9dor6r7.apps.googleusercontent.com, name=Павел Королев, exp=2025-04-17T19:44:09Z, family_name=Королев, iat=2025-04-17T18:44:09Z, email=passapdom@gmail.com}], Credentials=[PROTECTED], Authenticated=true, Details=WebAuthenticationDetails [RemoteIpAddress=0:0:0:0:0:0:0:1, SessionId=98762F650CCE78E7C409D2E917E9B42B], Granted Authorities=[OIDC_USER, SCOPE_https://www.googleapis.com/auth/userinfo.email, SCOPE_https://www.googleapis.com/auth/userinfo.profile, SCOPE_openid]]]
2025-04-17 21:44:09 [http-nio-8080-exec-5] [DEBUG] o.s.s.w.a.i.FilterSecurityInterceptor - Authorized filter invocation [GET /images/advertisementRent/809047fb-7261-497f-b19e-b208d4480210_photo_2024-12-23_22-17-57.jpg] with attributes [permitAll]
2025-04-17 21:44:09 [http-nio-8080-exec-5] [DEBUG] o.s.security.web.FilterChainProxy - Secured GET /images/advertisementRent/809047fb-7261-497f-b19e-b208d4480210_photo_2024-12-23_22-17-57.jpg
2025-04-17 21:44:09 [http-nio-8080-exec-2] [DEBUG] o.s.security.web.FilterChainProxy - Securing GET /images/advertisementRent/da667149-470d-4844-94d9-c5a37db0ed63_photo_2024-12-23_22-18-05.jpg
2025-04-17 21:44:09 [http-nio-8080-exec-3] [DEBUG] o.s.security.web.FilterChainProxy - Securing GET /images/advertisementRent/b02c42b7-b608-4169-93f2-7ad28d186517_photo_2024-12-23_22-18-01.jpg
2025-04-17 21:44:09 [http-nio-8080-exec-8] [DEBUG] o.s.security.web.FilterChainProxy - Securing GET /images/advertisementRent/0a1031cd-43b5-4402-87eb-04fa80f00918_photo_2024-12-23_22-18-03.jpg
2025-04-17 21:44:09 [http-nio-8080-exec-2] [DEBUG] o.s.s.w.c.HttpSessionSecurityContextRepository - Retrieved SecurityContextImpl [Authentication=OAuth2AuthenticationToken [Principal=Name: [107234087105093742255], Granted Authorities: [[OIDC_USER, SCOPE_https://www.googleapis.com/auth/userinfo.email, SCOPE_https://www.googleapis.com/auth/userinfo.profile, SCOPE_openid]], User Attributes: [{at_hash=p3YhWlYM2r3im2ZYGxHcCQ, sub=107234087105093742255, email_verified=true, iss=https://accounts.google.com, given_name=Павел, nonce=b8OhfnMYAlJFkcWuBj-bRhz1dNROMpY7wy6M3Sq0Eqo, picture=https://lh3.googleusercontent.com/a/ACg8ocJJoh9jonlTH61VWgvXCiXb0zCDjifGZZtZ30sCErS3N5ntDw=s96-c, aud=[909915657042-l07l5jl8r3v54r15k12hp7vev9dor6r7.apps.googleusercontent.com], azp=909915657042-l07l5jl8r3v54r15k12hp7vev9dor6r7.apps.googleusercontent.com, name=Павел Королев, exp=2025-04-17T19:44:09Z, family_name=Королев, iat=2025-04-17T18:44:09Z, email=passapdom@gmail.com}], Credentials=[PROTECTED], Authenticated=true, Details=WebAuthenticationDetails [RemoteIpAddress=0:0:0:0:0:0:0:1, SessionId=98762F650CCE78E7C409D2E917E9B42B], Granted Authorities=[OIDC_USER, SCOPE_https://www.googleapis.com/auth/userinfo.email, SCOPE_https://www.googleapis.com/auth/userinfo.profile, SCOPE_openid]]]
2025-04-17 21:44:09 [http-nio-8080-exec-3] [DEBUG] o.s.s.w.c.HttpSessionSecurityContextRepository - Retrieved SecurityContextImpl [Authentication=OAuth2AuthenticationToken [Principal=Name: [107234087105093742255], Granted Authorities: [[OIDC_USER, SCOPE_https://www.googleapis.com/auth/userinfo.email, SCOPE_https://www.googleapis.com/auth/userinfo.profile, SCOPE_openid]], User Attributes: [{at_hash=p3YhWlYM2r3im2ZYGxHcCQ, sub=107234087105093742255, email_verified=true, iss=https://accounts.google.com, given_name=Павел, nonce=b8OhfnMYAlJFkcWuBj-bRhz1dNROMpY7wy6M3Sq0Eqo, picture=https://lh3.googleusercontent.com/a/ACg8ocJJoh9jonlTH61VWgvXCiXb0zCDjifGZZtZ30sCErS3N5ntDw=s96-c, aud=[909915657042-l07l5jl8r3v54r15k12hp7vev9dor6r7.apps.googleusercontent.com], azp=909915657042-l07l5jl8r3v54r15k12hp7vev9dor6r7.apps.googleusercontent.com, name=Павел Королев, exp=2025-04-17T19:44:09Z, family_name=Королев, iat=2025-04-17T18:44:09Z, email=passapdom@gmail.com}], Credentials=[PROTECTED], Authenticated=true, Details=WebAuthenticationDetails [RemoteIpAddress=0:0:0:0:0:0:0:1, SessionId=98762F650CCE78E7C409D2E917E9B42B], Granted Authorities=[OIDC_USER, SCOPE_https://www.googleapis.com/auth/userinfo.email, SCOPE_https://www.googleapis.com/auth/userinfo.profile, SCOPE_openid]]]
2025-04-17 21:44:09 [http-nio-8080-exec-2] [DEBUG] o.s.s.w.a.i.FilterSecurityInterceptor - Authorized filter invocation [GET /images/advertisementRent/da667149-470d-4844-94d9-c5a37db0ed63_photo_2024-12-23_22-18-05.jpg] with attributes [permitAll]
2025-04-17 21:44:09 [http-nio-8080-exec-3] [DEBUG] o.s.s.w.a.i.FilterSecurityInterceptor - Authorized filter invocation [GET /images/advertisementRent/b02c42b7-b608-4169-93f2-7ad28d186517_photo_2024-12-23_22-18-01.jpg] with attributes [permitAll]
2025-04-17 21:44:09 [http-nio-8080-exec-8] [DEBUG] o.s.s.w.c.HttpSessionSecurityContextRepository - Retrieved SecurityContextImpl [Authentication=OAuth2AuthenticationToken [Principal=Name: [107234087105093742255], Granted Authorities: [[OIDC_USER, SCOPE_https://www.googleapis.com/auth/userinfo.email, SCOPE_https://www.googleapis.com/auth/userinfo.profile, SCOPE_openid]], User Attributes: [{at_hash=p3YhWlYM2r3im2ZYGxHcCQ, sub=107234087105093742255, email_verified=true, iss=https://accounts.google.com, given_name=Павел, nonce=b8OhfnMYAlJFkcWuBj-bRhz1dNROMpY7wy6M3Sq0Eqo, picture=https://lh3.googleusercontent.com/a/ACg8ocJJoh9jonlTH61VWgvXCiXb0zCDjifGZZtZ30sCErS3N5ntDw=s96-c, aud=[909915657042-l07l5jl8r3v54r15k12hp7vev9dor6r7.apps.googleusercontent.com], azp=909915657042-l07l5jl8r3v54r15k12hp7vev9dor6r7.apps.googleusercontent.com, name=Павел Королев, exp=2025-04-17T19:44:09Z, family_name=Королев, iat=2025-04-17T18:44:09Z, email=passapdom@gmail.com}], Credentials=[PROTECTED], Authenticated=true, Details=WebAuthenticationDetails [RemoteIpAddress=0:0:0:0:0:0:0:1, SessionId=98762F650CCE78E7C409D2E917E9B42B], Granted Authorities=[OIDC_USER, SCOPE_https://www.googleapis.com/auth/userinfo.email, SCOPE_https://www.googleapis.com/auth/userinfo.profile, SCOPE_openid]]]
2025-04-17 21:44:09 [http-nio-8080-exec-2] [DEBUG] o.s.security.web.FilterChainProxy - Secured GET /images/advertisementRent/da667149-470d-4844-94d9-c5a37db0ed63_photo_2024-12-23_22-18-05.jpg
2025-04-17 21:44:09 [http-nio-8080-exec-3] [DEBUG] o.s.security.web.FilterChainProxy - Secured GET /images/advertisementRent/b02c42b7-b608-4169-93f2-7ad28d186517_photo_2024-12-23_22-18-01.jpg
2025-04-17 21:44:09 [http-nio-8080-exec-8] [DEBUG] o.s.s.w.a.i.FilterSecurityInterceptor - Authorized filter invocation [GET /images/advertisementRent/0a1031cd-43b5-4402-87eb-04fa80f00918_photo_2024-12-23_22-18-03.jpg] with attributes [permitAll]
2025-04-17 21:44:09 [http-nio-8080-exec-8] [DEBUG] o.s.security.web.FilterChainProxy - Secured GET /images/advertisementRent/0a1031cd-43b5-4402-87eb-04fa80f00918_photo_2024-12-23_22-18-03.jpg
2025-04-17 21:44:13 [http-nio-8080-exec-9] [DEBUG] o.s.security.web.FilterChainProxy - Securing GET /admin-panel?
2025-04-17 21:44:13 [http-nio-8080-exec-9] [DEBUG] o.s.s.w.c.HttpSessionSecurityContextRepository - Retrieved SecurityContextImpl [Authentication=OAuth2AuthenticationToken [Principal=Name: [107234087105093742255], Granted Authorities: [[OIDC_USER, SCOPE_https://www.googleapis.com/auth/userinfo.email, SCOPE_https://www.googleapis.com/auth/userinfo.profile, SCOPE_openid]], User Attributes: [{at_hash=p3YhWlYM2r3im2ZYGxHcCQ, sub=107234087105093742255, email_verified=true, iss=https://accounts.google.com, given_name=Павел, nonce=b8OhfnMYAlJFkcWuBj-bRhz1dNROMpY7wy6M3Sq0Eqo, picture=https://lh3.googleusercontent.com/a/ACg8ocJJoh9jonlTH61VWgvXCiXb0zCDjifGZZtZ30sCErS3N5ntDw=s96-c, aud=[909915657042-l07l5jl8r3v54r15k12hp7vev9dor6r7.apps.googleusercontent.com], azp=909915657042-l07l5jl8r3v54r15k12hp7vev9dor6r7.apps.googleusercontent.com, name=Павел Королев, exp=2025-04-17T19:44:09Z, family_name=Королев, iat=2025-04-17T18:44:09Z, email=passapdom@gmail.com}], Credentials=[PROTECTED], Authenticated=true, Details=WebAuthenticationDetails [RemoteIpAddress=0:0:0:0:0:0:0:1, SessionId=98762F650CCE78E7C409D2E917E9B42B], Granted Authorities=[OIDC_USER, SCOPE_https://www.googleapis.com/auth/userinfo.email, SCOPE_https://www.googleapis.com/auth/userinfo.profile, SCOPE_openid]]]
2025-04-17 21:44:13 [http-nio-8080-exec-9] [DEBUG] o.s.s.w.a.i.FilterSecurityInterceptor - Authorized filter invocation [GET /admin-panel?] with attributes [permitAll]
2025-04-17 21:44:13 [http-nio-8080-exec-9] [DEBUG] o.s.security.web.FilterChainProxy - Secured GET /admin-panel?
2025-04-17 21:44:13 [http-nio-8080-exec-9] [DEBUG] o.s.s.a.m.AuthorizationManagerBeforeMethodInterceptor - Authorizing method invocation ReflectiveMethodInvocation: public java.lang.String ru.kozelsk.alliance.controllers.admin.AdminController.adminPanel(); target is of class [ru.kozelsk.alliance.controllers.admin.AdminController]
2025-04-17 21:44:13 [http-nio-8080-exec-9] [INFO] r.k.a.u.s.CheckAuthorizeService - checkAdmin2: principal != null
2025-04-17 21:44:13 [http-nio-8080-exec-9] [INFO] r.k.a.u.s.CheckAuthorizeService - Principal2 is Oauth2User
2025-04-17 21:44:13 [http-nio-8080-exec-9] [INFO] r.k.a.u.s.CheckAuthorizeService - Checking admin2 rights for email: passapdom@gmail.com
2025-04-17 21:44:13 [http-nio-8080-exec-9] [INFO] r.k.a.u.s.CheckAuthorizeService - User roles2: [ADMIN]
2025-04-17 21:44:13 [http-nio-8080-exec-9] [DEBUG] o.s.s.a.m.AuthorizationManagerBeforeMethodInterceptor - Authorized method invocation ReflectiveMethodInvocation: public java.lang.String ru.kozelsk.alliance.controllers.admin.AdminController.adminPanel(); target is of class [ru.kozelsk.alliance.controllers.admin.AdminController]
2025-04-17 21:44:14 [http-nio-8080-exec-6] [DEBUG] o.s.security.web.FilterChainProxy - Securing GET /admin/booking
2025-04-17 21:44:14 [http-nio-8080-exec-6] [DEBUG] o.s.s.w.c.HttpSessionSecurityContextRepository - Retrieved SecurityContextImpl [Authentication=OAuth2AuthenticationToken [Principal=Name: [107234087105093742255], Granted Authorities: [[OIDC_USER, SCOPE_https://www.googleapis.com/auth/userinfo.email, SCOPE_https://www.googleapis.com/auth/userinfo.profile, SCOPE_openid]], User Attributes: [{at_hash=p3YhWlYM2r3im2ZYGxHcCQ, sub=107234087105093742255, email_verified=true, iss=https://accounts.google.com, given_name=Павел, nonce=b8OhfnMYAlJFkcWuBj-bRhz1dNROMpY7wy6M3Sq0Eqo, picture=https://lh3.googleusercontent.com/a/ACg8ocJJoh9jonlTH61VWgvXCiXb0zCDjifGZZtZ30sCErS3N5ntDw=s96-c, aud=[909915657042-l07l5jl8r3v54r15k12hp7vev9dor6r7.apps.googleusercontent.com], azp=909915657042-l07l5jl8r3v54r15k12hp7vev9dor6r7.apps.googleusercontent.com, name=Павел Королев, exp=2025-04-17T19:44:09Z, family_name=Королев, iat=2025-04-17T18:44:09Z, email=passapdom@gmail.com}], Credentials=[PROTECTED], Authenticated=true, Details=WebAuthenticationDetails [RemoteIpAddress=0:0:0:0:0:0:0:1, SessionId=98762F650CCE78E7C409D2E917E9B42B], Granted Authorities=[OIDC_USER, SCOPE_https://www.googleapis.com/auth/userinfo.email, SCOPE_https://www.googleapis.com/auth/userinfo.profile, SCOPE_openid]]]
2025-04-17 21:44:14 [http-nio-8080-exec-6] [DEBUG] o.s.s.w.a.i.FilterSecurityInterceptor - Authorized filter invocation [GET /admin/booking] with attributes [permitAll]
2025-04-17 21:44:14 [http-nio-8080-exec-6] [DEBUG] o.s.security.web.FilterChainProxy - Secured GET /admin/booking
2025-04-17 21:44:14 [http-nio-8080-exec-6] [DEBUG] o.s.s.a.m.AuthorizationManagerBeforeMethodInterceptor - Authorizing method invocation ReflectiveMethodInvocation: public java.lang.String ru.kozelsk.alliance.controllers.admin.booking.BookingTourAdminController.allBookings(org.springframework.ui.Model); target is of class [ru.kozelsk.alliance.controllers.admin.booking.BookingTourAdminController]
2025-04-17 21:44:14 [http-nio-8080-exec-6] [INFO] r.k.a.u.s.CheckAuthorizeService - checkAdmin2: principal != null
2025-04-17 21:44:14 [http-nio-8080-exec-6] [INFO] r.k.a.u.s.CheckAuthorizeService - Principal2 is Oauth2User
2025-04-17 21:44:14 [http-nio-8080-exec-6] [INFO] r.k.a.u.s.CheckAuthorizeService - Checking admin2 rights for email: passapdom@gmail.com
2025-04-17 21:44:14 [http-nio-8080-exec-6] [INFO] r.k.a.u.s.CheckAuthorizeService - User roles2: [ADMIN]
2025-04-17 21:44:14 [http-nio-8080-exec-6] [DEBUG] o.s.s.a.m.AuthorizationManagerBeforeMethodInterceptor - Authorized method invocation ReflectiveMethodInvocation: public java.lang.String ru.kozelsk.alliance.controllers.admin.booking.BookingTourAdminController.allBookings(org.springframework.ui.Model); target is of class [ru.kozelsk.alliance.controllers.admin.booking.BookingTourAdminController]
2025-04-17 21:44:14 [http-nio-8080-exec-6] [ERROR] org.thymeleaf.TemplateEngine - [THYMELEAF][http-nio-8080-exec-6] Exception processing template "admin/booking/main": An error happened during template parsing (template: "class path resource [templates/admin/booking/main.html]" - line 104, col 18)
org.thymeleaf.exceptions.TemplateInputException: An error happened during template parsing (template: "class path resource [templates/admin/booking/main.html]" - line 104, col 18)
	at org.thymeleaf.templateparser.markup.AbstractMarkupTemplateParser.parse(AbstractMarkupTemplateParser.java:239)
	at org.thymeleaf.templateparser.markup.AbstractMarkupTemplateParser.parseStandalone(AbstractMarkupTemplateParser.java:100)
	at org.thymeleaf.engine.TemplateManager.parseAndProcess(TemplateManager.java:666)
	at org.thymeleaf.TemplateEngine.process(TemplateEngine.java:1103)
	at org.thymeleaf.TemplateEngine.process(TemplateEngine.java:1077)
	at org.thymeleaf.spring6.view.ThymeleafView.renderFragment(ThymeleafView.java:372)
	at org.thymeleaf.spring6.view.ThymeleafView.render(ThymeleafView.java:192)
	at org.springframework.web.servlet.DispatcherServlet.render(DispatcherServlet.java:1432)
	at org.springframework.web.servlet.DispatcherServlet.processDispatchResult(DispatcherServlet.java:1168)
	at org.springframework.web.servlet.DispatcherServlet.doDispatch(DispatcherServlet.java:1106)
	at org.springframework.web.servlet.DispatcherServlet.doService(DispatcherServlet.java:979)
	at org.springframework.web.servlet.FrameworkServlet.processRequest(FrameworkServlet.java:1014)
	at org.springframework.web.servlet.FrameworkServlet.doGet(FrameworkServlet.java:903)
	at jakarta.servlet.http.HttpServlet.service(HttpServlet.java:564)
	at org.springframework.web.servlet.FrameworkServlet.service(FrameworkServlet.java:885)
	at jakarta.servlet.http.HttpServlet.service(HttpServlet.java:658)
	at org.apache.catalina.core.ApplicationFilterChain.internalDoFilter(ApplicationFilterChain.java:195)
	at org.apache.catalina.core.ApplicationFilterChain.doFilter(ApplicationFilterChain.java:140)
	at org.apache.tomcat.websocket.server.WsFilter.doFilter(WsFilter.java:51)
	at org.apache.catalina.core.ApplicationFilterChain.internalDoFilter(ApplicationFilterChain.java:164)
	at org.apache.catalina.core.ApplicationFilterChain.doFilter(ApplicationFilterChain.java:140)
	at org.springframework.web.filter.HiddenHttpMethodFilter.doFilterInternal(HiddenHttpMethodFilter.java:91)
	at org.springframework.web.filter.OncePerRequestFilter.doFilter(OncePerRequestFilter.java:116)
	at org.apache.catalina.core.ApplicationFilterChain.internalDoFilter(ApplicationFilterChain.java:164)
	at org.apache.catalina.core.ApplicationFilterChain.doFilter(ApplicationFilterChain.java:140)
	at org.springframework.web.filter.CompositeFilter$VirtualFilterChain.doFilter(CompositeFilter.java:108)
	at org.springframework.security.web.FilterChainProxy.lambda$doFilterInternal$3(FilterChainProxy.java:231)
	at org.springframework.security.web.ObservationFilterChainDecorator$FilterObservation$SimpleFilterObservation.lambda$wrap$1(ObservationFilterChainDecorator.java:479)
	at org.springframework.security.web.ObservationFilterChainDecorator$AroundFilterObservation$SimpleAroundFilterObservation.lambda$wrap$1(ObservationFilterChainDecorator.java:340)
	at org.springframework.security.web.ObservationFilterChainDecorator.lambda$wrapSecured$0(ObservationFilterChainDecorator.java:82)
	at org.springframework.security.web.ObservationFilterChainDecorator$VirtualFilterChain.doFilter(ObservationFilterChainDecorator.java:128)
	at org.springframework.security.web.access.intercept.FilterSecurityInterceptor.invoke(FilterSecurityInterceptor.java:117)
	at org.springframework.security.web.access.intercept.FilterSecurityInterceptor.doFilter(FilterSecurityInterceptor.java:83)
	at org.springframework.security.web.ObservationFilterChainDecorator$ObservationFilter.wrapFilter(ObservationFilterChainDecorator.java:240)
	at org.springframework.security.web.ObservationFilterChainDecorator$ObservationFilter.doFilter(ObservationFilterChainDecorator.java:227)
	at org.springframework.security.web.ObservationFilterChainDecorator$VirtualFilterChain.doFilter(ObservationFilterChainDecorator.java:137)
	at org.springframework.security.web.access.ExceptionTranslationFilter.doFilter(ExceptionTranslationFilter.java:126)
	at org.springframework.security.web.access.ExceptionTranslationFilter.doFilter(ExceptionTranslationFilter.java:120)
	at org.springframework.security.web.ObservationFilterChainDecorator$ObservationFilter.wrapFilter(ObservationFilterChainDecorator.java:240)
	at org.springframework.security.web.ObservationFilterChainDecorator$ObservationFilter.doFilter(ObservationFilterChainDecorator.java:227)
	at org.springframework.security.web.ObservationFilterChainDecorator$VirtualFilterChain.doFilter(ObservationFilterChainDecorator.java:137)
	at org.springframework.security.web.session.SessionManagementFilter.doFilter(SessionManagementFilter.java:131)
	at org.springframework.security.web.session.SessionManagementFilter.doFilter(SessionManagementFilter.java:85)
	at org.springframework.security.web.ObservationFilterChainDecorator$ObservationFilter.wrapFilter(ObservationFilterChainDecorator.java:240)
	at org.springframework.security.web.ObservationFilterChainDecorator$ObservationFilter.doFilter(ObservationFilterChainDecorator.java:227)
	at org.springframework.security.web.ObservationFilterChainDecorator$VirtualFilterChain.doFilter(ObservationFilterChainDecorator.java:137)
	at org.springframework.security.web.authentication.AnonymousAuthenticationFilter.doFilter(AnonymousAuthenticationFilter.java:100)
	at org.springframework.security.web.ObservationFilterChainDecorator$ObservationFilter.wrapFilter(ObservationFilterChainDecorator.java:240)
	at org.springframework.security.web.ObservationFilterChainDecorator$ObservationFilter.doFilter(ObservationFilterChainDecorator.java:227)
	at org.springframework.security.web.ObservationFilterChainDecorator$VirtualFilterChain.doFilter(ObservationFilterChainDecorator.java:137)
	at org.springframework.security.web.servletapi.SecurityContextHolderAwareRequestFilter.doFilter(SecurityContextHolderAwareRequestFilter.java:179)
	at org.springframework.security.web.ObservationFilterChainDecorator$ObservationFilter.wrapFilter(ObservationFilterChainDecorator.java:240)
	at org.springframework.security.web.ObservationFilterChainDecorator$ObservationFilter.doFilter(ObservationFilterChainDecorator.java:227)
	at org.springframework.security.web.ObservationFilterChainDecorator$VirtualFilterChain.doFilter(ObservationFilterChainDecorator.java:137)
	at org.springframework.security.web.savedrequest.RequestCacheAwareFilter.doFilter(RequestCacheAwareFilter.java:63)
	at org.springframework.security.web.ObservationFilterChainDecorator$ObservationFilter.wrapFilter(ObservationFilterChainDecorator.java:240)
	at org.springframework.security.web.ObservationFilterChainDecorator$ObservationFilter.doFilter(ObservationFilterChainDecorator.java:227)
	at org.springframework.security.web.ObservationFilterChainDecorator$VirtualFilterChain.doFilter(ObservationFilterChainDecorator.java:137)
	at org.springframework.security.web.session.ConcurrentSessionFilter.doFilter(ConcurrentSessionFilter.java:151)
	at org.springframework.security.web.session.ConcurrentSessionFilter.doFilter(ConcurrentSessionFilter.java:129)
	at org.springframework.security.web.ObservationFilterChainDecorator$ObservationFilter.wrapFilter(ObservationFilterChainDecorator.java:240)
	at org.springframework.security.web.ObservationFilterChainDecorator$ObservationFilter.doFilter(ObservationFilterChainDecorator.java:227)
	at org.springframework.security.web.ObservationFilterChainDecorator$VirtualFilterChain.doFilter(ObservationFilterChainDecorator.java:137)
	at org.springframework.security.web.authentication.AbstractAuthenticationProcessingFilter.doFilter(AbstractAuthenticationProcessingFilter.java:227)
	at org.springframework.security.web.authentication.AbstractAuthenticationProcessingFilter.doFilter(AbstractAuthenticationProcessingFilter.java:221)
	at org.springframework.security.web.ObservationFilterChainDecorator$ObservationFilter.wrapFilter(ObservationFilterChainDecorator.java:240)
	at org.springframework.security.web.ObservationFilterChainDecorator$ObservationFilter.doFilter(ObservationFilterChainDecorator.java:227)
	at org.springframework.security.web.ObservationFilterChainDecorator$VirtualFilterChain.doFilter(ObservationFilterChainDecorator.java:137)
	at org.springframework.security.web.authentication.AbstractAuthenticationProcessingFilter.doFilter(AbstractAuthenticationProcessingFilter.java:227)
	at org.springframework.security.web.authentication.AbstractAuthenticationProcessingFilter.doFilter(AbstractAuthenticationProcessingFilter.java:221)
	at org.springframework.security.web.ObservationFilterChainDecorator$ObservationFilter.wrapFilter(ObservationFilterChainDecorator.java:240)
	at org.springframework.security.web.ObservationFilterChainDecorator$ObservationFilter.doFilter(ObservationFilterChainDecorator.java:227)
	at org.springframework.security.web.ObservationFilterChainDecorator$VirtualFilterChain.doFilter(ObservationFilterChainDecorator.java:137)
	at org.springframework.security.oauth2.client.web.OAuth2AuthorizationRequestRedirectFilter.doFilterInternal(OAuth2AuthorizationRequestRedirectFilter.java:198)
	at org.springframework.web.filter.OncePerRequestFilter.doFilter(OncePerRequestFilter.java:116)
	at org.springframework.security.web.ObservationFilterChainDecorator$ObservationFilter.wrapFilter(ObservationFilterChainDecorator.java:240)
	at org.springframework.security.web.ObservationFilterChainDecorator$ObservationFilter.doFilter(ObservationFilterChainDecorator.java:227)
	at org.springframework.security.web.ObservationFilterChainDecorator$VirtualFilterChain.doFilter(ObservationFilterChainDecorator.java:137)
	at org.springframework.security.web.authentication.logout.LogoutFilter.doFilter(LogoutFilter.java:107)
	at org.springframework.security.web.authentication.logout.LogoutFilter.doFilter(LogoutFilter.java:93)
	at org.springframework.security.web.ObservationFilterChainDecorator$ObservationFilter.wrapFilter(ObservationFilterChainDecorator.java:240)
	at org.springframework.security.web.ObservationFilterChainDecorator$ObservationFilter.doFilter(ObservationFilterChainDecorator.java:227)
	at org.springframework.security.web.ObservationFilterChainDecorator$VirtualFilterChain.doFilter(ObservationFilterChainDecorator.java:137)
	at org.springframework.security.web.csrf.CsrfFilter.doFilterInternal(CsrfFilter.java:117)
	at org.springframework.web.filter.OncePerRequestFilter.doFilter(OncePerRequestFilter.java:116)
	at org.springframework.security.web.ObservationFilterChainDecorator$ObservationFilter.wrapFilter(ObservationFilterChainDecorator.java:240)
	at org.springframework.security.web.ObservationFilterChainDecorator$ObservationFilter.doFilter(ObservationFilterChainDecorator.java:227)
	at org.springframework.security.web.ObservationFilterChainDecorator$VirtualFilterChain.doFilter(ObservationFilterChainDecorator.java:137)
	at org.springframework.security.web.header.HeaderWriterFilter.doHeadersAfter(HeaderWriterFilter.java:90)
	at org.springframework.security.web.header.HeaderWriterFilter.doFilterInternal(HeaderWriterFilter.java:75)
	at org.springframework.web.filter.OncePerRequestFilter.doFilter(OncePerRequestFilter.java:116)
	at org.springframework.security.web.ObservationFilterChainDecorator$ObservationFilter.wrapFilter(ObservationFilterChainDecorator.java:240)
	at org.springframework.security.web.ObservationFilterChainDecorator$ObservationFilter.doFilter(ObservationFilterChainDecorator.java:227)
	at org.springframework.security.web.ObservationFilterChainDecorator$VirtualFilterChain.doFilter(ObservationFilterChainDecorator.java:137)
	at org.springframework.security.web.context.SecurityContextHolderFilter.doFilter(SecurityContextHolderFilter.java:82)
	at org.springframework.security.web.context.SecurityContextHolderFilter.doFilter(SecurityContextHolderFilter.java:69)
	at org.springframework.security.web.ObservationFilterChainDecorator$ObservationFilter.wrapFilter(ObservationFilterChainDecorator.java:240)
	at org.springframework.security.web.ObservationFilterChainDecorator$ObservationFilter.doFilter(ObservationFilterChainDecorator.java:227)
	at org.springframework.security.web.ObservationFilterChainDecorator$VirtualFilterChain.doFilter(ObservationFilterChainDecorator.java:137)
	at org.springframework.security.web.context.request.async.WebAsyncManagerIntegrationFilter.doFilterInternal(WebAsyncManagerIntegrationFilter.java:62)
	at org.springframework.web.filter.OncePerRequestFilter.doFilter(OncePerRequestFilter.java:116)
	at org.springframework.security.web.ObservationFilterChainDecorator$ObservationFilter.wrapFilter(ObservationFilterChainDecorator.java:240)
	at org.springframework.security.web.ObservationFilterChainDecorator$ObservationFilter.doFilter(ObservationFilterChainDecorator.java:227)
	at org.springframework.security.web.ObservationFilterChainDecorator$VirtualFilterChain.doFilter(ObservationFilterChainDecorator.java:137)
	at org.springframework.security.web.session.DisableEncodeUrlFilter.doFilterInternal(DisableEncodeUrlFilter.java:42)
	at org.springframework.web.filter.OncePerRequestFilter.doFilter(OncePerRequestFilter.java:116)
	at org.springframework.security.web.ObservationFilterChainDecorator$ObservationFilter.wrapFilter(ObservationFilterChainDecorator.java:240)
	at org.springframework.security.web.ObservationFilterChainDecorator$AroundFilterObservation$SimpleAroundFilterObservation.lambda$wrap$0(ObservationFilterChainDecorator.java:323)
	at org.springframework.security.web.ObservationFilterChainDecorator$ObservationFilter.doFilter(ObservationFilterChainDecorator.java:224)
	at org.springframework.security.web.ObservationFilterChainDecorator$VirtualFilterChain.doFilter(ObservationFilterChainDecorator.java:137)
	at org.springframework.security.web.FilterChainProxy.doFilterInternal(FilterChainProxy.java:233)
	at org.springframework.security.web.FilterChainProxy.doFilter(FilterChainProxy.java:191)
	at org.springframework.web.filter.CompositeFilter$VirtualFilterChain.doFilter(CompositeFilter.java:113)
	at org.springframework.web.servlet.handler.HandlerMappingIntrospector.lambda$createCacheFilter$3(HandlerMappingIntrospector.java:195)
	at org.springframework.web.filter.CompositeFilter$VirtualFilterChain.doFilter(CompositeFilter.java:113)
	at org.springframework.web.filter.CompositeFilter.doFilter(CompositeFilter.java:74)
	at org.springframework.security.config.annotation.web.configuration.WebMvcSecurityConfiguration$CompositeFilterChainProxy.doFilter(WebMvcSecurityConfiguration.java:230)
	at org.springframework.web.filter.DelegatingFilterProxy.invokeDelegate(DelegatingFilterProxy.java:362)
	at org.springframework.web.filter.DelegatingFilterProxy.doFilter(DelegatingFilterProxy.java:278)
	at org.apache.catalina.core.ApplicationFilterChain.internalDoFilter(ApplicationFilterChain.java:164)
	at org.apache.catalina.core.ApplicationFilterChain.doFilter(ApplicationFilterChain.java:140)
	at org.springframework.web.filter.RequestContextFilter.doFilterInternal(RequestContextFilter.java:100)
	at org.springframework.web.filter.OncePerRequestFilter.doFilter(OncePerRequestFilter.java:116)
	at org.apache.catalina.core.ApplicationFilterChain.internalDoFilter(ApplicationFilterChain.java:164)
	at org.apache.catalina.core.ApplicationFilterChain.doFilter(ApplicationFilterChain.java:140)
	at org.springframework.web.filter.FormContentFilter.doFilterInternal(FormContentFilter.java:93)
	at org.springframework.web.filter.OncePerRequestFilter.doFilter(OncePerRequestFilter.java:116)
	at org.apache.catalina.core.ApplicationFilterChain.internalDoFilter(ApplicationFilterChain.java:164)
	at org.apache.catalina.core.ApplicationFilterChain.doFilter(ApplicationFilterChain.java:140)
	at org.springframework.web.filter.ServerHttpObservationFilter.doFilterInternal(ServerHttpObservationFilter.java:113)
	at org.springframework.web.filter.OncePerRequestFilter.doFilter(OncePerRequestFilter.java:116)
	at org.apache.catalina.core.ApplicationFilterChain.internalDoFilter(ApplicationFilterChain.java:164)
	at org.apache.catalina.core.ApplicationFilterChain.doFilter(ApplicationFilterChain.java:140)
	at org.springframework.web.filter.CharacterEncodingFilter.doFilterInternal(CharacterEncodingFilter.java:201)
	at org.springframework.web.filter.OncePerRequestFilter.doFilter(OncePerRequestFilter.java:116)
	at org.apache.catalina.core.ApplicationFilterChain.internalDoFilter(ApplicationFilterChain.java:164)
	at org.apache.catalina.core.ApplicationFilterChain.doFilter(ApplicationFilterChain.java:140)
	at org.apache.catalina.core.StandardWrapperValve.invoke(StandardWrapperValve.java:167)
	at org.apache.catalina.core.StandardContextValve.invoke(StandardContextValve.java:90)
	at org.apache.catalina.authenticator.AuthenticatorBase.invoke(AuthenticatorBase.java:483)
	at org.apache.catalina.core.StandardHostValve.invoke(StandardHostValve.java:115)
	at org.apache.catalina.valves.ErrorReportValve.invoke(ErrorReportValve.java:93)
	at org.apache.catalina.core.StandardEngineValve.invoke(StandardEngineValve.java:74)
	at org.apache.catalina.connector.CoyoteAdapter.service(CoyoteAdapter.java:344)
	at org.apache.coyote.http11.Http11Processor.service(Http11Processor.java:384)
	at org.apache.coyote.AbstractProcessorLight.process(AbstractProcessorLight.java:63)
	at org.apache.coyote.AbstractProtocol$ConnectionHandler.process(AbstractProtocol.java:905)
	at org.apache.tomcat.util.net.NioEndpoint$SocketProcessor.doRun(NioEndpoint.java:1741)
	at org.apache.tomcat.util.net.SocketProcessorBase.run(SocketProcessorBase.java:52)
	at org.apache.tomcat.util.threads.ThreadPoolExecutor.runWorker(ThreadPoolExecutor.java:1190)
	at org.apache.tomcat.util.threads.ThreadPoolExecutor$Worker.run(ThreadPoolExecutor.java:659)
	at org.apache.tomcat.util.threads.TaskThread$WrappingRunnable.run(TaskThread.java:63)
	at java.base/java.lang.Thread.run(Thread.java:1575)
Caused by: org.attoparser.ParseException: (Line = 104, Column = 18) Malformed markup: Attribute "th:classappend" appears more than once in element
	at org.attoparser.MarkupEventProcessorHandler.handleAttribute(MarkupEventProcessorHandler.java:549)
	at org.attoparser.ParsingAttributeSequenceUtil.parseAttributeSequence(ParsingAttributeSequenceUtil.java:275)
	at org.attoparser.ParsingElementMarkupUtil.parseOpenElement(ParsingElementMarkupUtil.java:153)
	at org.attoparser.MarkupParser.parseBuffer(MarkupParser.java:710)
	at org.attoparser.MarkupParser.parseDocument(MarkupParser.java:301)
	at org.attoparser.MarkupParser.parse(MarkupParser.java:257)
	at org.thymeleaf.templateparser.markup.AbstractMarkupTemplateParser.parse(AbstractMarkupTemplateParser.java:230)
	... 152 common frames omitted
2025-04-17 21:44:14 [http-nio-8080-exec-6] [ERROR] o.a.c.c.C.[.[.[.[dispatcherServlet] - Servlet.service() for servlet [dispatcherServlet] in context with path [] threw exception [Request processing failed: org.thymeleaf.exceptions.TemplateInputException: An error happened during template parsing (template: "class path resource [templates/admin/booking/main.html]" - line 104, col 18)] with root cause
org.attoparser.ParseException: (Line = 104, Column = 18) Malformed markup: Attribute "th:classappend" appears more than once in element
	at org.attoparser.MarkupEventProcessorHandler.handleAttribute(MarkupEventProcessorHandler.java:549)
	at org.attoparser.ParsingAttributeSequenceUtil.parseAttributeSequence(ParsingAttributeSequenceUtil.java:275)
	at org.attoparser.ParsingElementMarkupUtil.parseOpenElement(ParsingElementMarkupUtil.java:153)
	at org.attoparser.MarkupParser.parseBuffer(MarkupParser.java:710)
	at org.attoparser.MarkupParser.parseDocument(MarkupParser.java:301)
	at org.attoparser.MarkupParser.parse(MarkupParser.java:257)
	at org.thymeleaf.templateparser.markup.AbstractMarkupTemplateParser.parse(AbstractMarkupTemplateParser.java:230)
	at org.thymeleaf.templateparser.markup.AbstractMarkupTemplateParser.parseStandalone(AbstractMarkupTemplateParser.java:100)
	at org.thymeleaf.engine.TemplateManager.parseAndProcess(TemplateManager.java:666)
	at org.thymeleaf.TemplateEngine.process(TemplateEngine.java:1103)
	at org.thymeleaf.TemplateEngine.process(TemplateEngine.java:1077)
	at org.thymeleaf.spring6.view.ThymeleafView.renderFragment(ThymeleafView.java:372)
	at org.thymeleaf.spring6.view.ThymeleafView.render(ThymeleafView.java:192)
	at org.springframework.web.servlet.DispatcherServlet.render(DispatcherServlet.java:1432)
	at org.springframework.web.servlet.DispatcherServlet.processDispatchResult(DispatcherServlet.java:1168)
	at org.springframework.web.servlet.DispatcherServlet.doDispatch(DispatcherServlet.java:1106)
	at org.springframework.web.servlet.DispatcherServlet.doService(DispatcherServlet.java:979)
	at org.springframework.web.servlet.FrameworkServlet.processRequest(FrameworkServlet.java:1014)
	at org.springframework.web.servlet.FrameworkServlet.doGet(FrameworkServlet.java:903)
	at jakarta.servlet.http.HttpServlet.service(HttpServlet.java:564)
	at org.springframework.web.servlet.FrameworkServlet.service(FrameworkServlet.java:885)
	at jakarta.servlet.http.HttpServlet.service(HttpServlet.java:658)
	at org.apache.catalina.core.ApplicationFilterChain.internalDoFilter(ApplicationFilterChain.java:195)
	at org.apache.catalina.core.ApplicationFilterChain.doFilter(ApplicationFilterChain.java:140)
	at org.apache.tomcat.websocket.server.WsFilter.doFilter(WsFilter.java:51)
	at org.apache.catalina.core.ApplicationFilterChain.internalDoFilter(ApplicationFilterChain.java:164)
	at org.apache.catalina.core.ApplicationFilterChain.doFilter(ApplicationFilterChain.java:140)
	at org.springframework.web.filter.HiddenHttpMethodFilter.doFilterInternal(HiddenHttpMethodFilter.java:91)
	at org.springframework.web.filter.OncePerRequestFilter.doFilter(OncePerRequestFilter.java:116)
	at org.apache.catalina.core.ApplicationFilterChain.internalDoFilter(ApplicationFilterChain.java:164)
	at org.apache.catalina.core.ApplicationFilterChain.doFilter(ApplicationFilterChain.java:140)
	at org.springframework.web.filter.CompositeFilter$VirtualFilterChain.doFilter(CompositeFilter.java:108)
	at org.springframework.security.web.FilterChainProxy.lambda$doFilterInternal$3(FilterChainProxy.java:231)
	at org.springframework.security.web.ObservationFilterChainDecorator$FilterObservation$SimpleFilterObservation.lambda$wrap$1(ObservationFilterChainDecorator.java:479)
	at org.springframework.security.web.ObservationFilterChainDecorator$AroundFilterObservation$SimpleAroundFilterObservation.lambda$wrap$1(ObservationFilterChainDecorator.java:340)
	at org.springframework.security.web.ObservationFilterChainDecorator.lambda$wrapSecured$0(ObservationFilterChainDecorator.java:82)
	at org.springframework.security.web.ObservationFilterChainDecorator$VirtualFilterChain.doFilter(ObservationFilterChainDecorator.java:128)
	at org.springframework.security.web.access.intercept.FilterSecurityInterceptor.invoke(FilterSecurityInterceptor.java:117)
	at org.springframework.security.web.access.intercept.FilterSecurityInterceptor.doFilter(FilterSecurityInterceptor.java:83)
	at org.springframework.security.web.ObservationFilterChainDecorator$ObservationFilter.wrapFilter(ObservationFilterChainDecorator.java:240)
	at org.springframework.security.web.ObservationFilterChainDecorator$ObservationFilter.doFilter(ObservationFilterChainDecorator.java:227)
	at org.springframework.security.web.ObservationFilterChainDecorator$VirtualFilterChain.doFilter(ObservationFilterChainDecorator.java:137)
	at org.springframework.security.web.access.ExceptionTranslationFilter.doFilter(ExceptionTranslationFilter.java:126)
	at org.springframework.security.web.access.ExceptionTranslationFilter.doFilter(ExceptionTranslationFilter.java:120)
	at org.springframework.security.web.ObservationFilterChainDecorator$ObservationFilter.wrapFilter(ObservationFilterChainDecorator.java:240)
	at org.springframework.security.web.ObservationFilterChainDecorator$ObservationFilter.doFilter(ObservationFilterChainDecorator.java:227)
	at org.springframework.security.web.ObservationFilterChainDecorator$VirtualFilterChain.doFilter(ObservationFilterChainDecorator.java:137)
	at org.springframework.security.web.session.SessionManagementFilter.doFilter(SessionManagementFilter.java:131)
	at org.springframework.security.web.session.SessionManagementFilter.doFilter(SessionManagementFilter.java:85)
	at org.springframework.security.web.ObservationFilterChainDecorator$ObservationFilter.wrapFilter(ObservationFilterChainDecorator.java:240)
	at org.springframework.security.web.ObservationFilterChainDecorator$ObservationFilter.doFilter(ObservationFilterChainDecorator.java:227)
	at org.springframework.security.web.ObservationFilterChainDecorator$VirtualFilterChain.doFilter(ObservationFilterChainDecorator.java:137)
	at org.springframework.security.web.authentication.AnonymousAuthenticationFilter.doFilter(AnonymousAuthenticationFilter.java:100)
	at org.springframework.security.web.ObservationFilterChainDecorator$ObservationFilter.wrapFilter(ObservationFilterChainDecorator.java:240)
	at org.springframework.security.web.ObservationFilterChainDecorator$ObservationFilter.doFilter(ObservationFilterChainDecorator.java:227)
	at org.springframework.security.web.ObservationFilterChainDecorator$VirtualFilterChain.doFilter(ObservationFilterChainDecorator.java:137)
	at org.springframework.security.web.servletapi.SecurityContextHolderAwareRequestFilter.doFilter(SecurityContextHolderAwareRequestFilter.java:179)
	at org.springframework.security.web.ObservationFilterChainDecorator$ObservationFilter.wrapFilter(ObservationFilterChainDecorator.java:240)
	at org.springframework.security.web.ObservationFilterChainDecorator$ObservationFilter.doFilter(ObservationFilterChainDecorator.java:227)
	at org.springframework.security.web.ObservationFilterChainDecorator$VirtualFilterChain.doFilter(ObservationFilterChainDecorator.java:137)
	at org.springframework.security.web.savedrequest.RequestCacheAwareFilter.doFilter(RequestCacheAwareFilter.java:63)
	at org.springframework.security.web.ObservationFilterChainDecorator$ObservationFilter.wrapFilter(ObservationFilterChainDecorator.java:240)
	at org.springframework.security.web.ObservationFilterChainDecorator$ObservationFilter.doFilter(ObservationFilterChainDecorator.java:227)
	at org.springframework.security.web.ObservationFilterChainDecorator$VirtualFilterChain.doFilter(ObservationFilterChainDecorator.java:137)
	at org.springframework.security.web.session.ConcurrentSessionFilter.doFilter(ConcurrentSessionFilter.java:151)
	at org.springframework.security.web.session.ConcurrentSessionFilter.doFilter(ConcurrentSessionFilter.java:129)
	at org.springframework.security.web.ObservationFilterChainDecorator$ObservationFilter.wrapFilter(ObservationFilterChainDecorator.java:240)
	at org.springframework.security.web.ObservationFilterChainDecorator$ObservationFilter.doFilter(ObservationFilterChainDecorator.java:227)
	at org.springframework.security.web.ObservationFilterChainDecorator$VirtualFilterChain.doFilter(ObservationFilterChainDecorator.java:137)
	at org.springframework.security.web.authentication.AbstractAuthenticationProcessingFilter.doFilter(AbstractAuthenticationProcessingFilter.java:227)
	at org.springframework.security.web.authentication.AbstractAuthenticationProcessingFilter.doFilter(AbstractAuthenticationProcessingFilter.java:221)
	at org.springframework.security.web.ObservationFilterChainDecorator$ObservationFilter.wrapFilter(ObservationFilterChainDecorator.java:240)
	at org.springframework.security.web.ObservationFilterChainDecorator$ObservationFilter.doFilter(ObservationFilterChainDecorator.java:227)
	at org.springframework.security.web.ObservationFilterChainDecorator$VirtualFilterChain.doFilter(ObservationFilterChainDecorator.java:137)
	at org.springframework.security.web.authentication.AbstractAuthenticationProcessingFilter.doFilter(AbstractAuthenticationProcessingFilter.java:227)
	at org.springframework.security.web.authentication.AbstractAuthenticationProcessingFilter.doFilter(AbstractAuthenticationProcessingFilter.java:221)
	at org.springframework.security.web.ObservationFilterChainDecorator$ObservationFilter.wrapFilter(ObservationFilterChainDecorator.java:240)
	at org.springframework.security.web.ObservationFilterChainDecorator$ObservationFilter.doFilter(ObservationFilterChainDecorator.java:227)
	at org.springframework.security.web.ObservationFilterChainDecorator$VirtualFilterChain.doFilter(ObservationFilterChainDecorator.java:137)
	at org.springframework.security.oauth2.client.web.OAuth2AuthorizationRequestRedirectFilter.doFilterInternal(OAuth2AuthorizationRequestRedirectFilter.java:198)
	at org.springframework.web.filter.OncePerRequestFilter.doFilter(OncePerRequestFilter.java:116)
	at org.springframework.security.web.ObservationFilterChainDecorator$ObservationFilter.wrapFilter(ObservationFilterChainDecorator.java:240)
	at org.springframework.security.web.ObservationFilterChainDecorator$ObservationFilter.doFilter(ObservationFilterChainDecorator.java:227)
	at org.springframework.security.web.ObservationFilterChainDecorator$VirtualFilterChain.doFilter(ObservationFilterChainDecorator.java:137)
	at org.springframework.security.web.authentication.logout.LogoutFilter.doFilter(LogoutFilter.java:107)
	at org.springframework.security.web.authentication.logout.LogoutFilter.doFilter(LogoutFilter.java:93)
	at org.springframework.security.web.ObservationFilterChainDecorator$ObservationFilter.wrapFilter(ObservationFilterChainDecorator.java:240)
	at org.springframework.security.web.ObservationFilterChainDecorator$ObservationFilter.doFilter(ObservationFilterChainDecorator.java:227)
	at org.springframework.security.web.ObservationFilterChainDecorator$VirtualFilterChain.doFilter(ObservationFilterChainDecorator.java:137)
	at org.springframework.security.web.csrf.CsrfFilter.doFilterInternal(CsrfFilter.java:117)
	at org.springframework.web.filter.OncePerRequestFilter.doFilter(OncePerRequestFilter.java:116)
	at org.springframework.security.web.ObservationFilterChainDecorator$ObservationFilter.wrapFilter(ObservationFilterChainDecorator.java:240)
	at org.springframework.security.web.ObservationFilterChainDecorator$ObservationFilter.doFilter(ObservationFilterChainDecorator.java:227)
	at org.springframework.security.web.ObservationFilterChainDecorator$VirtualFilterChain.doFilter(ObservationFilterChainDecorator.java:137)
	at org.springframework.security.web.header.HeaderWriterFilter.doHeadersAfter(HeaderWriterFilter.java:90)
	at org.springframework.security.web.header.HeaderWriterFilter.doFilterInternal(HeaderWriterFilter.java:75)
	at org.springframework.web.filter.OncePerRequestFilter.doFilter(OncePerRequestFilter.java:116)
	at org.springframework.security.web.ObservationFilterChainDecorator$ObservationFilter.wrapFilter(ObservationFilterChainDecorator.java:240)
	at org.springframework.security.web.ObservationFilterChainDecorator$ObservationFilter.doFilter(ObservationFilterChainDecorator.java:227)
	at org.springframework.security.web.ObservationFilterChainDecorator$VirtualFilterChain.doFilter(ObservationFilterChainDecorator.java:137)
	at org.springframework.security.web.context.SecurityContextHolderFilter.doFilter(SecurityContextHolderFilter.java:82)
	at org.springframework.security.web.context.SecurityContextHolderFilter.doFilter(SecurityContextHolderFilter.java:69)
	at org.springframework.security.web.ObservationFilterChainDecorator$ObservationFilter.wrapFilter(ObservationFilterChainDecorator.java:240)
	at org.springframework.security.web.ObservationFilterChainDecorator$ObservationFilter.doFilter(ObservationFilterChainDecorator.java:227)
	at org.springframework.security.web.ObservationFilterChainDecorator$VirtualFilterChain.doFilter(ObservationFilterChainDecorator.java:137)
	at org.springframework.security.web.context.request.async.WebAsyncManagerIntegrationFilter.doFilterInternal(WebAsyncManagerIntegrationFilter.java:62)
	at org.springframework.web.filter.OncePerRequestFilter.doFilter(OncePerRequestFilter.java:116)
	at org.springframework.security.web.ObservationFilterChainDecorator$ObservationFilter.wrapFilter(ObservationFilterChainDecorator.java:240)
	at org.springframework.security.web.ObservationFilterChainDecorator$ObservationFilter.doFilter(ObservationFilterChainDecorator.java:227)
	at org.springframework.security.web.ObservationFilterChainDecorator$VirtualFilterChain.doFilter(ObservationFilterChainDecorator.java:137)
	at org.springframework.security.web.session.DisableEncodeUrlFilter.doFilterInternal(DisableEncodeUrlFilter.java:42)
	at org.springframework.web.filter.OncePerRequestFilter.doFilter(OncePerRequestFilter.java:116)
	at org.springframework.security.web.ObservationFilterChainDecorator$ObservationFilter.wrapFilter(ObservationFilterChainDecorator.java:240)
	at org.springframework.security.web.ObservationFilterChainDecorator$AroundFilterObservation$SimpleAroundFilterObservation.lambda$wrap$0(ObservationFilterChainDecorator.java:323)
	at org.springframework.security.web.ObservationFilterChainDecorator$ObservationFilter.doFilter(ObservationFilterChainDecorator.java:224)
	at org.springframework.security.web.ObservationFilterChainDecorator$VirtualFilterChain.doFilter(ObservationFilterChainDecorator.java:137)
	at org.springframework.security.web.FilterChainProxy.doFilterInternal(FilterChainProxy.java:233)
	at org.springframework.security.web.FilterChainProxy.doFilter(FilterChainProxy.java:191)
	at org.springframework.web.filter.CompositeFilter$VirtualFilterChain.doFilter(CompositeFilter.java:113)
	at org.springframework.web.servlet.handler.HandlerMappingIntrospector.lambda$createCacheFilter$3(HandlerMappingIntrospector.java:195)
	at org.springframework.web.filter.CompositeFilter$VirtualFilterChain.doFilter(CompositeFilter.java:113)
	at org.springframework.web.filter.CompositeFilter.doFilter(CompositeFilter.java:74)
	at org.springframework.security.config.annotation.web.configuration.WebMvcSecurityConfiguration$CompositeFilterChainProxy.doFilter(WebMvcSecurityConfiguration.java:230)
	at org.springframework.web.filter.DelegatingFilterProxy.invokeDelegate(DelegatingFilterProxy.java:362)
	at org.springframework.web.filter.DelegatingFilterProxy.doFilter(DelegatingFilterProxy.java:278)
	at org.apache.catalina.core.ApplicationFilterChain.internalDoFilter(ApplicationFilterChain.java:164)
	at org.apache.catalina.core.ApplicationFilterChain.doFilter(ApplicationFilterChain.java:140)
	at org.springframework.web.filter.RequestContextFilter.doFilterInternal(RequestContextFilter.java:100)
	at org.springframework.web.filter.OncePerRequestFilter.doFilter(OncePerRequestFilter.java:116)
	at org.apache.catalina.core.ApplicationFilterChain.internalDoFilter(ApplicationFilterChain.java:164)
	at org.apache.catalina.core.ApplicationFilterChain.doFilter(ApplicationFilterChain.java:140)
	at org.springframework.web.filter.FormContentFilter.doFilterInternal(FormContentFilter.java:93)
	at org.springframework.web.filter.OncePerRequestFilter.doFilter(OncePerRequestFilter.java:116)
	at org.apache.catalina.core.ApplicationFilterChain.internalDoFilter(ApplicationFilterChain.java:164)
	at org.apache.catalina.core.ApplicationFilterChain.doFilter(ApplicationFilterChain.java:140)
	at org.springframework.web.filter.ServerHttpObservationFilter.doFilterInternal(ServerHttpObservationFilter.java:113)
	at org.springframework.web.filter.OncePerRequestFilter.doFilter(OncePerRequestFilter.java:116)
	at org.apache.catalina.core.ApplicationFilterChain.internalDoFilter(ApplicationFilterChain.java:164)
	at org.apache.catalina.core.ApplicationFilterChain.doFilter(ApplicationFilterChain.java:140)
	at org.springframework.web.filter.CharacterEncodingFilter.doFilterInternal(CharacterEncodingFilter.java:201)
	at org.springframework.web.filter.OncePerRequestFilter.doFilter(OncePerRequestFilter.java:116)
	at org.apache.catalina.core.ApplicationFilterChain.internalDoFilter(ApplicationFilterChain.java:164)
	at org.apache.catalina.core.ApplicationFilterChain.doFilter(ApplicationFilterChain.java:140)
	at org.apache.catalina.core.StandardWrapperValve.invoke(StandardWrapperValve.java:167)
	at org.apache.catalina.core.StandardContextValve.invoke(StandardContextValve.java:90)
	at org.apache.catalina.authenticator.AuthenticatorBase.invoke(AuthenticatorBase.java:483)
	at org.apache.catalina.core.StandardHostValve.invoke(StandardHostValve.java:115)
	at org.apache.catalina.valves.ErrorReportValve.invoke(ErrorReportValve.java:93)
	at org.apache.catalina.core.StandardEngineValve.invoke(StandardEngineValve.java:74)
	at org.apache.catalina.connector.CoyoteAdapter.service(CoyoteAdapter.java:344)
	at org.apache.coyote.http11.Http11Processor.service(Http11Processor.java:384)
	at org.apache.coyote.AbstractProcessorLight.process(AbstractProcessorLight.java:63)
	at org.apache.coyote.AbstractProtocol$ConnectionHandler.process(AbstractProtocol.java:905)
	at org.apache.tomcat.util.net.NioEndpoint$SocketProcessor.doRun(NioEndpoint.java:1741)
	at org.apache.tomcat.util.net.SocketProcessorBase.run(SocketProcessorBase.java:52)
	at org.apache.tomcat.util.threads.ThreadPoolExecutor.runWorker(ThreadPoolExecutor.java:1190)
	at org.apache.tomcat.util.threads.ThreadPoolExecutor$Worker.run(ThreadPoolExecutor.java:659)
	at org.apache.tomcat.util.threads.TaskThread$WrappingRunnable.run(TaskThread.java:63)
	at java.base/java.lang.Thread.run(Thread.java:1575)
2025-04-17 21:44:14 [http-nio-8080-exec-6] [DEBUG] o.s.security.web.FilterChainProxy - Securing GET /error
2025-04-17 21:44:14 [http-nio-8080-exec-6] [DEBUG] o.s.s.w.c.HttpSessionSecurityContextRepository - Retrieved SecurityContextImpl [Authentication=OAuth2AuthenticationToken [Principal=Name: [107234087105093742255], Granted Authorities: [[OIDC_USER, SCOPE_https://www.googleapis.com/auth/userinfo.email, SCOPE_https://www.googleapis.com/auth/userinfo.profile, SCOPE_openid]], User Attributes: [{at_hash=p3YhWlYM2r3im2ZYGxHcCQ, sub=107234087105093742255, email_verified=true, iss=https://accounts.google.com, given_name=Павел, nonce=b8OhfnMYAlJFkcWuBj-bRhz1dNROMpY7wy6M3Sq0Eqo, picture=https://lh3.googleusercontent.com/a/ACg8ocJJoh9jonlTH61VWgvXCiXb0zCDjifGZZtZ30sCErS3N5ntDw=s96-c, aud=[909915657042-l07l5jl8r3v54r15k12hp7vev9dor6r7.apps.googleusercontent.com], azp=909915657042-l07l5jl8r3v54r15k12hp7vev9dor6r7.apps.googleusercontent.com, name=Павел Королев, exp=2025-04-17T19:44:09Z, family_name=Королев, iat=2025-04-17T18:44:09Z, email=passapdom@gmail.com}], Credentials=[PROTECTED], Authenticated=true, Details=WebAuthenticationDetails [RemoteIpAddress=0:0:0:0:0:0:0:1, SessionId=98762F650CCE78E7C409D2E917E9B42B], Granted Authorities=[OIDC_USER, SCOPE_https://www.googleapis.com/auth/userinfo.email, SCOPE_https://www.googleapis.com/auth/userinfo.profile, SCOPE_openid]]]
2025-04-17 21:44:14 [http-nio-8080-exec-6] [DEBUG] o.s.s.w.a.i.FilterSecurityInterceptor - Authorized filter invocation [GET /error] with attributes [permitAll]
2025-04-17 21:44:14 [http-nio-8080-exec-6] [DEBUG] o.s.security.web.FilterChainProxy - Secured GET /error
2025-04-17 22:39:36 [HikariPool-1 housekeeper] [WARN] com.zaxxer.hikari.pool.HikariPool - HikariPool-1 - Thread starvation or clock leap detected (housekeeper delta=44m4s818ms773µs600ns).
2025-04-17 23:01:24 [HikariPool-1 housekeeper] [WARN] com.zaxxer.hikari.pool.HikariPool - HikariPool-1 - Thread starvation or clock leap detected (housekeeper delta=11m47s573ms453µs400ns).
2025-04-17 23:56:04 [SpringApplicationShutdownHook] [INFO] o.s.o.j.LocalContainerEntityManagerFactoryBean - Closing JPA EntityManagerFactory for persistence unit 'default'
2025-04-17 23:56:04 [SpringApplicationShutdownHook] [INFO] com.zaxxer.hikari.HikariDataSource - HikariPool-1 - Shutdown initiated...
2025-04-17 23:56:04 [SpringApplicationShutdownHook] [INFO] com.zaxxer.hikari.HikariDataSource - HikariPool-1 - Shutdown completed.
2025-04-17 23:56:07 [background-preinit] [INFO] o.h.validator.internal.util.Version - HV000001: Hibernate Validator 8.0.1.Final
2025-04-17 23:56:07 [restartedMain] [INFO] r.k.alliance.AllianceApplication - Starting AllianceApplication using Java 23.0.1 with PID 23036 (C:\Users\Zver\Desktop\Projects\alliance\target\classes started by pavel in C:\Users\Zver\Desktop\Projects\alliance)
2025-04-17 23:56:07 [restartedMain] [INFO] r.k.alliance.AllianceApplication - No active profile set, falling back to 1 default profile: "default"
2025-04-17 23:56:07 [restartedMain] [INFO] o.s.b.d.e.DevToolsPropertyDefaultsPostProcessor - Devtools property defaults active! Set 'spring.devtools.add-properties' to 'false' to disable
2025-04-17 23:56:07 [restartedMain] [INFO] o.s.b.d.e.DevToolsPropertyDefaultsPostProcessor - For additional web related logging consider setting the 'logging.level.web' property to 'DEBUG'
2025-04-17 23:56:08 [restartedMain] [INFO] o.s.d.r.c.RepositoryConfigurationDelegate - Bootstrapping Spring Data JPA repositories in DEFAULT mode.
2025-04-17 23:56:08 [restartedMain] [INFO] o.s.d.r.c.RepositoryConfigurationDelegate - Finished Spring Data repository scanning in 55 ms. Found 11 JPA repository interfaces.
2025-04-17 23:56:09 [restartedMain] [INFO] o.s.b.w.e.tomcat.TomcatWebServer - Tomcat initialized with port 8080 (http)
2025-04-17 23:56:09 [restartedMain] [INFO] o.a.coyote.http11.Http11NioProtocol - Initializing ProtocolHandler ["http-nio-8080"]
2025-04-17 23:56:09 [restartedMain] [INFO] o.a.catalina.core.StandardService - Starting service [Tomcat]
2025-04-17 23:56:09 [restartedMain] [INFO] o.a.catalina.core.StandardEngine - Starting Servlet engine: [Apache Tomcat/10.1.31]
2025-04-17 23:56:09 [restartedMain] [INFO] o.a.c.c.C.[Tomcat].[localhost].[/] - Initializing Spring embedded WebApplicationContext
2025-04-17 23:56:09 [restartedMain] [INFO] o.s.b.w.s.c.ServletWebServerApplicationContext - Root WebApplicationContext: initialization completed in 1601 ms
2025-04-17 23:56:09 [restartedMain] [INFO] com.zaxxer.hikari.HikariDataSource - HikariPool-1 - Starting...
2025-04-17 23:56:09 [restartedMain] [INFO] com.zaxxer.hikari.pool.HikariPool - HikariPool-1 - Added connection org.postgresql.jdbc.PgConnection@46ea8945
2025-04-17 23:56:09 [restartedMain] [INFO] com.zaxxer.hikari.HikariDataSource - HikariPool-1 - Start completed.
2025-04-17 23:56:09 [restartedMain] [INFO] o.h.jpa.internal.util.LogHelper - HHH000204: Processing PersistenceUnitInfo [name: default]
2025-04-17 23:56:09 [restartedMain] [INFO] org.hibernate.Version - HHH000412: Hibernate ORM core version 6.5.3.Final
2025-04-17 23:56:09 [restartedMain] [INFO] o.h.c.i.RegionFactoryInitiator - HHH000026: Second-level cache disabled
2025-04-17 23:56:09 [restartedMain] [INFO] o.s.o.j.p.SpringPersistenceUnitInfo - No LoadTimeWeaver setup: ignoring JPA class transformer
2025-04-17 23:56:10 [restartedMain] [INFO] o.h.e.t.j.p.i.JtaPlatformInitiator - HHH000489: No JTA platform available (set 'hibernate.transaction.jta.platform' to enable JTA platform integration)
2025-04-17 23:56:10 [restartedMain] [INFO] o.s.o.j.LocalContainerEntityManagerFactoryBean - Initialized JPA EntityManagerFactory for persistence unit 'default'
2025-04-17 23:56:11 [restartedMain] [INFO] o.s.d.j.r.query.QueryEnhancerFactory - Hibernate is in classpath; If applicable, HQL parser will be used.
2025-04-17 23:56:11 [restartedMain] [WARN] o.s.b.a.o.j.JpaBaseConfiguration$JpaWebConfiguration - spring.jpa.open-in-view is enabled by default. Therefore, database queries may be performed during view rendering. Explicitly configure spring.jpa.open-in-view to disable this warning
2025-04-17 23:56:11 [restartedMain] [INFO] o.s.s.c.a.a.c.InitializeUserDetailsBeanManagerConfigurer$InitializeUserDetailsManagerConfigurer - Global AuthenticationManager configured with UserDetailsService bean with name myUserDetailsService
2025-04-17 23:56:12 [restartedMain] [INFO] o.s.b.a.e.web.EndpointLinksResolver - Exposing 1 endpoint beneath base path '/actuator'
2025-04-17 23:56:12 [restartedMain] [DEBUG] o.s.s.w.a.e.ExpressionBasedFilterInvocationSecurityMetadataSource - Adding web access control expression [permitAll] for ExactUrl [processUrl='/login?error']
2025-04-17 23:56:12 [restartedMain] [DEBUG] o.s.s.w.a.e.ExpressionBasedFilterInvocationSecurityMetadataSource - Adding web access control expression [permitAll] for ExactUrl [processUrl='/login']
2025-04-17 23:56:12 [restartedMain] [DEBUG] o.s.s.w.a.e.ExpressionBasedFilterInvocationSecurityMetadataSource - Adding web access control expression [permitAll] for ExactUrl [processUrl='/login']
2025-04-17 23:56:12 [restartedMain] [DEBUG] o.s.s.w.a.e.ExpressionBasedFilterInvocationSecurityMetadataSource - Adding web access control expression [permitAll] for Ant [pattern='/logout', POST]
2025-04-17 23:56:12 [restartedMain] [DEBUG] o.s.s.w.a.e.ExpressionBasedFilterInvocationSecurityMetadataSource - Adding web access control expression [permitAll] for ExactUrl [processUrl='/realty']
2025-04-17 23:56:12 [restartedMain] [DEBUG] o.s.s.w.a.e.ExpressionBasedFilterInvocationSecurityMetadataSource - Adding web access control expression [authenticated] for Deferred [Mvc [pattern='/realty/new'], Ant [pattern='/realty/new']]
2025-04-17 23:56:12 [restartedMain] [DEBUG] o.s.s.w.a.e.ExpressionBasedFilterInvocationSecurityMetadataSource - Adding web access control expression [authenticated] for Deferred [Mvc [pattern='/realty/edit/**'], Ant [pattern='/realty/edit/**']]
2025-04-17 23:56:12 [restartedMain] [DEBUG] o.s.s.w.a.e.ExpressionBasedFilterInvocationSecurityMetadataSource - Adding web access control expression [authenticated] for Deferred [Mvc [pattern='/realty/delete/**'], Ant [pattern='/realty/delete/**']]
2025-04-17 23:56:12 [restartedMain] [DEBUG] o.s.s.w.a.e.ExpressionBasedFilterInvocationSecurityMetadataSource - Adding web access control expression [permitAll] for any request
2025-04-17 23:56:12 [restartedMain] [DEBUG] o.s.s.web.DefaultSecurityFilterChain - Will secure any request with filters: DisableEncodeUrlFilter, WebAsyncManagerIntegrationFilter, SecurityContextHolderFilter, HeaderWriterFilter, CsrfFilter, LogoutFilter, OAuth2AuthorizationRequestRedirectFilter, OAuth2LoginAuthenticationFilter, UsernamePasswordAuthenticationFilter, ConcurrentSessionFilter, RequestCacheAwareFilter, SecurityContextHolderAwareRequestFilter, AnonymousAuthenticationFilter, SessionManagementFilter, ExceptionTranslationFilter, FilterSecurityInterceptor
2025-04-17 23:56:12 [restartedMain] [INFO] o.s.b.d.a.OptionalLiveReloadServer - LiveReload server is running on port 35729
2025-04-17 23:56:12 [restartedMain] [INFO] o.a.coyote.http11.Http11NioProtocol - Starting ProtocolHandler ["http-nio-8080"]
2025-04-17 23:56:13 [restartedMain] [INFO] o.s.b.w.e.tomcat.TomcatWebServer - Tomcat started on port 8080 (http) with context path '/'
2025-04-17 23:56:13 [restartedMain] [INFO] r.k.alliance.AllianceApplication - Started AllianceApplication in 5.882 seconds (process running for 6.942)
2025-04-17 23:56:13 [RMI TCP Connection(3)-192.168.100.28] [INFO] o.a.c.c.C.[Tomcat].[localhost].[/] - Initializing Spring DispatcherServlet 'dispatcherServlet'
2025-04-17 23:56:13 [RMI TCP Connection(3)-192.168.100.28] [INFO] o.s.web.servlet.DispatcherServlet - Initializing Servlet 'dispatcherServlet'
2025-04-17 23:56:13 [RMI TCP Connection(3)-192.168.100.28] [INFO] o.s.web.servlet.DispatcherServlet - Completed initialization in 1 ms
2025-04-17 23:56:14 [http-nio-8080-exec-2] [DEBUG] o.s.security.web.FilterChainProxy - Securing GET /admin-panel?
2025-04-17 23:56:14 [http-nio-8080-exec-2] [DEBUG] o.s.s.w.a.AnonymousAuthenticationFilter - Set SecurityContextHolder to anonymous SecurityContext
2025-04-17 23:56:14 [http-nio-8080-exec-2] [DEBUG] o.s.s.w.s.SessionManagementFilter - Request requested invalid session id FAB9943E03CDEA373CE98ECBE2786414
2025-04-17 23:56:14 [http-nio-8080-exec-2] [DEBUG] o.s.s.w.a.i.FilterSecurityInterceptor - Authorized filter invocation [GET /admin-panel?] with attributes [permitAll]
2025-04-17 23:56:14 [http-nio-8080-exec-2] [DEBUG] o.s.security.web.FilterChainProxy - Secured GET /admin-panel?
2025-04-17 23:56:14 [http-nio-8080-exec-2] [DEBUG] o.s.s.a.m.AuthorizationManagerBeforeMethodInterceptor - Authorizing method invocation ReflectiveMethodInvocation: public java.lang.String ru.kozelsk.alliance.controllers.admin.AdminController.adminPanel(); target is of class [ru.kozelsk.alliance.controllers.admin.AdminController]
2025-04-17 23:56:14 [http-nio-8080-exec-2] [INFO] r.k.a.u.s.CheckAuthorizeService - checkAdmin2: principal != null
2025-04-17 23:56:14 [http-nio-8080-exec-2] [INFO] r.k.a.u.s.CheckAuthorizeService - Principal2 is String
2025-04-17 23:56:14 [http-nio-8080-exec-2] [INFO] r.k.a.u.s.CheckAuthorizeService - Checking admin2 rights for email: anonymousUser
2025-04-17 23:56:14 [http-nio-8080-exec-2] [DEBUG] o.s.s.a.m.AuthorizationManagerBeforeMethodInterceptor - Failed to authorize ReflectiveMethodInvocation: public java.lang.String ru.kozelsk.alliance.controllers.admin.AdminController.adminPanel(); target is of class [ru.kozelsk.alliance.controllers.admin.AdminController] with authorization manager org.springframework.security.authorization.ObservationAuthorizationManager@79c6ec44 and decision ExpressionAuthorizationDecision [granted=false, expressionAttribute=@customSecurity.checkAdmin(authentication)]
2025-04-17 23:56:14 [http-nio-8080-exec-2] [DEBUG] o.s.s.w.s.HttpSessionRequestCache - Saved request http://localhost:8080/admin-panel?continue to session
2025-04-17 23:56:14 [http-nio-8080-exec-2] [DEBUG] o.s.s.w.a.DelegatingAuthenticationEntryPoint - Trying to match using And [Not [RequestHeaderRequestMatcher [expectedHeaderName=X-Requested-With, expectedHeaderValue=XMLHttpRequest]], MediaTypeRequestMatcher [contentNegotiationStrategy=org.springframework.web.accept.ContentNegotiationManager@656836fe, matchingMediaTypes=[application/xhtml+xml, image/*, text/html, text/plain], useEquals=false, ignoredMediaTypes=[*/*]]]
2025-04-17 23:56:14 [http-nio-8080-exec-2] [DEBUG] o.s.s.w.a.DelegatingAuthenticationEntryPoint - Match found! Executing org.springframework.security.web.authentication.LoginUrlAuthenticationEntryPoint@2d666ded
2025-04-17 23:56:14 [http-nio-8080-exec-2] [DEBUG] o.s.s.web.DefaultRedirectStrategy - Redirecting to http://localhost:8080/login
2025-04-17 23:56:14 [http-nio-8080-exec-3] [DEBUG] o.s.security.web.FilterChainProxy - Securing GET /login
2025-04-17 23:56:14 [http-nio-8080-exec-3] [DEBUG] o.s.s.w.a.AnonymousAuthenticationFilter - Set SecurityContextHolder to anonymous SecurityContext
2025-04-17 23:56:14 [http-nio-8080-exec-3] [DEBUG] o.s.s.w.a.i.FilterSecurityInterceptor - Authorized filter invocation [GET /login] with attributes [permitAll]
2025-04-17 23:56:14 [http-nio-8080-exec-3] [DEBUG] o.s.security.web.FilterChainProxy - Secured GET /login
2025-04-17 23:56:14 [http-nio-8080-exec-1] [DEBUG] o.s.security.web.FilterChainProxy - Securing GET /img/logo_alliance.png
2025-04-17 23:56:14 [http-nio-8080-exec-1] [DEBUG] o.s.s.w.a.AnonymousAuthenticationFilter - Set SecurityContextHolder to anonymous SecurityContext
2025-04-17 23:56:14 [http-nio-8080-exec-1] [DEBUG] o.s.s.w.a.i.FilterSecurityInterceptor - Authorized filter invocation [GET /img/logo_alliance.png] with attributes [permitAll]
2025-04-17 23:56:14 [http-nio-8080-exec-1] [DEBUG] o.s.security.web.FilterChainProxy - Secured GET /img/logo_alliance.png
2025-04-17 23:56:16 [http-nio-8080-exec-4] [DEBUG] o.s.security.web.FilterChainProxy - Securing GET /oauth2/authorization/google
2025-04-17 23:56:16 [http-nio-8080-exec-4] [DEBUG] o.s.s.web.DefaultRedirectStrategy - Redirecting to https://accounts.google.com/o/oauth2/v2/auth?response_type=code&client_id=909915657042-l07l5jl8r3v54r15k12hp7vev9dor6r7.apps.googleusercontent.com&scope=openid%20email%20profile&state=PfZOnn3HbBOT4Ne_dZLk1XivrqgqJaHrSZnFSP0VFhM%3D&redirect_uri=http://localhost:8080/login/oauth2/code/google&nonce=PeXDBp-XiFNRnd8HJf6WUE3-MeWQPb2vSIj4LZk0FHc
2025-04-17 23:56:18 [http-nio-8080-exec-6] [DEBUG] o.s.security.web.FilterChainProxy - Securing GET /login/oauth2/code/google?state=PfZOnn3HbBOT4Ne_dZLk1XivrqgqJaHrSZnFSP0VFhM%3D&code=4%2F0Ab_5qlnkM4QwXMECIJa0JdOmm9raFNI6Zc-PVIOYA8xYt2i8oBIWal8CWaPRcKJC-t9qnw&scope=email+profile+https%3A%2F%2Fwww.googleapis.com%2Fauth%2Fuserinfo.profile+openid+https%3A%2F%2Fwww.googleapis.com%2Fauth%2Fuserinfo.email&authuser=0&prompt=none
2025-04-17 23:56:18 [http-nio-8080-exec-6] [DEBUG] o.s.s.w.a.s.SessionFixationProtectionStrategy - Invalidating session with Id '3D3CFADEEF635911D87A4B9BA8B8CCF4' and migrating attributes.
2025-04-17 23:56:18 [http-nio-8080-exec-6] [DEBUG] o.s.s.w.a.s.SessionFixationProtectionStrategy - Started new session: B34112BDC2AF015F7BE02035C64CA498
2025-04-17 23:56:18 [http-nio-8080-exec-6] [DEBUG] o.s.s.w.a.s.SessionFixationProtectionStrategy - Changed session id from 3D3CFADEEF635911D87A4B9BA8B8CCF4
2025-04-17 23:56:18 [http-nio-8080-exec-6] [DEBUG] o.s.s.c.session.SessionRegistryImpl - Registering session B34112BDC2AF015F7BE02035C64CA498, for principal Name: [107234087105093742255], Granted Authorities: [[OIDC_USER, SCOPE_https://www.googleapis.com/auth/userinfo.email, SCOPE_https://www.googleapis.com/auth/userinfo.profile, SCOPE_openid]], User Attributes: [{at_hash=HUO3VodrvEXWVUjDYi2NVg, sub=107234087105093742255, email_verified=true, iss=https://accounts.google.com, given_name=Павел, nonce=PeXDBp-XiFNRnd8HJf6WUE3-MeWQPb2vSIj4LZk0FHc, picture=https://lh3.googleusercontent.com/a/ACg8ocJJoh9jonlTH61VWgvXCiXb0zCDjifGZZtZ30sCErS3N5ntDw=s96-c, aud=[909915657042-l07l5jl8r3v54r15k12hp7vev9dor6r7.apps.googleusercontent.com], azp=909915657042-l07l5jl8r3v54r15k12hp7vev9dor6r7.apps.googleusercontent.com, name=Павел Королев, exp=2025-04-17T21:56:18Z, family_name=Королев, iat=2025-04-17T20:56:18Z, email=passapdom@gmail.com}]
2025-04-17 23:56:18 [http-nio-8080-exec-6] [DEBUG] o.s.s.w.c.CsrfAuthenticationStrategy - Replaced CSRF Token
2025-04-17 23:56:18 [http-nio-8080-exec-6] [DEBUG] o.s.s.w.c.HttpSessionSecurityContextRepository - Stored SecurityContextImpl [Authentication=OAuth2AuthenticationToken [Principal=Name: [107234087105093742255], Granted Authorities: [[OIDC_USER, SCOPE_https://www.googleapis.com/auth/userinfo.email, SCOPE_https://www.googleapis.com/auth/userinfo.profile, SCOPE_openid]], User Attributes: [{at_hash=HUO3VodrvEXWVUjDYi2NVg, sub=107234087105093742255, email_verified=true, iss=https://accounts.google.com, given_name=Павел, nonce=PeXDBp-XiFNRnd8HJf6WUE3-MeWQPb2vSIj4LZk0FHc, picture=https://lh3.googleusercontent.com/a/ACg8ocJJoh9jonlTH61VWgvXCiXb0zCDjifGZZtZ30sCErS3N5ntDw=s96-c, aud=[909915657042-l07l5jl8r3v54r15k12hp7vev9dor6r7.apps.googleusercontent.com], azp=909915657042-l07l5jl8r3v54r15k12hp7vev9dor6r7.apps.googleusercontent.com, name=Павел Королев, exp=2025-04-17T21:56:18Z, family_name=Королев, iat=2025-04-17T20:56:18Z, email=passapdom@gmail.com}], Credentials=[PROTECTED], Authenticated=true, Details=WebAuthenticationDetails [RemoteIpAddress=0:0:0:0:0:0:0:1, SessionId=3D3CFADEEF635911D87A4B9BA8B8CCF4], Granted Authorities=[OIDC_USER, SCOPE_https://www.googleapis.com/auth/userinfo.email, SCOPE_https://www.googleapis.com/auth/userinfo.profile, SCOPE_openid]]] to HttpSession [org.apache.catalina.session.StandardSessionFacade@3ecf814c]
2025-04-17 23:56:18 [http-nio-8080-exec-6] [DEBUG] o.s.s.o.c.w.OAuth2LoginAuthenticationFilter - Set SecurityContextHolder to OAuth2AuthenticationToken [Principal=Name: [107234087105093742255], Granted Authorities: [[OIDC_USER, SCOPE_https://www.googleapis.com/auth/userinfo.email, SCOPE_https://www.googleapis.com/auth/userinfo.profile, SCOPE_openid]], User Attributes: [{at_hash=HUO3VodrvEXWVUjDYi2NVg, sub=107234087105093742255, email_verified=true, iss=https://accounts.google.com, given_name=Павел, nonce=PeXDBp-XiFNRnd8HJf6WUE3-MeWQPb2vSIj4LZk0FHc, picture=https://lh3.googleusercontent.com/a/ACg8ocJJoh9jonlTH61VWgvXCiXb0zCDjifGZZtZ30sCErS3N5ntDw=s96-c, aud=[909915657042-l07l5jl8r3v54r15k12hp7vev9dor6r7.apps.googleusercontent.com], azp=909915657042-l07l5jl8r3v54r15k12hp7vev9dor6r7.apps.googleusercontent.com, name=Павел Королев, exp=2025-04-17T21:56:18Z, family_name=Королев, iat=2025-04-17T20:56:18Z, email=passapdom@gmail.com}], Credentials=[PROTECTED], Authenticated=true, Details=WebAuthenticationDetails [RemoteIpAddress=0:0:0:0:0:0:0:1, SessionId=3D3CFADEEF635911D87A4B9BA8B8CCF4], Granted Authorities=[OIDC_USER, SCOPE_https://www.googleapis.com/auth/userinfo.email, SCOPE_https://www.googleapis.com/auth/userinfo.profile, SCOPE_openid]]
2025-04-17 23:56:18 [http-nio-8080-exec-6] [INFO] r.k.a.c.MyCustomAuthenticationSuccessHandler - onAuthenticationSuccess os starting
2025-04-17 23:56:18 [http-nio-8080-exec-6] [INFO] r.k.a.s.users.MyUserDetailsService - registerUser in service is starting
2025-04-17 23:56:18 [http-nio-8080-exec-5] [DEBUG] o.s.security.web.FilterChainProxy - Securing GET /realty
2025-04-17 23:56:18 [http-nio-8080-exec-5] [DEBUG] o.s.s.w.c.HttpSessionSecurityContextRepository - Retrieved SecurityContextImpl [Authentication=OAuth2AuthenticationToken [Principal=Name: [107234087105093742255], Granted Authorities: [[OIDC_USER, SCOPE_https://www.googleapis.com/auth/userinfo.email, SCOPE_https://www.googleapis.com/auth/userinfo.profile, SCOPE_openid]], User Attributes: [{at_hash=HUO3VodrvEXWVUjDYi2NVg, sub=107234087105093742255, email_verified=true, iss=https://accounts.google.com, given_name=Павел, nonce=PeXDBp-XiFNRnd8HJf6WUE3-MeWQPb2vSIj4LZk0FHc, picture=https://lh3.googleusercontent.com/a/ACg8ocJJoh9jonlTH61VWgvXCiXb0zCDjifGZZtZ30sCErS3N5ntDw=s96-c, aud=[909915657042-l07l5jl8r3v54r15k12hp7vev9dor6r7.apps.googleusercontent.com], azp=909915657042-l07l5jl8r3v54r15k12hp7vev9dor6r7.apps.googleusercontent.com, name=Павел Королев, exp=2025-04-17T21:56:18Z, family_name=Королев, iat=2025-04-17T20:56:18Z, email=passapdom@gmail.com}], Credentials=[PROTECTED], Authenticated=true, Details=WebAuthenticationDetails [RemoteIpAddress=0:0:0:0:0:0:0:1, SessionId=3D3CFADEEF635911D87A4B9BA8B8CCF4], Granted Authorities=[OIDC_USER, SCOPE_https://www.googleapis.com/auth/userinfo.email, SCOPE_https://www.googleapis.com/auth/userinfo.profile, SCOPE_openid]]]
2025-04-17 23:56:18 [http-nio-8080-exec-5] [DEBUG] o.s.s.w.a.i.FilterSecurityInterceptor - Authorized filter invocation [GET /realty] with attributes [permitAll]
2025-04-17 23:56:18 [http-nio-8080-exec-5] [DEBUG] o.s.security.web.FilterChainProxy - Secured GET /realty
2025-04-17 23:56:18 [http-nio-8080-exec-5] [INFO] r.k.a.u.s.CheckAuthorizeService - checkAdmin is starting, principal: OAuth2AuthenticationToken [Principal=Name: [107234087105093742255], Granted Authorities: [[OIDC_USER, SCOPE_https://www.googleapis.com/auth/userinfo.email, SCOPE_https://www.googleapis.com/auth/userinfo.profile, SCOPE_openid]], User Attributes: [{at_hash=HUO3VodrvEXWVUjDYi2NVg, sub=107234087105093742255, email_verified=true, iss=https://accounts.google.com, given_name=Павел, nonce=PeXDBp-XiFNRnd8HJf6WUE3-MeWQPb2vSIj4LZk0FHc, picture=https://lh3.googleusercontent.com/a/ACg8ocJJoh9jonlTH61VWgvXCiXb0zCDjifGZZtZ30sCErS3N5ntDw=s96-c, aud=[909915657042-l07l5jl8r3v54r15k12hp7vev9dor6r7.apps.googleusercontent.com], azp=909915657042-l07l5jl8r3v54r15k12hp7vev9dor6r7.apps.googleusercontent.com, name=Павел Королев, exp=2025-04-17T21:56:18Z, family_name=Королев, iat=2025-04-17T20:56:18Z, email=passapdom@gmail.com}], Credentials=[PROTECTED], Authenticated=true, Details=WebAuthenticationDetails [RemoteIpAddress=0:0:0:0:0:0:0:1, SessionId=3D3CFADEEF635911D87A4B9BA8B8CCF4], Granted Authorities=[OIDC_USER, SCOPE_https://www.googleapis.com/auth/userinfo.email, SCOPE_https://www.googleapis.com/auth/userinfo.profile, SCOPE_openid]]
2025-04-17 23:56:18 [http-nio-8080-exec-5] [INFO] r.k.a.u.s.CheckAuthorizeService - checkAdmin: principal != null
2025-04-17 23:56:18 [http-nio-8080-exec-5] [INFO] r.k.a.u.s.CheckAuthorizeService - Principal is OAuth2AuthenticationToken
2025-04-17 23:56:18 [http-nio-8080-exec-5] [INFO] r.k.a.u.s.CheckAuthorizeService - Checking admin rights for email: passapdom@gmail.com
2025-04-17 23:56:18 [http-nio-8080-exec-5] [INFO] r.k.a.u.s.CheckAuthorizeService - User roles: [ADMIN]
2025-04-17 23:56:18 [http-nio-8080-exec-7] [DEBUG] o.s.security.web.FilterChainProxy - Securing GET /css/styles.css
2025-04-17 23:56:18 [http-nio-8080-exec-7] [DEBUG] o.s.s.w.c.HttpSessionSecurityContextRepository - Retrieved SecurityContextImpl [Authentication=OAuth2AuthenticationToken [Principal=Name: [107234087105093742255], Granted Authorities: [[OIDC_USER, SCOPE_https://www.googleapis.com/auth/userinfo.email, SCOPE_https://www.googleapis.com/auth/userinfo.profile, SCOPE_openid]], User Attributes: [{at_hash=HUO3VodrvEXWVUjDYi2NVg, sub=107234087105093742255, email_verified=true, iss=https://accounts.google.com, given_name=Павел, nonce=PeXDBp-XiFNRnd8HJf6WUE3-MeWQPb2vSIj4LZk0FHc, picture=https://lh3.googleusercontent.com/a/ACg8ocJJoh9jonlTH61VWgvXCiXb0zCDjifGZZtZ30sCErS3N5ntDw=s96-c, aud=[909915657042-l07l5jl8r3v54r15k12hp7vev9dor6r7.apps.googleusercontent.com], azp=909915657042-l07l5jl8r3v54r15k12hp7vev9dor6r7.apps.googleusercontent.com, name=Павел Королев, exp=2025-04-17T21:56:18Z, family_name=Королев, iat=2025-04-17T20:56:18Z, email=passapdom@gmail.com}], Credentials=[PROTECTED], Authenticated=true, Details=WebAuthenticationDetails [RemoteIpAddress=0:0:0:0:0:0:0:1, SessionId=3D3CFADEEF635911D87A4B9BA8B8CCF4], Granted Authorities=[OIDC_USER, SCOPE_https://www.googleapis.com/auth/userinfo.email, SCOPE_https://www.googleapis.com/auth/userinfo.profile, SCOPE_openid]]]
2025-04-17 23:56:18 [http-nio-8080-exec-7] [DEBUG] o.s.s.w.a.i.FilterSecurityInterceptor - Authorized filter invocation [GET /css/styles.css] with attributes [permitAll]
2025-04-17 23:56:18 [http-nio-8080-exec-7] [DEBUG] o.s.security.web.FilterChainProxy - Secured GET /css/styles.css
2025-04-17 23:56:18 [http-nio-8080-exec-8] [DEBUG] o.s.security.web.FilterChainProxy - Securing GET /img/logo_alliance.png
2025-04-17 23:56:18 [http-nio-8080-exec-9] [DEBUG] o.s.security.web.FilterChainProxy - Securing GET /img/agency.jpg
2025-04-17 23:56:18 [http-nio-8080-exec-8] [DEBUG] o.s.s.w.c.HttpSessionSecurityContextRepository - Retrieved SecurityContextImpl [Authentication=OAuth2AuthenticationToken [Principal=Name: [107234087105093742255], Granted Authorities: [[OIDC_USER, SCOPE_https://www.googleapis.com/auth/userinfo.email, SCOPE_https://www.googleapis.com/auth/userinfo.profile, SCOPE_openid]], User Attributes: [{at_hash=HUO3VodrvEXWVUjDYi2NVg, sub=107234087105093742255, email_verified=true, iss=https://accounts.google.com, given_name=Павел, nonce=PeXDBp-XiFNRnd8HJf6WUE3-MeWQPb2vSIj4LZk0FHc, picture=https://lh3.googleusercontent.com/a/ACg8ocJJoh9jonlTH61VWgvXCiXb0zCDjifGZZtZ30sCErS3N5ntDw=s96-c, aud=[909915657042-l07l5jl8r3v54r15k12hp7vev9dor6r7.apps.googleusercontent.com], azp=909915657042-l07l5jl8r3v54r15k12hp7vev9dor6r7.apps.googleusercontent.com, name=Павел Королев, exp=2025-04-17T21:56:18Z, family_name=Королев, iat=2025-04-17T20:56:18Z, email=passapdom@gmail.com}], Credentials=[PROTECTED], Authenticated=true, Details=WebAuthenticationDetails [RemoteIpAddress=0:0:0:0:0:0:0:1, SessionId=3D3CFADEEF635911D87A4B9BA8B8CCF4], Granted Authorities=[OIDC_USER, SCOPE_https://www.googleapis.com/auth/userinfo.email, SCOPE_https://www.googleapis.com/auth/userinfo.profile, SCOPE_openid]]]
2025-04-17 23:56:18 [http-nio-8080-exec-10] [DEBUG] o.s.security.web.FilterChainProxy - Securing GET /images/advertisementSale/d4315efc-c703-4501-a94b-81ff7ce200a0_photo_2024-12-23_22-17-59.jpg
2025-04-17 23:56:18 [http-nio-8080-exec-3] [DEBUG] o.s.security.web.FilterChainProxy - Securing GET /images/placeholder.jpg
2025-04-17 23:56:18 [http-nio-8080-exec-2] [DEBUG] o.s.security.web.FilterChainProxy - Securing GET /images/advertisementSale/f59acdf2-baf6-4bc0-b36b-35e41bacd18b_photo_2024-12-23_22-17-54.jpg
2025-04-17 23:56:18 [http-nio-8080-exec-8] [DEBUG] o.s.s.w.a.i.FilterSecurityInterceptor - Authorized filter invocation [GET /img/logo_alliance.png] with attributes [permitAll]
2025-04-17 23:56:18 [http-nio-8080-exec-1] [DEBUG] o.s.security.web.FilterChainProxy - Securing GET /images/advertisementSale/199952c8-f50d-4f4d-bedc-5c44f013ee64_Снимок экрана (6).png
2025-04-17 23:56:18 [http-nio-8080-exec-8] [DEBUG] o.s.security.web.FilterChainProxy - Secured GET /img/logo_alliance.png
2025-04-17 23:56:18 [http-nio-8080-exec-9] [DEBUG] o.s.s.w.c.HttpSessionSecurityContextRepository - Retrieved SecurityContextImpl [Authentication=OAuth2AuthenticationToken [Principal=Name: [107234087105093742255], Granted Authorities: [[OIDC_USER, SCOPE_https://www.googleapis.com/auth/userinfo.email, SCOPE_https://www.googleapis.com/auth/userinfo.profile, SCOPE_openid]], User Attributes: [{at_hash=HUO3VodrvEXWVUjDYi2NVg, sub=107234087105093742255, email_verified=true, iss=https://accounts.google.com, given_name=Павел, nonce=PeXDBp-XiFNRnd8HJf6WUE3-MeWQPb2vSIj4LZk0FHc, picture=https://lh3.googleusercontent.com/a/ACg8ocJJoh9jonlTH61VWgvXCiXb0zCDjifGZZtZ30sCErS3N5ntDw=s96-c, aud=[909915657042-l07l5jl8r3v54r15k12hp7vev9dor6r7.apps.googleusercontent.com], azp=909915657042-l07l5jl8r3v54r15k12hp7vev9dor6r7.apps.googleusercontent.com, name=Павел Королев, exp=2025-04-17T21:56:18Z, family_name=Королев, iat=2025-04-17T20:56:18Z, email=passapdom@gmail.com}], Credentials=[PROTECTED], Authenticated=true, Details=WebAuthenticationDetails [RemoteIpAddress=0:0:0:0:0:0:0:1, SessionId=3D3CFADEEF635911D87A4B9BA8B8CCF4], Granted Authorities=[OIDC_USER, SCOPE_https://www.googleapis.com/auth/userinfo.email, SCOPE_https://www.googleapis.com/auth/userinfo.profile, SCOPE_openid]]]
2025-04-17 23:56:18 [http-nio-8080-exec-3] [DEBUG] o.s.s.w.c.HttpSessionSecurityContextRepository - Retrieved SecurityContextImpl [Authentication=OAuth2AuthenticationToken [Principal=Name: [107234087105093742255], Granted Authorities: [[OIDC_USER, SCOPE_https://www.googleapis.com/auth/userinfo.email, SCOPE_https://www.googleapis.com/auth/userinfo.profile, SCOPE_openid]], User Attributes: [{at_hash=HUO3VodrvEXWVUjDYi2NVg, sub=107234087105093742255, email_verified=true, iss=https://accounts.google.com, given_name=Павел, nonce=PeXDBp-XiFNRnd8HJf6WUE3-MeWQPb2vSIj4LZk0FHc, picture=https://lh3.googleusercontent.com/a/ACg8ocJJoh9jonlTH61VWgvXCiXb0zCDjifGZZtZ30sCErS3N5ntDw=s96-c, aud=[909915657042-l07l5jl8r3v54r15k12hp7vev9dor6r7.apps.googleusercontent.com], azp=909915657042-l07l5jl8r3v54r15k12hp7vev9dor6r7.apps.googleusercontent.com, name=Павел Королев, exp=2025-04-17T21:56:18Z, family_name=Королев, iat=2025-04-17T20:56:18Z, email=passapdom@gmail.com}], Credentials=[PROTECTED], Authenticated=true, Details=WebAuthenticationDetails [RemoteIpAddress=0:0:0:0:0:0:0:1, SessionId=3D3CFADEEF635911D87A4B9BA8B8CCF4], Granted Authorities=[OIDC_USER, SCOPE_https://www.googleapis.com/auth/userinfo.email, SCOPE_https://www.googleapis.com/auth/userinfo.profile, SCOPE_openid]]]
2025-04-17 23:56:18 [http-nio-8080-exec-2] [DEBUG] o.s.s.w.c.HttpSessionSecurityContextRepository - Retrieved SecurityContextImpl [Authentication=OAuth2AuthenticationToken [Principal=Name: [107234087105093742255], Granted Authorities: [[OIDC_USER, SCOPE_https://www.googleapis.com/auth/userinfo.email, SCOPE_https://www.googleapis.com/auth/userinfo.profile, SCOPE_openid]], User Attributes: [{at_hash=HUO3VodrvEXWVUjDYi2NVg, sub=107234087105093742255, email_verified=true, iss=https://accounts.google.com, given_name=Павел, nonce=PeXDBp-XiFNRnd8HJf6WUE3-MeWQPb2vSIj4LZk0FHc, picture=https://lh3.googleusercontent.com/a/ACg8ocJJoh9jonlTH61VWgvXCiXb0zCDjifGZZtZ30sCErS3N5ntDw=s96-c, aud=[909915657042-l07l5jl8r3v54r15k12hp7vev9dor6r7.apps.googleusercontent.com], azp=909915657042-l07l5jl8r3v54r15k12hp7vev9dor6r7.apps.googleusercontent.com, name=Павел Королев, exp=2025-04-17T21:56:18Z, family_name=Королев, iat=2025-04-17T20:56:18Z, email=passapdom@gmail.com}], Credentials=[PROTECTED], Authenticated=true, Details=WebAuthenticationDetails [RemoteIpAddress=0:0:0:0:0:0:0:1, SessionId=3D3CFADEEF635911D87A4B9BA8B8CCF4], Granted Authorities=[OIDC_USER, SCOPE_https://www.googleapis.com/auth/userinfo.email, SCOPE_https://www.googleapis.com/auth/userinfo.profile, SCOPE_openid]]]
2025-04-17 23:56:18 [http-nio-8080-exec-9] [DEBUG] o.s.s.w.a.i.FilterSecurityInterceptor - Authorized filter invocation [GET /img/agency.jpg] with attributes [permitAll]
2025-04-17 23:56:18 [http-nio-8080-exec-2] [DEBUG] o.s.s.w.a.i.FilterSecurityInterceptor - Authorized filter invocation [GET /images/advertisementSale/f59acdf2-baf6-4bc0-b36b-35e41bacd18b_photo_2024-12-23_22-17-54.jpg] with attributes [permitAll]
2025-04-17 23:56:18 [http-nio-8080-exec-3] [DEBUG] o.s.s.w.a.i.FilterSecurityInterceptor - Authorized filter invocation [GET /images/placeholder.jpg] with attributes [permitAll]
2025-04-17 23:56:18 [http-nio-8080-exec-2] [DEBUG] o.s.security.web.FilterChainProxy - Secured GET /images/advertisementSale/f59acdf2-baf6-4bc0-b36b-35e41bacd18b_photo_2024-12-23_22-17-54.jpg
2025-04-17 23:56:18 [http-nio-8080-exec-3] [DEBUG] o.s.security.web.FilterChainProxy - Secured GET /images/placeholder.jpg
2025-04-17 23:56:18 [http-nio-8080-exec-10] [DEBUG] o.s.s.w.c.HttpSessionSecurityContextRepository - Retrieved SecurityContextImpl [Authentication=OAuth2AuthenticationToken [Principal=Name: [107234087105093742255], Granted Authorities: [[OIDC_USER, SCOPE_https://www.googleapis.com/auth/userinfo.email, SCOPE_https://www.googleapis.com/auth/userinfo.profile, SCOPE_openid]], User Attributes: [{at_hash=HUO3VodrvEXWVUjDYi2NVg, sub=107234087105093742255, email_verified=true, iss=https://accounts.google.com, given_name=Павел, nonce=PeXDBp-XiFNRnd8HJf6WUE3-MeWQPb2vSIj4LZk0FHc, picture=https://lh3.googleusercontent.com/a/ACg8ocJJoh9jonlTH61VWgvXCiXb0zCDjifGZZtZ30sCErS3N5ntDw=s96-c, aud=[909915657042-l07l5jl8r3v54r15k12hp7vev9dor6r7.apps.googleusercontent.com], azp=909915657042-l07l5jl8r3v54r15k12hp7vev9dor6r7.apps.googleusercontent.com, name=Павел Королев, exp=2025-04-17T21:56:18Z, family_name=Королев, iat=2025-04-17T20:56:18Z, email=passapdom@gmail.com}], Credentials=[PROTECTED], Authenticated=true, Details=WebAuthenticationDetails [RemoteIpAddress=0:0:0:0:0:0:0:1, SessionId=3D3CFADEEF635911D87A4B9BA8B8CCF4], Granted Authorities=[OIDC_USER, SCOPE_https://www.googleapis.com/auth/userinfo.email, SCOPE_https://www.googleapis.com/auth/userinfo.profile, SCOPE_openid]]]
2025-04-17 23:56:18 [http-nio-8080-exec-9] [DEBUG] o.s.security.web.FilterChainProxy - Secured GET /img/agency.jpg
2025-04-17 23:56:18 [http-nio-8080-exec-1] [DEBUG] o.s.s.w.c.HttpSessionSecurityContextRepository - Retrieved SecurityContextImpl [Authentication=OAuth2AuthenticationToken [Principal=Name: [107234087105093742255], Granted Authorities: [[OIDC_USER, SCOPE_https://www.googleapis.com/auth/userinfo.email, SCOPE_https://www.googleapis.com/auth/userinfo.profile, SCOPE_openid]], User Attributes: [{at_hash=HUO3VodrvEXWVUjDYi2NVg, sub=107234087105093742255, email_verified=true, iss=https://accounts.google.com, given_name=Павел, nonce=PeXDBp-XiFNRnd8HJf6WUE3-MeWQPb2vSIj4LZk0FHc, picture=https://lh3.googleusercontent.com/a/ACg8ocJJoh9jonlTH61VWgvXCiXb0zCDjifGZZtZ30sCErS3N5ntDw=s96-c, aud=[909915657042-l07l5jl8r3v54r15k12hp7vev9dor6r7.apps.googleusercontent.com], azp=909915657042-l07l5jl8r3v54r15k12hp7vev9dor6r7.apps.googleusercontent.com, name=Павел Королев, exp=2025-04-17T21:56:18Z, family_name=Королев, iat=2025-04-17T20:56:18Z, email=passapdom@gmail.com}], Credentials=[PROTECTED], Authenticated=true, Details=WebAuthenticationDetails [RemoteIpAddress=0:0:0:0:0:0:0:1, SessionId=3D3CFADEEF635911D87A4B9BA8B8CCF4], Granted Authorities=[OIDC_USER, SCOPE_https://www.googleapis.com/auth/userinfo.email, SCOPE_https://www.googleapis.com/auth/userinfo.profile, SCOPE_openid]]]
2025-04-17 23:56:18 [http-nio-8080-exec-10] [DEBUG] o.s.s.w.a.i.FilterSecurityInterceptor - Authorized filter invocation [GET /images/advertisementSale/d4315efc-c703-4501-a94b-81ff7ce200a0_photo_2024-12-23_22-17-59.jpg] with attributes [permitAll]
2025-04-17 23:56:18 [http-nio-8080-exec-10] [DEBUG] o.s.security.web.FilterChainProxy - Secured GET /images/advertisementSale/d4315efc-c703-4501-a94b-81ff7ce200a0_photo_2024-12-23_22-17-59.jpg
2025-04-17 23:56:18 [http-nio-8080-exec-1] [DEBUG] o.s.s.w.a.i.FilterSecurityInterceptor - Authorized filter invocation [GET /images/advertisementSale/199952c8-f50d-4f4d-bedc-5c44f013ee64_Снимок экрана (6).png] with attributes [permitAll]
2025-04-17 23:56:18 [http-nio-8080-exec-1] [DEBUG] o.s.security.web.FilterChainProxy - Secured GET /images/advertisementSale/199952c8-f50d-4f4d-bedc-5c44f013ee64_Снимок экрана (6).png
2025-04-17 23:56:18 [http-nio-8080-exec-4] [DEBUG] o.s.security.web.FilterChainProxy - Securing GET /images/advertisementSale/0dab0807-9cf3-481e-9749-99e44f837125_photo_2024-12-23_22-18-04.jpg
2025-04-17 23:56:18 [http-nio-8080-exec-5] [DEBUG] o.s.security.web.FilterChainProxy - Securing GET /images/advertisementSale/f11f04c5-71bc-4048-ad70-323ba1188611_Снимок экрана (2).png
2025-04-17 23:56:18 [http-nio-8080-exec-7] [DEBUG] o.s.security.web.FilterChainProxy - Securing GET /images/advertisementSale/76d213ca-dba5-4b57-88f5-b6b4129f212e_photo_2024-12-23_22-17-54.jpg
2025-04-17 23:56:18 [http-nio-8080-exec-6] [DEBUG] o.s.security.web.FilterChainProxy - Securing GET /images/advertisementSale/8712f027-90a6-4f31-aeed-9b8fbd323086_Снимок экрана (8).png
2025-04-17 23:56:18 [http-nio-8080-exec-6] [DEBUG] o.s.s.w.c.HttpSessionSecurityContextRepository - Retrieved SecurityContextImpl [Authentication=OAuth2AuthenticationToken [Principal=Name: [107234087105093742255], Granted Authorities: [[OIDC_USER, SCOPE_https://www.googleapis.com/auth/userinfo.email, SCOPE_https://www.googleapis.com/auth/userinfo.profile, SCOPE_openid]], User Attributes: [{at_hash=HUO3VodrvEXWVUjDYi2NVg, sub=107234087105093742255, email_verified=true, iss=https://accounts.google.com, given_name=Павел, nonce=PeXDBp-XiFNRnd8HJf6WUE3-MeWQPb2vSIj4LZk0FHc, picture=https://lh3.googleusercontent.com/a/ACg8ocJJoh9jonlTH61VWgvXCiXb0zCDjifGZZtZ30sCErS3N5ntDw=s96-c, aud=[909915657042-l07l5jl8r3v54r15k12hp7vev9dor6r7.apps.googleusercontent.com], azp=909915657042-l07l5jl8r3v54r15k12hp7vev9dor6r7.apps.googleusercontent.com, name=Павел Королев, exp=2025-04-17T21:56:18Z, family_name=Королев, iat=2025-04-17T20:56:18Z, email=passapdom@gmail.com}], Credentials=[PROTECTED], Authenticated=true, Details=WebAuthenticationDetails [RemoteIpAddress=0:0:0:0:0:0:0:1, SessionId=3D3CFADEEF635911D87A4B9BA8B8CCF4], Granted Authorities=[OIDC_USER, SCOPE_https://www.googleapis.com/auth/userinfo.email, SCOPE_https://www.googleapis.com/auth/userinfo.profile, SCOPE_openid]]]
2025-04-17 23:56:18 [http-nio-8080-exec-4] [DEBUG] o.s.s.w.c.HttpSessionSecurityContextRepository - Retrieved SecurityContextImpl [Authentication=OAuth2AuthenticationToken [Principal=Name: [107234087105093742255], Granted Authorities: [[OIDC_USER, SCOPE_https://www.googleapis.com/auth/userinfo.email, SCOPE_https://www.googleapis.com/auth/userinfo.profile, SCOPE_openid]], User Attributes: [{at_hash=HUO3VodrvEXWVUjDYi2NVg, sub=107234087105093742255, email_verified=true, iss=https://accounts.google.com, given_name=Павел, nonce=PeXDBp-XiFNRnd8HJf6WUE3-MeWQPb2vSIj4LZk0FHc, picture=https://lh3.googleusercontent.com/a/ACg8ocJJoh9jonlTH61VWgvXCiXb0zCDjifGZZtZ30sCErS3N5ntDw=s96-c, aud=[909915657042-l07l5jl8r3v54r15k12hp7vev9dor6r7.apps.googleusercontent.com], azp=909915657042-l07l5jl8r3v54r15k12hp7vev9dor6r7.apps.googleusercontent.com, name=Павел Королев, exp=2025-04-17T21:56:18Z, family_name=Королев, iat=2025-04-17T20:56:18Z, email=passapdom@gmail.com}], Credentials=[PROTECTED], Authenticated=true, Details=WebAuthenticationDetails [RemoteIpAddress=0:0:0:0:0:0:0:1, SessionId=3D3CFADEEF635911D87A4B9BA8B8CCF4], Granted Authorities=[OIDC_USER, SCOPE_https://www.googleapis.com/auth/userinfo.email, SCOPE_https://www.googleapis.com/auth/userinfo.profile, SCOPE_openid]]]
2025-04-17 23:56:18 [http-nio-8080-exec-5] [DEBUG] o.s.s.w.c.HttpSessionSecurityContextRepository - Retrieved SecurityContextImpl [Authentication=OAuth2AuthenticationToken [Principal=Name: [107234087105093742255], Granted Authorities: [[OIDC_USER, SCOPE_https://www.googleapis.com/auth/userinfo.email, SCOPE_https://www.googleapis.com/auth/userinfo.profile, SCOPE_openid]], User Attributes: [{at_hash=HUO3VodrvEXWVUjDYi2NVg, sub=107234087105093742255, email_verified=true, iss=https://accounts.google.com, given_name=Павел, nonce=PeXDBp-XiFNRnd8HJf6WUE3-MeWQPb2vSIj4LZk0FHc, picture=https://lh3.googleusercontent.com/a/ACg8ocJJoh9jonlTH61VWgvXCiXb0zCDjifGZZtZ30sCErS3N5ntDw=s96-c, aud=[909915657042-l07l5jl8r3v54r15k12hp7vev9dor6r7.apps.googleusercontent.com], azp=909915657042-l07l5jl8r3v54r15k12hp7vev9dor6r7.apps.googleusercontent.com, name=Павел Королев, exp=2025-04-17T21:56:18Z, family_name=Королев, iat=2025-04-17T20:56:18Z, email=passapdom@gmail.com}], Credentials=[PROTECTED], Authenticated=true, Details=WebAuthenticationDetails [RemoteIpAddress=0:0:0:0:0:0:0:1, SessionId=3D3CFADEEF635911D87A4B9BA8B8CCF4], Granted Authorities=[OIDC_USER, SCOPE_https://www.googleapis.com/auth/userinfo.email, SCOPE_https://www.googleapis.com/auth/userinfo.profile, SCOPE_openid]]]
2025-04-17 23:56:18 [http-nio-8080-exec-7] [DEBUG] o.s.s.w.c.HttpSessionSecurityContextRepository - Retrieved SecurityContextImpl [Authentication=OAuth2AuthenticationToken [Principal=Name: [107234087105093742255], Granted Authorities: [[OIDC_USER, SCOPE_https://www.googleapis.com/auth/userinfo.email, SCOPE_https://www.googleapis.com/auth/userinfo.profile, SCOPE_openid]], User Attributes: [{at_hash=HUO3VodrvEXWVUjDYi2NVg, sub=107234087105093742255, email_verified=true, iss=https://accounts.google.com, given_name=Павел, nonce=PeXDBp-XiFNRnd8HJf6WUE3-MeWQPb2vSIj4LZk0FHc, picture=https://lh3.googleusercontent.com/a/ACg8ocJJoh9jonlTH61VWgvXCiXb0zCDjifGZZtZ30sCErS3N5ntDw=s96-c, aud=[909915657042-l07l5jl8r3v54r15k12hp7vev9dor6r7.apps.googleusercontent.com], azp=909915657042-l07l5jl8r3v54r15k12hp7vev9dor6r7.apps.googleusercontent.com, name=Павел Королев, exp=2025-04-17T21:56:18Z, family_name=Королев, iat=2025-04-17T20:56:18Z, email=passapdom@gmail.com}], Credentials=[PROTECTED], Authenticated=true, Details=WebAuthenticationDetails [RemoteIpAddress=0:0:0:0:0:0:0:1, SessionId=3D3CFADEEF635911D87A4B9BA8B8CCF4], Granted Authorities=[OIDC_USER, SCOPE_https://www.googleapis.com/auth/userinfo.email, SCOPE_https://www.googleapis.com/auth/userinfo.profile, SCOPE_openid]]]
2025-04-17 23:56:18 [http-nio-8080-exec-4] [DEBUG] o.s.s.w.a.i.FilterSecurityInterceptor - Authorized filter invocation [GET /images/advertisementSale/0dab0807-9cf3-481e-9749-99e44f837125_photo_2024-12-23_22-18-04.jpg] with attributes [permitAll]
2025-04-17 23:56:18 [http-nio-8080-exec-5] [DEBUG] o.s.s.w.a.i.FilterSecurityInterceptor - Authorized filter invocation [GET /images/advertisementSale/f11f04c5-71bc-4048-ad70-323ba1188611_Снимок экрана (2).png] with attributes [permitAll]
2025-04-17 23:56:18 [http-nio-8080-exec-6] [DEBUG] o.s.s.w.a.i.FilterSecurityInterceptor - Authorized filter invocation [GET /images/advertisementSale/8712f027-90a6-4f31-aeed-9b8fbd323086_Снимок экрана (8).png] with attributes [permitAll]
2025-04-17 23:56:18 [http-nio-8080-exec-7] [DEBUG] o.s.s.w.a.i.FilterSecurityInterceptor - Authorized filter invocation [GET /images/advertisementSale/76d213ca-dba5-4b57-88f5-b6b4129f212e_photo_2024-12-23_22-17-54.jpg] with attributes [permitAll]
2025-04-17 23:56:18 [http-nio-8080-exec-5] [DEBUG] o.s.security.web.FilterChainProxy - Secured GET /images/advertisementSale/f11f04c5-71bc-4048-ad70-323ba1188611_Снимок экрана (2).png
2025-04-17 23:56:18 [http-nio-8080-exec-4] [DEBUG] o.s.security.web.FilterChainProxy - Secured GET /images/advertisementSale/0dab0807-9cf3-481e-9749-99e44f837125_photo_2024-12-23_22-18-04.jpg
2025-04-17 23:56:18 [http-nio-8080-exec-7] [DEBUG] o.s.security.web.FilterChainProxy - Secured GET /images/advertisementSale/76d213ca-dba5-4b57-88f5-b6b4129f212e_photo_2024-12-23_22-17-54.jpg
2025-04-17 23:56:18 [http-nio-8080-exec-6] [DEBUG] o.s.security.web.FilterChainProxy - Secured GET /images/advertisementSale/8712f027-90a6-4f31-aeed-9b8fbd323086_Снимок экрана (8).png
2025-04-17 23:56:18 [http-nio-8080-exec-8] [DEBUG] o.s.security.web.FilterChainProxy - Securing GET /images/advertisementSale/0673bdb4-3423-44e8-8636-a66497d7ab52_photo_2024-12-23_22-18-01.jpg
2025-04-17 23:56:18 [http-nio-8080-exec-8] [DEBUG] o.s.s.w.c.HttpSessionSecurityContextRepository - Retrieved SecurityContextImpl [Authentication=OAuth2AuthenticationToken [Principal=Name: [107234087105093742255], Granted Authorities: [[OIDC_USER, SCOPE_https://www.googleapis.com/auth/userinfo.email, SCOPE_https://www.googleapis.com/auth/userinfo.profile, SCOPE_openid]], User Attributes: [{at_hash=HUO3VodrvEXWVUjDYi2NVg, sub=107234087105093742255, email_verified=true, iss=https://accounts.google.com, given_name=Павел, nonce=PeXDBp-XiFNRnd8HJf6WUE3-MeWQPb2vSIj4LZk0FHc, picture=https://lh3.googleusercontent.com/a/ACg8ocJJoh9jonlTH61VWgvXCiXb0zCDjifGZZtZ30sCErS3N5ntDw=s96-c, aud=[909915657042-l07l5jl8r3v54r15k12hp7vev9dor6r7.apps.googleusercontent.com], azp=909915657042-l07l5jl8r3v54r15k12hp7vev9dor6r7.apps.googleusercontent.com, name=Павел Королев, exp=2025-04-17T21:56:18Z, family_name=Королев, iat=2025-04-17T20:56:18Z, email=passapdom@gmail.com}], Credentials=[PROTECTED], Authenticated=true, Details=WebAuthenticationDetails [RemoteIpAddress=0:0:0:0:0:0:0:1, SessionId=3D3CFADEEF635911D87A4B9BA8B8CCF4], Granted Authorities=[OIDC_USER, SCOPE_https://www.googleapis.com/auth/userinfo.email, SCOPE_https://www.googleapis.com/auth/userinfo.profile, SCOPE_openid]]]
2025-04-17 23:56:18 [http-nio-8080-exec-8] [DEBUG] o.s.s.w.a.i.FilterSecurityInterceptor - Authorized filter invocation [GET /images/advertisementSale/0673bdb4-3423-44e8-8636-a66497d7ab52_photo_2024-12-23_22-18-01.jpg] with attributes [permitAll]
2025-04-17 23:56:18 [http-nio-8080-exec-8] [DEBUG] o.s.security.web.FilterChainProxy - Secured GET /images/advertisementSale/0673bdb4-3423-44e8-8636-a66497d7ab52_photo_2024-12-23_22-18-01.jpg
2025-04-17 23:56:18 [http-nio-8080-exec-2] [DEBUG] o.s.security.web.FilterChainProxy - Securing GET /images/advertisementSale/15c13dfd-2da8-4565-ae8d-d9857bb9f550_photo_2024-12-23_22-17-54.jpg
2025-04-17 23:56:18 [http-nio-8080-exec-9] [DEBUG] o.s.security.web.FilterChainProxy - Securing GET /images/advertisementSale/770d16f9-e061-46fc-94e4-17e8e3e3588a_photo_2024-12-23_22-18-11.jpg
2025-04-17 23:56:18 [http-nio-8080-exec-3] [DEBUG] o.s.security.web.FilterChainProxy - Securing GET /error
2025-04-17 23:56:18 [http-nio-8080-exec-10] [DEBUG] o.s.security.web.FilterChainProxy - Securing GET /images/advertisementSale/6d439031-8c11-4cfd-9007-7047bd94ec62_photo_2024-12-23_22-18-10.jpg
2025-04-17 23:56:18 [http-nio-8080-exec-3] [DEBUG] o.s.s.w.c.HttpSessionSecurityContextRepository - Retrieved SecurityContextImpl [Authentication=OAuth2AuthenticationToken [Principal=Name: [107234087105093742255], Granted Authorities: [[OIDC_USER, SCOPE_https://www.googleapis.com/auth/userinfo.email, SCOPE_https://www.googleapis.com/auth/userinfo.profile, SCOPE_openid]], User Attributes: [{at_hash=HUO3VodrvEXWVUjDYi2NVg, sub=107234087105093742255, email_verified=true, iss=https://accounts.google.com, given_name=Павел, nonce=PeXDBp-XiFNRnd8HJf6WUE3-MeWQPb2vSIj4LZk0FHc, picture=https://lh3.googleusercontent.com/a/ACg8ocJJoh9jonlTH61VWgvXCiXb0zCDjifGZZtZ30sCErS3N5ntDw=s96-c, aud=[909915657042-l07l5jl8r3v54r15k12hp7vev9dor6r7.apps.googleusercontent.com], azp=909915657042-l07l5jl8r3v54r15k12hp7vev9dor6r7.apps.googleusercontent.com, name=Павел Королев, exp=2025-04-17T21:56:18Z, family_name=Королев, iat=2025-04-17T20:56:18Z, email=passapdom@gmail.com}], Credentials=[PROTECTED], Authenticated=true, Details=WebAuthenticationDetails [RemoteIpAddress=0:0:0:0:0:0:0:1, SessionId=3D3CFADEEF635911D87A4B9BA8B8CCF4], Granted Authorities=[OIDC_USER, SCOPE_https://www.googleapis.com/auth/userinfo.email, SCOPE_https://www.googleapis.com/auth/userinfo.profile, SCOPE_openid]]]
2025-04-17 23:56:18 [http-nio-8080-exec-2] [DEBUG] o.s.s.w.c.HttpSessionSecurityContextRepository - Retrieved SecurityContextImpl [Authentication=OAuth2AuthenticationToken [Principal=Name: [107234087105093742255], Granted Authorities: [[OIDC_USER, SCOPE_https://www.googleapis.com/auth/userinfo.email, SCOPE_https://www.googleapis.com/auth/userinfo.profile, SCOPE_openid]], User Attributes: [{at_hash=HUO3VodrvEXWVUjDYi2NVg, sub=107234087105093742255, email_verified=true, iss=https://accounts.google.com, given_name=Павел, nonce=PeXDBp-XiFNRnd8HJf6WUE3-MeWQPb2vSIj4LZk0FHc, picture=https://lh3.googleusercontent.com/a/ACg8ocJJoh9jonlTH61VWgvXCiXb0zCDjifGZZtZ30sCErS3N5ntDw=s96-c, aud=[909915657042-l07l5jl8r3v54r15k12hp7vev9dor6r7.apps.googleusercontent.com], azp=909915657042-l07l5jl8r3v54r15k12hp7vev9dor6r7.apps.googleusercontent.com, name=Павел Королев, exp=2025-04-17T21:56:18Z, family_name=Королев, iat=2025-04-17T20:56:18Z, email=passapdom@gmail.com}], Credentials=[PROTECTED], Authenticated=true, Details=WebAuthenticationDetails [RemoteIpAddress=0:0:0:0:0:0:0:1, SessionId=3D3CFADEEF635911D87A4B9BA8B8CCF4], Granted Authorities=[OIDC_USER, SCOPE_https://www.googleapis.com/auth/userinfo.email, SCOPE_https://www.googleapis.com/auth/userinfo.profile, SCOPE_openid]]]
2025-04-17 23:56:18 [http-nio-8080-exec-10] [DEBUG] o.s.s.w.c.HttpSessionSecurityContextRepository - Retrieved SecurityContextImpl [Authentication=OAuth2AuthenticationToken [Principal=Name: [107234087105093742255], Granted Authorities: [[OIDC_USER, SCOPE_https://www.googleapis.com/auth/userinfo.email, SCOPE_https://www.googleapis.com/auth/userinfo.profile, SCOPE_openid]], User Attributes: [{at_hash=HUO3VodrvEXWVUjDYi2NVg, sub=107234087105093742255, email_verified=true, iss=https://accounts.google.com, given_name=Павел, nonce=PeXDBp-XiFNRnd8HJf6WUE3-MeWQPb2vSIj4LZk0FHc, picture=https://lh3.googleusercontent.com/a/ACg8ocJJoh9jonlTH61VWgvXCiXb0zCDjifGZZtZ30sCErS3N5ntDw=s96-c, aud=[909915657042-l07l5jl8r3v54r15k12hp7vev9dor6r7.apps.googleusercontent.com], azp=909915657042-l07l5jl8r3v54r15k12hp7vev9dor6r7.apps.googleusercontent.com, name=Павел Королев, exp=2025-04-17T21:56:18Z, family_name=Королев, iat=2025-04-17T20:56:18Z, email=passapdom@gmail.com}], Credentials=[PROTECTED], Authenticated=true, Details=WebAuthenticationDetails [RemoteIpAddress=0:0:0:0:0:0:0:1, SessionId=3D3CFADEEF635911D87A4B9BA8B8CCF4], Granted Authorities=[OIDC_USER, SCOPE_https://www.googleapis.com/auth/userinfo.email, SCOPE_https://www.googleapis.com/auth/userinfo.profile, SCOPE_openid]]]
2025-04-17 23:56:18 [http-nio-8080-exec-9] [DEBUG] o.s.s.w.c.HttpSessionSecurityContextRepository - Retrieved SecurityContextImpl [Authentication=OAuth2AuthenticationToken [Principal=Name: [107234087105093742255], Granted Authorities: [[OIDC_USER, SCOPE_https://www.googleapis.com/auth/userinfo.email, SCOPE_https://www.googleapis.com/auth/userinfo.profile, SCOPE_openid]], User Attributes: [{at_hash=HUO3VodrvEXWVUjDYi2NVg, sub=107234087105093742255, email_verified=true, iss=https://accounts.google.com, given_name=Павел, nonce=PeXDBp-XiFNRnd8HJf6WUE3-MeWQPb2vSIj4LZk0FHc, picture=https://lh3.googleusercontent.com/a/ACg8ocJJoh9jonlTH61VWgvXCiXb0zCDjifGZZtZ30sCErS3N5ntDw=s96-c, aud=[909915657042-l07l5jl8r3v54r15k12hp7vev9dor6r7.apps.googleusercontent.com], azp=909915657042-l07l5jl8r3v54r15k12hp7vev9dor6r7.apps.googleusercontent.com, name=Павел Королев, exp=2025-04-17T21:56:18Z, family_name=Королев, iat=2025-04-17T20:56:18Z, email=passapdom@gmail.com}], Credentials=[PROTECTED], Authenticated=true, Details=WebAuthenticationDetails [RemoteIpAddress=0:0:0:0:0:0:0:1, SessionId=3D3CFADEEF635911D87A4B9BA8B8CCF4], Granted Authorities=[OIDC_USER, SCOPE_https://www.googleapis.com/auth/userinfo.email, SCOPE_https://www.googleapis.com/auth/userinfo.profile, SCOPE_openid]]]
2025-04-17 23:56:18 [http-nio-8080-exec-7] [DEBUG] o.s.security.web.FilterChainProxy - Securing GET /images/advertisementSale/e63bba72-f8b1-4ec8-b621-657fbcd7b1e3_kozelsk.jpg
2025-04-17 23:56:18 [http-nio-8080-exec-10] [DEBUG] o.s.s.w.a.i.FilterSecurityInterceptor - Authorized filter invocation [GET /images/advertisementSale/6d439031-8c11-4cfd-9007-7047bd94ec62_photo_2024-12-23_22-18-10.jpg] with attributes [permitAll]
2025-04-17 23:56:18 [http-nio-8080-exec-9] [DEBUG] o.s.s.w.a.i.FilterSecurityInterceptor - Authorized filter invocation [GET /images/advertisementSale/770d16f9-e061-46fc-94e4-17e8e3e3588a_photo_2024-12-23_22-18-11.jpg] with attributes [permitAll]
2025-04-17 23:56:18 [http-nio-8080-exec-2] [DEBUG] o.s.s.w.a.i.FilterSecurityInterceptor - Authorized filter invocation [GET /images/advertisementSale/15c13dfd-2da8-4565-ae8d-d9857bb9f550_photo_2024-12-23_22-17-54.jpg] with attributes [permitAll]
2025-04-17 23:56:18 [http-nio-8080-exec-3] [DEBUG] o.s.s.w.a.i.FilterSecurityInterceptor - Authorized filter invocation [GET /error] with attributes [permitAll]
2025-04-17 23:56:18 [http-nio-8080-exec-1] [DEBUG] o.s.security.web.FilterChainProxy - Securing GET /images/advertisementSale/2703da27-c848-4e9d-a261-4d33ee79f79c_photo_2024-12-23_22-17-59.jpg
2025-04-17 23:56:18 [http-nio-8080-exec-10] [DEBUG] o.s.security.web.FilterChainProxy - Secured GET /images/advertisementSale/6d439031-8c11-4cfd-9007-7047bd94ec62_photo_2024-12-23_22-18-10.jpg
2025-04-17 23:56:18 [http-nio-8080-exec-2] [DEBUG] o.s.security.web.FilterChainProxy - Secured GET /images/advertisementSale/15c13dfd-2da8-4565-ae8d-d9857bb9f550_photo_2024-12-23_22-17-54.jpg
2025-04-17 23:56:18 [http-nio-8080-exec-3] [DEBUG] o.s.security.web.FilterChainProxy - Secured GET /error
2025-04-17 23:56:18 [http-nio-8080-exec-9] [DEBUG] o.s.security.web.FilterChainProxy - Secured GET /images/advertisementSale/770d16f9-e061-46fc-94e4-17e8e3e3588a_photo_2024-12-23_22-18-11.jpg
2025-04-17 23:56:18 [http-nio-8080-exec-7] [DEBUG] o.s.s.w.c.HttpSessionSecurityContextRepository - Retrieved SecurityContextImpl [Authentication=OAuth2AuthenticationToken [Principal=Name: [107234087105093742255], Granted Authorities: [[OIDC_USER, SCOPE_https://www.googleapis.com/auth/userinfo.email, SCOPE_https://www.googleapis.com/auth/userinfo.profile, SCOPE_openid]], User Attributes: [{at_hash=HUO3VodrvEXWVUjDYi2NVg, sub=107234087105093742255, email_verified=true, iss=https://accounts.google.com, given_name=Павел, nonce=PeXDBp-XiFNRnd8HJf6WUE3-MeWQPb2vSIj4LZk0FHc, picture=https://lh3.googleusercontent.com/a/ACg8ocJJoh9jonlTH61VWgvXCiXb0zCDjifGZZtZ30sCErS3N5ntDw=s96-c, aud=[909915657042-l07l5jl8r3v54r15k12hp7vev9dor6r7.apps.googleusercontent.com], azp=909915657042-l07l5jl8r3v54r15k12hp7vev9dor6r7.apps.googleusercontent.com, name=Павел Королев, exp=2025-04-17T21:56:18Z, family_name=Королев, iat=2025-04-17T20:56:18Z, email=passapdom@gmail.com}], Credentials=[PROTECTED], Authenticated=true, Details=WebAuthenticationDetails [RemoteIpAddress=0:0:0:0:0:0:0:1, SessionId=3D3CFADEEF635911D87A4B9BA8B8CCF4], Granted Authorities=[OIDC_USER, SCOPE_https://www.googleapis.com/auth/userinfo.email, SCOPE_https://www.googleapis.com/auth/userinfo.profile, SCOPE_openid]]]
2025-04-17 23:56:18 [http-nio-8080-exec-7] [DEBUG] o.s.s.w.a.i.FilterSecurityInterceptor - Authorized filter invocation [GET /images/advertisementSale/e63bba72-f8b1-4ec8-b621-657fbcd7b1e3_kozelsk.jpg] with attributes [permitAll]
2025-04-17 23:56:18 [http-nio-8080-exec-1] [DEBUG] o.s.s.w.c.HttpSessionSecurityContextRepository - Retrieved SecurityContextImpl [Authentication=OAuth2AuthenticationToken [Principal=Name: [107234087105093742255], Granted Authorities: [[OIDC_USER, SCOPE_https://www.googleapis.com/auth/userinfo.email, SCOPE_https://www.googleapis.com/auth/userinfo.profile, SCOPE_openid]], User Attributes: [{at_hash=HUO3VodrvEXWVUjDYi2NVg, sub=107234087105093742255, email_verified=true, iss=https://accounts.google.com, given_name=Павел, nonce=PeXDBp-XiFNRnd8HJf6WUE3-MeWQPb2vSIj4LZk0FHc, picture=https://lh3.googleusercontent.com/a/ACg8ocJJoh9jonlTH61VWgvXCiXb0zCDjifGZZtZ30sCErS3N5ntDw=s96-c, aud=[909915657042-l07l5jl8r3v54r15k12hp7vev9dor6r7.apps.googleusercontent.com], azp=909915657042-l07l5jl8r3v54r15k12hp7vev9dor6r7.apps.googleusercontent.com, name=Павел Королев, exp=2025-04-17T21:56:18Z, family_name=Королев, iat=2025-04-17T20:56:18Z, email=passapdom@gmail.com}], Credentials=[PROTECTED], Authenticated=true, Details=WebAuthenticationDetails [RemoteIpAddress=0:0:0:0:0:0:0:1, SessionId=3D3CFADEEF635911D87A4B9BA8B8CCF4], Granted Authorities=[OIDC_USER, SCOPE_https://www.googleapis.com/auth/userinfo.email, SCOPE_https://www.googleapis.com/auth/userinfo.profile, SCOPE_openid]]]
2025-04-17 23:56:18 [http-nio-8080-exec-1] [DEBUG] o.s.s.w.a.i.FilterSecurityInterceptor - Authorized filter invocation [GET /images/advertisementSale/2703da27-c848-4e9d-a261-4d33ee79f79c_photo_2024-12-23_22-17-59.jpg] with attributes [permitAll]
2025-04-17 23:56:18 [http-nio-8080-exec-1] [DEBUG] o.s.security.web.FilterChainProxy - Secured GET /images/advertisementSale/2703da27-c848-4e9d-a261-4d33ee79f79c_photo_2024-12-23_22-17-59.jpg
2025-04-17 23:56:18 [http-nio-8080-exec-7] [DEBUG] o.s.security.web.FilterChainProxy - Secured GET /images/advertisementSale/e63bba72-f8b1-4ec8-b621-657fbcd7b1e3_kozelsk.jpg
2025-04-17 23:56:19 [http-nio-8080-exec-4] [DEBUG] o.s.security.web.FilterChainProxy - Securing GET /images/advertisementRent/809047fb-7261-497f-b19e-b208d4480210_photo_2024-12-23_22-17-57.jpg
2025-04-17 23:56:19 [http-nio-8080-exec-8] [DEBUG] o.s.security.web.FilterChainProxy - Securing GET /images/advertisementRent/da667149-470d-4844-94d9-c5a37db0ed63_photo_2024-12-23_22-18-05.jpg
2025-04-17 23:56:19 [http-nio-8080-exec-6] [DEBUG] o.s.security.web.FilterChainProxy - Securing GET /images/advertisementRent/b02c42b7-b608-4169-93f2-7ad28d186517_photo_2024-12-23_22-18-01.jpg
2025-04-17 23:56:19 [http-nio-8080-exec-5] [DEBUG] o.s.security.web.FilterChainProxy - Securing GET /images/advertisementRent/0a1031cd-43b5-4402-87eb-04fa80f00918_photo_2024-12-23_22-18-03.jpg
2025-04-17 23:56:19 [http-nio-8080-exec-4] [DEBUG] o.s.s.w.c.HttpSessionSecurityContextRepository - Retrieved SecurityContextImpl [Authentication=OAuth2AuthenticationToken [Principal=Name: [107234087105093742255], Granted Authorities: [[OIDC_USER, SCOPE_https://www.googleapis.com/auth/userinfo.email, SCOPE_https://www.googleapis.com/auth/userinfo.profile, SCOPE_openid]], User Attributes: [{at_hash=HUO3VodrvEXWVUjDYi2NVg, sub=107234087105093742255, email_verified=true, iss=https://accounts.google.com, given_name=Павел, nonce=PeXDBp-XiFNRnd8HJf6WUE3-MeWQPb2vSIj4LZk0FHc, picture=https://lh3.googleusercontent.com/a/ACg8ocJJoh9jonlTH61VWgvXCiXb0zCDjifGZZtZ30sCErS3N5ntDw=s96-c, aud=[909915657042-l07l5jl8r3v54r15k12hp7vev9dor6r7.apps.googleusercontent.com], azp=909915657042-l07l5jl8r3v54r15k12hp7vev9dor6r7.apps.googleusercontent.com, name=Павел Королев, exp=2025-04-17T21:56:18Z, family_name=Королев, iat=2025-04-17T20:56:18Z, email=passapdom@gmail.com}], Credentials=[PROTECTED], Authenticated=true, Details=WebAuthenticationDetails [RemoteIpAddress=0:0:0:0:0:0:0:1, SessionId=3D3CFADEEF635911D87A4B9BA8B8CCF4], Granted Authorities=[OIDC_USER, SCOPE_https://www.googleapis.com/auth/userinfo.email, SCOPE_https://www.googleapis.com/auth/userinfo.profile, SCOPE_openid]]]
2025-04-17 23:56:19 [http-nio-8080-exec-6] [DEBUG] o.s.s.w.c.HttpSessionSecurityContextRepository - Retrieved SecurityContextImpl [Authentication=OAuth2AuthenticationToken [Principal=Name: [107234087105093742255], Granted Authorities: [[OIDC_USER, SCOPE_https://www.googleapis.com/auth/userinfo.email, SCOPE_https://www.googleapis.com/auth/userinfo.profile, SCOPE_openid]], User Attributes: [{at_hash=HUO3VodrvEXWVUjDYi2NVg, sub=107234087105093742255, email_verified=true, iss=https://accounts.google.com, given_name=Павел, nonce=PeXDBp-XiFNRnd8HJf6WUE3-MeWQPb2vSIj4LZk0FHc, picture=https://lh3.googleusercontent.com/a/ACg8ocJJoh9jonlTH61VWgvXCiXb0zCDjifGZZtZ30sCErS3N5ntDw=s96-c, aud=[909915657042-l07l5jl8r3v54r15k12hp7vev9dor6r7.apps.googleusercontent.com], azp=909915657042-l07l5jl8r3v54r15k12hp7vev9dor6r7.apps.googleusercontent.com, name=Павел Королев, exp=2025-04-17T21:56:18Z, family_name=Королев, iat=2025-04-17T20:56:18Z, email=passapdom@gmail.com}], Credentials=[PROTECTED], Authenticated=true, Details=WebAuthenticationDetails [RemoteIpAddress=0:0:0:0:0:0:0:1, SessionId=3D3CFADEEF635911D87A4B9BA8B8CCF4], Granted Authorities=[OIDC_USER, SCOPE_https://www.googleapis.com/auth/userinfo.email, SCOPE_https://www.googleapis.com/auth/userinfo.profile, SCOPE_openid]]]
2025-04-17 23:56:19 [http-nio-8080-exec-5] [DEBUG] o.s.s.w.c.HttpSessionSecurityContextRepository - Retrieved SecurityContextImpl [Authentication=OAuth2AuthenticationToken [Principal=Name: [107234087105093742255], Granted Authorities: [[OIDC_USER, SCOPE_https://www.googleapis.com/auth/userinfo.email, SCOPE_https://www.googleapis.com/auth/userinfo.profile, SCOPE_openid]], User Attributes: [{at_hash=HUO3VodrvEXWVUjDYi2NVg, sub=107234087105093742255, email_verified=true, iss=https://accounts.google.com, given_name=Павел, nonce=PeXDBp-XiFNRnd8HJf6WUE3-MeWQPb2vSIj4LZk0FHc, picture=https://lh3.googleusercontent.com/a/ACg8ocJJoh9jonlTH61VWgvXCiXb0zCDjifGZZtZ30sCErS3N5ntDw=s96-c, aud=[909915657042-l07l5jl8r3v54r15k12hp7vev9dor6r7.apps.googleusercontent.com], azp=909915657042-l07l5jl8r3v54r15k12hp7vev9dor6r7.apps.googleusercontent.com, name=Павел Королев, exp=2025-04-17T21:56:18Z, family_name=Королев, iat=2025-04-17T20:56:18Z, email=passapdom@gmail.com}], Credentials=[PROTECTED], Authenticated=true, Details=WebAuthenticationDetails [RemoteIpAddress=0:0:0:0:0:0:0:1, SessionId=3D3CFADEEF635911D87A4B9BA8B8CCF4], Granted Authorities=[OIDC_USER, SCOPE_https://www.googleapis.com/auth/userinfo.email, SCOPE_https://www.googleapis.com/auth/userinfo.profile, SCOPE_openid]]]
2025-04-17 23:56:19 [http-nio-8080-exec-8] [DEBUG] o.s.s.w.c.HttpSessionSecurityContextRepository - Retrieved SecurityContextImpl [Authentication=OAuth2AuthenticationToken [Principal=Name: [107234087105093742255], Granted Authorities: [[OIDC_USER, SCOPE_https://www.googleapis.com/auth/userinfo.email, SCOPE_https://www.googleapis.com/auth/userinfo.profile, SCOPE_openid]], User Attributes: [{at_hash=HUO3VodrvEXWVUjDYi2NVg, sub=107234087105093742255, email_verified=true, iss=https://accounts.google.com, given_name=Павел, nonce=PeXDBp-XiFNRnd8HJf6WUE3-MeWQPb2vSIj4LZk0FHc, picture=https://lh3.googleusercontent.com/a/ACg8ocJJoh9jonlTH61VWgvXCiXb0zCDjifGZZtZ30sCErS3N5ntDw=s96-c, aud=[909915657042-l07l5jl8r3v54r15k12hp7vev9dor6r7.apps.googleusercontent.com], azp=909915657042-l07l5jl8r3v54r15k12hp7vev9dor6r7.apps.googleusercontent.com, name=Павел Королев, exp=2025-04-17T21:56:18Z, family_name=Королев, iat=2025-04-17T20:56:18Z, email=passapdom@gmail.com}], Credentials=[PROTECTED], Authenticated=true, Details=WebAuthenticationDetails [RemoteIpAddress=0:0:0:0:0:0:0:1, SessionId=3D3CFADEEF635911D87A4B9BA8B8CCF4], Granted Authorities=[OIDC_USER, SCOPE_https://www.googleapis.com/auth/userinfo.email, SCOPE_https://www.googleapis.com/auth/userinfo.profile, SCOPE_openid]]]
2025-04-17 23:56:19 [http-nio-8080-exec-4] [DEBUG] o.s.s.w.a.i.FilterSecurityInterceptor - Authorized filter invocation [GET /images/advertisementRent/809047fb-7261-497f-b19e-b208d4480210_photo_2024-12-23_22-17-57.jpg] with attributes [permitAll]
2025-04-17 23:56:19 [http-nio-8080-exec-5] [DEBUG] o.s.s.w.a.i.FilterSecurityInterceptor - Authorized filter invocation [GET /images/advertisementRent/0a1031cd-43b5-4402-87eb-04fa80f00918_photo_2024-12-23_22-18-03.jpg] with attributes [permitAll]
2025-04-17 23:56:19 [http-nio-8080-exec-6] [DEBUG] o.s.s.w.a.i.FilterSecurityInterceptor - Authorized filter invocation [GET /images/advertisementRent/b02c42b7-b608-4169-93f2-7ad28d186517_photo_2024-12-23_22-18-01.jpg] with attributes [permitAll]
2025-04-17 23:56:19 [http-nio-8080-exec-8] [DEBUG] o.s.s.w.a.i.FilterSecurityInterceptor - Authorized filter invocation [GET /images/advertisementRent/da667149-470d-4844-94d9-c5a37db0ed63_photo_2024-12-23_22-18-05.jpg] with attributes [permitAll]
2025-04-17 23:56:19 [http-nio-8080-exec-4] [DEBUG] o.s.security.web.FilterChainProxy - Secured GET /images/advertisementRent/809047fb-7261-497f-b19e-b208d4480210_photo_2024-12-23_22-17-57.jpg
2025-04-17 23:56:19 [http-nio-8080-exec-5] [DEBUG] o.s.security.web.FilterChainProxy - Secured GET /images/advertisementRent/0a1031cd-43b5-4402-87eb-04fa80f00918_photo_2024-12-23_22-18-03.jpg
2025-04-17 23:56:19 [http-nio-8080-exec-6] [DEBUG] o.s.security.web.FilterChainProxy - Secured GET /images/advertisementRent/b02c42b7-b608-4169-93f2-7ad28d186517_photo_2024-12-23_22-18-01.jpg
2025-04-17 23:56:19 [http-nio-8080-exec-8] [DEBUG] o.s.security.web.FilterChainProxy - Secured GET /images/advertisementRent/da667149-470d-4844-94d9-c5a37db0ed63_photo_2024-12-23_22-18-05.jpg
2025-04-17 23:56:27 [http-nio-8080-exec-10] [DEBUG] o.s.security.web.FilterChainProxy - Securing GET /admin-panel?
2025-04-17 23:56:27 [http-nio-8080-exec-10] [DEBUG] o.s.s.w.c.HttpSessionSecurityContextRepository - Retrieved SecurityContextImpl [Authentication=OAuth2AuthenticationToken [Principal=Name: [107234087105093742255], Granted Authorities: [[OIDC_USER, SCOPE_https://www.googleapis.com/auth/userinfo.email, SCOPE_https://www.googleapis.com/auth/userinfo.profile, SCOPE_openid]], User Attributes: [{at_hash=HUO3VodrvEXWVUjDYi2NVg, sub=107234087105093742255, email_verified=true, iss=https://accounts.google.com, given_name=Павел, nonce=PeXDBp-XiFNRnd8HJf6WUE3-MeWQPb2vSIj4LZk0FHc, picture=https://lh3.googleusercontent.com/a/ACg8ocJJoh9jonlTH61VWgvXCiXb0zCDjifGZZtZ30sCErS3N5ntDw=s96-c, aud=[909915657042-l07l5jl8r3v54r15k12hp7vev9dor6r7.apps.googleusercontent.com], azp=909915657042-l07l5jl8r3v54r15k12hp7vev9dor6r7.apps.googleusercontent.com, name=Павел Королев, exp=2025-04-17T21:56:18Z, family_name=Королев, iat=2025-04-17T20:56:18Z, email=passapdom@gmail.com}], Credentials=[PROTECTED], Authenticated=true, Details=WebAuthenticationDetails [RemoteIpAddress=0:0:0:0:0:0:0:1, SessionId=3D3CFADEEF635911D87A4B9BA8B8CCF4], Granted Authorities=[OIDC_USER, SCOPE_https://www.googleapis.com/auth/userinfo.email, SCOPE_https://www.googleapis.com/auth/userinfo.profile, SCOPE_openid]]]
2025-04-17 23:56:27 [http-nio-8080-exec-10] [DEBUG] o.s.s.w.a.i.FilterSecurityInterceptor - Authorized filter invocation [GET /admin-panel?] with attributes [permitAll]
2025-04-17 23:56:27 [http-nio-8080-exec-10] [DEBUG] o.s.security.web.FilterChainProxy - Secured GET /admin-panel?
2025-04-17 23:56:27 [http-nio-8080-exec-10] [DEBUG] o.s.s.a.m.AuthorizationManagerBeforeMethodInterceptor - Authorizing method invocation ReflectiveMethodInvocation: public java.lang.String ru.kozelsk.alliance.controllers.admin.AdminController.adminPanel(); target is of class [ru.kozelsk.alliance.controllers.admin.AdminController]
2025-04-17 23:56:27 [http-nio-8080-exec-10] [INFO] r.k.a.u.s.CheckAuthorizeService - checkAdmin2: principal != null
2025-04-17 23:56:27 [http-nio-8080-exec-10] [INFO] r.k.a.u.s.CheckAuthorizeService - Principal2 is Oauth2User
2025-04-17 23:56:27 [http-nio-8080-exec-10] [INFO] r.k.a.u.s.CheckAuthorizeService - Checking admin2 rights for email: passapdom@gmail.com
2025-04-17 23:56:27 [http-nio-8080-exec-10] [INFO] r.k.a.u.s.CheckAuthorizeService - User roles2: [ADMIN]
2025-04-17 23:56:27 [http-nio-8080-exec-10] [DEBUG] o.s.s.a.m.AuthorizationManagerBeforeMethodInterceptor - Authorized method invocation ReflectiveMethodInvocation: public java.lang.String ru.kozelsk.alliance.controllers.admin.AdminController.adminPanel(); target is of class [ru.kozelsk.alliance.controllers.admin.AdminController]
2025-04-17 23:56:29 [http-nio-8080-exec-9] [DEBUG] o.s.security.web.FilterChainProxy - Securing GET /admin/booking
2025-04-17 23:56:29 [http-nio-8080-exec-9] [DEBUG] o.s.s.w.c.HttpSessionSecurityContextRepository - Retrieved SecurityContextImpl [Authentication=OAuth2AuthenticationToken [Principal=Name: [107234087105093742255], Granted Authorities: [[OIDC_USER, SCOPE_https://www.googleapis.com/auth/userinfo.email, SCOPE_https://www.googleapis.com/auth/userinfo.profile, SCOPE_openid]], User Attributes: [{at_hash=HUO3VodrvEXWVUjDYi2NVg, sub=107234087105093742255, email_verified=true, iss=https://accounts.google.com, given_name=Павел, nonce=PeXDBp-XiFNRnd8HJf6WUE3-MeWQPb2vSIj4LZk0FHc, picture=https://lh3.googleusercontent.com/a/ACg8ocJJoh9jonlTH61VWgvXCiXb0zCDjifGZZtZ30sCErS3N5ntDw=s96-c, aud=[909915657042-l07l5jl8r3v54r15k12hp7vev9dor6r7.apps.googleusercontent.com], azp=909915657042-l07l5jl8r3v54r15k12hp7vev9dor6r7.apps.googleusercontent.com, name=Павел Королев, exp=2025-04-17T21:56:18Z, family_name=Королев, iat=2025-04-17T20:56:18Z, email=passapdom@gmail.com}], Credentials=[PROTECTED], Authenticated=true, Details=WebAuthenticationDetails [RemoteIpAddress=0:0:0:0:0:0:0:1, SessionId=3D3CFADEEF635911D87A4B9BA8B8CCF4], Granted Authorities=[OIDC_USER, SCOPE_https://www.googleapis.com/auth/userinfo.email, SCOPE_https://www.googleapis.com/auth/userinfo.profile, SCOPE_openid]]]
2025-04-17 23:56:29 [http-nio-8080-exec-9] [DEBUG] o.s.s.w.a.i.FilterSecurityInterceptor - Authorized filter invocation [GET /admin/booking] with attributes [permitAll]
2025-04-17 23:56:29 [http-nio-8080-exec-9] [DEBUG] o.s.security.web.FilterChainProxy - Secured GET /admin/booking
2025-04-17 23:56:29 [http-nio-8080-exec-9] [DEBUG] o.s.s.a.m.AuthorizationManagerBeforeMethodInterceptor - Authorizing method invocation ReflectiveMethodInvocation: public java.lang.String ru.kozelsk.alliance.controllers.admin.booking.BookingTourAdminController.allBookings(org.springframework.ui.Model); target is of class [ru.kozelsk.alliance.controllers.admin.booking.BookingTourAdminController]
2025-04-17 23:56:29 [http-nio-8080-exec-9] [INFO] r.k.a.u.s.CheckAuthorizeService - checkAdmin2: principal != null
2025-04-17 23:56:29 [http-nio-8080-exec-9] [INFO] r.k.a.u.s.CheckAuthorizeService - Principal2 is Oauth2User
2025-04-17 23:56:29 [http-nio-8080-exec-9] [INFO] r.k.a.u.s.CheckAuthorizeService - Checking admin2 rights for email: passapdom@gmail.com
2025-04-17 23:56:29 [http-nio-8080-exec-9] [INFO] r.k.a.u.s.CheckAuthorizeService - User roles2: [ADMIN]
2025-04-17 23:56:29 [http-nio-8080-exec-9] [DEBUG] o.s.s.a.m.AuthorizationManagerBeforeMethodInterceptor - Authorized method invocation ReflectiveMethodInvocation: public java.lang.String ru.kozelsk.alliance.controllers.admin.booking.BookingTourAdminController.allBookings(org.springframework.ui.Model); target is of class [ru.kozelsk.alliance.controllers.admin.booking.BookingTourAdminController]
2025-04-17 23:56:29 [http-nio-8080-exec-1] [DEBUG] o.s.security.web.FilterChainProxy - Securing GET /img/logo_alliance.png
2025-04-17 23:56:29 [http-nio-8080-exec-1] [DEBUG] o.s.s.w.c.HttpSessionSecurityContextRepository - Retrieved SecurityContextImpl [Authentication=OAuth2AuthenticationToken [Principal=Name: [107234087105093742255], Granted Authorities: [[OIDC_USER, SCOPE_https://www.googleapis.com/auth/userinfo.email, SCOPE_https://www.googleapis.com/auth/userinfo.profile, SCOPE_openid]], User Attributes: [{at_hash=HUO3VodrvEXWVUjDYi2NVg, sub=107234087105093742255, email_verified=true, iss=https://accounts.google.com, given_name=Павел, nonce=PeXDBp-XiFNRnd8HJf6WUE3-MeWQPb2vSIj4LZk0FHc, picture=https://lh3.googleusercontent.com/a/ACg8ocJJoh9jonlTH61VWgvXCiXb0zCDjifGZZtZ30sCErS3N5ntDw=s96-c, aud=[909915657042-l07l5jl8r3v54r15k12hp7vev9dor6r7.apps.googleusercontent.com], azp=909915657042-l07l5jl8r3v54r15k12hp7vev9dor6r7.apps.googleusercontent.com, name=Павел Королев, exp=2025-04-17T21:56:18Z, family_name=Королев, iat=2025-04-17T20:56:18Z, email=passapdom@gmail.com}], Credentials=[PROTECTED], Authenticated=true, Details=WebAuthenticationDetails [RemoteIpAddress=0:0:0:0:0:0:0:1, SessionId=3D3CFADEEF635911D87A4B9BA8B8CCF4], Granted Authorities=[OIDC_USER, SCOPE_https://www.googleapis.com/auth/userinfo.email, SCOPE_https://www.googleapis.com/auth/userinfo.profile, SCOPE_openid]]]
2025-04-17 23:56:29 [http-nio-8080-exec-1] [DEBUG] o.s.s.w.a.i.FilterSecurityInterceptor - Authorized filter invocation [GET /img/logo_alliance.png] with attributes [permitAll]
2025-04-17 23:56:29 [http-nio-8080-exec-1] [DEBUG] o.s.security.web.FilterChainProxy - Secured GET /img/logo_alliance.png
